contract_id,customer_id,plan_id,contract_type,contract_length_months,start_date,end_date,auto_renew,renewal_status
CN000001,C0000002,PL017,Fiber Broadband,24,01-01-2014,22-12-2015,Yes,Renewed
CN000002,C0000003,PL021,Enterprise,18,11-11-2015,04-05-2017,Yes,Not Renewed
CN000003,C0000004,PL006,Prepaid Mobile,12,18-10-2014,13-10-2015,No,Renewed
CN000004,C0000006,PL025,Smart Home,12,20-06-2018,15-06-2019,Yes,Renewed
CN000005,C0000007,PL007,Postpaid Mobile,24,13-01-2024,02-01-2026,Yes,Cancelled
CN000006,C0000008,PL005,Prepaid Mobile,18,11-09-2024,05-03-2026,Yes,Active
CN000007,C0000012,PL007,Postpaid Mobile,18,11-08-2018,02-02-2020,No,Active
CN000008,C0000014,PL009,Postpaid Mobile,24,10-07-2024,30-06-2026,Yes,Renewed
CN000009,C0000024,PL005,Prepaid Mobile,12,01-05-2024,26-04-2025,Yes,Auto-Renewed
CN000010,C0000026,PL005,Prepaid Mobile,24,19-07-2021,09-07-2023,Yes,Renewed
CN000011,C0000027,PL005,Prepaid Mobile,12,14-01-2022,09-01-2023,Yes,Active
CN000012,C0000028,PL007,Postpaid Mobile,12,28-09-2023,22-09-2024,No,Renewed
CN000013,C0000029,PL021,Enterprise,24,04-05-2019,23-04-2021,Yes,Renewed
CN000014,C0000031,PL005,Prepaid Mobile,24,01-01-2014,22-12-2015,Yes,Renewed
CN000015,C0000035,PL009,Postpaid Mobile,12,21-08-2021,16-08-2022,Yes,Renewed
CN000016,C0000036,PL018,Fiber Broadband,24,01-01-2014,22-12-2015,No,Auto-Renewed
CN000017,C0000037,PL010,Postpaid Mobile,24,13-09-2023,02-09-2025,No,Pending
CN000018,C0000038,PL008,Postpaid Mobile,12,14-02-2017,09-02-2018,No,Renewed
CN000019,C0000039,PL009,Postpaid Mobile,12,02-03-2016,25-02-2017,Yes,Renewed
CN000020,C0000042,PL009,Postpaid Mobile,18,07-05-2018,29-10-2019,No,Renewed
CN000021,C0000043,PL006,Prepaid Mobile,36,01-01-2014,16-12-2016,Yes,Renewed
CN000022,C0000044,PL005,Prepaid Mobile,24,10-08-2024,31-07-2026,No,Renewed
CN000023,C0000046,PL006,Prepaid Mobile,12,01-01-2014,27-12-2014,No,Renewed
CN000024,C0000047,PL016,Fiber Broadband,12,03-05-2021,28-04-2022,No,Renewed
CN000025,C0000050,PL021,Enterprise,36,18-01-2023,02-01-2026,No,Renewed
CN000026,C0000051,PL007,Postpaid Mobile,12,25-11-2018,20-11-2019,Yes,Renewed
CN000027,C0000052,PL005,Prepaid Mobile,12,04-01-2015,30-12-2015,Yes,Pending
CN000028,C0000053,PL009,Postpaid Mobile,36,25-09-2025,09-09-2028,Yes,Renewed
CN000029,C0000054,PL021,Enterprise,12,11-06-2016,06-06-2017,Yes,Renewed
CN000030,C0000055,PL024,IoT Solutions,12,28-03-2017,23-03-2018,No,Renewed
CN000031,C0000059,PL006,Prepaid Mobile,12,01-01-2014,27-12-2014,No,Auto-Renewed
CN000032,C0000061,PL021,Enterprise,24,01-01-2014,22-12-2015,No,Renewed
CN000033,C0000064,PL008,Postpaid Mobile,12,25-01-2021,20-01-2022,Yes,Not Renewed
CN000034,C0000067,PL006,Prepaid Mobile,24,01-01-2014,22-12-2015,Yes,Active
CN000035,C0000069,PL007,Postpaid Mobile,36,02-03-2015,14-02-2018,No,Renewed
CN000036,C0000070,PL006,Prepaid Mobile,24,12-08-2014,01-08-2016,No,Active
CN000037,C0000072,PL021,Enterprise,18,01-01-2014,25-06-2015,Yes,Renewed
CN000038,C0000073,PL010,Postpaid Mobile,24,01-05-2023,20-04-2025,Yes,Renewed
CN000039,C0000075,PL005,Prepaid Mobile,12,13-12-2024,08-12-2025,No,Renewed
CN000040,C0000077,PL024,IoT Solutions,12,10-07-2014,05-07-2015,No,Not Renewed
CN000041,C0000078,PL011,Postpaid Mobile,12,03-02-2024,28-01-2025,Yes,Renewed
CN000042,C0000081,PL011,Postpaid Mobile,36,28-05-2023,12-05-2026,No,Pending
CN000043,C0000084,PL025,Smart Home,12,01-12-2018,26-11-2019,No,Active
CN000044,C0000086,PL010,Postpaid Mobile,12,23-12-2014,18-12-2015,No,Renewed
CN000045,C0000087,PL022,Enterprise,12,19-09-2015,13-09-2016,No,Pending
CN000046,C0000090,PL018,Fiber Broadband,36,01-01-2014,16-12-2016,No,Renewed
CN000047,C0000091,PL023,IoT Solutions,18,02-10-2024,26-03-2026,No,Renewed
CN000048,C0000093,PL015,Fiber Broadband,36,01-01-2014,16-12-2016,Yes,Pending
CN000049,C0000095,PL006,Prepaid Mobile,18,01-06-2018,23-11-2019,Yes,Active
CN000050,C0000096,PL010,Postpaid Mobile,18,21-06-2025,13-12-2026,Yes,Renewed
CN000051,C0000099,PL006,Prepaid Mobile,12,01-01-2014,27-12-2014,No,Active
CN000052,C0000100,PL007,Postpaid Mobile,36,31-05-2024,16-05-2027,Yes,Not Renewed
CN000053,C0000101,PL007,Postpaid Mobile,12,08-04-2016,03-04-2017,No,Auto-Renewed
CN000054,C0000102,PL011,Postpaid Mobile,12,18-10-2018,13-10-2019,No,Pending
CN000055,C0000104,PL007,Postpaid Mobile,18,07-07-2017,29-12-2018,Yes,Pending
CN000056,C0000105,PL005,Prepaid Mobile,24,08-03-2024,26-02-2026,Yes,Auto-Renewed
CN000057,C0000107,PL008,Postpaid Mobile,12,22-09-2024,17-09-2025,Yes,Cancelled
CN000058,C0000108,PL016,Fiber Broadband,18,01-01-2014,25-06-2015,Yes,Renewed
CN000059,C0000110,PL009,Postpaid Mobile,18,25-07-2021,16-01-2023,Yes,Renewed
CN000060,C0000111,PL017,Fiber Broadband,12,18-12-2014,13-12-2015,Yes,Active
CN000061,C0000112,PL007,Postpaid Mobile,24,03-10-2020,23-09-2022,Yes,Active
CN000062,C0000113,PL005,Prepaid Mobile,12,01-01-2014,27-12-2014,Yes,Auto-Renewed
CN000063,C0000114,PL018,Fiber Broadband,24,25-05-2019,14-05-2021,No,Auto-Renewed
CN000064,C0000118,PL022,Enterprise,18,01-01-2014,25-06-2015,No,Pending
CN000065,C0000120,PL005,Prepaid Mobile,36,01-01-2014,16-12-2016,No,Renewed
CN000066,C0000121,PL016,Fiber Broadband,24,01-01-2014,22-12-2015,Yes,Active
CN000067,C0000122,PL009,Postpaid Mobile,24,29-12-2018,18-12-2020,No,Pending
CN000068,C0000123,PL007,Postpaid Mobile,18,18-05-2023,08-11-2024,Yes,Cancelled
CN000069,C0000124,PL010,Postpaid Mobile,18,08-09-2018,01-03-2020,No,Auto-Renewed
CN000070,C0000125,PL017,Fiber Broadband,36,09-04-2024,25-03-2027,No,Auto-Renewed
CN000071,C0000128,PL016,Fiber Broadband,12,01-01-2014,27-12-2014,Yes,Active
CN000072,C0000129,PL005,Prepaid Mobile,24,01-01-2014,22-12-2015,Yes,Not Renewed
CN000073,C0000136,PL022,Enterprise,12,01-01-2014,27-12-2014,No,Active
CN000074,C0000138,PL005,Prepaid Mobile,18,01-01-2014,25-06-2015,No,Renewed
CN000075,C0000140,PL006,Prepaid Mobile,24,03-02-2023,23-01-2025,Yes,Renewed
CN000076,C0000141,PL015,Fiber Broadband,12,31-10-2024,26-10-2025,No,Cancelled
CN000077,C0000142,PL017,Fiber Broadband,24,20-01-2026,10-01-2028,Yes,Pending
CN000078,C0000146,PL009,Postpaid Mobile,18,14-10-2023,06-04-2025,Yes,Not Renewed
CN000079,C0000147,PL006,Prepaid Mobile,12,23-04-2017,18-04-2018,Yes,Renewed
CN000080,C0000148,PL010,Postpaid Mobile,18,21-02-2019,14-08-2020,Yes,Active
CN000081,C0000150,PL005,Prepaid Mobile,12,01-01-2014,27-12-2014,No,Auto-Renewed
CN000082,C0000151,PL024,IoT Solutions,12,05-12-2024,30-11-2025,Yes,Cancelled
CN000083,C0000153,PL008,Postpaid Mobile,18,05-11-2018,28-04-2020,Yes,Renewed
CN000084,C0000156,PL010,Postpaid Mobile,12,12-06-2020,07-06-2021,Yes,Renewed
CN000085,C0000157,PL018,Fiber Broadband,24,16-05-2024,06-05-2026,Yes,Renewed
CN000086,C0000159,PL006,Prepaid Mobile,36,12-07-2020,27-06-2023,Yes,Renewed
CN000087,C0000161,PL005,Prepaid Mobile,24,01-01-2014,22-12-2015,Yes,Auto-Renewed
CN000088,C0000162,PL006,Prepaid Mobile,12,12-07-2018,07-07-2019,Yes,Pending
CN000089,C0000163,PL007,Postpaid Mobile,12,01-10-2020,26-09-2021,No,Auto-Renewed
CN000090,C0000164,PL006,Prepaid Mobile,12,03-12-2018,28-11-2019,Yes,Not Renewed
CN000091,C0000166,PL018,Fiber Broadband,24,01-01-2014,22-12-2015,Yes,Renewed
CN000092,C0000173,PL010,Postpaid Mobile,12,01-06-2023,26-05-2024,Yes,Not Renewed
CN000093,C0000175,PL022,Enterprise,18,28-11-2015,21-05-2017,Yes,Renewed
CN000094,C0000180,PL009,Postpaid Mobile,36,11-10-2021,25-09-2024,Yes,Renewed
CN000095,C0000181,PL015,Fiber Broadband,24,17-04-2024,07-04-2026,Yes,Not Renewed
CN000096,C0000182,PL007,Postpaid Mobile,12,17-11-2019,11-11-2020,No,Renewed
CN000097,C0000183,PL005,Prepaid Mobile,24,20-06-2024,10-06-2026,Yes,Renewed
CN000098,C0000187,PL006,Prepaid Mobile,24,20-05-2021,10-05-2023,Yes,Active
CN000099,C0000189,PL006,Prepaid Mobile,36,02-08-2015,17-07-2018,No,Auto-Renewed
CN000100,C0000190,PL009,Postpaid Mobile,24,12-12-2020,02-12-2022,Yes,Renewed
CN000101,C0000191,PL010,Postpaid Mobile,24,02-04-2018,22-03-2020,No,Renewed
CN000102,C0000192,PL011,Postpaid Mobile,24,30-09-2024,20-09-2026,No,Active
CN000103,C0000193,PL025,Smart Home,12,24-04-2022,19-04-2023,No,Pending
CN000104,C0000194,PL005,Prepaid Mobile,12,05-07-2016,30-06-2017,No,Active
CN000105,C0000198,PL016,Fiber Broadband,12,01-01-2014,27-12-2014,No,Renewed
CN000106,C0000201,PL005,Prepaid Mobile,18,01-01-2014,25-06-2015,No,Active
CN000107,C0000202,PL006,Prepaid Mobile,12,09-08-2016,04-08-2017,No,Auto-Renewed
CN000108,C0000203,PL005,Prepaid Mobile,12,01-04-2021,27-03-2022,Yes,Cancelled
CN000109,C0000205,PL011,Postpaid Mobile,24,13-06-2019,02-06-2021,No,Auto-Renewed
CN000110,C0000206,PL008,Postpaid Mobile,18,02-01-2023,25-06-2024,No,Auto-Renewed
CN000111,C0000209,PL011,Postpaid Mobile,18,13-02-2024,06-08-2025,Yes,Auto-Renewed
CN000112,C0000212,PL006,Prepaid Mobile,24,21-02-2019,10-02-2021,Yes,Auto-Renewed
CN000113,C0000213,PL009,Postpaid Mobile,24,19-10-2021,09-10-2023,No,Auto-Renewed
CN000114,C0000216,PL007,Postpaid Mobile,12,20-09-2014,15-09-2015,No,Not Renewed
CN000115,C0000217,PL008,Postpaid Mobile,12,25-12-2016,20-12-2017,No,Active
CN000116,C0000221,PL006,Prepaid Mobile,24,01-01-2014,22-12-2015,No,Auto-Renewed
CN000117,C0000222,PL010,Postpaid Mobile,12,14-11-2024,09-11-2025,Yes,Cancelled
CN000118,C0000225,PL008,Postpaid Mobile,12,18-08-2024,13-08-2025,Yes,Auto-Renewed
CN000119,C0000226,PL010,Postpaid Mobile,12,29-10-2019,23-10-2020,No,Pending
CN000120,C0000227,PL011,Postpaid Mobile,12,01-11-2017,27-10-2018,Yes,Renewed
CN000121,C0000228,PL008,Postpaid Mobile,18,22-02-2018,16-08-2019,No,Not Renewed
CN000122,C0000230,PL006,Prepaid Mobile,24,01-01-2014,22-12-2015,No,Auto-Renewed
CN000123,C0000236,PL006,Prepaid Mobile,18,21-09-2020,15-03-2022,Yes,Auto-Renewed
CN000124,C0000238,PL006,Prepaid Mobile,12,17-11-2023,11-11-2024,Yes,Not Renewed
CN000125,C0000241,PL018,Fiber Broadband,24,01-01-2014,22-12-2015,Yes,Active
CN000126,C0000242,PL006,Prepaid Mobile,24,01-01-2014,22-12-2015,No,Pending
CN000127,C0000243,PL010,Postpaid Mobile,24,16-09-2018,05-09-2020,Yes,Pending
CN000128,C0000245,PL021,Enterprise,12,01-01-2014,27-12-2014,No,Auto-Renewed
CN000129,C0000248,PL016,Fiber Broadband,36,02-12-2015,16-11-2018,Yes,Pending
CN000130,C0000249,PL017,Fiber Broadband,36,01-01-2014,16-12-2016,No,Pending
CN000131,C0000250,PL007,Postpaid Mobile,24,12-01-2016,01-01-2018,No,Auto-Renewed
CN000132,C0000251,PL023,IoT Solutions,36,12-01-2019,27-12-2021,Yes,Renewed
CN000133,C0000252,PL016,Fiber Broadband,12,06-05-2017,01-05-2018,Yes,Auto-Renewed
CN000134,C0000253,PL015,Fiber Broadband,12,05-04-2025,31-03-2026,Yes,Not Renewed
CN000135,C0000254,PL011,Postpaid Mobile,24,22-03-2019,11-03-2021,No,Pending
CN000136,C0000257,PL015,Fiber Broadband,12,01-04-2021,27-03-2022,No,Active
CN000137,C0000258,PL024,IoT Solutions,12,02-08-2022,28-07-2023,Yes,Renewed
CN000138,C0000264,PL018,Fiber Broadband,12,15-02-2018,10-02-2019,Yes,Renewed
CN000139,C0000265,PL023,IoT Solutions,12,27-08-2019,21-08-2020,No,Auto-Renewed
CN000140,C0000267,PL016,Fiber Broadband,24,01-01-2014,22-12-2015,No,Renewed
CN000141,C0000268,PL017,Fiber Broadband,24,05-01-2014,26-12-2015,Yes,Cancelled
CN000142,C0000269,PL024,IoT Solutions,12,29-06-2018,24-06-2019,No,Active
CN000143,C0000270,PL009,Postpaid Mobile,24,24-01-2023,13-01-2025,No,Auto-Renewed
CN000144,C0000271,PL005,Prepaid Mobile,24,01-01-2014,22-12-2015,No,Renewed
CN000145,C0000272,PL008,Postpaid Mobile,36,11-04-2021,26-03-2024,Yes,Active
CN000146,C0000273,PL006,Prepaid Mobile,24,01-01-2014,22-12-2015,Yes,Renewed
CN000147,C0000275,PL010,Postpaid Mobile,18,17-09-2015,10-03-2017,No,Active
CN000148,C0000276,PL018,Fiber Broadband,36,02-12-2015,16-11-2018,No,Active
CN000149,C0000278,PL007,Postpaid Mobile,36,19-04-2014,03-04-2017,No,Renewed
CN000150,C0000282,PL007,Postpaid Mobile,18,21-05-2015,11-11-2016,Yes,Auto-Renewed
CN000151,C0000284,PL023,IoT Solutions,36,22-03-2019,06-03-2022,No,Active
CN000152,C0000286,PL023,IoT Solutions,24,29-03-2016,19-03-2018,Yes,Active
CN000153,C0000287,PL010,Postpaid Mobile,12,18-12-2018,13-12-2019,Yes,Auto-Renewed
CN000154,C0000288,PL018,Fiber Broadband,12,01-01-2014,27-12-2014,Yes,Active
CN000155,C0000290,PL017,Fiber Broadband,18,01-02-2014,26-07-2015,Yes,Renewed
CN000156,C0000291,PL024,IoT Solutions,18,13-11-2016,07-05-2018,No,Active
CN000157,C0000293,PL005,Prepaid Mobile,12,24-12-2015,18-12-2016,No,Active
CN000158,C0000294,PL006,Prepaid Mobile,12,12-04-2014,07-04-2015,Yes,Active
CN000159,C0000295,PL018,Fiber Broadband,12,01-01-2014,27-12-2014,No,Active
CN000160,C0000297,PL010,Postpaid Mobile,36,19-07-2019,03-07-2022,Yes,Auto-Renewed
CN000161,C0000299,PL011,Postpaid Mobile,12,01-01-2014,27-12-2014,No,Active
CN000162,C0000300,PL006,Prepaid Mobile,36,07-06-2019,22-05-2022,No,Active
CN000163,C0000303,PL017,Fiber Broadband,18,01-01-2014,25-06-2015,Yes,Pending
CN000164,C0000305,PL005,Prepaid Mobile,12,21-02-2022,16-02-2023,Yes,Renewed
CN000165,C0000306,PL007,Postpaid Mobile,12,10-11-2016,05-11-2017,Yes,Renewed
CN000166,C0000311,PL006,Prepaid Mobile,36,05-11-2020,21-10-2023,Yes,Auto-Renewed
CN000167,C0000312,PL025,Smart Home,18,30-12-2018,22-06-2020,Yes,Renewed
CN000168,C0000314,PL005,Prepaid Mobile,24,01-01-2014,22-12-2015,Yes,Pending
CN000169,C0000315,PL005,Prepaid Mobile,12,01-01-2014,27-12-2014,Yes,Renewed
CN000170,C0000316,PL015,Fiber Broadband,12,07-02-2016,01-02-2017,No,Active
CN000171,C0000317,PL023,IoT Solutions,18,15-12-2014,07-06-2016,Yes,Auto-Renewed
CN000172,C0000319,PL010,Postpaid Mobile,24,14-11-2023,03-11-2025,Yes,Not Renewed
CN000173,C0000320,PL016,Fiber Broadband,12,15-01-2026,10-01-2027,Yes,Not Renewed
CN000174,C0000323,PL018,Fiber Broadband,12,10-08-2023,04-08-2024,Yes,Auto-Renewed
CN000175,C0000325,PL005,Prepaid Mobile,12,16-03-2014,11-03-2015,No,Auto-Renewed
CN000176,C0000326,PL008,Postpaid Mobile,12,17-10-2019,11-10-2020,No,Pending
CN000177,C0000328,PL008,Postpaid Mobile,24,07-02-2020,27-01-2022,No,Pending
CN000178,C0000329,PL008,Postpaid Mobile,12,18-01-2021,13-01-2022,Yes,Auto-Renewed
CN000179,C0000331,PL017,Fiber Broadband,24,26-08-2022,15-08-2024,No,Auto-Renewed
CN000180,C0000332,PL011,Postpaid Mobile,12,22-09-2014,17-09-2015,No,Renewed
CN000181,C0000333,PL009,Postpaid Mobile,12,12-02-2025,07-02-2026,Yes,Renewed
CN000182,C0000336,PL008,Postpaid Mobile,12,24-02-2014,19-02-2015,Yes,Active
CN000183,C0000337,PL010,Postpaid Mobile,24,12-01-2021,02-01-2023,No,Renewed
CN000184,C0000340,PL006,Prepaid Mobile,12,05-12-2014,30-11-2015,No,Renewed
CN000185,C0000341,PL015,Fiber Broadband,12,30-05-2014,25-05-2015,No,Pending
CN000186,C0000342,PL010,Postpaid Mobile,24,15-06-2014,04-06-2016,Yes,Renewed
CN000187,C0000343,PL006,Prepaid Mobile,18,30-05-2019,20-11-2020,Yes,Auto-Renewed
CN000188,C0000346,PL005,Prepaid Mobile,12,15-11-2019,09-11-2020,Yes,Pending
CN000189,C0000347,PL025,Smart Home,36,15-07-2018,29-06-2021,Yes,Auto-Renewed
CN000190,C0000348,PL005,Prepaid Mobile,24,01-01-2014,22-12-2015,Yes,Auto-Renewed
CN000191,C0000353,PL006,Prepaid Mobile,12,16-11-2015,10-11-2016,No,Renewed
CN000192,C0000356,PL023,IoT Solutions,24,28-04-2016,18-04-2018,No,Active
CN000193,C0000357,PL010,Postpaid Mobile,24,20-10-2016,10-10-2018,No,Renewed
CN000194,C0000359,PL017,Fiber Broadband,24,28-12-2016,18-12-2018,No,Auto-Renewed
CN000195,C0000362,PL017,Fiber Broadband,24,01-04-2016,22-03-2018,Yes,Auto-Renewed
CN000196,C0000363,PL007,Postpaid Mobile,12,28-03-2023,22-03-2024,No,Auto-Renewed
CN000197,C0000364,PL005,Prepaid Mobile,12,02-07-2019,26-06-2020,Yes,Auto-Renewed
CN000198,C0000366,PL015,Fiber Broadband,36,01-01-2014,16-12-2016,Yes,Not Renewed
CN000199,C0000368,PL007,Postpaid Mobile,24,28-04-2025,18-04-2027,Yes,Renewed
CN000200,C0000370,PL015,Fiber Broadband,12,01-01-2014,27-12-2014,Yes,Auto-Renewed
CN000201,C0000373,PL010,Postpaid Mobile,18,18-11-2021,12-05-2023,Yes,Renewed
CN000202,C0000376,PL008,Postpaid Mobile,36,19-01-2026,03-01-2029,Yes,Auto-Renewed
CN000203,C0000377,PL006,Prepaid Mobile,12,22-09-2015,16-09-2016,No,Auto-Renewed
CN000204,C0000378,PL006,Prepaid Mobile,12,13-03-2020,08-03-2021,No,Auto-Renewed
CN000205,C0000379,PL008,Postpaid Mobile,24,24-09-2025,14-09-2027,Yes,Active
CN000206,C0000380,PL007,Postpaid Mobile,12,16-05-2015,10-05-2016,Yes,Renewed
CN000207,C0000384,PL011,Postpaid Mobile,12,22-01-2016,16-01-2017,Yes,Renewed
CN000208,C0000385,PL006,Prepaid Mobile,36,10-08-2014,25-07-2017,Yes,Renewed
CN000209,C0000387,PL017,Fiber Broadband,24,14-11-2023,03-11-2025,No,Auto-Renewed
CN000210,C0000391,PL017,Fiber Broadband,12,05-08-2018,31-07-2019,Yes,Auto-Renewed
CN000211,C0000392,PL006,Prepaid Mobile,24,01-04-2022,21-03-2024,Yes,Active
CN000212,C0000394,PL006,Prepaid Mobile,18,01-01-2014,25-06-2015,Yes,Active
CN000213,C0000395,PL011,Postpaid Mobile,24,01-01-2014,22-12-2015,Yes,Renewed
CN000214,C0000396,PL005,Prepaid Mobile,36,10-02-2021,26-01-2024,Yes,Renewed
CN000215,C0000397,PL016,Fiber Broadband,12,27-03-2020,22-03-2021,No,Auto-Renewed
CN000216,C0000398,PL010,Postpaid Mobile,18,21-07-2022,12-01-2024,Yes,Renewed
CN000217,C0000400,PL009,Postpaid Mobile,24,14-05-2021,04-05-2023,No,Renewed
CN000218,C0000401,PL011,Postpaid Mobile,12,23-04-2019,17-04-2020,No,Auto-Renewed
CN000219,C0000402,PL008,Postpaid Mobile,36,26-05-2020,11-05-2023,Yes,Active
CN000220,C0000403,PL005,Prepaid Mobile,12,07-11-2023,01-11-2024,Yes,Auto-Renewed
CN000221,C0000404,PL006,Prepaid Mobile,12,01-01-2014,27-12-2014,No,Pending
CN000222,C0000406,PL008,Postpaid Mobile,24,29-04-2023,18-04-2025,No,Cancelled
CN000223,C0000409,PL009,Postpaid Mobile,18,10-09-2021,04-03-2023,Yes,Active
CN000224,C0000411,PL008,Postpaid Mobile,12,24-07-2018,19-07-2019,Yes,Pending
CN000225,C0000414,PL006,Prepaid Mobile,36,01-01-2014,16-12-2016,Yes,Pending
CN000226,C0000415,PL008,Postpaid Mobile,12,21-06-2025,16-06-2026,No,Renewed
CN000227,C0000416,PL009,Postpaid Mobile,24,29-10-2025,19-10-2027,No,Auto-Renewed
CN000228,C0000418,PL006,Prepaid Mobile,24,17-06-2017,07-06-2019,Yes,Renewed
CN000229,C0000420,PL006,Prepaid Mobile,24,18-02-2021,08-02-2023,Yes,Renewed
CN000230,C0000421,PL006,Prepaid Mobile,12,09-05-2025,04-05-2026,Yes,Auto-Renewed
CN000231,C0000422,PL005,Prepaid Mobile,12,01-01-2014,27-12-2014,Yes,Active
CN000232,C0000423,PL022,Enterprise,18,20-02-2019,13-08-2020,Yes,Auto-Renewed
CN000233,C0000426,PL011,Postpaid Mobile,24,27-10-2022,16-10-2024,No,Auto-Renewed
CN000234,C0000427,PL023,IoT Solutions,24,10-01-2025,31-12-2026,Yes,Cancelled
CN000235,C0000432,PL016,Fiber Broadband,18,10-11-2023,03-05-2025,Yes,Renewed
CN000236,C0000434,PL009,Postpaid Mobile,12,25-08-2014,20-08-2015,No,Auto-Renewed
CN000237,C0000436,PL006,Prepaid Mobile,12,13-10-2025,08-10-2026,No,Renewed
CN000238,C0000437,PL022,Enterprise,36,02-08-2014,17-07-2017,No,Active
CN000239,C0000438,PL006,Prepaid Mobile,12,01-01-2014,27-12-2014,No,Renewed
CN000240,C0000439,PL005,Prepaid Mobile,24,14-07-2015,03-07-2017,No,Active
CN000241,C0000440,PL006,Prepaid Mobile,12,01-01-2014,27-12-2014,No,Not Renewed
CN000242,C0000441,PL006,Prepaid Mobile,24,01-01-2014,22-12-2015,Yes,Auto-Renewed
CN000243,C0000442,PL007,Postpaid Mobile,12,27-10-2020,22-10-2021,Yes,Not Renewed
CN000244,C0000444,PL005,Prepaid Mobile,18,04-11-2023,27-04-2025,No,Renewed
CN000245,C0000448,PL011,Postpaid Mobile,12,17-05-2017,12-05-2018,Yes,Renewed
CN000246,C0000450,PL007,Postpaid Mobile,12,18-04-2014,13-04-2015,No,Pending
CN000247,C0000452,PL024,IoT Solutions,18,11-09-2020,05-03-2022,Yes,Not Renewed
CN000248,C0000455,PL005,Prepaid Mobile,12,01-01-2014,27-12-2014,No,Auto-Renewed
CN000249,C0000456,PL005,Prepaid Mobile,24,01-01-2014,22-12-2015,No,Not Renewed
CN000250,C0000457,PL008,Postpaid Mobile,12,14-06-2020,09-06-2021,Yes,Renewed
CN000251,C0000459,PL006,Prepaid Mobile,12,01-04-2022,27-03-2023,No,Renewed
CN000252,C0000460,PL006,Prepaid Mobile,12,28-09-2022,23-09-2023,No,Active
CN000253,C0000465,PL007,Postpaid Mobile,24,19-03-2015,08-03-2017,No,Renewed
CN000254,C0000467,PL009,Postpaid Mobile,36,18-06-2019,02-06-2022,No,Not Renewed
CN000255,C0000468,PL005,Prepaid Mobile,36,09-07-2024,24-06-2027,Yes,Not Renewed
CN000256,C0000470,PL025,Smart Home,12,14-03-2022,09-03-2023,Yes,Active
CN000257,C0000472,PL009,Postpaid Mobile,24,22-10-2018,11-10-2020,No,Not Renewed
CN000258,C0000473,PL011,Postpaid Mobile,36,26-08-2015,10-08-2018,Yes,Auto-Renewed
CN000259,C0000477,PL010,Postpaid Mobile,24,24-11-2014,13-11-2016,Yes,Active
CN000260,C0000478,PL006,Prepaid Mobile,24,06-09-2021,27-08-2023,No,Renewed
CN000261,C0000482,PL018,Fiber Broadband,12,01-01-2014,27-12-2014,Yes,Renewed
CN000262,C0000483,PL017,Fiber Broadband,12,01-01-2014,27-12-2014,No,Pending
CN000263,C0000484,PL018,Fiber Broadband,24,22-03-2025,12-03-2027,No,Not Renewed
CN000264,C0000489,PL008,Postpaid Mobile,24,25-01-2020,14-01-2022,No,Active
CN000265,C0000490,PL021,Enterprise,12,01-01-2014,27-12-2014,No,Active
CN000266,C0000491,PL008,Postpaid Mobile,12,16-10-2023,10-10-2024,No,Renewed
CN000267,C0000492,PL005,Prepaid Mobile,24,18-07-2022,07-07-2024,Yes,Auto-Renewed
CN000268,C0000499,PL016,Fiber Broadband,18,28-06-2018,20-12-2019,No,Renewed
CN000269,C0000500,PL016,Fiber Broadband,18,20-01-2023,13-07-2024,Yes,Pending
CN000270,C0000501,PL007,Postpaid Mobile,12,05-07-2019,29-06-2020,No,Not Renewed
CN000271,C0000502,PL006,Prepaid Mobile,12,14-02-2024,08-02-2025,No,Not Renewed
CN000272,C0000505,PL010,Postpaid Mobile,12,25-08-2015,19-08-2016,Yes,Active
CN000273,C0000506,PL005,Prepaid Mobile,12,22-09-2015,16-09-2016,No,Renewed
CN000274,C0000510,PL009,Postpaid Mobile,18,27-11-2016,21-05-2018,Yes,Renewed
CN000275,C0000514,PL005,Prepaid Mobile,12,01-01-2014,27-12-2014,No,Renewed
CN000276,C0000516,PL010,Postpaid Mobile,24,26-05-2022,15-05-2024,No,Renewed
CN000277,C0000517,PL008,Postpaid Mobile,18,20-10-2018,12-04-2020,Yes,Renewed
CN000278,C0000518,PL008,Postpaid Mobile,12,01-07-2015,25-06-2016,Yes,Active
CN000279,C0000519,PL006,Prepaid Mobile,12,09-11-2022,04-11-2023,Yes,Renewed
CN000280,C0000520,PL024,IoT Solutions,12,07-08-2017,02-08-2018,No,Pending
CN000281,C0000521,PL009,Postpaid Mobile,24,09-12-2016,29-11-2018,Yes,Renewed
CN000282,C0000525,PL022,Enterprise,24,14-03-2018,03-03-2020,No,Renewed
CN000283,C0000528,PL007,Postpaid Mobile,24,21-10-2021,11-10-2023,Yes,Auto-Renewed
CN000284,C0000530,PL005,Prepaid Mobile,12,23-08-2018,18-08-2019,No,Auto-Renewed
CN000285,C0000531,PL005,Prepaid Mobile,24,21-05-2014,10-05-2016,Yes,Pending
CN000286,C0000532,PL024,IoT Solutions,24,16-10-2014,05-10-2016,Yes,Pending
CN000287,C0000534,PL009,Postpaid Mobile,12,20-01-2015,15-01-2016,No,Pending
CN000288,C0000541,PL015,Fiber Broadband,12,01-01-2014,27-12-2014,No,Active
CN000289,C0000543,PL016,Fiber Broadband,12,23-12-2017,18-12-2018,No,Renewed
CN000290,C0000545,PL006,Prepaid Mobile,24,30-05-2021,20-05-2023,No,Renewed
CN000291,C0000548,PL011,Postpaid Mobile,36,01-01-2014,16-12-2016,Yes,Not Renewed
CN000292,C0000550,PL007,Postpaid Mobile,12,08-01-2024,02-01-2025,Yes,Cancelled
CN000293,C0000551,PL009,Postpaid Mobile,18,15-09-2023,08-03-2025,No,Renewed
CN000294,C0000553,PL021,Enterprise,18,01-05-2022,23-10-2023,No,Renewed
CN000295,C0000556,PL024,IoT Solutions,24,25-11-2023,14-11-2025,No,Pending
CN000296,C0000562,PL006,Prepaid Mobile,18,01-01-2014,25-06-2015,No,Renewed
CN000297,C0000566,PL015,Fiber Broadband,24,01-01-2014,22-12-2015,No,Pending
CN000298,C0000567,PL010,Postpaid Mobile,12,02-09-2015,27-08-2016,No,Renewed
CN000299,C0000571,PL017,Fiber Broadband,24,23-07-2019,12-07-2021,Yes,Auto-Renewed
CN000300,C0000573,PL018,Fiber Broadband,12,30-10-2019,24-10-2020,Yes,Auto-Renewed
CN000301,C0000574,PL018,Fiber Broadband,24,01-01-2014,22-12-2015,Yes,Pending
CN000302,C0000575,PL007,Postpaid Mobile,18,01-11-2020,25-04-2022,Yes,Renewed
CN000303,C0000578,PL006,Prepaid Mobile,18,05-06-2025,27-11-2026,No,Pending
CN000304,C0000579,PL006,Prepaid Mobile,12,18-10-2025,13-10-2026,No,Cancelled
CN000305,C0000581,PL006,Prepaid Mobile,24,01-01-2014,22-12-2015,No,Renewed
CN000306,C0000582,PL018,Fiber Broadband,24,21-12-2024,11-12-2026,No,Auto-Renewed
CN000307,C0000585,PL021,Enterprise,36,01-01-2014,16-12-2016,No,Renewed
CN000308,C0000586,PL023,IoT Solutions,24,22-03-2016,12-03-2018,No,Renewed
CN000309,C0000588,PL005,Prepaid Mobile,24,06-11-2024,27-10-2026,Yes,Cancelled
CN000310,C0000589,PL025,Smart Home,24,06-07-2025,26-06-2027,Yes,Not Renewed
CN000311,C0000592,PL017,Fiber Broadband,24,18-12-2016,08-12-2018,No,Auto-Renewed
CN000312,C0000593,PL017,Fiber Broadband,24,27-03-2021,17-03-2023,No,Cancelled
CN000313,C0000594,PL009,Postpaid Mobile,12,18-10-2022,13-10-2023,No,Active
CN000314,C0000596,PL006,Prepaid Mobile,18,01-01-2014,25-06-2015,No,Renewed
CN000315,C0000597,PL017,Fiber Broadband,12,16-12-2018,11-12-2019,Yes,Renewed
CN000316,C0000598,PL007,Postpaid Mobile,24,25-10-2024,15-10-2026,Yes,Not Renewed
CN000317,C0000599,PL010,Postpaid Mobile,36,24-03-2023,08-03-2026,No,Auto-Renewed
CN000318,C0000600,PL017,Fiber Broadband,36,01-01-2014,16-12-2016,No,Auto-Renewed
CN000319,C0000601,PL006,Prepaid Mobile,12,01-01-2014,27-12-2014,No,Pending
CN000320,C0000602,PL005,Prepaid Mobile,12,01-01-2014,27-12-2014,Yes,Renewed
CN000321,C0000603,PL017,Fiber Broadband,18,22-07-2021,13-01-2023,Yes,Not Renewed
CN000322,C0000605,PL018,Fiber Broadband,12,20-04-2018,15-04-2019,Yes,Auto-Renewed
CN000323,C0000607,PL016,Fiber Broadband,18,08-02-2025,02-08-2026,No,Renewed
CN000324,C0000608,PL006,Prepaid Mobile,24,24-11-2015,13-11-2017,Yes,Pending
CN000325,C0000609,PL005,Prepaid Mobile,12,16-02-2023,11-02-2024,No,Renewed
CN000326,C0000610,PL005,Prepaid Mobile,24,01-01-2014,22-12-2015,Yes,Auto-Renewed
CN000327,C0000611,PL017,Fiber Broadband,12,01-01-2014,27-12-2014,Yes,Renewed
CN000328,C0000612,PL024,IoT Solutions,24,18-01-2018,08-01-2020,Yes,Renewed
CN000329,C0000613,PL006,Prepaid Mobile,24,30-09-2019,19-09-2021,Yes,Renewed
CN000330,C0000614,PL005,Prepaid Mobile,12,26-08-2023,20-08-2024,Yes,Renewed
CN000331,C0000617,PL006,Prepaid Mobile,18,12-09-2022,05-03-2024,Yes,Active
CN000332,C0000618,PL011,Postpaid Mobile,24,01-01-2014,22-12-2015,Yes,Renewed
CN000333,C0000622,PL005,Prepaid Mobile,12,01-01-2014,27-12-2014,Yes,Auto-Renewed
CN000334,C0000625,PL006,Prepaid Mobile,18,01-01-2014,25-06-2015,No,Active
CN000335,C0000628,PL015,Fiber Broadband,12,01-07-2020,26-06-2021,Yes,Pending
CN000336,C0000631,PL008,Postpaid Mobile,24,30-12-2019,19-12-2021,Yes,Pending
CN000337,C0000632,PL009,Postpaid Mobile,18,18-03-2024,09-09-2025,No,Renewed
CN000338,C0000633,PL018,Fiber Broadband,12,18-06-2019,12-06-2020,No,Auto-Renewed
CN000339,C0000634,PL022,Enterprise,18,06-05-2022,28-10-2023,Yes,Auto-Renewed
CN000340,C0000637,PL005,Prepaid Mobile,24,18-05-2023,07-05-2025,No,Pending
CN000341,C0000638,PL010,Postpaid Mobile,12,11-12-2016,06-12-2017,Yes,Renewed
CN000342,C0000639,PL007,Postpaid Mobile,36,25-12-2024,10-12-2027,Yes,Renewed
CN000343,C0000640,PL016,Fiber Broadband,24,24-06-2019,13-06-2021,Yes,Auto-Renewed
CN000344,C0000642,PL017,Fiber Broadband,18,05-06-2022,27-11-2023,Yes,Auto-Renewed
CN000345,C0000644,PL018,Fiber Broadband,18,01-01-2014,25-06-2015,No,Cancelled
CN000346,C0000646,PL011,Postpaid Mobile,12,01-07-2022,26-06-2023,No,Active
CN000347,C0000649,PL005,Prepaid Mobile,24,25-09-2021,15-09-2023,Yes,Active
CN000348,C0000655,PL025,Smart Home,24,13-12-2022,02-12-2024,No,Auto-Renewed
CN000349,C0000657,PL023,IoT Solutions,12,05-04-2024,31-03-2025,Yes,Auto-Renewed
CN000350,C0000660,PL009,Postpaid Mobile,12,24-05-2022,19-05-2023,No,Pending
CN000351,C0000662,PL009,Postpaid Mobile,24,01-03-2022,19-02-2024,Yes,Pending
CN000352,C0000663,PL006,Prepaid Mobile,12,09-12-2019,03-12-2020,No,Active
CN000353,C0000664,PL010,Postpaid Mobile,24,20-05-2017,10-05-2019,Yes,Auto-Renewed
CN000354,C0000665,PL006,Prepaid Mobile,12,01-01-2014,27-12-2014,No,Pending
CN000355,C0000666,PL005,Prepaid Mobile,12,24-12-2016,19-12-2017,No,Active
CN000356,C0000667,PL005,Prepaid Mobile,24,19-09-2021,09-09-2023,No,Active
CN000357,C0000668,PL016,Fiber Broadband,18,19-12-2020,12-06-2022,No,Renewed
CN000358,C0000669,PL005,Prepaid Mobile,24,29-10-2019,18-10-2021,No,Pending
CN000359,C0000671,PL006,Prepaid Mobile,12,11-10-2021,06-10-2022,Yes,Active
CN000360,C0000675,PL017,Fiber Broadband,24,01-01-2014,22-12-2015,Yes,Auto-Renewed
CN000361,C0000676,PL007,Postpaid Mobile,12,02-10-2021,27-09-2022,Yes,Active
CN000362,C0000680,PL008,Postpaid Mobile,36,01-06-2020,17-05-2023,Yes,Auto-Renewed
CN000363,C0000681,PL005,Prepaid Mobile,18,06-03-2019,27-08-2020,Yes,Active
CN000364,C0000682,PL006,Prepaid Mobile,24,25-06-2017,15-06-2019,Yes,Auto-Renewed
CN000365,C0000688,PL018,Fiber Broadband,24,08-08-2022,28-07-2024,Yes,Renewed
CN000366,C0000689,PL016,Fiber Broadband,12,02-06-2021,28-05-2022,Yes,Cancelled
CN000367,C0000690,PL016,Fiber Broadband,24,26-12-2017,16-12-2019,Yes,Auto-Renewed
CN000368,C0000694,PL010,Postpaid Mobile,36,09-12-2014,23-11-2017,Yes,Renewed
CN000369,C0000696,PL021,Enterprise,36,01-01-2014,16-12-2016,No,Renewed
CN000370,C0000697,PL005,Prepaid Mobile,12,01-01-2014,27-12-2014,Yes,Auto-Renewed
CN000371,C0000706,PL009,Postpaid Mobile,12,12-01-2022,07-01-2023,No,Renewed
CN000372,C0000707,PL005,Prepaid Mobile,12,01-01-2014,27-12-2014,Yes,Pending
CN000373,C0000708,PL011,Postpaid Mobile,24,01-08-2017,22-07-2019,Yes,Renewed
CN000374,C0000709,PL018,Fiber Broadband,12,26-04-2018,21-04-2019,Yes,Active
CN000375,C0000712,PL024,IoT Solutions,36,11-03-2014,23-02-2017,Yes,Renewed
CN000376,C0000716,PL025,Smart Home,12,16-01-2022,11-01-2023,No,Renewed
CN000377,C0000717,PL011,Postpaid Mobile,24,11-03-2014,29-02-2016,Yes,Active
CN000378,C0000724,PL007,Postpaid Mobile,18,13-01-2022,07-07-2023,No,Renewed
CN000379,C0000725,PL021,Enterprise,12,01-01-2014,27-12-2014,No,Pending
CN000380,C0000726,PL023,IoT Solutions,24,03-07-2022,22-06-2024,No,Active
CN000381,C0000729,PL011,Postpaid Mobile,36,12-11-2024,28-10-2027,Yes,Pending
CN000382,C0000730,PL008,Postpaid Mobile,12,12-10-2017,07-10-2018,No,Auto-Renewed
CN000383,C0000732,PL021,Enterprise,12,01-01-2014,27-12-2014,Yes,Auto-Renewed
CN000384,C0000734,PL022,Enterprise,24,20-06-2024,10-06-2026,Yes,Cancelled
CN000385,C0000736,PL021,Enterprise,24,24-12-2025,14-12-2027,No,Renewed
CN000386,C0000738,PL006,Prepaid Mobile,12,17-06-2016,12-06-2017,Yes,Renewed
CN000387,C0000739,PL017,Fiber Broadband,24,04-02-2016,24-01-2018,No,Active
CN000388,C0000740,PL009,Postpaid Mobile,36,27-01-2024,11-01-2027,Yes,Auto-Renewed
CN000389,C0000741,PL023,IoT Solutions,12,29-04-2021,24-04-2022,No,Auto-Renewed
CN000390,C0000743,PL008,Postpaid Mobile,12,04-01-2016,29-12-2016,Yes,Active
CN000391,C0000744,PL008,Postpaid Mobile,12,26-08-2023,20-08-2024,No,Not Renewed
CN000392,C0000748,PL018,Fiber Broadband,18,01-01-2014,25-06-2015,No,Renewed
CN000393,C0000749,PL009,Postpaid Mobile,36,26-07-2024,11-07-2027,Yes,Renewed
CN000394,C0000754,PL006,Prepaid Mobile,12,30-04-2016,25-04-2017,No,Active
CN000395,C0000758,PL008,Postpaid Mobile,12,18-02-2017,13-02-2018,No,Auto-Renewed
CN000396,C0000760,PL016,Fiber Broadband,24,07-03-2023,24-02-2025,Yes,Not Renewed
CN000397,C0000761,PL007,Postpaid Mobile,12,05-11-2021,31-10-2022,No,Auto-Renewed
CN000398,C0000766,PL025,Smart Home,12,16-06-2025,11-06-2026,No,Cancelled
CN000399,C0000767,PL018,Fiber Broadband,12,08-02-2020,02-02-2021,No,Renewed
CN000400,C0000768,PL005,Prepaid Mobile,24,01-01-2014,22-12-2015,No,Pending
CN000401,C0000770,PL024,IoT Solutions,24,26-05-2015,15-05-2017,No,Active
CN000402,C0000772,PL025,Smart Home,12,19-02-2017,14-02-2018,Yes,Renewed
CN000403,C0000773,PL010,Postpaid Mobile,36,25-06-2021,09-06-2024,No,Active
CN000404,C0000774,PL005,Prepaid Mobile,12,08-01-2018,03-01-2019,Yes,Auto-Renewed
CN000405,C0000776,PL008,Postpaid Mobile,12,02-10-2024,27-09-2025,Yes,Active
CN000406,C0000778,PL011,Postpaid Mobile,12,09-08-2014,04-08-2015,Yes,Auto-Renewed
CN000407,C0000782,PL010,Postpaid Mobile,18,06-02-2021,31-07-2022,Yes,Active
CN000408,C0000783,PL007,Postpaid Mobile,12,07-11-2014,02-11-2015,No,Auto-Renewed
CN000409,C0000786,PL023,IoT Solutions,12,20-02-2020,14-02-2021,No,Auto-Renewed
CN000410,C0000787,PL006,Prepaid Mobile,36,01-01-2014,16-12-2016,Yes,Renewed
CN000411,C0000790,PL016,Fiber Broadband,24,02-08-2025,23-07-2027,Yes,Auto-Renewed
CN000412,C0000791,PL005,Prepaid Mobile,12,01-01-2014,27-12-2014,Yes,Active
CN000413,C0000792,PL016,Fiber Broadband,18,28-05-2019,18-11-2020,No,Not Renewed
CN000414,C0000793,PL005,Prepaid Mobile,12,01-01-2014,27-12-2014,No,Pending
CN000415,C0000798,PL005,Prepaid Mobile,12,28-12-2016,23-12-2017,Yes,Renewed
CN000416,C0000800,PL023,IoT Solutions,24,09-08-2020,30-07-2022,No,Active
CN000417,C0000802,PL008,Postpaid Mobile,12,04-07-2017,29-06-2018,No,Renewed
CN000418,C0000803,PL006,Prepaid Mobile,18,11-05-2018,02-11-2019,Yes,Pending
CN000419,C0000804,PL006,Prepaid Mobile,36,10-02-2023,25-01-2026,Yes,Active
CN000420,C0000806,PL018,Fiber Broadband,12,01-01-2014,27-12-2014,Yes,Renewed
CN000421,C0000807,PL017,Fiber Broadband,24,25-01-2015,14-01-2017,No,Not Renewed
CN000422,C0000808,PL007,Postpaid Mobile,12,01-01-2016,26-12-2016,Yes,Auto-Renewed
CN000423,C0000810,PL006,Prepaid Mobile,24,15-02-2025,05-02-2027,No,Renewed
CN000424,C0000811,PL005,Prepaid Mobile,12,01-01-2014,27-12-2014,No,Pending
CN000425,C0000815,PL005,Prepaid Mobile,24,02-04-2015,22-03-2017,Yes,Pending
CN000426,C0000818,PL021,Enterprise,12,29-08-2025,24-08-2026,Yes,Active
CN000427,C0000821,PL009,Postpaid Mobile,12,29-04-2021,24-04-2022,No,Auto-Renewed
CN000428,C0000829,PL017,Fiber Broadband,36,10-02-2022,25-01-2025,Yes,Active
CN000429,C0000831,PL016,Fiber Broadband,12,01-01-2014,27-12-2014,Yes,Auto-Renewed
CN000430,C0000832,PL015,Fiber Broadband,12,23-08-2018,18-08-2019,Yes,Not Renewed
CN000431,C0000836,PL007,Postpaid Mobile,36,03-08-2016,19-07-2019,Yes,Pending
CN000432,C0000837,PL015,Fiber Broadband,12,19-09-2021,14-09-2022,No,Auto-Renewed
CN000433,C0000839,PL021,Enterprise,18,12-04-2019,03-10-2020,Yes,Renewed
CN000434,C0000840,PL006,Prepaid Mobile,18,01-01-2014,25-06-2015,No,Auto-Renewed
CN000435,C0000846,PL015,Fiber Broadband,24,02-04-2024,23-03-2026,Yes,Not Renewed
CN000436,C0000847,PL007,Postpaid Mobile,18,14-11-2020,08-05-2022,No,Auto-Renewed
CN000437,C0000848,PL007,Postpaid Mobile,12,12-01-2019,07-01-2020,Yes,Auto-Renewed
CN000438,C0000850,PL011,Postpaid Mobile,12,27-08-2019,21-08-2020,Yes,Auto-Renewed
CN000439,C0000851,PL006,Prepaid Mobile,12,01-01-2014,27-12-2014,Yes,Active
CN000440,C0000854,PL015,Fiber Broadband,12,01-01-2014,27-12-2014,Yes,Renewed
CN000441,C0000856,PL008,Postpaid Mobile,12,21-07-2020,16-07-2021,No,Active
CN000442,C0000857,PL008,Postpaid Mobile,24,16-10-2017,06-10-2019,Yes,Active
CN000443,C0000858,PL007,Postpaid Mobile,24,21-01-2024,10-01-2026,No,Auto-Renewed
CN000444,C0000861,PL006,Prepaid Mobile,24,25-01-2019,14-01-2021,Yes,Renewed
CN000445,C0000862,PL016,Fiber Broadband,12,01-01-2014,27-12-2014,Yes,Auto-Renewed
CN000446,C0000864,PL015,Fiber Broadband,36,01-01-2014,16-12-2016,Yes,Renewed
CN000447,C0000865,PL022,Enterprise,36,29-08-2019,13-08-2022,No,Renewed
CN000448,C0000868,PL023,IoT Solutions,12,21-10-2017,16-10-2018,No,Active
CN000449,C0000869,PL018,Fiber Broadband,18,18-12-2024,11-06-2026,No,Renewed
CN000450,C0000870,PL017,Fiber Broadband,24,01-01-2014,22-12-2015,No,Renewed
CN000451,C0000871,PL007,Postpaid Mobile,12,08-12-2016,03-12-2017,Yes,Renewed
CN000452,C0000873,PL008,Postpaid Mobile,24,09-07-2014,28-06-2016,Yes,Active
CN000453,C0000876,PL009,Postpaid Mobile,24,08-10-2015,27-09-2017,Yes,Auto-Renewed
CN000454,C0000878,PL005,Prepaid Mobile,18,01-01-2014,25-06-2015,Yes,Renewed
CN000455,C0000879,PL015,Fiber Broadband,18,13-12-2024,06-06-2026,Yes,Not Renewed
CN000456,C0000883,PL024,IoT Solutions,12,18-04-2014,13-04-2015,No,Renewed
CN000457,C0000884,PL008,Postpaid Mobile,12,09-01-2021,04-01-2022,No,Renewed
CN000458,C0000885,PL009,Postpaid Mobile,12,12-04-2023,06-04-2024,No,Not Renewed
CN000459,C0000886,PL009,Postpaid Mobile,18,01-09-2025,23-02-2027,No,Pending
CN000460,C0000893,PL011,Postpaid Mobile,24,01-01-2014,22-12-2015,No,Renewed
CN000461,C0000896,PL022,Enterprise,12,01-01-2014,27-12-2014,No,Auto-Renewed
CN000462,C0000900,PL006,Prepaid Mobile,12,03-01-2021,29-12-2021,Yes,Not Renewed
CN000463,C0000901,PL025,Smart Home,18,06-05-2016,28-10-2017,Yes,Renewed
CN000464,C0000903,PL018,Fiber Broadband,12,21-06-2019,15-06-2020,No,Auto-Renewed
CN000465,C0000904,PL006,Prepaid Mobile,24,02-02-2024,22-01-2026,Yes,Renewed
CN000466,C0000905,PL025,Smart Home,24,20-03-2019,09-03-2021,No,Cancelled
CN000467,C0000906,PL008,Postpaid Mobile,12,15-08-2023,09-08-2024,No,Active
CN000468,C0000911,PL006,Prepaid Mobile,36,27-12-2022,11-12-2025,Yes,Renewed
CN000469,C0000914,PL016,Fiber Broadband,24,01-01-2014,22-12-2015,No,Auto-Renewed
CN000470,C0000918,PL009,Postpaid Mobile,24,23-11-2016,13-11-2018,Yes,Renewed
CN000471,C0000920,PL005,Prepaid Mobile,36,29-05-2020,14-05-2023,No,Active
CN000472,C0000921,PL018,Fiber Broadband,18,07-02-2015,31-07-2016,Yes,Not Renewed
CN000473,C0000922,PL010,Postpaid Mobile,24,15-02-2025,05-02-2027,Yes,Renewed
CN000474,C0000923,PL015,Fiber Broadband,12,01-01-2014,27-12-2014,No,Renewed
CN000475,C0000924,PL011,Postpaid Mobile,24,01-01-2014,22-12-2015,No,Pending
CN000476,C0000925,PL006,Prepaid Mobile,12,01-01-2014,27-12-2014,No,Active
CN000477,C0000929,PL006,Prepaid Mobile,18,01-01-2014,25-06-2015,Yes,Renewed
CN000478,C0000932,PL022,Enterprise,18,19-03-2021,10-09-2022,Yes,Active
CN000479,C0000933,PL011,Postpaid Mobile,24,01-01-2014,22-12-2015,No,Renewed
CN000480,C0000934,PL007,Postpaid Mobile,12,30-08-2024,25-08-2025,Yes,Auto-Renewed
CN000481,C0000936,PL006,Prepaid Mobile,24,01-01-2014,22-12-2015,No,Active
CN000482,C0000937,PL005,Prepaid Mobile,18,08-03-2024,30-08-2025,Yes,Cancelled
CN000483,C0000938,PL016,Fiber Broadband,12,18-08-2025,13-08-2026,Yes,Not Renewed
CN000484,C0000940,PL009,Postpaid Mobile,24,26-08-2014,15-08-2016,No,Pending
CN000485,C0000943,PL008,Postpaid Mobile,18,23-12-2021,16-06-2023,Yes,Not Renewed
CN000486,C0000945,PL015,Fiber Broadband,36,05-03-2024,18-02-2027,Yes,Not Renewed
CN000487,C0000947,PL023,IoT Solutions,24,20-06-2016,10-06-2018,No,Active
CN000488,C0000948,PL015,Fiber Broadband,12,01-01-2014,27-12-2014,Yes,Active
CN000489,C0000949,PL006,Prepaid Mobile,24,01-01-2014,22-12-2015,Yes,Not Renewed
CN000490,C0000951,PL008,Postpaid Mobile,36,04-07-2020,19-06-2023,No,Renewed
CN000491,C0000954,PL010,Postpaid Mobile,24,27-08-2025,17-08-2027,No,Active
CN000492,C0000956,PL006,Prepaid Mobile,24,25-01-2024,14-01-2026,Yes,Not Renewed
CN000493,C0000957,PL005,Prepaid Mobile,24,01-01-2014,22-12-2015,No,Renewed
CN000494,C0000959,PL005,Prepaid Mobile,12,01-01-2014,27-12-2014,No,Auto-Renewed
CN000495,C0000960,PL025,Smart Home,24,18-04-2025,08-04-2027,No,Not Renewed
CN000496,C0000961,PL006,Prepaid Mobile,12,14-07-2018,09-07-2019,Yes,Renewed
CN000497,C0000965,PL005,Prepaid Mobile,36,01-01-2014,16-12-2016,No,Not Renewed
CN000498,C0000966,PL011,Postpaid Mobile,36,15-02-2020,30-01-2023,Yes,Active
CN000499,C0000967,PL008,Postpaid Mobile,12,15-09-2017,10-09-2018,No,Active
CN000500,C0000968,PL011,Postpaid Mobile,18,01-01-2014,25-06-2015,No,Active
CN000501,C0000971,PL006,Prepaid Mobile,12,01-01-2014,27-12-2014,Yes,Auto-Renewed
CN000502,C0000972,PL018,Fiber Broadband,24,09-06-2016,30-05-2018,Yes,Renewed
CN000503,C0000973,PL005,Prepaid Mobile,24,01-01-2014,22-12-2015,No,Auto-Renewed
CN000504,C0000974,PL006,Prepaid Mobile,24,14-09-2022,03-09-2024,No,Active
CN000505,C0000975,PL006,Prepaid Mobile,36,18-12-2024,03-12-2027,Yes,Active
CN000506,C0000976,PL022,Enterprise,24,22-12-2023,11-12-2025,No,Auto-Renewed
CN000507,C0000979,PL010,Postpaid Mobile,12,04-09-2014,30-08-2015,Yes,Auto-Renewed
CN000508,C0000980,PL006,Prepaid Mobile,36,15-08-2017,30-07-2020,Yes,Auto-Renewed
CN000509,C0000981,PL024,IoT Solutions,12,30-04-2024,25-04-2025,Yes,Auto-Renewed
CN000510,C0000982,PL010,Postpaid Mobile,36,01-12-2021,15-11-2024,Yes,Pending
CN000511,C0000983,PL010,Postpaid Mobile,12,22-11-2020,17-11-2021,Yes,Renewed
CN000512,C0000985,PL018,Fiber Broadband,12,15-12-2020,10-12-2021,Yes,Auto-Renewed
CN000513,C0000987,PL006,Prepaid Mobile,12,01-08-2017,27-07-2018,No,Active
CN000514,C0000988,PL023,IoT Solutions,18,23-06-2016,15-12-2017,Yes,Renewed
CN000515,C0000991,PL006,Prepaid Mobile,18,01-01-2014,25-06-2015,Yes,Active
CN000516,C0000996,PL007,Postpaid Mobile,12,13-02-2025,08-02-2026,Yes,Renewed
CN000517,C0000999,PL024,IoT Solutions,24,27-11-2024,17-11-2026,Yes,Pending
CN000518,C0001000,PL025,Smart Home,12,17-10-2017,12-10-2018,No,Active
CN000519,C0001006,PL005,Prepaid Mobile,18,03-09-2021,25-02-2023,Yes,Pending
CN000520,C0001007,PL010,Postpaid Mobile,18,06-05-2023,27-10-2024,No,Auto-Renewed
CN000521,C0001009,PL018,Fiber Broadband,24,02-05-2023,21-04-2025,No,Renewed
CN000522,C0001010,PL005,Prepaid Mobile,36,01-01-2014,16-12-2016,No,Not Renewed
CN000523,C0001012,PL024,IoT Solutions,36,05-08-2019,20-07-2022,No,Renewed
CN000524,C0001013,PL011,Postpaid Mobile,24,16-02-2025,06-02-2027,No,Renewed
CN000525,C0001017,PL008,Postpaid Mobile,12,17-08-2015,11-08-2016,No,Pending
CN000526,C0001018,PL021,Enterprise,12,26-08-2019,20-08-2020,No,Auto-Renewed
CN000527,C0001019,PL015,Fiber Broadband,18,01-01-2014,25-06-2015,Yes,Renewed
CN000528,C0001020,PL011,Postpaid Mobile,24,01-01-2014,22-12-2015,No,Auto-Renewed
CN000529,C0001021,PL007,Postpaid Mobile,24,26-06-2019,15-06-2021,Yes,Not Renewed
CN000530,C0001022,PL016,Fiber Broadband,12,01-01-2014,27-12-2014,Yes,Renewed
CN000531,C0001024,PL011,Postpaid Mobile,36,17-05-2014,01-05-2017,Yes,Auto-Renewed
CN000532,C0001025,PL017,Fiber Broadband,12,09-06-2016,04-06-2017,Yes,Auto-Renewed
CN000533,C0001026,PL011,Postpaid Mobile,24,25-04-2016,15-04-2018,No,Active
CN000534,C0001027,PL010,Postpaid Mobile,24,02-01-2026,23-12-2027,No,Active
CN000535,C0001029,PL006,Prepaid Mobile,12,28-01-2022,23-01-2023,Yes,Pending
CN000536,C0001032,PL022,Enterprise,18,01-01-2014,25-06-2015,Yes,Auto-Renewed
CN000537,C0001033,PL005,Prepaid Mobile,12,30-03-2020,25-03-2021,Yes,Renewed
CN000538,C0001034,PL010,Postpaid Mobile,12,31-07-2020,26-07-2021,Yes,Not Renewed
CN000539,C0001035,PL024,IoT Solutions,24,13-01-2023,02-01-2025,No,Auto-Renewed
CN000540,C0001037,PL007,Postpaid Mobile,24,27-08-2018,16-08-2020,Yes,Auto-Renewed
CN000541,C0001038,PL009,Postpaid Mobile,24,01-07-2022,20-06-2024,No,Pending
CN000542,C0001039,PL025,Smart Home,36,09-04-2025,24-03-2028,No,Pending
CN000543,C0001040,PL025,Smart Home,36,16-07-2021,30-06-2024,No,Active
CN000544,C0001044,PL010,Postpaid Mobile,36,20-06-2019,04-06-2022,Yes,Not Renewed
CN000545,C0001045,PL006,Prepaid Mobile,12,17-08-2014,12-08-2015,No,Renewed
CN000546,C0001046,PL005,Prepaid Mobile,12,01-01-2014,27-12-2014,Yes,Auto-Renewed
CN000547,C0001048,PL006,Prepaid Mobile,12,15-02-2016,09-02-2017,No,Not Renewed
CN000548,C0001050,PL008,Postpaid Mobile,12,24-07-2017,19-07-2018,No,Not Renewed
CN000549,C0001051,PL018,Fiber Broadband,36,08-12-2017,22-11-2020,Yes,Cancelled
CN000550,C0001053,PL005,Prepaid Mobile,24,01-01-2014,22-12-2015,Yes,Renewed
CN000551,C0001055,PL025,Smart Home,12,10-03-2023,04-03-2024,Yes,Not Renewed
CN000552,C0001056,PL007,Postpaid Mobile,18,24-11-2015,17-05-2017,Yes,Pending
CN000553,C0001057,PL022,Enterprise,36,19-11-2015,03-11-2018,No,Active
CN000554,C0001058,PL018,Fiber Broadband,12,01-01-2014,27-12-2014,No,Pending
CN000555,C0001059,PL010,Postpaid Mobile,12,20-04-2018,15-04-2019,Yes,Not Renewed
CN000556,C0001060,PL006,Prepaid Mobile,12,01-01-2014,27-12-2014,No,Auto-Renewed
CN000557,C0001061,PL016,Fiber Broadband,24,28-11-2023,17-11-2025,Yes,Renewed
CN000558,C0001062,PL023,IoT Solutions,12,20-07-2014,15-07-2015,Yes,Active
CN000559,C0001063,PL016,Fiber Broadband,12,01-01-2014,27-12-2014,Yes,Renewed
CN000560,C0001065,PL006,Prepaid Mobile,36,05-01-2017,21-12-2019,Yes,Auto-Renewed
CN000561,C0001066,PL018,Fiber Broadband,24,12-07-2023,01-07-2025,No,Pending
CN000562,C0001067,PL011,Postpaid Mobile,12,15-01-2023,10-01-2024,No,Active
CN000563,C0001068,PL017,Fiber Broadband,12,26-09-2014,21-09-2015,No,Renewed
CN000564,C0001069,PL006,Prepaid Mobile,12,01-01-2014,27-12-2014,Yes,Pending
CN000565,C0001071,PL017,Fiber Broadband,36,06-05-2016,21-04-2019,Yes,Active
CN000566,C0001073,PL008,Postpaid Mobile,24,05-04-2022,25-03-2024,Yes,Auto-Renewed
CN000567,C0001075,PL005,Prepaid Mobile,12,02-09-2017,28-08-2018,No,Not Renewed
CN000568,C0001076,PL005,Prepaid Mobile,12,30-06-2020,25-06-2021,Yes,Renewed
CN000569,C0001077,PL007,Postpaid Mobile,24,24-11-2023,13-11-2025,No,Not Renewed
CN000570,C0001080,PL010,Postpaid Mobile,12,11-10-2016,06-10-2017,No,Renewed
CN000571,C0001082,PL005,Prepaid Mobile,24,04-04-2024,25-03-2026,No,Not Renewed
CN000572,C0001084,PL008,Postpaid Mobile,18,06-01-2014,30-06-2015,No,Renewed
CN000573,C0001085,PL008,Postpaid Mobile,12,21-03-2022,16-03-2023,Yes,Pending
CN000574,C0001087,PL018,Fiber Broadband,12,01-09-2022,27-08-2023,Yes,Pending
CN000575,C0001089,PL023,IoT Solutions,24,04-11-2014,24-10-2016,Yes,Renewed
CN000576,C0001090,PL018,Fiber Broadband,12,03-12-2023,27-11-2024,No,Auto-Renewed
CN000577,C0001093,PL010,Postpaid Mobile,12,23-08-2025,18-08-2026,Yes,Not Renewed
CN000578,C0001094,PL009,Postpaid Mobile,12,09-01-2019,04-01-2020,Yes,Active
CN000579,C0001096,PL005,Prepaid Mobile,18,03-09-2025,25-02-2027,Yes,Auto-Renewed
CN000580,C0001097,PL008,Postpaid Mobile,24,30-04-2023,19-04-2025,No,Auto-Renewed
CN000581,C0001099,PL006,Prepaid Mobile,12,01-08-2017,27-07-2018,Yes,Renewed
CN000582,C0001103,PL017,Fiber Broadband,24,11-07-2016,01-07-2018,Yes,Auto-Renewed
CN000583,C0001108,PL023,IoT Solutions,18,17-04-2016,09-10-2017,No,Not Renewed
CN000584,C0001109,PL006,Prepaid Mobile,24,03-01-2025,24-12-2026,Yes,Renewed
CN000585,C0001114,PL011,Postpaid Mobile,18,27-12-2019,19-06-2021,Yes,Renewed
CN000586,C0001115,PL010,Postpaid Mobile,24,30-11-2017,20-11-2019,No,Renewed
CN000587,C0001118,PL016,Fiber Broadband,12,26-06-2021,21-06-2022,No,Renewed
CN000588,C0001119,PL010,Postpaid Mobile,24,26-01-2021,16-01-2023,Yes,Active
CN000589,C0001120,PL009,Postpaid Mobile,12,04-04-2022,30-03-2023,No,Renewed
CN000590,C0001121,PL016,Fiber Broadband,24,28-08-2016,18-08-2018,No,Auto-Renewed
CN000591,C0001124,PL011,Postpaid Mobile,12,01-01-2014,27-12-2014,Yes,Pending
CN000592,C0001128,PL021,Enterprise,24,09-06-2017,30-05-2019,No,Auto-Renewed
CN000593,C0001129,PL016,Fiber Broadband,12,04-08-2017,30-07-2018,Yes,Renewed
CN000594,C0001130,PL006,Prepaid Mobile,18,30-11-2022,23-05-2024,Yes,Active
CN000595,C0001131,PL011,Postpaid Mobile,12,06-09-2020,01-09-2021,Yes,Pending
CN000596,C0001133,PL010,Postpaid Mobile,24,13-01-2024,02-01-2026,No,Renewed
CN000597,C0001134,PL022,Enterprise,24,11-05-2015,30-04-2017,No,Renewed
CN000598,C0001135,PL007,Postpaid Mobile,24,31-08-2018,20-08-2020,Yes,Renewed
CN000599,C0001138,PL024,IoT Solutions,18,19-08-2017,10-02-2019,Yes,Active
CN000600,C0001139,PL006,Prepaid Mobile,24,08-12-2025,28-11-2027,No,Active
CN000601,C0001142,PL009,Postpaid Mobile,24,02-06-2020,23-05-2022,No,Active
CN000602,C0001143,PL023,IoT Solutions,24,19-05-2025,09-05-2027,Yes,Pending
CN000603,C0001145,PL023,IoT Solutions,36,02-01-2024,17-12-2026,No,Not Renewed
CN000604,C0001148,PL006,Prepaid Mobile,12,01-01-2014,27-12-2014,Yes,Active
CN000605,C0001149,PL005,Prepaid Mobile,12,03-03-2024,26-02-2025,No,Renewed
CN000606,C0001150,PL008,Postpaid Mobile,24,31-10-2019,20-10-2021,Yes,Not Renewed
CN000607,C0001152,PL006,Prepaid Mobile,24,01-01-2014,22-12-2015,Yes,Active
CN000608,C0001154,PL007,Postpaid Mobile,12,17-07-2016,12-07-2017,No,Cancelled
CN000609,C0001156,PL006,Prepaid Mobile,12,06-11-2020,01-11-2021,No,Renewed
CN000610,C0001157,PL010,Postpaid Mobile,24,05-03-2021,23-02-2023,Yes,Auto-Renewed
CN000611,C0001158,PL006,Prepaid Mobile,12,23-08-2024,18-08-2025,No,Auto-Renewed
CN000612,C0001161,PL010,Postpaid Mobile,24,26-07-2023,15-07-2025,No,Renewed
CN000613,C0001165,PL022,Enterprise,12,04-02-2015,30-01-2016,No,Active
CN000614,C0001168,PL010,Postpaid Mobile,12,31-01-2026,26-01-2027,Yes,Not Renewed
CN000615,C0001169,PL005,Prepaid Mobile,12,29-08-2020,24-08-2021,Yes,Auto-Renewed
CN000616,C0001170,PL005,Prepaid Mobile,12,14-05-2019,08-05-2020,No,Renewed
CN000617,C0001171,PL022,Enterprise,24,24-03-2018,13-03-2020,Yes,Pending
CN000618,C0001173,PL009,Postpaid Mobile,18,03-05-2021,25-10-2022,Yes,Auto-Renewed
CN000619,C0001174,PL005,Prepaid Mobile,18,14-02-2024,07-08-2025,No,Auto-Renewed
CN000620,C0001175,PL007,Postpaid Mobile,24,14-01-2018,04-01-2020,Yes,Not Renewed
CN000621,C0001178,PL006,Prepaid Mobile,12,09-07-2016,04-07-2017,Yes,Active
CN000622,C0001181,PL005,Prepaid Mobile,24,31-08-2021,21-08-2023,No,Auto-Renewed
CN000623,C0001183,PL011,Postpaid Mobile,12,04-11-2019,29-10-2020,No,Renewed
CN000624,C0001185,PL018,Fiber Broadband,24,01-01-2014,22-12-2015,Yes,Active
CN000625,C0001188,PL015,Fiber Broadband,12,24-01-2015,19-01-2016,Yes,Renewed
CN000626,C0001193,PL006,Prepaid Mobile,12,01-01-2014,27-12-2014,No,Active
CN000627,C0001195,PL025,Smart Home,24,05-07-2018,24-06-2020,No,Auto-Renewed
CN000628,C0001199,PL021,Enterprise,12,03-11-2018,29-10-2019,Yes,Renewed
CN000629,C0001201,PL016,Fiber Broadband,36,27-07-2020,12-07-2023,Yes,Pending
CN000630,C0001202,PL016,Fiber Broadband,36,02-06-2017,17-05-2020,No,Renewed
CN000631,C0001203,PL008,Postpaid Mobile,24,10-10-2017,30-09-2019,Yes,Renewed
CN000632,C0001204,PL005,Prepaid Mobile,24,05-12-2024,25-11-2026,Yes,Pending
CN000633,C0001205,PL011,Postpaid Mobile,36,08-10-2014,22-09-2017,Yes,Active
CN000634,C0001209,PL011,Postpaid Mobile,18,21-01-2024,14-07-2025,No,Active
CN000635,C0001211,PL007,Postpaid Mobile,12,03-01-2017,29-12-2017,Yes,Auto-Renewed
CN000636,C0001213,PL007,Postpaid Mobile,24,28-09-2015,17-09-2017,No,Auto-Renewed
CN000637,C0001214,PL008,Postpaid Mobile,24,15-03-2023,04-03-2025,Yes,Cancelled
CN000638,C0001215,PL005,Prepaid Mobile,12,07-06-2019,01-06-2020,No,Auto-Renewed
CN000639,C0001216,PL018,Fiber Broadband,12,01-01-2014,27-12-2014,No,Renewed
CN000640,C0001217,PL022,Enterprise,12,27-11-2020,22-11-2021,Yes,Pending
CN000641,C0001220,PL017,Fiber Broadband,12,01-01-2014,27-12-2014,No,Pending
CN000642,C0001221,PL007,Postpaid Mobile,12,21-06-2021,16-06-2022,Yes,Renewed
CN000643,C0001224,PL009,Postpaid Mobile,12,21-09-2024,16-09-2025,Yes,Auto-Renewed
CN000644,C0001225,PL011,Postpaid Mobile,24,12-06-2024,02-06-2026,Yes,Auto-Renewed
CN000645,C0001226,PL024,IoT Solutions,18,18-02-2019,11-08-2020,Yes,Renewed
CN000646,C0001227,PL021,Enterprise,18,20-10-2014,12-04-2016,No,Renewed
CN000647,C0001228,PL011,Postpaid Mobile,24,30-12-2019,19-12-2021,Yes,Auto-Renewed
CN000648,C0001229,PL017,Fiber Broadband,12,25-04-2022,20-04-2023,Yes,Active
CN000649,C0001230,PL005,Prepaid Mobile,12,29-09-2014,24-09-2015,No,Pending
CN000650,C0001232,PL005,Prepaid Mobile,12,01-01-2014,27-12-2014,No,Pending
CN000651,C0001233,PL005,Prepaid Mobile,24,01-01-2014,22-12-2015,Yes,Active
CN000652,C0001234,PL006,Prepaid Mobile,12,01-01-2014,27-12-2014,No,Auto-Renewed
CN000653,C0001235,PL006,Prepaid Mobile,18,01-01-2014,25-06-2015,Yes,Cancelled
CN000654,C0001236,PL005,Prepaid Mobile,24,09-01-2023,29-12-2024,Yes,Active
CN000655,C0001237,PL024,IoT Solutions,24,10-06-2025,31-05-2027,Yes,Active
CN000656,C0001238,PL008,Postpaid Mobile,18,25-06-2017,17-12-2018,Yes,Auto-Renewed
CN000657,C0001240,PL025,Smart Home,12,26-08-2019,20-08-2020,Yes,Renewed
CN000658,C0001242,PL005,Prepaid Mobile,12,28-04-2015,22-04-2016,Yes,Auto-Renewed
CN000659,C0001244,PL011,Postpaid Mobile,12,01-01-2014,27-12-2014,Yes,Renewed
CN000660,C0001245,PL009,Postpaid Mobile,18,29-05-2021,20-11-2022,No,Pending
CN000661,C0001246,PL007,Postpaid Mobile,18,19-04-2018,11-10-2019,Yes,Active
CN000662,C0001247,PL008,Postpaid Mobile,18,03-12-2024,27-05-2026,No,Cancelled
CN000663,C0001248,PL022,Enterprise,24,18-08-2019,07-08-2021,Yes,Auto-Renewed
CN000664,C0001252,PL009,Postpaid Mobile,24,10-03-2017,28-02-2019,No,Renewed
CN000665,C0001253,PL016,Fiber Broadband,18,25-03-2023,15-09-2024,Yes,Not Renewed
CN000666,C0001255,PL005,Prepaid Mobile,24,18-08-2020,08-08-2022,No,Auto-Renewed
CN000667,C0001258,PL006,Prepaid Mobile,12,21-07-2023,15-07-2024,Yes,Not Renewed
CN000668,C0001259,PL009,Postpaid Mobile,18,23-09-2020,17-03-2022,No,Not Renewed
CN000669,C0001261,PL023,IoT Solutions,12,28-01-2017,23-01-2018,Yes,Auto-Renewed
CN000670,C0001263,PL007,Postpaid Mobile,12,11-06-2023,05-06-2024,Yes,Pending
CN000671,C0001265,PL009,Postpaid Mobile,24,04-10-2024,24-09-2026,Yes,Active
CN000672,C0001266,PL008,Postpaid Mobile,12,14-12-2021,09-12-2022,No,Not Renewed
CN000673,C0001268,PL018,Fiber Broadband,36,24-12-2025,08-12-2028,Yes,Renewed
CN000674,C0001270,PL015,Fiber Broadband,24,14-06-2017,04-06-2019,Yes,Cancelled
CN000675,C0001271,PL005,Prepaid Mobile,12,01-01-2014,27-12-2014,No,Renewed
CN000676,C0001273,PL023,IoT Solutions,12,04-09-2015,29-08-2016,No,Renewed
CN000677,C0001274,PL005,Prepaid Mobile,12,15-08-2016,10-08-2017,No,Active
CN000678,C0001275,PL016,Fiber Broadband,12,30-11-2017,25-11-2018,No,Renewed
CN000679,C0001276,PL011,Postpaid Mobile,18,03-05-2020,25-10-2021,No,Pending
CN000680,C0001277,PL011,Postpaid Mobile,24,01-01-2014,22-12-2015,No,Active
CN000681,C0001278,PL011,Postpaid Mobile,18,01-01-2014,25-06-2015,No,Renewed
CN000682,C0001281,PL006,Prepaid Mobile,24,22-06-2016,12-06-2018,No,Active
CN000683,C0001282,PL011,Postpaid Mobile,24,01-01-2014,22-12-2015,No,Cancelled
CN000684,C0001283,PL006,Prepaid Mobile,24,15-08-2016,05-08-2018,No,Auto-Renewed
CN000685,C0001284,PL018,Fiber Broadband,12,17-12-2025,12-12-2026,No,Not Renewed
CN000686,C0001285,PL011,Postpaid Mobile,12,01-01-2014,27-12-2014,No,Auto-Renewed
CN000687,C0001286,PL023,IoT Solutions,18,05-07-2017,27-12-2018,No,Renewed
CN000688,C0001287,PL015,Fiber Broadband,12,18-08-2023,12-08-2024,No,Not Renewed
CN000689,C0001288,PL007,Postpaid Mobile,24,10-07-2018,29-06-2020,Yes,Active
CN000690,C0001290,PL023,IoT Solutions,18,12-12-2015,04-06-2017,No,Active
CN000691,C0001292,PL021,Enterprise,12,04-04-2025,30-03-2026,Yes,Pending
CN000692,C0001295,PL008,Postpaid Mobile,12,18-08-2019,12-08-2020,Yes,Cancelled
CN000693,C0001297,PL005,Prepaid Mobile,36,10-08-2020,26-07-2023,No,Pending
CN000694,C0001298,PL005,Prepaid Mobile,18,01-01-2014,25-06-2015,No,Auto-Renewed
CN000695,C0001299,PL010,Postpaid Mobile,24,02-08-2024,23-07-2026,Yes,Auto-Renewed
CN000696,C0001302,PL016,Fiber Broadband,12,01-01-2014,27-12-2014,No,Active
CN000697,C0001303,PL018,Fiber Broadband,24,29-10-2018,18-10-2020,No,Pending
CN000698,C0001309,PL006,Prepaid Mobile,12,01-01-2014,27-12-2014,Yes,Renewed
CN000699,C0001311,PL008,Postpaid Mobile,12,09-08-2024,04-08-2025,No,Not Renewed
CN000700,C0001313,PL011,Postpaid Mobile,36,20-11-2024,05-11-2027,No,Pending
CN000701,C0001314,PL010,Postpaid Mobile,24,23-01-2016,12-01-2018,Yes,Active
CN000702,C0001315,PL005,Prepaid Mobile,24,16-11-2024,06-11-2026,Yes,Renewed
CN000703,C0001317,PL005,Prepaid Mobile,18,01-01-2014,25-06-2015,Yes,Renewed
CN000704,C0001322,PL005,Prepaid Mobile,12,03-02-2020,28-01-2021,No,Renewed
CN000705,C0001324,PL017,Fiber Broadband,12,01-01-2014,27-12-2014,Yes,Active
CN000706,C0001327,PL018,Fiber Broadband,18,05-11-2016,29-04-2018,No,Renewed
CN000707,C0001330,PL007,Postpaid Mobile,12,04-11-2017,30-10-2018,No,Renewed
CN000708,C0001331,PL008,Postpaid Mobile,36,18-02-2025,03-02-2028,Yes,Auto-Renewed
CN000709,C0001333,PL009,Postpaid Mobile,24,01-06-2025,22-05-2027,Yes,Renewed
CN000710,C0001334,PL011,Postpaid Mobile,12,01-01-2014,27-12-2014,Yes,Renewed
CN000711,C0001335,PL006,Prepaid Mobile,12,01-01-2014,27-12-2014,Yes,Renewed
CN000712,C0001337,PL016,Fiber Broadband,18,01-01-2014,25-06-2015,Yes,Renewed
CN000713,C0001339,PL006,Prepaid Mobile,12,12-03-2019,06-03-2020,No,Renewed
CN000714,C0001340,PL022,Enterprise,12,01-01-2014,27-12-2014,Yes,Pending
CN000715,C0001344,PL021,Enterprise,24,24-07-2014,13-07-2016,Yes,Active
CN000716,C0001346,PL021,Enterprise,24,27-01-2015,16-01-2017,No,Renewed
CN000717,C0001348,PL010,Postpaid Mobile,12,14-02-2024,08-02-2025,Yes,Not Renewed
CN000718,C0001350,PL008,Postpaid Mobile,12,25-02-2019,20-02-2020,No,Auto-Renewed
CN000719,C0001351,PL017,Fiber Broadband,12,01-01-2014,27-12-2014,No,Renewed
CN000720,C0001355,PL015,Fiber Broadband,24,01-01-2014,22-12-2015,No,Active
CN000721,C0001356,PL022,Enterprise,12,16-05-2020,11-05-2021,No,Active
CN000722,C0001358,PL015,Fiber Broadband,12,15-10-2016,10-10-2017,Yes,Renewed
CN000723,C0001359,PL006,Prepaid Mobile,12,01-04-2015,26-03-2016,No,Auto-Renewed
CN000724,C0001360,PL006,Prepaid Mobile,24,08-11-2016,29-10-2018,Yes,Auto-Renewed
CN000725,C0001364,PL006,Prepaid Mobile,36,01-01-2014,16-12-2016,No,Active
CN000726,C0001365,PL024,IoT Solutions,12,30-11-2022,25-11-2023,No,Pending
CN000727,C0001366,PL006,Prepaid Mobile,12,01-01-2014,27-12-2014,No,Not Renewed
CN000728,C0001371,PL018,Fiber Broadband,12,02-01-2024,27-12-2024,No,Renewed
CN000729,C0001372,PL005,Prepaid Mobile,12,01-01-2014,27-12-2014,No,Renewed
CN000730,C0001373,PL007,Postpaid Mobile,12,07-05-2024,02-05-2025,No,Renewed
CN000731,C0001376,PL005,Prepaid Mobile,36,01-03-2018,13-02-2021,Yes,Auto-Renewed
CN000732,C0001377,PL006,Prepaid Mobile,24,01-01-2014,22-12-2015,Yes,Not Renewed
CN000733,C0001378,PL011,Postpaid Mobile,12,18-01-2023,13-01-2024,Yes,Pending
CN000734,C0001380,PL009,Postpaid Mobile,12,10-04-2024,05-04-2025,No,Active
CN000735,C0001383,PL010,Postpaid Mobile,12,07-12-2024,02-12-2025,Yes,Cancelled
CN000736,C0001386,PL006,Prepaid Mobile,12,08-08-2015,02-08-2016,Yes,Active
CN000737,C0001387,PL006,Prepaid Mobile,24,20-03-2019,09-03-2021,Yes,Active
CN000738,C0001388,PL021,Enterprise,12,24-06-2022,19-06-2023,Yes,Renewed
CN000739,C0001389,PL018,Fiber Broadband,12,15-12-2017,10-12-2018,No,Not Renewed
CN000740,C0001390,PL021,Enterprise,24,03-09-2023,23-08-2025,Yes,Renewed
CN000741,C0001393,PL006,Prepaid Mobile,12,27-01-2016,21-01-2017,No,Renewed
CN000742,C0001394,PL007,Postpaid Mobile,12,17-02-2022,12-02-2023,No,Renewed
CN000743,C0001395,PL005,Prepaid Mobile,12,29-06-2022,24-06-2023,Yes,Active
CN000744,C0001398,PL016,Fiber Broadband,18,01-01-2014,25-06-2015,Yes,Not Renewed
CN000745,C0001400,PL007,Postpaid Mobile,12,24-09-2020,19-09-2021,No,Renewed
CN000746,C0001402,PL006,Prepaid Mobile,24,01-01-2014,22-12-2015,Yes,Not Renewed
CN000747,C0001405,PL008,Postpaid Mobile,18,11-08-2024,02-02-2026,No,Not Renewed
CN000748,C0001411,PL005,Prepaid Mobile,24,10-10-2017,30-09-2019,Yes,Renewed
CN000749,C0001412,PL017,Fiber Broadband,12,03-02-2024,28-01-2025,No,Active
CN000750,C0001413,PL006,Prepaid Mobile,12,27-07-2024,22-07-2025,No,Pending
CN000751,C0001415,PL005,Prepaid Mobile,12,13-03-2021,08-03-2022,No,Active
CN000752,C0001416,PL025,Smart Home,24,09-02-2022,30-01-2024,Yes,Renewed
CN000753,C0001417,PL015,Fiber Broadband,12,26-10-2014,21-10-2015,No,Renewed
CN000754,C0001420,PL007,Postpaid Mobile,12,22-09-2016,17-09-2017,Yes,Active
CN000755,C0001422,PL007,Postpaid Mobile,12,26-03-2018,21-03-2019,Yes,Cancelled
CN000756,C0001425,PL015,Fiber Broadband,18,08-04-2023,29-09-2024,No,Cancelled
CN000757,C0001426,PL015,Fiber Broadband,24,01-01-2014,22-12-2015,Yes,Renewed
CN000758,C0001427,PL005,Prepaid Mobile,18,01-01-2014,25-06-2015,Yes,Auto-Renewed
CN000759,C0001428,PL016,Fiber Broadband,36,09-05-2019,23-04-2022,No,Active
CN000760,C0001429,PL017,Fiber Broadband,18,01-01-2014,25-06-2015,Yes,Renewed
CN000761,C0001434,PL024,IoT Solutions,12,30-07-2016,25-07-2017,Yes,Renewed
CN000762,C0001435,PL005,Prepaid Mobile,12,01-01-2014,27-12-2014,No,Renewed
CN000763,C0001436,PL011,Postpaid Mobile,12,16-02-2019,11-02-2020,No,Active
CN000764,C0001437,PL008,Postpaid Mobile,36,05-11-2016,21-10-2019,No,Active
CN000765,C0001438,PL008,Postpaid Mobile,12,22-12-2020,17-12-2021,No,Renewed
CN000766,C0001440,PL006,Prepaid Mobile,12,01-01-2014,27-12-2014,No,Renewed
CN000767,C0001441,PL007,Postpaid Mobile,12,11-11-2018,06-11-2019,No,Not Renewed
CN000768,C0001442,PL009,Postpaid Mobile,12,05-02-2016,30-01-2017,No,Auto-Renewed
CN000769,C0001443,PL010,Postpaid Mobile,12,24-08-2017,19-08-2018,No,Renewed
CN000770,C0001445,PL008,Postpaid Mobile,12,04-09-2021,30-08-2022,No,Auto-Renewed
CN000771,C0001446,PL007,Postpaid Mobile,12,20-09-2018,15-09-2019,Yes,Not Renewed
CN000772,C0001449,PL006,Prepaid Mobile,36,16-09-2015,31-08-2018,No,Pending
CN000773,C0001450,PL008,Postpaid Mobile,36,03-07-2014,17-06-2017,No,Auto-Renewed
CN000774,C0001454,PL006,Prepaid Mobile,12,30-05-2019,24-05-2020,No,Active
CN000775,C0001456,PL011,Postpaid Mobile,12,01-01-2014,27-12-2014,No,Renewed
CN000776,C0001460,PL009,Postpaid Mobile,12,20-04-2021,15-04-2022,Yes,Active
CN000777,C0001461,PL017,Fiber Broadband,24,01-01-2014,22-12-2015,No,Renewed
CN000778,C0001462,PL017,Fiber Broadband,24,01-01-2014,22-12-2015,No,Renewed
CN000779,C0001463,PL017,Fiber Broadband,12,29-06-2015,23-06-2016,Yes,Pending
CN000780,C0001464,PL008,Postpaid Mobile,12,03-07-2025,28-06-2026,Yes,Renewed
CN000781,C0001466,PL022,Enterprise,12,06-03-2018,01-03-2019,Yes,Active
CN000782,C0001467,PL022,Enterprise,24,01-01-2014,22-12-2015,Yes,Renewed
CN000783,C0001470,PL007,Postpaid Mobile,24,09-09-2022,29-08-2024,No,Renewed
CN000784,C0001471,PL022,Enterprise,18,01-01-2014,25-06-2015,No,Renewed
CN000785,C0001473,PL006,Prepaid Mobile,12,01-01-2014,27-12-2014,Yes,Auto-Renewed
CN000786,C0001474,PL022,Enterprise,24,13-09-2014,02-09-2016,Yes,Auto-Renewed
CN000787,C0001476,PL022,Enterprise,24,03-03-2025,21-02-2027,Yes,Active
CN000788,C0001477,PL018,Fiber Broadband,12,01-01-2014,27-12-2014,No,Pending
CN000789,C0001479,PL025,Smart Home,18,11-02-2018,05-08-2019,No,Auto-Renewed
CN000790,C0001480,PL018,Fiber Broadband,18,01-01-2014,25-06-2015,Yes,Auto-Renewed
CN000791,C0001481,PL006,Prepaid Mobile,24,13-11-2020,03-11-2022,No,Renewed
CN000792,C0001482,PL011,Postpaid Mobile,24,06-03-2024,24-02-2026,Yes,Renewed
CN000793,C0001483,PL011,Postpaid Mobile,12,07-02-2017,02-02-2018,No,Renewed
CN000794,C0001484,PL025,Smart Home,12,15-04-2022,10-04-2023,No,Pending
CN000795,C0001489,PL018,Fiber Broadband,12,05-01-2017,31-12-2017,No,Pending
CN000796,C0001490,PL007,Postpaid Mobile,12,09-12-2021,04-12-2022,Yes,Cancelled
CN000797,C0001492,PL005,Prepaid Mobile,36,01-01-2014,16-12-2016,No,Active
CN000798,C0001496,PL007,Postpaid Mobile,12,07-09-2014,02-09-2015,Yes,Pending
CN000799,C0001497,PL008,Postpaid Mobile,12,01-09-2023,26-08-2024,No,Pending
CN000800,C0001499,PL010,Postpaid Mobile,12,03-12-2024,28-11-2025,No,Pending
CN000801,C0001504,PL015,Fiber Broadband,24,01-01-2014,22-12-2015,No,Cancelled
CN000802,C0001505,PL024,IoT Solutions,24,20-09-2016,10-09-2018,Yes,Auto-Renewed
CN000803,C0001506,PL006,Prepaid Mobile,24,28-10-2017,18-10-2019,Yes,Active
CN000804,C0001507,PL011,Postpaid Mobile,12,17-06-2014,12-06-2015,Yes,Renewed
CN000805,C0001509,PL025,Smart Home,24,11-11-2020,01-11-2022,Yes,Active
CN000806,C0001510,PL008,Postpaid Mobile,18,31-12-2022,23-06-2024,Yes,Renewed
CN000807,C0001511,PL005,Prepaid Mobile,24,29-02-2024,18-02-2026,No,Renewed
CN000808,C0001513,PL010,Postpaid Mobile,24,16-10-2025,06-10-2027,Yes,Renewed
CN000809,C0001514,PL009,Postpaid Mobile,36,26-07-2019,10-07-2022,Yes,Active
CN000810,C0001516,PL008,Postpaid Mobile,18,06-05-2025,28-10-2026,Yes,Auto-Renewed
CN000811,C0001517,PL005,Prepaid Mobile,12,01-01-2014,27-12-2014,No,Auto-Renewed
CN000812,C0001520,PL008,Postpaid Mobile,24,27-02-2026,17-02-2028,Yes,Auto-Renewed
CN000813,C0001522,PL009,Postpaid Mobile,36,15-04-2021,30-03-2024,No,Active
CN000814,C0001525,PL007,Postpaid Mobile,24,16-09-2015,05-09-2017,No,Not Renewed
CN000815,C0001526,PL005,Prepaid Mobile,12,01-01-2014,27-12-2014,Yes,Not Renewed
CN000816,C0001527,PL006,Prepaid Mobile,12,01-01-2014,27-12-2014,Yes,Active
CN000817,C0001528,PL023,IoT Solutions,12,29-05-2024,24-05-2025,No,Auto-Renewed
CN000818,C0001529,PL005,Prepaid Mobile,12,01-01-2014,27-12-2014,Yes,Auto-Renewed
CN000819,C0001530,PL008,Postpaid Mobile,18,27-07-2017,18-01-2019,No,Auto-Renewed
CN000820,C0001532,PL007,Postpaid Mobile,24,10-04-2023,30-03-2025,Yes,Not Renewed
CN000821,C0001534,PL005,Prepaid Mobile,18,01-01-2014,25-06-2015,Yes,Auto-Renewed
CN000822,C0001535,PL021,Enterprise,18,21-03-2018,12-09-2019,Yes,Renewed
CN000823,C0001542,PL010,Postpaid Mobile,12,17-11-2020,12-11-2021,Yes,Renewed
CN000824,C0001543,PL009,Postpaid Mobile,12,30-09-2023,24-09-2024,No,Renewed
CN000825,C0001544,PL009,Postpaid Mobile,12,26-06-2019,20-06-2020,No,Auto-Renewed
CN000826,C0001551,PL006,Prepaid Mobile,12,30-08-2016,25-08-2017,No,Auto-Renewed
CN000827,C0001552,PL011,Postpaid Mobile,18,01-09-2019,22-02-2021,No,Auto-Renewed
CN000828,C0001555,PL016,Fiber Broadband,12,12-06-2020,07-06-2021,Yes,Cancelled
CN000829,C0001560,PL006,Prepaid Mobile,18,01-01-2014,25-06-2015,No,Active
CN000830,C0001561,PL005,Prepaid Mobile,36,01-01-2014,16-12-2016,No,Auto-Renewed
CN000831,C0001562,PL016,Fiber Broadband,24,14-10-2022,03-10-2024,Yes,Auto-Renewed
CN000832,C0001563,PL006,Prepaid Mobile,24,01-01-2014,22-12-2015,Yes,Auto-Renewed
CN000833,C0001564,PL025,Smart Home,24,26-06-2018,15-06-2020,No,Pending
CN000834,C0001566,PL005,Prepaid Mobile,12,09-04-2015,03-04-2016,No,Renewed
CN000835,C0001567,PL017,Fiber Broadband,24,22-01-2025,12-01-2027,Yes,Active
CN000836,C0001568,PL005,Prepaid Mobile,12,01-05-2022,26-04-2023,No,Renewed
CN000837,C0001569,PL015,Fiber Broadband,12,01-01-2014,27-12-2014,No,Not Renewed
CN000838,C0001571,PL023,IoT Solutions,24,08-06-2018,28-05-2020,Yes,Pending
CN000839,C0001572,PL005,Prepaid Mobile,24,14-07-2022,03-07-2024,Yes,Not Renewed
CN000840,C0001575,PL015,Fiber Broadband,12,23-07-2015,17-07-2016,Yes,Pending
CN000841,C0001576,PL011,Postpaid Mobile,24,12-06-2016,02-06-2018,Yes,Auto-Renewed
CN000842,C0001577,PL009,Postpaid Mobile,24,24-09-2019,13-09-2021,No,Pending
CN000843,C0001578,PL018,Fiber Broadband,24,13-03-2015,02-03-2017,Yes,Auto-Renewed
CN000844,C0001579,PL011,Postpaid Mobile,12,30-09-2017,25-09-2018,Yes,Renewed
CN000845,C0001580,PL006,Prepaid Mobile,24,14-03-2024,04-03-2026,No,Renewed
CN000846,C0001582,PL017,Fiber Broadband,36,28-05-2023,12-05-2026,Yes,Renewed
CN000847,C0001584,PL005,Prepaid Mobile,12,05-02-2026,31-01-2027,No,Renewed
CN000848,C0001585,PL009,Postpaid Mobile,12,10-09-2015,04-09-2016,No,Renewed
CN000849,C0001586,PL011,Postpaid Mobile,12,01-01-2014,27-12-2014,No,Pending
CN000850,C0001588,PL016,Fiber Broadband,36,01-01-2014,16-12-2016,Yes,Auto-Renewed
CN000851,C0001591,PL006,Prepaid Mobile,24,19-04-2014,08-04-2016,No,Active
CN000852,C0001593,PL006,Prepaid Mobile,18,09-07-2020,31-12-2021,Yes,Auto-Renewed
CN000853,C0001595,PL009,Postpaid Mobile,12,07-03-2018,02-03-2019,Yes,Renewed
CN000854,C0001596,PL007,Postpaid Mobile,24,12-09-2021,02-09-2023,No,Renewed
CN000855,C0001597,PL015,Fiber Broadband,18,25-11-2021,19-05-2023,Yes,Active
CN000856,C0001598,PL018,Fiber Broadband,12,07-06-2022,02-06-2023,No,Auto-Renewed
CN000857,C0001602,PL009,Postpaid Mobile,24,11-07-2023,30-06-2025,No,Pending
CN000858,C0001603,PL011,Postpaid Mobile,12,13-10-2023,07-10-2024,Yes,Renewed
CN000859,C0001604,PL009,Postpaid Mobile,12,03-03-2017,26-02-2018,No,Not Renewed
CN000860,C0001605,PL011,Postpaid Mobile,12,01-01-2014,27-12-2014,No,Renewed
CN000861,C0001606,PL006,Prepaid Mobile,24,19-09-2025,09-09-2027,No,Active
CN000862,C0001610,PL018,Fiber Broadband,36,17-07-2024,02-07-2027,Yes,Auto-Renewed
CN000863,C0001611,PL024,IoT Solutions,36,02-10-2014,16-09-2017,No,Cancelled
CN000864,C0001613,PL006,Prepaid Mobile,18,01-01-2014,25-06-2015,No,Renewed
CN000865,C0001614,PL017,Fiber Broadband,24,04-10-2017,24-09-2019,No,Not Renewed
CN000866,C0001615,PL008,Postpaid Mobile,24,11-07-2016,01-07-2018,No,Renewed
CN000867,C0001617,PL025,Smart Home,24,23-02-2017,13-02-2019,Yes,Auto-Renewed
CN000868,C0001618,PL007,Postpaid Mobile,36,20-04-2024,05-04-2027,No,Cancelled
CN000869,C0001619,PL011,Postpaid Mobile,36,01-01-2014,16-12-2016,No,Active
CN000870,C0001620,PL006,Prepaid Mobile,24,26-08-2015,15-08-2017,Yes,Auto-Renewed
CN000871,C0001621,PL008,Postpaid Mobile,24,13-04-2017,03-04-2019,Yes,Renewed
CN000872,C0001622,PL005,Prepaid Mobile,12,11-03-2015,05-03-2016,Yes,Auto-Renewed
CN000873,C0001623,PL016,Fiber Broadband,12,01-01-2014,27-12-2014,No,Auto-Renewed
CN000874,C0001624,PL006,Prepaid Mobile,24,08-12-2023,27-11-2025,No,Renewed
CN000875,C0001625,PL008,Postpaid Mobile,12,17-11-2022,12-11-2023,No,Not Renewed
CN000876,C0001627,PL025,Smart Home,36,21-12-2021,05-12-2024,No,Not Renewed
CN000877,C0001631,PL005,Prepaid Mobile,12,01-01-2014,27-12-2014,No,Renewed
CN000878,C0001635,PL008,Postpaid Mobile,12,02-02-2018,28-01-2019,Yes,Active
CN000879,C0001636,PL024,IoT Solutions,24,20-12-2017,10-12-2019,Yes,Renewed
CN000880,C0001638,PL021,Enterprise,24,10-09-2020,31-08-2022,No,Pending
CN000881,C0001639,PL008,Postpaid Mobile,24,26-07-2024,16-07-2026,No,Renewed
CN000882,C0001640,PL006,Prepaid Mobile,12,01-01-2014,27-12-2014,Yes,Auto-Renewed
CN000883,C0001645,PL015,Fiber Broadband,12,15-06-2014,10-06-2015,No,Not Renewed
CN000884,C0001647,PL005,Prepaid Mobile,12,21-12-2018,16-12-2019,No,Auto-Renewed
CN000885,C0001648,PL005,Prepaid Mobile,18,19-07-2024,10-01-2026,Yes,Active
CN000886,C0001649,PL015,Fiber Broadband,24,01-01-2014,22-12-2015,Yes,Not Renewed
CN000887,C0001651,PL009,Postpaid Mobile,36,15-12-2017,29-11-2020,No,Renewed
CN000888,C0001653,PL023,IoT Solutions,12,12-01-2026,07-01-2027,Yes,Cancelled
CN000889,C0001654,PL005,Prepaid Mobile,12,07-08-2014,02-08-2015,Yes,Auto-Renewed
CN000890,C0001657,PL011,Postpaid Mobile,24,16-12-2021,06-12-2023,Yes,Renewed
CN000891,C0001658,PL006,Prepaid Mobile,18,13-12-2017,06-06-2019,Yes,Renewed
CN000892,C0001659,PL006,Prepaid Mobile,12,11-02-2020,05-02-2021,No,Renewed
CN000893,C0001663,PL017,Fiber Broadband,18,04-10-2016,28-03-2018,No,Auto-Renewed
CN000894,C0001664,PL006,Prepaid Mobile,24,20-10-2014,09-10-2016,Yes,Auto-Renewed
CN000895,C0001665,PL017,Fiber Broadband,24,01-01-2014,22-12-2015,No,Not Renewed
CN000896,C0001668,PL017,Fiber Broadband,12,01-01-2014,27-12-2014,No,Renewed
CN000897,C0001675,PL017,Fiber Broadband,12,21-03-2021,16-03-2022,No,Auto-Renewed
CN000898,C0001683,PL005,Prepaid Mobile,12,16-12-2023,10-12-2024,Yes,Active
CN000899,C0001684,PL009,Postpaid Mobile,24,25-03-2023,14-03-2025,Yes,Renewed
CN000900,C0001687,PL005,Prepaid Mobile,12,22-09-2025,17-09-2026,Yes,Not Renewed
CN000901,C0001688,PL006,Prepaid Mobile,24,01-01-2014,22-12-2015,Yes,Active
CN000902,C0001691,PL022,Enterprise,24,01-01-2014,22-12-2015,Yes,Not Renewed
CN000903,C0001692,PL024,IoT Solutions,12,10-03-2021,05-03-2022,No,Pending
CN000904,C0001693,PL022,Enterprise,18,01-01-2014,25-06-2015,Yes,Active
CN000905,C0001694,PL021,Enterprise,12,01-01-2014,27-12-2014,Yes,Renewed
CN000906,C0001695,PL005,Prepaid Mobile,24,22-05-2021,12-05-2023,Yes,Pending
CN000907,C0001696,PL015,Fiber Broadband,12,04-08-2014,30-07-2015,No,Renewed
CN000908,C0001697,PL010,Postpaid Mobile,24,28-04-2024,18-04-2026,Yes,Auto-Renewed
CN000909,C0001698,PL023,IoT Solutions,36,02-03-2016,15-02-2019,Yes,Renewed
CN000910,C0001699,PL016,Fiber Broadband,12,17-09-2025,12-09-2026,Yes,Renewed
CN000911,C0001700,PL008,Postpaid Mobile,36,24-05-2020,09-05-2023,No,Auto-Renewed
CN000912,C0001701,PL011,Postpaid Mobile,18,01-01-2014,25-06-2015,Yes,Pending
CN000913,C0001702,PL022,Enterprise,24,01-01-2014,22-12-2015,Yes,Auto-Renewed
CN000914,C0001704,PL018,Fiber Broadband,24,21-02-2025,11-02-2027,No,Auto-Renewed
CN000915,C0001705,PL006,Prepaid Mobile,12,01-01-2014,27-12-2014,Yes,Auto-Renewed
CN000916,C0001706,PL011,Postpaid Mobile,24,22-08-2023,11-08-2025,No,Active
CN000917,C0001707,PL022,Enterprise,24,12-06-2025,02-06-2027,No,Renewed
CN000918,C0001711,PL016,Fiber Broadband,12,15-03-2023,09-03-2024,No,Auto-Renewed
CN000919,C0001713,PL023,IoT Solutions,36,13-03-2017,26-02-2020,Yes,Auto-Renewed
CN000920,C0001714,PL008,Postpaid Mobile,12,26-03-2025,21-03-2026,Yes,Renewed
CN000921,C0001715,PL010,Postpaid Mobile,18,16-11-2014,09-05-2016,Yes,Not Renewed
CN000922,C0001717,PL025,Smart Home,12,11-04-2020,06-04-2021,Yes,Renewed
CN000923,C0001718,PL007,Postpaid Mobile,36,17-09-2020,02-09-2023,Yes,Renewed
CN000924,C0001720,PL005,Prepaid Mobile,18,01-01-2014,25-06-2015,Yes,Auto-Renewed
CN000925,C0001722,PL011,Postpaid Mobile,24,01-11-2021,22-10-2023,Yes,Renewed
CN000926,C0001725,PL018,Fiber Broadband,36,19-03-2014,03-03-2017,Yes,Pending
CN000927,C0001728,PL022,Enterprise,24,01-01-2014,22-12-2015,Yes,Cancelled
CN000928,C0001730,PL009,Postpaid Mobile,24,09-08-2018,29-07-2020,Yes,Auto-Renewed
CN000929,C0001731,PL022,Enterprise,36,01-01-2014,16-12-2016,Yes,Renewed
CN000930,C0001732,PL006,Prepaid Mobile,18,03-01-2017,27-06-2018,Yes,Renewed
CN000931,C0001733,PL008,Postpaid Mobile,24,22-07-2014,11-07-2016,No,Active
CN000932,C0001735,PL015,Fiber Broadband,24,01-01-2014,22-12-2015,Yes,Renewed
CN000933,C0001736,PL015,Fiber Broadband,12,11-07-2020,06-07-2021,No,Renewed
CN000934,C0001748,PL016,Fiber Broadband,24,17-04-2024,07-04-2026,Yes,Not Renewed
CN000935,C0001749,PL009,Postpaid Mobile,24,02-12-2019,21-11-2021,No,Not Renewed
CN000936,C0001750,PL010,Postpaid Mobile,12,12-12-2022,07-12-2023,No,Not Renewed
CN000937,C0001751,PL011,Postpaid Mobile,18,01-01-2014,25-06-2015,Yes,Renewed
CN000938,C0001752,PL006,Prepaid Mobile,36,01-01-2014,16-12-2016,No,Renewed
CN000939,C0001754,PL018,Fiber Broadband,12,21-09-2024,16-09-2025,No,Renewed
CN000940,C0001755,PL010,Postpaid Mobile,12,28-02-2022,23-02-2023,No,Active
CN000941,C0001756,PL009,Postpaid Mobile,18,31-10-2018,23-04-2020,Yes,Renewed
CN000942,C0001757,PL005,Prepaid Mobile,24,16-10-2015,05-10-2017,No,Renewed
CN000943,C0001758,PL005,Prepaid Mobile,24,01-01-2014,22-12-2015,No,Auto-Renewed
CN000944,C0001759,PL008,Postpaid Mobile,36,06-01-2018,21-12-2020,Yes,Renewed
CN000945,C0001760,PL017,Fiber Broadband,12,13-12-2018,08-12-2019,Yes,Cancelled
CN000946,C0001761,PL005,Prepaid Mobile,12,10-10-2019,04-10-2020,Yes,Active
CN000947,C0001762,PL007,Postpaid Mobile,12,08-08-2019,02-08-2020,Yes,Renewed
CN000948,C0001763,PL005,Prepaid Mobile,24,14-11-2022,03-11-2024,No,Auto-Renewed
CN000949,C0001764,PL022,Enterprise,24,04-08-2021,25-07-2023,No,Auto-Renewed
CN000950,C0001768,PL010,Postpaid Mobile,24,23-12-2018,12-12-2020,Yes,Renewed
CN000951,C0001775,PL016,Fiber Broadband,12,25-07-2017,20-07-2018,No,Not Renewed
CN000952,C0001776,PL023,IoT Solutions,12,31-08-2020,26-08-2021,Yes,Renewed
CN000953,C0001777,PL009,Postpaid Mobile,12,07-10-2018,02-10-2019,Yes,Active
CN000954,C0001778,PL006,Prepaid Mobile,12,29-08-2025,24-08-2026,Yes,Pending
CN000955,C0001782,PL016,Fiber Broadband,24,26-07-2023,15-07-2025,No,Not Renewed
CN000956,C0001783,PL010,Postpaid Mobile,24,22-02-2020,11-02-2022,No,Active
CN000957,C0001784,PL005,Prepaid Mobile,18,01-01-2014,25-06-2015,Yes,Active
CN000958,C0001785,PL006,Prepaid Mobile,24,06-05-2024,26-04-2026,Yes,Not Renewed
CN000959,C0001786,PL008,Postpaid Mobile,24,05-12-2014,24-11-2016,Yes,Auto-Renewed
CN000960,C0001787,PL008,Postpaid Mobile,36,27-02-2020,11-02-2023,Yes,Pending
CN000961,C0001790,PL005,Prepaid Mobile,18,01-01-2014,25-06-2015,Yes,Not Renewed
CN000962,C0001791,PL008,Postpaid Mobile,24,12-04-2021,02-04-2023,No,Active
CN000963,C0001792,PL024,IoT Solutions,18,05-10-2021,29-03-2023,Yes,Not Renewed
CN000964,C0001794,PL005,Prepaid Mobile,36,01-01-2014,16-12-2016,No,Renewed
CN000965,C0001795,PL007,Postpaid Mobile,12,10-02-2025,05-02-2026,Yes,Active
CN000966,C0001797,PL008,Postpaid Mobile,24,27-08-2022,16-08-2024,Yes,Active
CN000967,C0001799,PL007,Postpaid Mobile,18,22-10-2023,14-04-2025,Yes,Active
CN000968,C0001800,PL009,Postpaid Mobile,12,17-09-2024,12-09-2025,Yes,Not Renewed
CN000969,C0001803,PL005,Prepaid Mobile,24,15-05-2023,04-05-2025,No,Auto-Renewed
CN000970,C0001805,PL008,Postpaid Mobile,24,13-12-2025,03-12-2027,No,Pending
CN000971,C0001806,PL011,Postpaid Mobile,12,26-12-2018,21-12-2019,Yes,Active
CN000972,C0001811,PL011,Postpaid Mobile,24,01-01-2014,22-12-2015,Yes,Renewed
CN000973,C0001813,PL005,Prepaid Mobile,24,21-09-2014,10-09-2016,No,Renewed
CN000974,C0001814,PL007,Postpaid Mobile,12,28-05-2025,23-05-2026,Yes,Auto-Renewed
CN000975,C0001815,PL005,Prepaid Mobile,12,01-01-2014,27-12-2014,Yes,Auto-Renewed
CN000976,C0001819,PL008,Postpaid Mobile,24,25-06-2023,14-06-2025,Yes,Cancelled
CN000977,C0001821,PL009,Postpaid Mobile,18,19-03-2020,10-09-2021,No,Not Renewed
CN000978,C0001823,PL008,Postpaid Mobile,12,14-11-2023,08-11-2024,No,Auto-Renewed
CN000979,C0001824,PL007,Postpaid Mobile,24,22-01-2017,12-01-2019,No,Cancelled
CN000980,C0001825,PL017,Fiber Broadband,12,02-06-2020,28-05-2021,No,Active
CN000981,C0001826,PL017,Fiber Broadband,12,14-02-2014,09-02-2015,Yes,Active
CN000982,C0001827,PL017,Fiber Broadband,12,01-01-2014,27-12-2014,Yes,Pending
CN000983,C0001828,PL005,Prepaid Mobile,18,08-01-2015,01-07-2016,Yes,Renewed
CN000984,C0001829,PL021,Enterprise,24,01-01-2014,22-12-2015,Yes,Renewed
CN000985,C0001832,PL022,Enterprise,12,01-01-2014,27-12-2014,No,Active
CN000986,C0001835,PL007,Postpaid Mobile,12,18-10-2021,13-10-2022,No,Auto-Renewed
CN000987,C0001836,PL005,Prepaid Mobile,12,16-01-2015,11-01-2016,No,Renewed
CN000988,C0001837,PL005,Prepaid Mobile,24,01-01-2014,22-12-2015,Yes,Active
CN000989,C0001838,PL022,Enterprise,36,01-01-2014,16-12-2016,Yes,Renewed
CN000990,C0001842,PL006,Prepaid Mobile,24,17-01-2018,07-01-2020,Yes,Renewed
CN000991,C0001843,PL018,Fiber Broadband,24,01-01-2014,22-12-2015,No,Active
CN000992,C0001844,PL008,Postpaid Mobile,12,07-09-2018,02-09-2019,Yes,Pending
CN000993,C0001846,PL009,Postpaid Mobile,24,26-07-2020,16-07-2022,No,Renewed
CN000994,C0001847,PL005,Prepaid Mobile,24,27-03-2019,16-03-2021,No,Auto-Renewed
CN000995,C0001849,PL009,Postpaid Mobile,12,28-10-2017,23-10-2018,Yes,Renewed
CN000996,C0001851,PL022,Enterprise,36,22-11-2023,06-11-2026,No,Pending
CN000997,C0001852,PL025,Smart Home,12,29-02-2020,23-02-2021,No,Pending
CN000998,C0001853,PL021,Enterprise,24,03-12-2021,23-11-2023,Yes,Renewed
CN000999,C0001854,PL009,Postpaid Mobile,12,10-09-2014,05-09-2015,Yes,Not Renewed
CN001000,C0001855,PL009,Postpaid Mobile,12,28-01-2015,23-01-2016,Yes,Auto-Renewed
CN001001,C0001856,PL005,Prepaid Mobile,24,01-01-2014,22-12-2015,Yes,Pending
CN001002,C0001858,PL008,Postpaid Mobile,12,22-12-2018,17-12-2019,No,Auto-Renewed
CN001003,C0001859,PL005,Prepaid Mobile,36,01-01-2014,16-12-2016,No,Renewed
CN001004,C0001862,PL005,Prepaid Mobile,36,21-10-2014,05-10-2017,Yes,Renewed
CN001005,C0001865,PL006,Prepaid Mobile,24,01-01-2014,22-12-2015,Yes,Not Renewed
CN001006,C0001867,PL017,Fiber Broadband,12,19-11-2016,14-11-2017,No,Renewed
CN001007,C0001868,PL007,Postpaid Mobile,12,03-03-2018,26-02-2019,No,Not Renewed
CN001008,C0001872,PL016,Fiber Broadband,12,15-07-2015,09-07-2016,No,Active
CN001009,C0001873,PL010,Postpaid Mobile,12,24-04-2015,18-04-2016,No,Renewed
CN001010,C0001875,PL018,Fiber Broadband,36,01-02-2017,17-01-2020,No,Renewed
CN001011,C0001879,PL008,Postpaid Mobile,12,06-07-2014,01-07-2015,No,Renewed
CN001012,C0001881,PL017,Fiber Broadband,12,21-12-2014,16-12-2015,No,Pending
CN001013,C0001882,PL015,Fiber Broadband,12,01-01-2014,27-12-2014,No,Cancelled
CN001014,C0001884,PL017,Fiber Broadband,24,01-01-2014,22-12-2015,Yes,Renewed
CN001015,C0001885,PL018,Fiber Broadband,24,01-01-2014,22-12-2015,Yes,Renewed
CN001016,C0001886,PL006,Prepaid Mobile,12,02-02-2021,28-01-2022,Yes,Auto-Renewed
CN001017,C0001887,PL011,Postpaid Mobile,12,03-10-2019,27-09-2020,Yes,Active
CN001018,C0001889,PL022,Enterprise,12,13-08-2022,08-08-2023,Yes,Pending
CN001019,C0001890,PL010,Postpaid Mobile,12,23-10-2024,18-10-2025,Yes,Renewed
CN001020,C0001893,PL015,Fiber Broadband,24,22-04-2024,12-04-2026,No,Not Renewed
CN001021,C0001895,PL017,Fiber Broadband,18,01-01-2014,25-06-2015,Yes,Auto-Renewed
CN001022,C0001899,PL005,Prepaid Mobile,12,06-07-2017,01-07-2018,No,Renewed
CN001023,C0001900,PL007,Postpaid Mobile,24,23-04-2017,13-04-2019,No,Auto-Renewed
CN001024,C0001901,PL017,Fiber Broadband,12,01-01-2014,27-12-2014,Yes,Not Renewed
CN001025,C0001902,PL015,Fiber Broadband,24,01-01-2014,22-12-2015,Yes,Renewed
CN001026,C0001903,PL008,Postpaid Mobile,24,18-08-2021,08-08-2023,Yes,Renewed
CN001027,C0001905,PL005,Prepaid Mobile,36,26-05-2023,10-05-2026,No,Renewed
CN001028,C0001907,PL016,Fiber Broadband,36,16-09-2020,01-09-2023,No,Renewed
CN001029,C0001908,PL008,Postpaid Mobile,12,25-10-2019,19-10-2020,Yes,Cancelled
CN001030,C0001910,PL021,Enterprise,18,03-12-2018,26-05-2020,No,Renewed
CN001031,C0001911,PL009,Postpaid Mobile,12,26-12-2019,20-12-2020,No,Auto-Renewed
CN001032,C0001912,PL015,Fiber Broadband,18,01-01-2014,25-06-2015,Yes,Renewed
CN001033,C0001913,PL005,Prepaid Mobile,18,28-04-2016,20-10-2017,No,Cancelled
CN001034,C0001914,PL021,Enterprise,24,22-04-2020,12-04-2022,No,Pending
CN001035,C0001915,PL007,Postpaid Mobile,18,04-12-2021,28-05-2023,Yes,Not Renewed
CN001036,C0001916,PL007,Postpaid Mobile,12,10-09-2021,05-09-2022,Yes,Cancelled
CN001037,C0001918,PL022,Enterprise,36,01-01-2014,16-12-2016,Yes,Renewed
CN001038,C0001919,PL010,Postpaid Mobile,12,24-11-2019,18-11-2020,No,Auto-Renewed
CN001039,C0001920,PL016,Fiber Broadband,12,03-03-2014,26-02-2015,Yes,Renewed
CN001040,C0001922,PL005,Prepaid Mobile,12,14-01-2022,09-01-2023,No,Renewed
CN001041,C0001925,PL005,Prepaid Mobile,24,30-10-2019,19-10-2021,Yes,Pending
CN001042,C0001926,PL017,Fiber Broadband,24,01-01-2014,22-12-2015,No,Pending
CN001043,C0001928,PL008,Postpaid Mobile,18,17-05-2022,08-11-2023,No,Not Renewed
CN001044,C0001930,PL006,Prepaid Mobile,12,28-05-2018,23-05-2019,Yes,Active
CN001045,C0001931,PL008,Postpaid Mobile,12,03-05-2019,27-04-2020,No,Auto-Renewed
CN001046,C0001934,PL018,Fiber Broadband,12,01-01-2014,27-12-2014,No,Renewed
CN001047,C0001939,PL009,Postpaid Mobile,12,05-09-2019,30-08-2020,Yes,Auto-Renewed
CN001048,C0001940,PL005,Prepaid Mobile,18,28-02-2014,22-08-2015,Yes,Pending
CN001049,C0001942,PL009,Postpaid Mobile,12,02-09-2017,28-08-2018,Yes,Pending
CN001050,C0001943,PL010,Postpaid Mobile,12,07-08-2018,02-08-2019,No,Auto-Renewed
CN001051,C0001944,PL005,Prepaid Mobile,12,06-02-2014,01-02-2015,No,Pending
CN001052,C0001945,PL011,Postpaid Mobile,24,27-11-2014,16-11-2016,Yes,Active
CN001053,C0001946,PL007,Postpaid Mobile,18,28-02-2018,22-08-2019,Yes,Cancelled
CN001054,C0001948,PL009,Postpaid Mobile,12,05-10-2021,30-09-2022,No,Renewed
CN001055,C0001950,PL021,Enterprise,12,01-01-2014,27-12-2014,No,Active
CN001056,C0001953,PL005,Prepaid Mobile,24,03-11-2017,24-10-2019,No,Renewed
CN001057,C0001954,PL011,Postpaid Mobile,12,27-08-2022,22-08-2023,No,Active
CN001058,C0001955,PL009,Postpaid Mobile,24,12-12-2025,02-12-2027,Yes,Not Renewed
CN001059,C0001957,PL006,Prepaid Mobile,36,18-07-2023,02-07-2026,Yes,Not Renewed
CN001060,C0001958,PL009,Postpaid Mobile,12,29-03-2023,23-03-2024,No,Auto-Renewed
CN001061,C0001959,PL009,Postpaid Mobile,18,01-11-2014,24-04-2016,No,Auto-Renewed
CN001062,C0001960,PL015,Fiber Broadband,24,04-08-2021,25-07-2023,No,Cancelled
CN001063,C0001961,PL007,Postpaid Mobile,18,13-08-2017,04-02-2019,No,Auto-Renewed
CN001064,C0001962,PL008,Postpaid Mobile,24,19-07-2014,08-07-2016,Yes,Renewed
CN001065,C0001964,PL009,Postpaid Mobile,24,08-09-2025,29-08-2027,No,Active
CN001066,C0001965,PL017,Fiber Broadband,12,01-01-2014,27-12-2014,Yes,Renewed
CN001067,C0001966,PL016,Fiber Broadband,12,02-02-2025,28-01-2026,No,Renewed
CN001068,C0001970,PL016,Fiber Broadband,24,19-09-2020,09-09-2022,Yes,Pending
CN001069,C0001971,PL005,Prepaid Mobile,12,01-01-2014,27-12-2014,Yes,Auto-Renewed
CN001070,C0001972,PL007,Postpaid Mobile,12,03-10-2024,28-09-2025,Yes,Active
CN001071,C0001974,PL010,Postpaid Mobile,24,19-03-2023,08-03-2025,Yes,Active
CN001072,C0001977,PL021,Enterprise,12,01-01-2014,27-12-2014,Yes,Renewed
CN001073,C0001980,PL018,Fiber Broadband,24,01-01-2014,22-12-2015,Yes,Renewed
CN001074,C0001981,PL025,Smart Home,24,14-08-2025,04-08-2027,No,Auto-Renewed
CN001075,C0001982,PL006,Prepaid Mobile,18,08-10-2025,01-04-2027,Yes,Renewed
CN001076,C0001983,PL010,Postpaid Mobile,12,31-07-2025,26-07-2026,Yes,Active
CN001077,C0001984,PL011,Postpaid Mobile,12,26-02-2016,20-02-2017,No,Not Renewed
CN001078,C0001986,PL008,Postpaid Mobile,12,14-11-2016,09-11-2017,No,Pending
CN001079,C0001987,PL010,Postpaid Mobile,24,03-03-2020,21-02-2022,No,Not Renewed
CN001080,C0001988,PL005,Prepaid Mobile,12,13-08-2015,07-08-2016,No,Renewed
CN001081,C0001990,PL025,Smart Home,18,08-05-2018,30-10-2019,No,Renewed
CN001082,C0001992,PL007,Postpaid Mobile,12,08-02-2024,02-02-2025,Yes,Not Renewed
CN001083,C0001993,PL017,Fiber Broadband,12,01-01-2014,27-12-2014,Yes,Active
CN001084,C0001995,PL017,Fiber Broadband,12,19-11-2022,14-11-2023,Yes,Not Renewed
CN001085,C0001996,PL005,Prepaid Mobile,24,04-01-2020,24-12-2021,Yes,Not Renewed
CN001086,C0001998,PL016,Fiber Broadband,12,10-02-2014,05-02-2015,No,Not Renewed
CN001087,C0002000,PL005,Prepaid Mobile,24,13-10-2017,03-10-2019,No,Auto-Renewed
CN001088,C0002001,PL006,Prepaid Mobile,36,01-11-2017,16-10-2020,No,Renewed
CN001089,C0002004,PL011,Postpaid Mobile,24,01-01-2014,22-12-2015,Yes,Renewed
CN001090,C0002005,PL010,Postpaid Mobile,18,28-06-2020,20-12-2021,Yes,Renewed
CN001091,C0002009,PL005,Prepaid Mobile,24,01-01-2014,22-12-2015,Yes,Renewed
CN001092,C0002010,PL017,Fiber Broadband,12,01-01-2014,27-12-2014,Yes,Auto-Renewed
CN001093,C0002011,PL011,Postpaid Mobile,24,01-01-2014,22-12-2015,Yes,Renewed
CN001094,C0002012,PL005,Prepaid Mobile,24,23-04-2021,13-04-2023,No,Not Renewed
CN001095,C0002014,PL008,Postpaid Mobile,12,06-05-2022,01-05-2023,Yes,Renewed
CN001096,C0002016,PL009,Postpaid Mobile,12,30-03-2023,24-03-2024,No,Not Renewed
CN001097,C0002018,PL021,Enterprise,12,01-01-2014,27-12-2014,Yes,Pending
CN001098,C0002019,PL006,Prepaid Mobile,12,01-01-2014,27-12-2014,Yes,Auto-Renewed
CN001099,C0002020,PL008,Postpaid Mobile,12,16-05-2024,11-05-2025,Yes,Renewed
CN001100,C0002021,PL005,Prepaid Mobile,12,01-01-2014,27-12-2014,Yes,Renewed
CN001101,C0002022,PL024,IoT Solutions,12,10-07-2020,05-07-2021,Yes,Renewed
CN001102,C0002023,PL005,Prepaid Mobile,12,14-09-2025,09-09-2026,Yes,Cancelled
CN001103,C0002024,PL005,Prepaid Mobile,18,20-02-2019,13-08-2020,Yes,Renewed
CN001104,C0002025,PL006,Prepaid Mobile,12,26-08-2015,20-08-2016,Yes,Renewed
CN001105,C0002028,PL022,Enterprise,12,01-01-2014,27-12-2014,Yes,Active
CN001106,C0002032,PL005,Prepaid Mobile,12,12-06-2018,07-06-2019,Yes,Auto-Renewed
CN001107,C0002035,PL011,Postpaid Mobile,12,12-06-2022,07-06-2023,Yes,Pending
CN001108,C0002036,PL018,Fiber Broadband,12,28-04-2018,23-04-2019,No,Pending
CN001109,C0002040,PL007,Postpaid Mobile,12,16-08-2025,11-08-2026,No,Cancelled
CN001110,C0002041,PL009,Postpaid Mobile,24,03-04-2022,23-03-2024,No,Active
CN001111,C0002042,PL023,IoT Solutions,24,11-04-2024,01-04-2026,No,Not Renewed
CN001112,C0002043,PL010,Postpaid Mobile,12,16-06-2014,11-06-2015,Yes,Renewed
CN001113,C0002044,PL007,Postpaid Mobile,24,25-12-2023,14-12-2025,No,Auto-Renewed
CN001114,C0002046,PL006,Prepaid Mobile,12,03-12-2017,28-11-2018,No,Renewed
CN001115,C0002047,PL023,IoT Solutions,24,03-06-2024,24-05-2026,Yes,Pending
CN001116,C0002050,PL025,Smart Home,12,23-04-2024,18-04-2025,No,Not Renewed
CN001117,C0002052,PL006,Prepaid Mobile,12,21-11-2014,16-11-2015,Yes,Active
CN001118,C0002054,PL017,Fiber Broadband,24,22-04-2024,12-04-2026,No,Not Renewed
CN001119,C0002056,PL023,IoT Solutions,36,23-05-2023,07-05-2026,Yes,Not Renewed
CN001120,C0002058,PL005,Prepaid Mobile,12,23-06-2014,18-06-2015,No,Pending
CN001121,C0002059,PL005,Prepaid Mobile,18,11-02-2026,05-08-2027,Yes,Not Renewed
CN001122,C0002060,PL025,Smart Home,24,30-10-2024,20-10-2026,No,Renewed
CN001123,C0002061,PL009,Postpaid Mobile,18,16-11-2022,09-05-2024,No,Renewed
CN001124,C0002062,PL007,Postpaid Mobile,12,04-01-2020,29-12-2020,No,Pending
CN001125,C0002063,PL015,Fiber Broadband,12,03-11-2015,28-10-2016,No,Cancelled
CN001126,C0002066,PL016,Fiber Broadband,12,31-10-2020,26-10-2021,Yes,Renewed
CN001127,C0002068,PL006,Prepaid Mobile,12,06-05-2025,01-05-2026,Yes,Not Renewed
CN001128,C0002069,PL006,Prepaid Mobile,18,01-01-2014,25-06-2015,No,Active
CN001129,C0002071,PL023,IoT Solutions,24,21-12-2018,10-12-2020,Yes,Renewed
CN001130,C0002072,PL006,Prepaid Mobile,12,10-02-2025,05-02-2026,No,Active
CN001131,C0002077,PL018,Fiber Broadband,24,19-05-2025,09-05-2027,Yes,Cancelled
CN001132,C0002079,PL018,Fiber Broadband,36,28-08-2015,12-08-2018,Yes,Active
CN001133,C0002080,PL015,Fiber Broadband,12,31-10-2018,26-10-2019,Yes,Renewed
CN001134,C0002081,PL006,Prepaid Mobile,12,27-01-2014,22-01-2015,No,Renewed
CN001135,C0002084,PL009,Postpaid Mobile,18,11-09-2022,04-03-2024,Yes,Renewed
CN001136,C0002085,PL005,Prepaid Mobile,12,01-01-2014,27-12-2014,No,Not Renewed
CN001137,C0002086,PL024,IoT Solutions,24,23-01-2026,13-01-2028,No,Cancelled
CN001138,C0002089,PL007,Postpaid Mobile,18,29-01-2018,23-07-2019,No,Auto-Renewed
CN001139,C0002090,PL011,Postpaid Mobile,18,10-02-2017,04-08-2018,Yes,Renewed
CN001140,C0002092,PL009,Postpaid Mobile,12,28-09-2024,23-09-2025,No,Pending
CN001141,C0002095,PL017,Fiber Broadband,12,12-06-2021,07-06-2022,Yes,Renewed
CN001142,C0002096,PL016,Fiber Broadband,24,12-03-2023,01-03-2025,Yes,Renewed
CN001143,C0002097,PL016,Fiber Broadband,12,01-01-2014,27-12-2014,Yes,Auto-Renewed
CN001144,C0002098,PL009,Postpaid Mobile,12,22-12-2019,16-12-2020,Yes,Renewed
CN001145,C0002099,PL016,Fiber Broadband,12,01-01-2014,27-12-2014,No,Renewed
CN001146,C0002100,PL008,Postpaid Mobile,24,15-05-2021,05-05-2023,No,Auto-Renewed
CN001147,C0002101,PL009,Postpaid Mobile,12,30-06-2018,25-06-2019,No,Renewed
CN001148,C0002102,PL006,Prepaid Mobile,24,24-03-2025,14-03-2027,Yes,Not Renewed
CN001149,C0002106,PL011,Postpaid Mobile,36,01-01-2014,16-12-2016,No,Active
CN001150,C0002107,PL006,Prepaid Mobile,24,01-01-2014,22-12-2015,Yes,Renewed
CN001151,C0002108,PL021,Enterprise,12,01-01-2014,27-12-2014,No,Active
CN001152,C0002110,PL008,Postpaid Mobile,12,14-12-2025,09-12-2026,Yes,Active
CN001153,C0002114,PL007,Postpaid Mobile,12,17-03-2018,12-03-2019,Yes,Not Renewed
CN001154,C0002115,PL022,Enterprise,12,06-03-2018,01-03-2019,No,Renewed
CN001155,C0002118,PL015,Fiber Broadband,24,01-01-2014,22-12-2015,No,Auto-Renewed
CN001156,C0002119,PL018,Fiber Broadband,12,14-07-2019,08-07-2020,No,Auto-Renewed
CN001157,C0002120,PL005,Prepaid Mobile,12,11-06-2016,06-06-2017,No,Renewed
CN001158,C0002121,PL011,Postpaid Mobile,12,01-01-2014,27-12-2014,Yes,Renewed
CN001159,C0002122,PL021,Enterprise,12,01-01-2014,27-12-2014,No,Pending
CN001160,C0002123,PL007,Postpaid Mobile,18,26-02-2026,20-08-2027,No,Cancelled
CN001161,C0002124,PL021,Enterprise,12,01-01-2014,27-12-2014,Yes,Active
CN001162,C0002126,PL015,Fiber Broadband,24,03-04-2017,24-03-2019,Yes,Renewed
CN001163,C0002127,PL016,Fiber Broadband,18,01-01-2014,25-06-2015,Yes,Auto-Renewed
CN001164,C0002129,PL005,Prepaid Mobile,12,18-06-2025,13-06-2026,Yes,Pending
CN001165,C0002130,PL022,Enterprise,24,01-01-2014,22-12-2015,No,Renewed
CN001166,C0002132,PL010,Postpaid Mobile,18,29-09-2014,22-03-2016,No,Renewed
CN001167,C0002133,PL009,Postpaid Mobile,36,05-02-2019,20-01-2022,No,Auto-Renewed
CN001168,C0002134,PL023,IoT Solutions,24,01-10-2022,20-09-2024,No,Auto-Renewed
CN001169,C0002136,PL022,Enterprise,24,01-01-2014,22-12-2015,Yes,Pending
CN001170,C0002137,PL006,Prepaid Mobile,12,02-01-2020,27-12-2020,No,Renewed
CN001171,C0002140,PL016,Fiber Broadband,12,07-02-2019,02-02-2020,Yes,Renewed
CN001172,C0002141,PL023,IoT Solutions,12,06-09-2015,31-08-2016,No,Auto-Renewed
CN001173,C0002143,PL006,Prepaid Mobile,24,18-11-2016,08-11-2018,No,Auto-Renewed
CN001174,C0002144,PL023,IoT Solutions,12,16-10-2022,11-10-2023,Yes,Auto-Renewed
CN001175,C0002145,PL006,Prepaid Mobile,24,01-01-2014,22-12-2015,Yes,Renewed
CN001176,C0002148,PL011,Postpaid Mobile,24,31-07-2019,20-07-2021,No,Renewed
CN001177,C0002149,PL011,Postpaid Mobile,12,07-01-2023,02-01-2024,Yes,Active
CN001178,C0002151,PL006,Prepaid Mobile,24,16-10-2015,05-10-2017,Yes,Pending
CN001179,C0002152,PL011,Postpaid Mobile,24,01-01-2014,22-12-2015,Yes,Renewed
CN001180,C0002154,PL006,Prepaid Mobile,12,01-01-2014,27-12-2014,Yes,Pending
CN001181,C0002156,PL018,Fiber Broadband,12,11-02-2020,05-02-2021,No,Auto-Renewed
CN001182,C0002157,PL011,Postpaid Mobile,24,09-05-2020,29-04-2022,No,Renewed
CN001183,C0002158,PL024,IoT Solutions,36,14-06-2019,29-05-2022,No,Auto-Renewed
CN001184,C0002162,PL010,Postpaid Mobile,24,29-07-2025,19-07-2027,No,Renewed
CN001185,C0002163,PL022,Enterprise,12,01-01-2014,27-12-2014,Yes,Renewed
CN001186,C0002164,PL017,Fiber Broadband,12,19-02-2023,14-02-2024,No,Pending
CN001187,C0002166,PL008,Postpaid Mobile,24,24-05-2020,14-05-2022,Yes,Not Renewed
CN001188,C0002167,PL010,Postpaid Mobile,18,06-11-2014,29-04-2016,No,Renewed
CN001189,C0002168,PL021,Enterprise,18,01-01-2014,25-06-2015,Yes,Auto-Renewed
CN001190,C0002169,PL006,Prepaid Mobile,24,01-01-2014,22-12-2015,Yes,Pending
CN001191,C0002170,PL011,Postpaid Mobile,24,13-10-2023,02-10-2025,Yes,Renewed
CN001192,C0002171,PL015,Fiber Broadband,36,15-02-2018,30-01-2021,No,Cancelled
CN001193,C0002172,PL006,Prepaid Mobile,12,01-01-2014,27-12-2014,Yes,Renewed
CN001194,C0002173,PL011,Postpaid Mobile,36,28-11-2023,12-11-2026,Yes,Renewed
CN001195,C0002176,PL005,Prepaid Mobile,12,03-02-2024,28-01-2025,No,Renewed
CN001196,C0002177,PL008,Postpaid Mobile,24,06-10-2024,26-09-2026,Yes,Renewed
CN001197,C0002178,PL005,Prepaid Mobile,18,01-01-2014,25-06-2015,No,Active
CN001198,C0002179,PL005,Prepaid Mobile,24,05-03-2020,23-02-2022,Yes,Renewed
CN001199,C0002182,PL025,Smart Home,36,07-09-2020,23-08-2023,Yes,Renewed
CN001200,C0002183,PL005,Prepaid Mobile,12,01-01-2014,27-12-2014,No,Auto-Renewed
CN001201,C0002186,PL006,Prepaid Mobile,12,12-05-2024,07-05-2025,Yes,Pending
CN001202,C0002193,PL017,Fiber Broadband,12,15-08-2020,10-08-2021,No,Active
CN001203,C0002194,PL022,Enterprise,24,01-01-2014,22-12-2015,Yes,Renewed
CN001204,C0002195,PL006,Prepaid Mobile,12,03-03-2024,26-02-2025,Yes,Renewed
CN001205,C0002196,PL005,Prepaid Mobile,18,24-12-2020,17-06-2022,No,Renewed
CN001206,C0002197,PL005,Prepaid Mobile,18,01-01-2014,25-06-2015,No,Auto-Renewed
CN001207,C0002198,PL015,Fiber Broadband,24,01-02-2014,22-01-2016,Yes,Auto-Renewed
CN001208,C0002199,PL022,Enterprise,12,08-03-2016,03-03-2017,Yes,Renewed
CN001209,C0002200,PL015,Fiber Broadband,12,22-05-2014,17-05-2015,Yes,Renewed
CN001210,C0002204,PL008,Postpaid Mobile,12,04-12-2019,28-11-2020,Yes,Renewed
CN001211,C0002205,PL021,Enterprise,12,06-06-2014,01-06-2015,No,Active
CN001212,C0002206,PL007,Postpaid Mobile,12,21-08-2021,16-08-2022,Yes,Renewed
CN001213,C0002207,PL023,IoT Solutions,24,24-08-2015,13-08-2017,No,Cancelled
CN001214,C0002211,PL008,Postpaid Mobile,24,19-07-2015,08-07-2017,No,Auto-Renewed
CN001215,C0002212,PL005,Prepaid Mobile,24,01-01-2014,22-12-2015,No,Active
CN001216,C0002213,PL005,Prepaid Mobile,12,07-04-2019,01-04-2020,Yes,Not Renewed
CN001217,C0002214,PL009,Postpaid Mobile,24,31-05-2017,21-05-2019,No,Auto-Renewed
CN001218,C0002216,PL005,Prepaid Mobile,12,16-09-2018,11-09-2019,No,Pending
CN001219,C0002217,PL006,Prepaid Mobile,36,28-04-2020,13-04-2023,Yes,Renewed
CN001220,C0002219,PL023,IoT Solutions,36,02-07-2016,17-06-2019,Yes,Not Renewed
CN001221,C0002220,PL006,Prepaid Mobile,12,25-06-2020,20-06-2021,No,Active
CN001222,C0002223,PL011,Postpaid Mobile,24,01-01-2014,22-12-2015,Yes,Auto-Renewed
CN001223,C0002224,PL016,Fiber Broadband,12,02-06-2023,27-05-2024,No,Auto-Renewed
CN001224,C0002225,PL022,Enterprise,24,30-07-2021,20-07-2023,No,Renewed
CN001225,C0002230,PL005,Prepaid Mobile,12,30-09-2022,25-09-2023,Yes,Auto-Renewed
CN001226,C0002232,PL024,IoT Solutions,12,12-02-2018,07-02-2019,Yes,Renewed
CN001227,C0002237,PL016,Fiber Broadband,24,01-01-2014,22-12-2015,No,Active
CN001228,C0002238,PL007,Postpaid Mobile,12,28-04-2018,23-04-2019,No,Renewed
CN001229,C0002240,PL021,Enterprise,24,01-01-2014,22-12-2015,Yes,Active
CN001230,C0002241,PL006,Prepaid Mobile,18,01-01-2014,25-06-2015,No,Cancelled
CN001231,C0002242,PL016,Fiber Broadband,36,15-06-2015,30-05-2018,No,Renewed
CN001232,C0002243,PL017,Fiber Broadband,24,15-07-2023,04-07-2025,No,Auto-Renewed
CN001233,C0002245,PL018,Fiber Broadband,12,28-07-2019,22-07-2020,Yes,Auto-Renewed
CN001234,C0002246,PL009,Postpaid Mobile,36,20-10-2017,04-10-2020,Yes,Pending
CN001235,C0002248,PL008,Postpaid Mobile,12,14-09-2017,09-09-2018,No,Renewed
CN001236,C0002250,PL006,Prepaid Mobile,12,21-12-2016,16-12-2017,Yes,Auto-Renewed
CN001237,C0002252,PL009,Postpaid Mobile,18,17-10-2024,10-04-2026,No,Renewed
CN001238,C0002257,PL006,Prepaid Mobile,12,09-09-2015,03-09-2016,No,Active
CN001239,C0002258,PL015,Fiber Broadband,12,01-01-2014,27-12-2014,Yes,Renewed
CN001240,C0002259,PL023,IoT Solutions,24,22-11-2018,11-11-2020,Yes,Renewed
CN001241,C0002261,PL021,Enterprise,24,28-05-2025,18-05-2027,No,Pending
CN001242,C0002262,PL007,Postpaid Mobile,24,24-12-2015,13-12-2017,Yes,Pending
CN001243,C0002265,PL005,Prepaid Mobile,12,01-01-2014,27-12-2014,Yes,Auto-Renewed
CN001244,C0002266,PL006,Prepaid Mobile,12,02-01-2026,28-12-2026,Yes,Cancelled
CN001245,C0002267,PL008,Postpaid Mobile,12,28-03-2018,23-03-2019,Yes,Renewed
CN001246,C0002268,PL009,Postpaid Mobile,24,24-02-2025,14-02-2027,Yes,Not Renewed
CN001247,C0002270,PL006,Prepaid Mobile,24,01-01-2014,22-12-2015,Yes,Auto-Renewed
CN001248,C0002273,PL005,Prepaid Mobile,12,01-01-2014,27-12-2014,No,Renewed
CN001249,C0002275,PL006,Prepaid Mobile,12,01-01-2014,27-12-2014,No,Auto-Renewed
CN001250,C0002278,PL008,Postpaid Mobile,12,18-07-2018,13-07-2019,No,Auto-Renewed
CN001251,C0002279,PL025,Smart Home,24,30-07-2021,20-07-2023,Yes,Renewed
CN001252,C0002282,PL005,Prepaid Mobile,18,24-07-2014,15-01-2016,No,Auto-Renewed
CN001253,C0002283,PL009,Postpaid Mobile,18,02-11-2020,26-04-2022,Yes,Not Renewed
CN001254,C0002284,PL010,Postpaid Mobile,36,02-05-2015,16-04-2018,No,Renewed
CN001255,C0002287,PL010,Postpaid Mobile,12,02-07-2015,26-06-2016,No,Renewed
CN001256,C0002288,PL006,Prepaid Mobile,18,15-06-2020,07-12-2021,Yes,Pending
CN001257,C0002290,PL006,Prepaid Mobile,24,01-01-2014,22-12-2015,No,Renewed
CN001258,C0002291,PL005,Prepaid Mobile,12,13-12-2014,08-12-2015,No,Renewed
CN001259,C0002293,PL007,Postpaid Mobile,36,01-07-2019,15-06-2022,No,Pending
CN001260,C0002294,PL009,Postpaid Mobile,36,19-04-2016,04-04-2019,Yes,Renewed
CN001261,C0002301,PL011,Postpaid Mobile,12,30-11-2021,25-11-2022,Yes,Renewed
CN001262,C0002302,PL015,Fiber Broadband,12,10-02-2014,05-02-2015,Yes,Cancelled
CN001263,C0002304,PL011,Postpaid Mobile,24,29-11-2016,19-11-2018,Yes,Renewed
CN001264,C0002305,PL009,Postpaid Mobile,24,10-11-2023,30-10-2025,No,Not Renewed
CN001265,C0002306,PL005,Prepaid Mobile,24,12-10-2020,02-10-2022,Yes,Active
CN001266,C0002309,PL009,Postpaid Mobile,24,10-07-2015,29-06-2017,No,Auto-Renewed
CN001267,C0002315,PL025,Smart Home,24,21-02-2015,10-02-2017,Yes,Active
CN001268,C0002319,PL005,Prepaid Mobile,36,01-01-2014,16-12-2016,Yes,Not Renewed
CN001269,C0002321,PL011,Postpaid Mobile,12,30-11-2018,25-11-2019,Yes,Pending
CN001270,C0002323,PL006,Prepaid Mobile,18,01-01-2014,25-06-2015,Yes,Renewed
CN001271,C0002325,PL017,Fiber Broadband,12,06-07-2021,01-07-2022,No,Auto-Renewed
CN001272,C0002327,PL011,Postpaid Mobile,12,01-01-2014,27-12-2014,No,Renewed
CN001273,C0002329,PL005,Prepaid Mobile,24,01-01-2014,22-12-2015,Yes,Auto-Renewed
CN001274,C0002330,PL025,Smart Home,12,13-10-2021,08-10-2022,No,Auto-Renewed
CN001275,C0002332,PL016,Fiber Broadband,18,01-01-2014,25-06-2015,Yes,Renewed
CN001276,C0002333,PL022,Enterprise,12,21-05-2016,16-05-2017,No,Renewed
CN001277,C0002334,PL016,Fiber Broadband,18,01-01-2014,25-06-2015,Yes,Renewed
CN001278,C0002335,PL017,Fiber Broadband,12,01-01-2014,27-12-2014,No,Active
CN001279,C0002341,PL006,Prepaid Mobile,12,26-12-2015,20-12-2016,No,Pending
CN001280,C0002343,PL025,Smart Home,24,29-05-2016,19-05-2018,No,Renewed
CN001281,C0002345,PL007,Postpaid Mobile,12,08-07-2019,02-07-2020,No,Pending
CN001282,C0002346,PL007,Postpaid Mobile,36,29-11-2019,13-11-2022,No,Pending
CN001283,C0002348,PL011,Postpaid Mobile,24,01-01-2014,22-12-2015,No,Pending
CN001284,C0002352,PL022,Enterprise,12,27-10-2018,22-10-2019,No,Pending
CN001285,C0002353,PL008,Postpaid Mobile,24,19-01-2025,09-01-2027,Yes,Not Renewed
CN001286,C0002354,PL023,IoT Solutions,24,05-08-2016,26-07-2018,No,Renewed
CN001287,C0002358,PL025,Smart Home,24,06-04-2019,26-03-2021,No,Active
CN001288,C0002359,PL022,Enterprise,12,01-01-2014,27-12-2014,No,Pending
CN001289,C0002363,PL005,Prepaid Mobile,12,14-11-2024,09-11-2025,Yes,Auto-Renewed
CN001290,C0002369,PL022,Enterprise,18,01-01-2014,25-06-2015,Yes,Pending
CN001291,C0002370,PL016,Fiber Broadband,12,12-11-2018,07-11-2019,No,Renewed
CN001292,C0002372,PL018,Fiber Broadband,18,03-01-2025,27-06-2026,Yes,Not Renewed
CN001293,C0002376,PL017,Fiber Broadband,24,27-11-2021,17-11-2023,Yes,Renewed
CN001294,C0002379,PL015,Fiber Broadband,12,01-01-2014,27-12-2014,Yes,Renewed
CN001295,C0002380,PL005,Prepaid Mobile,18,11-11-2014,04-05-2016,Yes,Renewed
CN001296,C0002383,PL011,Postpaid Mobile,18,03-03-2016,25-08-2017,No,Auto-Renewed
CN001297,C0002384,PL010,Postpaid Mobile,36,17-02-2018,01-02-2021,No,Renewed
CN001298,C0002385,PL018,Fiber Broadband,18,22-12-2018,14-06-2020,Yes,Auto-Renewed
CN001299,C0002386,PL018,Fiber Broadband,12,31-12-2017,26-12-2018,Yes,Pending
CN001300,C0002387,PL005,Prepaid Mobile,24,06-03-2015,23-02-2017,Yes,Active
CN001301,C0002389,PL011,Postpaid Mobile,36,01-01-2014,16-12-2016,Yes,Active
CN001302,C0002391,PL016,Fiber Broadband,12,19-09-2014,14-09-2015,Yes,Pending
CN001303,C0002392,PL010,Postpaid Mobile,12,25-10-2014,20-10-2015,Yes,Pending
CN001304,C0002395,PL018,Fiber Broadband,12,03-07-2021,28-06-2022,Yes,Renewed
CN001305,C0002397,PL006,Prepaid Mobile,36,29-05-2020,14-05-2023,No,Renewed
CN001306,C0002400,PL017,Fiber Broadband,12,14-11-2019,08-11-2020,Yes,Renewed
CN001307,C0002402,PL005,Prepaid Mobile,18,01-01-2014,25-06-2015,No,Pending
CN001308,C0002403,PL018,Fiber Broadband,24,14-05-2015,03-05-2017,No,Auto-Renewed
CN001309,C0002405,PL024,IoT Solutions,36,02-12-2019,16-11-2022,Yes,Not Renewed
CN001310,C0002407,PL015,Fiber Broadband,24,01-01-2014,22-12-2015,Yes,Pending
CN001311,C0002409,PL009,Postpaid Mobile,18,03-01-2016,26-06-2017,Yes,Active
CN001312,C0002410,PL007,Postpaid Mobile,24,18-10-2018,07-10-2020,Yes,Active
CN001313,C0002412,PL006,Prepaid Mobile,12,01-01-2014,27-12-2014,Yes,Renewed
CN001314,C0002413,PL008,Postpaid Mobile,24,06-05-2015,25-04-2017,No,Auto-Renewed
CN001315,C0002414,PL006,Prepaid Mobile,24,01-01-2014,22-12-2015,Yes,Auto-Renewed
CN001316,C0002418,PL018,Fiber Broadband,12,01-01-2014,27-12-2014,Yes,Renewed
CN001317,C0002423,PL007,Postpaid Mobile,12,16-03-2022,11-03-2023,Yes,Not Renewed
CN001318,C0002424,PL006,Prepaid Mobile,24,01-01-2014,22-12-2015,Yes,Not Renewed
CN001319,C0002425,PL011,Postpaid Mobile,36,11-03-2018,23-02-2021,No,Pending
CN001320,C0002426,PL015,Fiber Broadband,36,26-09-2016,11-09-2019,Yes,Active
CN001321,C0002427,PL017,Fiber Broadband,36,01-01-2014,16-12-2016,Yes,Renewed
CN001322,C0002428,PL016,Fiber Broadband,12,21-02-2018,16-02-2019,No,Active
CN001323,C0002431,PL005,Prepaid Mobile,12,22-01-2014,17-01-2015,No,Renewed
CN001324,C0002433,PL021,Enterprise,12,17-07-2024,12-07-2025,Yes,Auto-Renewed
CN001325,C0002435,PL007,Postpaid Mobile,18,16-02-2015,09-08-2016,Yes,Renewed
CN001326,C0002437,PL005,Prepaid Mobile,24,01-01-2014,22-12-2015,Yes,Auto-Renewed
CN001327,C0002438,PL021,Enterprise,12,10-04-2015,04-04-2016,No,Pending
CN001328,C0002440,PL011,Postpaid Mobile,12,06-03-2015,29-02-2016,Yes,Auto-Renewed
CN001329,C0002443,PL005,Prepaid Mobile,12,01-01-2014,27-12-2014,Yes,Auto-Renewed
CN001330,C0002446,PL022,Enterprise,12,14-10-2019,08-10-2020,No,Auto-Renewed
CN001331,C0002448,PL005,Prepaid Mobile,12,29-08-2023,23-08-2024,No,Not Renewed
CN001332,C0002450,PL024,IoT Solutions,24,08-08-2016,29-07-2018,No,Renewed
CN001333,C0002452,PL005,Prepaid Mobile,12,01-01-2014,27-12-2014,No,Renewed
CN001334,C0002454,PL022,Enterprise,12,01-01-2014,27-12-2014,No,Auto-Renewed
CN001335,C0002455,PL006,Prepaid Mobile,36,09-04-2021,24-03-2024,Yes,Not Renewed
CN001336,C0002456,PL006,Prepaid Mobile,12,07-10-2014,02-10-2015,Yes,Renewed
CN001337,C0002457,PL015,Fiber Broadband,24,01-01-2014,22-12-2015,No,Renewed
CN001338,C0002458,PL006,Prepaid Mobile,12,22-11-2015,16-11-2016,Yes,Renewed
CN001339,C0002460,PL008,Postpaid Mobile,12,20-03-2015,14-03-2016,Yes,Renewed
CN001340,C0002461,PL025,Smart Home,12,22-08-2015,16-08-2016,Yes,Active
CN001341,C0002463,PL010,Postpaid Mobile,24,22-06-2015,11-06-2017,No,Cancelled
CN001342,C0002464,PL015,Fiber Broadband,18,01-01-2014,25-06-2015,No,Active
CN001343,C0002469,PL017,Fiber Broadband,12,01-01-2014,27-12-2014,No,Renewed
CN001344,C0002471,PL005,Prepaid Mobile,36,01-04-2019,16-03-2022,No,Active
CN001345,C0002474,PL024,IoT Solutions,12,25-11-2019,19-11-2020,Yes,Auto-Renewed
CN001346,C0002475,PL011,Postpaid Mobile,12,09-07-2018,04-07-2019,Yes,Active
CN001347,C0002478,PL009,Postpaid Mobile,18,24-05-2022,15-11-2023,No,Pending
CN001348,C0002479,PL009,Postpaid Mobile,12,09-02-2017,04-02-2018,Yes,Pending
CN001349,C0002480,PL005,Prepaid Mobile,12,01-01-2014,27-12-2014,Yes,Auto-Renewed
CN001350,C0002481,PL018,Fiber Broadband,24,01-01-2014,22-12-2015,Yes,Active
CN001351,C0002482,PL009,Postpaid Mobile,12,07-11-2016,02-11-2017,Yes,Auto-Renewed
CN001352,C0002483,PL005,Prepaid Mobile,12,01-01-2014,27-12-2014,No,Pending
CN001353,C0002485,PL005,Prepaid Mobile,18,01-01-2014,25-06-2015,Yes,Not Renewed
CN001354,C0002488,PL018,Fiber Broadband,18,16-05-2015,06-11-2016,No,Renewed
CN001355,C0002490,PL022,Enterprise,18,24-09-2017,18-03-2019,No,Auto-Renewed
CN001356,C0002493,PL009,Postpaid Mobile,12,05-07-2014,30-06-2015,No,Auto-Renewed
CN001357,C0002494,PL010,Postpaid Mobile,12,18-01-2014,13-01-2015,No,Auto-Renewed
CN001358,C0002495,PL009,Postpaid Mobile,36,15-04-2021,30-03-2024,Yes,Renewed
CN001359,C0002496,PL006,Prepaid Mobile,12,24-01-2021,19-01-2022,No,Renewed
CN001360,C0002498,PL017,Fiber Broadband,12,25-01-2024,19-01-2025,No,Auto-Renewed
CN001361,C0002499,PL009,Postpaid Mobile,24,19-03-2024,09-03-2026,Yes,Renewed
CN001362,C0002500,PL006,Prepaid Mobile,24,01-01-2014,22-12-2015,Yes,Pending
CN001363,C0002501,PL006,Prepaid Mobile,12,01-01-2014,27-12-2014,No,Renewed
CN001364,C0002502,PL007,Postpaid Mobile,12,06-09-2016,01-09-2017,No,Pending
CN001365,C0002504,PL006,Prepaid Mobile,18,04-06-2025,26-11-2026,No,Auto-Renewed
CN001366,C0002505,PL017,Fiber Broadband,12,23-06-2018,18-06-2019,No,Active
CN001367,C0002507,PL006,Prepaid Mobile,24,15-10-2020,05-10-2022,No,Active
CN001368,C0002509,PL008,Postpaid Mobile,12,28-09-2014,23-09-2015,No,Renewed
CN001369,C0002510,PL011,Postpaid Mobile,36,04-09-2022,19-08-2025,No,Pending
CN001370,C0002511,PL005,Prepaid Mobile,12,01-01-2014,27-12-2014,Yes,Auto-Renewed
CN001371,C0002516,PL006,Prepaid Mobile,12,01-01-2014,27-12-2014,Yes,Not Renewed
CN001372,C0002517,PL005,Prepaid Mobile,12,15-09-2016,10-09-2017,Yes,Active
CN001373,C0002518,PL016,Fiber Broadband,12,01-01-2014,27-12-2014,No,Active
CN001374,C0002523,PL009,Postpaid Mobile,12,29-04-2020,24-04-2021,Yes,Pending
CN001375,C0002524,PL010,Postpaid Mobile,36,28-05-2019,12-05-2022,No,Auto-Renewed
CN001376,C0002525,PL005,Prepaid Mobile,12,01-01-2014,27-12-2014,Yes,Renewed
CN001377,C0002526,PL006,Prepaid Mobile,12,12-01-2024,06-01-2025,Yes,Renewed
CN001378,C0002527,PL010,Postpaid Mobile,12,21-04-2024,16-04-2025,Yes,Auto-Renewed
CN001379,C0002528,PL015,Fiber Broadband,12,17-05-2014,12-05-2015,No,Renewed
CN001380,C0002529,PL009,Postpaid Mobile,24,25-02-2025,15-02-2027,Yes,Renewed
CN001381,C0002530,PL018,Fiber Broadband,12,01-01-2014,27-12-2014,No,Renewed
CN001382,C0002532,PL023,IoT Solutions,24,09-08-2016,30-07-2018,No,Pending
CN001383,C0002533,PL010,Postpaid Mobile,36,12-04-2014,27-03-2017,No,Auto-Renewed
CN001384,C0002534,PL008,Postpaid Mobile,12,26-11-2014,21-11-2015,No,Auto-Renewed
CN001385,C0002535,PL006,Prepaid Mobile,36,01-01-2014,16-12-2016,Yes,Auto-Renewed
CN001386,C0002536,PL017,Fiber Broadband,24,18-04-2024,08-04-2026,No,Renewed
CN001387,C0002538,PL018,Fiber Broadband,18,01-01-2014,25-06-2015,No,Pending
CN001388,C0002539,PL008,Postpaid Mobile,12,19-10-2023,13-10-2024,No,Cancelled
CN001389,C0002540,PL018,Fiber Broadband,24,04-03-2023,21-02-2025,No,Cancelled
CN001390,C0002541,PL005,Prepaid Mobile,12,19-03-2021,14-03-2022,Yes,Active
CN001391,C0002542,PL005,Prepaid Mobile,12,01-01-2014,27-12-2014,Yes,Pending
CN001392,C0002543,PL021,Enterprise,18,25-11-2020,19-05-2022,No,Renewed
CN001393,C0002546,PL023,IoT Solutions,24,24-09-2020,14-09-2022,No,Renewed
CN001394,C0002550,PL022,Enterprise,24,03-01-2022,24-12-2023,No,Pending
CN001395,C0002551,PL018,Fiber Broadband,12,14-07-2025,09-07-2026,Yes,Active
CN001396,C0002552,PL005,Prepaid Mobile,24,01-01-2014,22-12-2015,No,Auto-Renewed
CN001397,C0002553,PL018,Fiber Broadband,12,01-01-2014,27-12-2014,No,Auto-Renewed
CN001398,C0002554,PL017,Fiber Broadband,24,01-01-2014,22-12-2015,No,Renewed
CN001399,C0002555,PL009,Postpaid Mobile,24,27-12-2025,17-12-2027,Yes,Renewed
CN001400,C0002557,PL023,IoT Solutions,18,01-06-2025,23-11-2026,No,Auto-Renewed
CN001401,C0002560,PL010,Postpaid Mobile,12,03-11-2025,29-10-2026,No,Renewed
CN001402,C0002561,PL005,Prepaid Mobile,36,09-01-2026,24-12-2028,No,Renewed
CN001403,C0002562,PL005,Prepaid Mobile,12,01-01-2014,27-12-2014,No,Pending
CN001404,C0002565,PL005,Prepaid Mobile,36,01-04-2015,16-03-2018,Yes,Renewed
CN001405,C0002568,PL005,Prepaid Mobile,12,01-01-2014,27-12-2014,Yes,Renewed
CN001406,C0002569,PL010,Postpaid Mobile,36,04-01-2023,19-12-2025,Yes,Active
CN001407,C0002573,PL018,Fiber Broadband,12,25-03-2019,19-03-2020,No,Auto-Renewed
CN001408,C0002574,PL005,Prepaid Mobile,24,01-01-2014,22-12-2015,Yes,Renewed
CN001409,C0002576,PL005,Prepaid Mobile,18,05-02-2020,29-07-2021,No,Auto-Renewed
CN001410,C0002579,PL005,Prepaid Mobile,18,26-06-2014,18-12-2015,Yes,Cancelled
CN001411,C0002580,PL007,Postpaid Mobile,36,23-04-2021,07-04-2024,Yes,Pending
CN001412,C0002581,PL024,IoT Solutions,12,16-01-2016,10-01-2017,Yes,Pending
CN001413,C0002582,PL005,Prepaid Mobile,12,30-11-2024,25-11-2025,No,Not Renewed
CN001414,C0002583,PL006,Prepaid Mobile,24,01-01-2014,22-12-2015,Yes,Renewed
CN001415,C0002584,PL011,Postpaid Mobile,12,01-01-2014,27-12-2014,Yes,Renewed
CN001416,C0002585,PL005,Prepaid Mobile,24,01-01-2014,22-12-2015,No,Active
CN001417,C0002588,PL005,Prepaid Mobile,18,05-08-2014,27-01-2016,Yes,Active
CN001418,C0002590,PL005,Prepaid Mobile,12,01-01-2014,27-12-2014,Yes,Pending
CN001419,C0002592,PL008,Postpaid Mobile,12,31-12-2023,25-12-2024,Yes,Auto-Renewed
CN001420,C0002593,PL008,Postpaid Mobile,12,21-03-2024,16-03-2025,Yes,Pending
CN001421,C0002595,PL006,Prepaid Mobile,24,22-06-2017,12-06-2019,Yes,Cancelled
CN001422,C0002599,PL010,Postpaid Mobile,24,06-05-2017,26-04-2019,Yes,Active
CN001423,C0002600,PL022,Enterprise,18,08-10-2019,31-03-2021,Yes,Renewed
CN001424,C0002601,PL011,Postpaid Mobile,24,14-07-2016,04-07-2018,No,Renewed
CN001425,C0002604,PL024,IoT Solutions,12,31-10-2021,26-10-2022,Yes,Auto-Renewed
CN001426,C0002605,PL008,Postpaid Mobile,24,03-07-2018,22-06-2020,No,Auto-Renewed
CN001427,C0002606,PL006,Prepaid Mobile,24,04-04-2020,25-03-2022,Yes,Renewed
CN001428,C0002607,PL007,Postpaid Mobile,36,23-04-2018,07-04-2021,Yes,Renewed
CN001429,C0002608,PL005,Prepaid Mobile,12,01-01-2014,27-12-2014,No,Renewed
CN001430,C0002609,PL016,Fiber Broadband,12,06-04-2018,01-04-2019,No,Not Renewed
CN001431,C0002610,PL005,Prepaid Mobile,24,20-07-2014,09-07-2016,No,Active
CN001432,C0002611,PL022,Enterprise,12,01-01-2014,27-12-2014,No,Renewed
CN001433,C0002612,PL022,Enterprise,36,27-02-2023,11-02-2026,Yes,Auto-Renewed
CN001434,C0002613,PL006,Prepaid Mobile,24,01-01-2014,22-12-2015,Yes,Auto-Renewed
CN001435,C0002614,PL007,Postpaid Mobile,24,24-07-2021,14-07-2023,No,Auto-Renewed
CN001436,C0002615,PL008,Postpaid Mobile,24,08-01-2018,29-12-2019,Yes,Not Renewed
CN001437,C0002616,PL006,Prepaid Mobile,36,24-11-2015,08-11-2018,Yes,Active
CN001438,C0002618,PL005,Prepaid Mobile,24,01-01-2014,22-12-2015,Yes,Renewed
CN001439,C0002619,PL017,Fiber Broadband,12,01-01-2014,27-12-2014,No,Active
CN001440,C0002620,PL009,Postpaid Mobile,18,03-11-2018,26-04-2020,Yes,Auto-Renewed
CN001441,C0002621,PL018,Fiber Broadband,12,01-01-2014,27-12-2014,Yes,Auto-Renewed
CN001442,C0002622,PL015,Fiber Broadband,12,01-01-2014,27-12-2014,No,Active
CN001443,C0002623,PL017,Fiber Broadband,12,01-01-2014,27-12-2014,No,Active
CN001444,C0002627,PL009,Postpaid Mobile,24,02-01-2024,22-12-2025,No,Active
CN001445,C0002628,PL007,Postpaid Mobile,24,27-10-2020,17-10-2022,No,Renewed
CN001446,C0002629,PL007,Postpaid Mobile,12,31-12-2014,26-12-2015,Yes,Not Renewed
CN001447,C0002632,PL009,Postpaid Mobile,12,19-06-2022,14-06-2023,Yes,Active
CN001448,C0002634,PL009,Postpaid Mobile,12,15-11-2015,09-11-2016,Yes,Renewed
CN001449,C0002637,PL022,Enterprise,18,20-02-2017,14-08-2018,No,Renewed
CN001450,C0002638,PL011,Postpaid Mobile,12,24-12-2015,18-12-2016,Yes,Renewed
CN001451,C0002647,PL006,Prepaid Mobile,12,01-11-2017,27-10-2018,Yes,Active
CN001452,C0002650,PL010,Postpaid Mobile,24,01-02-2017,22-01-2019,Yes,Auto-Renewed
CN001453,C0002652,PL006,Prepaid Mobile,24,01-01-2014,22-12-2015,Yes,Active
CN001454,C0002653,PL006,Prepaid Mobile,18,14-03-2021,05-09-2022,No,Renewed
CN001455,C0002654,PL010,Postpaid Mobile,36,03-02-2016,18-01-2019,Yes,Renewed
CN001456,C0002656,PL006,Prepaid Mobile,12,05-06-2021,31-05-2022,No,Auto-Renewed
CN001457,C0002658,PL005,Prepaid Mobile,12,01-01-2014,27-12-2014,Yes,Renewed
CN001458,C0002659,PL017,Fiber Broadband,24,25-05-2017,15-05-2019,Yes,Renewed
CN001459,C0002662,PL009,Postpaid Mobile,24,14-07-2017,04-07-2019,No,Active
CN001460,C0002663,PL008,Postpaid Mobile,24,27-01-2021,17-01-2023,No,Auto-Renewed
CN001461,C0002664,PL008,Postpaid Mobile,24,25-01-2019,14-01-2021,Yes,Not Renewed
CN001462,C0002665,PL016,Fiber Broadband,18,01-01-2014,25-06-2015,No,Auto-Renewed
CN001463,C0002670,PL005,Prepaid Mobile,12,01-01-2014,27-12-2014,Yes,Pending
CN001464,C0002673,PL009,Postpaid Mobile,24,11-03-2023,28-02-2025,Yes,Not Renewed
CN001465,C0002675,PL021,Enterprise,12,01-01-2014,27-12-2014,Yes,Renewed
CN001466,C0002676,PL005,Prepaid Mobile,12,24-10-2017,19-10-2018,Yes,Auto-Renewed
CN001467,C0002680,PL018,Fiber Broadband,12,27-01-2018,22-01-2019,Yes,Renewed
CN001468,C0002681,PL022,Enterprise,18,31-07-2019,21-01-2021,No,Renewed
CN001469,C0002683,PL007,Postpaid Mobile,12,05-12-2022,30-11-2023,No,Pending
CN001470,C0002686,PL005,Prepaid Mobile,12,09-10-2016,04-10-2017,No,Renewed
CN001471,C0002688,PL017,Fiber Broadband,24,01-01-2014,22-12-2015,Yes,Renewed
CN001472,C0002691,PL018,Fiber Broadband,24,01-01-2014,22-12-2015,Yes,Renewed
CN001473,C0002692,PL017,Fiber Broadband,12,01-01-2014,27-12-2014,Yes,Pending
CN001474,C0002693,PL006,Prepaid Mobile,12,01-01-2014,27-12-2014,No,Active
CN001475,C0002694,PL023,IoT Solutions,12,02-12-2017,27-11-2018,No,Pending
CN001476,C0002695,PL022,Enterprise,24,22-09-2024,12-09-2026,Yes,Active
CN001477,C0002696,PL011,Postpaid Mobile,12,15-04-2024,10-04-2025,No,Active
CN001478,C0002697,PL016,Fiber Broadband,24,20-07-2024,10-07-2026,Yes,Renewed
CN001479,C0002701,PL011,Postpaid Mobile,12,01-01-2014,27-12-2014,Yes,Active
CN001480,C0002703,PL015,Fiber Broadband,36,16-04-2016,01-04-2019,Yes,Not Renewed
CN001481,C0002705,PL009,Postpaid Mobile,12,22-09-2015,16-09-2016,No,Active
CN001482,C0002708,PL010,Postpaid Mobile,36,01-11-2020,17-10-2023,No,Active
CN001483,C0002710,PL023,IoT Solutions,12,17-04-2024,12-04-2025,No,Not Renewed
CN001484,C0002711,PL010,Postpaid Mobile,24,03-02-2016,23-01-2018,No,Renewed
CN001485,C0002713,PL016,Fiber Broadband,12,27-08-2023,21-08-2024,Yes,Cancelled
CN001486,C0002716,PL010,Postpaid Mobile,24,04-08-2020,25-07-2022,Yes,Active
CN001487,C0002719,PL005,Prepaid Mobile,12,31-10-2015,25-10-2016,Yes,Renewed
CN001488,C0002720,PL005,Prepaid Mobile,12,25-11-2025,20-11-2026,No,Cancelled
CN001489,C0002721,PL025,Smart Home,24,23-12-2021,13-12-2023,No,Active
CN001490,C0002722,PL007,Postpaid Mobile,12,19-10-2025,14-10-2026,No,Cancelled
CN001491,C0002723,PL010,Postpaid Mobile,12,28-11-2015,22-11-2016,Yes,Active
CN001492,C0002724,PL011,Postpaid Mobile,12,04-05-2025,29-04-2026,No,Active
CN001493,C0002725,PL005,Prepaid Mobile,12,12-07-2024,07-07-2025,Yes,Pending
CN001494,C0002727,PL017,Fiber Broadband,12,09-07-2019,03-07-2020,No,Renewed
CN001495,C0002729,PL006,Prepaid Mobile,24,08-10-2017,28-09-2019,Yes,Active
CN001496,C0002733,PL025,Smart Home,24,27-10-2018,16-10-2020,Yes,Auto-Renewed
CN001497,C0002734,PL016,Fiber Broadband,12,02-08-2017,28-07-2018,No,Auto-Renewed
CN001498,C0002736,PL005,Prepaid Mobile,12,27-01-2025,22-01-2026,Yes,Renewed
CN001499,C0002737,PL006,Prepaid Mobile,18,01-01-2014,25-06-2015,No,Renewed
CN001500,C0002739,PL016,Fiber Broadband,12,01-01-2014,27-12-2014,Yes,Renewed
CN001501,C0002740,PL011,Postpaid Mobile,18,01-01-2020,24-06-2021,No,Auto-Renewed
CN001502,C0002749,PL015,Fiber Broadband,12,16-01-2017,11-01-2018,No,Renewed
CN001503,C0002753,PL011,Postpaid Mobile,12,29-08-2025,24-08-2026,Yes,Auto-Renewed
CN001504,C0002755,PL005,Prepaid Mobile,12,16-10-2025,11-10-2026,No,Auto-Renewed
CN001505,C0002757,PL018,Fiber Broadband,12,13-08-2014,08-08-2015,No,Renewed
CN001506,C0002759,PL016,Fiber Broadband,24,01-01-2014,22-12-2015,No,Auto-Renewed
CN001507,C0002760,PL024,IoT Solutions,36,12-09-2024,28-08-2027,Yes,Renewed
CN001508,C0002761,PL005,Prepaid Mobile,12,01-01-2014,27-12-2014,Yes,Pending
CN001509,C0002762,PL005,Prepaid Mobile,12,01-01-2014,27-12-2014,No,Active
CN001510,C0002763,PL023,IoT Solutions,24,25-04-2022,14-04-2024,Yes,Renewed
CN001511,C0002764,PL023,IoT Solutions,18,05-07-2021,27-12-2022,No,Not Renewed
CN001512,C0002765,PL008,Postpaid Mobile,12,21-02-2021,16-02-2022,Yes,Active
CN001513,C0002766,PL021,Enterprise,24,21-03-2021,11-03-2023,No,Renewed
CN001514,C0002767,PL005,Prepaid Mobile,24,08-02-2025,29-01-2027,Yes,Active
CN001515,C0002772,PL008,Postpaid Mobile,12,19-06-2024,14-06-2025,No,Pending
CN001516,C0002774,PL005,Prepaid Mobile,18,12-01-2022,06-07-2023,Yes,Pending
CN001517,C0002775,PL006,Prepaid Mobile,12,06-04-2014,01-04-2015,No,Pending
CN001518,C0002779,PL010,Postpaid Mobile,24,13-04-2017,03-04-2019,No,Active
CN001519,C0002780,PL009,Postpaid Mobile,12,05-01-2026,31-12-2026,Yes,Active
CN001520,C0002781,PL011,Postpaid Mobile,12,20-11-2025,15-11-2026,Yes,Auto-Renewed
CN001521,C0002783,PL021,Enterprise,12,01-01-2014,27-12-2014,Yes,Pending
CN001522,C0002788,PL015,Fiber Broadband,12,31-08-2022,26-08-2023,No,Active
CN001523,C0002790,PL018,Fiber Broadband,36,23-06-2022,07-06-2025,Yes,Active
CN001524,C0002791,PL017,Fiber Broadband,12,26-02-2018,21-02-2019,Yes,Renewed
CN001525,C0002792,PL018,Fiber Broadband,12,15-07-2015,09-07-2016,Yes,Renewed
CN001526,C0002799,PL011,Postpaid Mobile,36,19-04-2020,04-04-2023,No,Renewed
CN001527,C0002800,PL010,Postpaid Mobile,36,16-11-2018,31-10-2021,Yes,Not Renewed
CN001528,C0002802,PL016,Fiber Broadband,12,13-09-2017,08-09-2018,No,Not Renewed
CN001529,C0002806,PL009,Postpaid Mobile,36,14-09-2014,29-08-2017,No,Renewed
CN001530,C0002807,PL005,Prepaid Mobile,12,24-02-2024,18-02-2025,Yes,Auto-Renewed
CN001531,C0002809,PL022,Enterprise,24,01-01-2014,22-12-2015,No,Auto-Renewed
CN001532,C0002814,PL009,Postpaid Mobile,24,28-09-2018,17-09-2020,Yes,Renewed
CN001533,C0002815,PL007,Postpaid Mobile,18,17-06-2015,08-12-2016,No,Renewed
CN001534,C0002816,PL006,Prepaid Mobile,12,28-04-2024,23-04-2025,No,Active
CN001535,C0002817,PL011,Postpaid Mobile,18,30-04-2016,22-10-2017,Yes,Renewed
CN001536,C0002824,PL025,Smart Home,12,16-12-2017,11-12-2018,No,Auto-Renewed
CN001537,C0002826,PL006,Prepaid Mobile,12,01-01-2014,27-12-2014,No,Active
CN001538,C0002827,PL023,IoT Solutions,12,10-07-2023,04-07-2024,No,Renewed
CN001539,C0002829,PL015,Fiber Broadband,12,16-04-2016,11-04-2017,Yes,Renewed
CN001540,C0002832,PL016,Fiber Broadband,24,01-01-2014,22-12-2015,No,Pending
CN001541,C0002833,PL007,Postpaid Mobile,12,28-03-2025,23-03-2026,No,Active
CN001542,C0002836,PL010,Postpaid Mobile,18,20-01-2022,14-07-2023,No,Not Renewed
CN001543,C0002838,PL023,IoT Solutions,12,04-07-2020,29-06-2021,No,Not Renewed
CN001544,C0002839,PL007,Postpaid Mobile,36,26-01-2015,10-01-2018,Yes,Renewed
CN001545,C0002840,PL024,IoT Solutions,18,20-12-2025,13-06-2027,No,Pending
CN001546,C0002841,PL022,Enterprise,12,03-10-2023,27-09-2024,No,Not Renewed
CN001547,C0002842,PL005,Prepaid Mobile,24,09-12-2025,29-11-2027,Yes,Auto-Renewed
CN001548,C0002844,PL008,Postpaid Mobile,12,06-02-2023,01-02-2024,No,Auto-Renewed
CN001549,C0002845,PL005,Prepaid Mobile,18,20-01-2024,13-07-2025,Yes,Not Renewed
CN001550,C0002846,PL009,Postpaid Mobile,12,04-11-2015,29-10-2016,Yes,Renewed
CN001551,C0002847,PL005,Prepaid Mobile,36,19-05-2024,04-05-2027,Yes,Renewed
CN001552,C0002849,PL007,Postpaid Mobile,12,18-12-2023,12-12-2024,No,Renewed
CN001553,C0002850,PL016,Fiber Broadband,24,15-08-2017,05-08-2019,No,Active
CN001554,C0002851,PL008,Postpaid Mobile,12,10-12-2019,04-12-2020,No,Pending
CN001555,C0002855,PL011,Postpaid Mobile,24,17-05-2021,07-05-2023,Yes,Auto-Renewed
CN001556,C0002856,PL023,IoT Solutions,18,03-11-2021,27-04-2023,Yes,Renewed
CN001557,C0002857,PL005,Prepaid Mobile,12,01-01-2014,27-12-2014,No,Active
CN001558,C0002859,PL017,Fiber Broadband,18,06-12-2019,29-05-2021,No,Active
CN001559,C0002860,PL008,Postpaid Mobile,12,24-09-2018,19-09-2019,Yes,Active
CN001560,C0002862,PL011,Postpaid Mobile,12,01-01-2014,27-12-2014,No,Auto-Renewed
CN001561,C0002864,PL017,Fiber Broadband,24,20-01-2023,09-01-2025,Yes,Not Renewed
CN001562,C0002865,PL005,Prepaid Mobile,12,27-05-2015,21-05-2016,No,Auto-Renewed
CN001563,C0002866,PL009,Postpaid Mobile,12,12-11-2015,06-11-2016,Yes,Renewed
CN001564,C0002867,PL005,Prepaid Mobile,24,15-02-2022,05-02-2024,Yes,Auto-Renewed
CN001565,C0002869,PL008,Postpaid Mobile,24,07-06-2022,27-05-2024,No,Not Renewed
CN001566,C0002871,PL017,Fiber Broadband,12,31-08-2025,26-08-2026,No,Auto-Renewed
CN001567,C0002872,PL005,Prepaid Mobile,18,19-11-2019,12-05-2021,Yes,Not Renewed
CN001568,C0002873,PL009,Postpaid Mobile,12,15-07-2018,10-07-2019,No,Renewed
CN001569,C0002874,PL006,Prepaid Mobile,24,30-09-2022,19-09-2024,No,Active
CN001570,C0002875,PL005,Prepaid Mobile,12,01-01-2014,27-12-2014,Yes,Auto-Renewed
CN001571,C0002876,PL006,Prepaid Mobile,12,01-01-2014,27-12-2014,Yes,Active
CN001572,C0002877,PL008,Postpaid Mobile,12,17-12-2025,12-12-2026,No,Not Renewed
CN001573,C0002878,PL015,Fiber Broadband,18,01-01-2014,25-06-2015,Yes,Auto-Renewed
CN001574,C0002883,PL008,Postpaid Mobile,24,01-01-2016,21-12-2017,Yes,Renewed
CN001575,C0002884,PL018,Fiber Broadband,12,05-02-2015,31-01-2016,No,Active
CN001576,C0002885,PL025,Smart Home,12,04-08-2017,30-07-2018,No,Active
CN001577,C0002887,PL021,Enterprise,12,11-11-2015,05-11-2016,No,Auto-Renewed
CN001578,C0002888,PL008,Postpaid Mobile,12,23-10-2018,18-10-2019,Yes,Active
CN001579,C0002899,PL017,Fiber Broadband,36,01-01-2014,16-12-2016,No,Auto-Renewed
CN001580,C0002900,PL008,Postpaid Mobile,12,08-01-2016,02-01-2017,Yes,Auto-Renewed
CN001581,C0002901,PL017,Fiber Broadband,12,01-01-2014,27-12-2014,Yes,Active
CN001582,C0002902,PL025,Smart Home,18,15-02-2024,08-08-2025,Yes,Not Renewed
CN001583,C0002903,PL008,Postpaid Mobile,36,18-07-2022,02-07-2025,No,Auto-Renewed
CN001584,C0002904,PL008,Postpaid Mobile,18,17-10-2023,09-04-2025,Yes,Not Renewed
CN001585,C0002905,PL006,Prepaid Mobile,12,20-02-2022,15-02-2023,Yes,Renewed
CN001586,C0002908,PL016,Fiber Broadband,24,11-12-2021,01-12-2023,No,Renewed
CN001587,C0002911,PL010,Postpaid Mobile,24,23-04-2022,12-04-2024,Yes,Pending
CN001588,C0002917,PL006,Prepaid Mobile,12,18-03-2020,13-03-2021,No,Auto-Renewed
CN001589,C0002918,PL005,Prepaid Mobile,36,01-01-2014,16-12-2016,No,Renewed
CN001590,C0002922,PL006,Prepaid Mobile,18,01-01-2014,25-06-2015,Yes,Active
CN001591,C0002923,PL018,Fiber Broadband,24,01-01-2014,22-12-2015,No,Renewed
CN001592,C0002924,PL022,Enterprise,24,01-01-2014,22-12-2015,No,Renewed
CN001593,C0002926,PL010,Postpaid Mobile,12,18-03-2024,13-03-2025,Yes,Not Renewed
CN001594,C0002927,PL022,Enterprise,12,04-08-2018,30-07-2019,Yes,Pending
CN001595,C0002929,PL005,Prepaid Mobile,24,21-10-2025,11-10-2027,No,Renewed
CN001596,C0002930,PL022,Enterprise,12,08-05-2016,03-05-2017,Yes,Renewed
CN001597,C0002932,PL023,IoT Solutions,36,05-02-2023,20-01-2026,Yes,Auto-Renewed
CN001598,C0002933,PL018,Fiber Broadband,18,12-11-2023,05-05-2025,Yes,Auto-Renewed
CN001599,C0002935,PL021,Enterprise,24,16-12-2020,06-12-2022,No,Active
CN001600,C0002937,PL007,Postpaid Mobile,24,02-11-2014,22-10-2016,No,Auto-Renewed
CN001601,C0002939,PL021,Enterprise,12,01-01-2014,27-12-2014,No,Active
CN001602,C0002941,PL023,IoT Solutions,24,04-01-2024,24-12-2025,No,Renewed
CN001603,C0002942,PL008,Postpaid Mobile,12,07-08-2014,02-08-2015,No,Active
CN001604,C0002943,PL007,Postpaid Mobile,24,27-12-2023,16-12-2025,Yes,Not Renewed
CN001605,C0002945,PL018,Fiber Broadband,12,18-10-2025,13-10-2026,No,Pending
CN001606,C0002946,PL007,Postpaid Mobile,12,18-12-2016,13-12-2017,Yes,Renewed
CN001607,C0002948,PL011,Postpaid Mobile,12,01-01-2014,27-12-2014,Yes,Renewed
CN001608,C0002950,PL016,Fiber Broadband,18,01-01-2014,25-06-2015,No,Renewed
CN001609,C0002951,PL011,Postpaid Mobile,12,01-01-2014,27-12-2014,Yes,Cancelled
CN001610,C0002953,PL015,Fiber Broadband,18,01-01-2014,25-06-2015,Yes,Auto-Renewed
CN001611,C0002955,PL006,Prepaid Mobile,24,01-01-2014,22-12-2015,Yes,Active
CN001612,C0002957,PL025,Smart Home,36,12-11-2017,27-10-2020,Yes,Auto-Renewed
CN001613,C0002960,PL005,Prepaid Mobile,24,01-01-2014,22-12-2015,No,Auto-Renewed
CN001614,C0002962,PL023,IoT Solutions,12,14-04-2017,09-04-2018,No,Cancelled
CN001615,C0002965,PL005,Prepaid Mobile,18,01-01-2014,25-06-2015,Yes,Renewed
CN001616,C0002967,PL011,Postpaid Mobile,24,07-02-2017,28-01-2019,No,Renewed
CN001617,C0002968,PL005,Prepaid Mobile,18,21-04-2023,12-10-2024,No,Active
CN001618,C0002970,PL011,Postpaid Mobile,24,31-08-2022,20-08-2024,No,Active
CN001619,C0002971,PL007,Postpaid Mobile,24,04-07-2023,23-06-2025,No,Renewed
CN001620,C0002972,PL005,Prepaid Mobile,24,01-01-2014,22-12-2015,Yes,Active
CN001621,C0002973,PL005,Prepaid Mobile,12,01-01-2014,27-12-2014,Yes,Pending
CN001622,C0002974,PL018,Fiber Broadband,18,02-10-2020,26-03-2022,No,Renewed
CN001623,C0002976,PL025,Smart Home,12,30-04-2023,24-04-2024,Yes,Not Renewed
CN001624,C0002977,PL009,Postpaid Mobile,18,09-03-2019,30-08-2020,Yes,Auto-Renewed
CN001625,C0002978,PL005,Prepaid Mobile,18,08-10-2023,31-03-2025,No,Renewed
CN001626,C0002979,PL025,Smart Home,12,01-02-2016,26-01-2017,Yes,Renewed
CN001627,C0002980,PL010,Postpaid Mobile,24,09-07-2021,29-06-2023,Yes,Renewed
CN001628,C0002981,PL006,Prepaid Mobile,24,24-10-2025,14-10-2027,Yes,Renewed
CN001629,C0002982,PL018,Fiber Broadband,24,15-04-2025,05-04-2027,Yes,Renewed
CN001630,C0002984,PL009,Postpaid Mobile,24,12-06-2021,02-06-2023,Yes,Cancelled
CN001631,C0002985,PL010,Postpaid Mobile,36,15-07-2024,30-06-2027,Yes,Cancelled
CN001632,C0002986,PL008,Postpaid Mobile,12,18-07-2014,13-07-2015,Yes,Renewed
CN001633,C0002988,PL009,Postpaid Mobile,12,20-02-2015,15-02-2016,Yes,Active
CN001634,C0002990,PL008,Postpaid Mobile,18,13-06-2022,05-12-2023,Yes,Renewed
CN001635,C0002991,PL009,Postpaid Mobile,12,01-04-2022,27-03-2023,No,Active
CN001636,C0002992,PL006,Prepaid Mobile,12,16-10-2023,10-10-2024,No,Pending
CN001637,C0002994,PL007,Postpaid Mobile,24,31-05-2023,20-05-2025,No,Active
CN001638,C0002996,PL007,Postpaid Mobile,12,06-10-2017,01-10-2018,No,Pending
CN001639,C0002997,PL008,Postpaid Mobile,24,25-10-2021,15-10-2023,No,Pending
CN001640,C0003002,PL022,Enterprise,24,13-10-2021,03-10-2023,No,Renewed
CN001641,C0003004,PL011,Postpaid Mobile,36,01-01-2014,16-12-2016,Yes,Renewed
CN001642,C0003005,PL011,Postpaid Mobile,12,19-12-2021,14-12-2022,Yes,Renewed
CN001643,C0003007,PL024,IoT Solutions,24,25-04-2019,14-04-2021,Yes,Renewed
CN001644,C0003011,PL007,Postpaid Mobile,24,06-01-2024,26-12-2025,No,Renewed
CN001645,C0003012,PL011,Postpaid Mobile,12,15-07-2019,09-07-2020,Yes,Pending
CN001646,C0003013,PL009,Postpaid Mobile,24,23-03-2023,12-03-2025,No,Not Renewed
CN001647,C0003014,PL006,Prepaid Mobile,18,01-01-2014,25-06-2015,Yes,Pending
CN001648,C0003015,PL007,Postpaid Mobile,18,28-02-2022,22-08-2023,No,Not Renewed
CN001649,C0003016,PL024,IoT Solutions,12,02-08-2017,28-07-2018,Yes,Not Renewed
CN001650,C0003017,PL017,Fiber Broadband,12,29-06-2021,24-06-2022,No,Renewed
CN001651,C0003018,PL010,Postpaid Mobile,12,16-01-2017,11-01-2018,Yes,Not Renewed
CN001652,C0003019,PL015,Fiber Broadband,36,13-06-2025,28-05-2028,Yes,Pending
CN001653,C0003021,PL024,IoT Solutions,12,23-05-2019,17-05-2020,No,Active
CN001654,C0003022,PL009,Postpaid Mobile,12,21-06-2022,16-06-2023,No,Active
CN001655,C0003023,PL008,Postpaid Mobile,12,23-12-2016,18-12-2017,No,Renewed
CN001656,C0003024,PL005,Prepaid Mobile,12,01-01-2014,27-12-2014,Yes,Active
CN001657,C0003026,PL017,Fiber Broadband,12,01-01-2014,27-12-2014,Yes,Active
CN001658,C0003027,PL024,IoT Solutions,36,14-09-2023,29-08-2026,Yes,Auto-Renewed
CN001659,C0003030,PL016,Fiber Broadband,12,29-12-2025,24-12-2026,No,Not Renewed
CN001660,C0003031,PL025,Smart Home,24,27-03-2016,17-03-2018,No,Auto-Renewed
CN001661,C0003032,PL010,Postpaid Mobile,12,26-11-2019,20-11-2020,Yes,Active
CN001662,C0003034,PL005,Prepaid Mobile,12,20-04-2021,15-04-2022,No,Pending
CN001663,C0003035,PL006,Prepaid Mobile,24,01-01-2014,22-12-2015,No,Renewed
CN001664,C0003038,PL017,Fiber Broadband,24,09-12-2025,29-11-2027,Yes,Renewed
CN001665,C0003042,PL005,Prepaid Mobile,12,29-09-2016,24-09-2017,Yes,Pending
CN001666,C0003044,PL005,Prepaid Mobile,12,01-04-2017,27-03-2018,No,Pending
CN001667,C0003045,PL009,Postpaid Mobile,36,07-10-2016,22-09-2019,No,Renewed
CN001668,C0003046,PL005,Prepaid Mobile,12,18-10-2017,13-10-2018,Yes,Renewed
CN001669,C0003048,PL011,Postpaid Mobile,12,02-10-2015,26-09-2016,Yes,Active
CN001670,C0003049,PL017,Fiber Broadband,12,29-09-2017,24-09-2018,Yes,Renewed
CN001671,C0003050,PL007,Postpaid Mobile,12,12-12-2015,06-12-2016,Yes,Renewed
CN001672,C0003051,PL010,Postpaid Mobile,24,12-11-2014,01-11-2016,No,Renewed
CN001673,C0003052,PL008,Postpaid Mobile,12,15-05-2015,09-05-2016,Yes,Pending
CN001674,C0003053,PL010,Postpaid Mobile,18,08-01-2025,02-07-2026,No,Not Renewed
CN001675,C0003056,PL016,Fiber Broadband,24,01-01-2014,22-12-2015,Yes,Renewed
CN001676,C0003057,PL015,Fiber Broadband,36,04-06-2022,19-05-2025,Yes,Not Renewed
CN001677,C0003058,PL015,Fiber Broadband,36,01-01-2014,16-12-2016,Yes,Auto-Renewed
CN001678,C0003059,PL005,Prepaid Mobile,12,01-01-2014,27-12-2014,No,Active
CN001679,C0003060,PL009,Postpaid Mobile,12,20-07-2022,15-07-2023,No,Renewed
CN001680,C0003061,PL006,Prepaid Mobile,12,01-01-2014,27-12-2014,Yes,Renewed
CN001681,C0003062,PL011,Postpaid Mobile,24,12-04-2017,02-04-2019,No,Renewed
CN001682,C0003063,PL023,IoT Solutions,24,18-09-2014,07-09-2016,No,Active
CN001683,C0003065,PL022,Enterprise,24,01-01-2014,22-12-2015,No,Active
CN001684,C0003066,PL011,Postpaid Mobile,18,12-04-2025,04-10-2026,No,Auto-Renewed
CN001685,C0003070,PL025,Smart Home,12,13-12-2024,08-12-2025,Yes,Renewed
CN001686,C0003071,PL005,Prepaid Mobile,18,28-04-2018,20-10-2019,No,Active
CN001687,C0003072,PL015,Fiber Broadband,24,01-01-2014,22-12-2015,No,Not Renewed
CN001688,C0003073,PL017,Fiber Broadband,12,13-09-2015,07-09-2016,No,Active
CN001689,C0003074,PL017,Fiber Broadband,24,22-09-2021,12-09-2023,No,Pending
CN001690,C0003077,PL009,Postpaid Mobile,12,23-04-2019,17-04-2020,Yes,Renewed
CN001691,C0003078,PL006,Prepaid Mobile,24,01-01-2014,22-12-2015,Yes,Renewed
CN001692,C0003079,PL009,Postpaid Mobile,24,01-01-2019,21-12-2020,No,Renewed
CN001693,C0003080,PL005,Prepaid Mobile,12,01-01-2014,27-12-2014,Yes,Pending
CN001694,C0003081,PL010,Postpaid Mobile,12,07-10-2020,02-10-2021,Yes,Pending
CN001695,C0003083,PL018,Fiber Broadband,24,01-01-2014,22-12-2015,Yes,Pending
CN001696,C0003084,PL025,Smart Home,24,06-11-2015,26-10-2017,No,Renewed
CN001697,C0003086,PL005,Prepaid Mobile,12,20-04-2017,15-04-2018,Yes,Active
CN001698,C0003088,PL005,Prepaid Mobile,12,12-12-2023,06-12-2024,Yes,Active
CN001699,C0003090,PL011,Postpaid Mobile,12,19-09-2019,13-09-2020,No,Renewed
CN001700,C0003091,PL007,Postpaid Mobile,36,08-06-2017,23-05-2020,Yes,Auto-Renewed
CN001701,C0003092,PL018,Fiber Broadband,12,01-01-2014,27-12-2014,Yes,Auto-Renewed
CN001702,C0003093,PL025,Smart Home,24,23-11-2018,12-11-2020,Yes,Active
CN001703,C0003094,PL016,Fiber Broadband,12,18-01-2020,12-01-2021,No,Renewed
CN001704,C0003098,PL005,Prepaid Mobile,12,03-12-2018,28-11-2019,Yes,Pending
CN001705,C0003099,PL023,IoT Solutions,36,07-03-2021,20-02-2024,No,Cancelled
CN001706,C0003101,PL024,IoT Solutions,18,31-01-2015,24-07-2016,Yes,Auto-Renewed
CN001707,C0003102,PL015,Fiber Broadband,12,01-01-2014,27-12-2014,No,Active
CN001708,C0003106,PL006,Prepaid Mobile,36,04-04-2015,19-03-2018,Yes,Active
CN001709,C0003107,PL005,Prepaid Mobile,18,01-01-2014,25-06-2015,No,Pending
CN001710,C0003108,PL009,Postpaid Mobile,12,21-09-2020,16-09-2021,No,Auto-Renewed
CN001711,C0003109,PL025,Smart Home,36,14-02-2024,29-01-2027,No,Auto-Renewed
CN001712,C0003110,PL011,Postpaid Mobile,12,20-01-2025,15-01-2026,Yes,Auto-Renewed
CN001713,C0003111,PL010,Postpaid Mobile,36,03-06-2017,18-05-2020,Yes,Renewed
CN001714,C0003116,PL018,Fiber Broadband,24,01-01-2014,22-12-2015,No,Auto-Renewed
CN001715,C0003118,PL009,Postpaid Mobile,12,22-04-2025,17-04-2026,No,Auto-Renewed
CN001716,C0003120,PL022,Enterprise,12,01-01-2014,27-12-2014,No,Renewed
CN001717,C0003122,PL007,Postpaid Mobile,12,29-02-2024,23-02-2025,Yes,Auto-Renewed
CN001718,C0003124,PL006,Prepaid Mobile,12,01-01-2014,27-12-2014,Yes,Active
CN001719,C0003126,PL005,Prepaid Mobile,24,15-06-2023,04-06-2025,No,Not Renewed
CN001720,C0003127,PL005,Prepaid Mobile,12,01-01-2014,27-12-2014,No,Auto-Renewed
CN001721,C0003128,PL023,IoT Solutions,12,15-03-2019,09-03-2020,No,Not Renewed
CN001722,C0003129,PL006,Prepaid Mobile,12,01-01-2014,27-12-2014,Yes,Renewed
CN001723,C0003130,PL008,Postpaid Mobile,12,05-02-2019,31-01-2020,No,Renewed
CN001724,C0003132,PL015,Fiber Broadband,24,05-09-2016,26-08-2018,No,Pending
CN001725,C0003133,PL011,Postpaid Mobile,12,01-01-2014,27-12-2014,No,Pending
CN001726,C0003138,PL005,Prepaid Mobile,12,01-01-2014,27-12-2014,Yes,Not Renewed
CN001727,C0003139,PL023,IoT Solutions,12,11-04-2024,06-04-2025,No,Not Renewed
CN001728,C0003140,PL017,Fiber Broadband,12,20-11-2018,15-11-2019,No,Auto-Renewed
CN001729,C0003141,PL006,Prepaid Mobile,24,01-01-2014,22-12-2015,Yes,Auto-Renewed
CN001730,C0003147,PL008,Postpaid Mobile,24,23-02-2014,13-02-2016,Yes,Active
CN001731,C0003150,PL007,Postpaid Mobile,18,27-09-2022,20-03-2024,No,Auto-Renewed
CN001732,C0003151,PL008,Postpaid Mobile,18,12-06-2017,04-12-2018,Yes,Active
CN001733,C0003154,PL010,Postpaid Mobile,36,03-03-2017,16-02-2020,Yes,Not Renewed
CN001734,C0003159,PL021,Enterprise,12,02-10-2019,26-09-2020,No,Renewed
CN001735,C0003161,PL017,Fiber Broadband,36,01-01-2014,16-12-2016,Yes,Pending
CN001736,C0003163,PL009,Postpaid Mobile,36,14-03-2021,27-02-2024,No,Renewed
CN001737,C0003165,PL009,Postpaid Mobile,12,03-03-2023,26-02-2024,Yes,Pending
CN001738,C0003166,PL006,Prepaid Mobile,12,01-01-2014,27-12-2014,Yes,Renewed
CN001739,C0003168,PL006,Prepaid Mobile,18,01-01-2014,25-06-2015,No,Renewed
CN001740,C0003169,PL024,IoT Solutions,24,30-11-2025,20-11-2027,Yes,Renewed
CN001741,C0003172,PL010,Postpaid Mobile,24,25-07-2019,14-07-2021,Yes,Renewed
CN001742,C0003173,PL018,Fiber Broadband,24,01-01-2014,22-12-2015,No,Renewed
CN001743,C0003177,PL025,Smart Home,24,29-09-2021,19-09-2023,Yes,Active
CN001744,C0003180,PL009,Postpaid Mobile,24,15-02-2019,04-02-2021,Yes,Cancelled
CN001745,C0003181,PL007,Postpaid Mobile,12,30-08-2019,24-08-2020,Yes,Auto-Renewed
CN001746,C0003182,PL008,Postpaid Mobile,24,19-01-2015,08-01-2017,Yes,Renewed
CN001747,C0003184,PL005,Prepaid Mobile,12,19-08-2025,14-08-2026,No,Renewed
CN001748,C0003185,PL006,Prepaid Mobile,12,17-03-2021,12-03-2022,Yes,Auto-Renewed
CN001749,C0003186,PL023,IoT Solutions,12,22-10-2019,16-10-2020,Yes,Active
CN001750,C0003187,PL025,Smart Home,12,19-04-2015,13-04-2016,Yes,Auto-Renewed
CN001751,C0003188,PL021,Enterprise,18,13-12-2022,05-06-2024,No,Renewed
CN001752,C0003191,PL015,Fiber Broadband,12,02-06-2018,28-05-2019,Yes,Not Renewed
CN001753,C0003198,PL015,Fiber Broadband,12,01-01-2014,27-12-2014,Yes,Pending
CN001754,C0003199,PL009,Postpaid Mobile,12,21-05-2018,16-05-2019,No,Auto-Renewed
CN001755,C0003200,PL025,Smart Home,24,06-12-2020,26-11-2022,No,Auto-Renewed
CN001756,C0003202,PL006,Prepaid Mobile,24,01-01-2014,22-12-2015,No,Renewed
CN001757,C0003203,PL005,Prepaid Mobile,24,02-05-2016,22-04-2018,Yes,Renewed
CN001758,C0003207,PL006,Prepaid Mobile,24,24-10-2014,13-10-2016,No,Active
CN001759,C0003208,PL015,Fiber Broadband,18,01-01-2014,25-06-2015,Yes,Auto-Renewed
CN001760,C0003209,PL017,Fiber Broadband,18,01-06-2018,23-11-2019,Yes,Not Renewed
CN001761,C0003211,PL011,Postpaid Mobile,12,12-07-2015,06-07-2016,No,Auto-Renewed
CN001762,C0003212,PL006,Prepaid Mobile,24,05-03-2020,23-02-2022,Yes,Not Renewed
CN001763,C0003214,PL006,Prepaid Mobile,24,01-01-2014,22-12-2015,Yes,Active
CN001764,C0003216,PL018,Fiber Broadband,24,01-01-2014,22-12-2015,Yes,Renewed
CN001765,C0003217,PL009,Postpaid Mobile,24,07-02-2021,28-01-2023,No,Pending
CN001766,C0003220,PL021,Enterprise,12,10-02-2021,05-02-2022,Yes,Active
CN001767,C0003221,PL025,Smart Home,18,03-08-2014,25-01-2016,Yes,Renewed
CN001768,C0003222,PL016,Fiber Broadband,12,01-01-2014,27-12-2014,Yes,Renewed
CN001769,C0003224,PL017,Fiber Broadband,12,20-05-2022,15-05-2023,Yes,Renewed
CN001770,C0003226,PL025,Smart Home,12,16-08-2025,11-08-2026,Yes,Renewed
CN001771,C0003229,PL022,Enterprise,36,01-01-2014,16-12-2016,No,Renewed
CN001772,C0003230,PL018,Fiber Broadband,12,30-07-2017,25-07-2018,Yes,Renewed
CN001773,C0003231,PL008,Postpaid Mobile,12,27-01-2015,22-01-2016,No,Pending
CN001774,C0003233,PL008,Postpaid Mobile,24,31-08-2016,21-08-2018,No,Renewed
CN001775,C0003234,PL010,Postpaid Mobile,12,12-12-2017,07-12-2018,Yes,Renewed
CN001776,C0003237,PL017,Fiber Broadband,12,01-03-2018,24-02-2019,No,Renewed
CN001777,C0003239,PL006,Prepaid Mobile,18,27-10-2024,20-04-2026,Yes,Active
CN001778,C0003242,PL025,Smart Home,18,29-11-2014,22-05-2016,No,Auto-Renewed
CN001779,C0003243,PL017,Fiber Broadband,36,01-01-2014,16-12-2016,Yes,Active
CN001780,C0003245,PL016,Fiber Broadband,24,16-10-2023,05-10-2025,Yes,Auto-Renewed
CN001781,C0003250,PL018,Fiber Broadband,18,06-07-2022,28-12-2023,Yes,Auto-Renewed
CN001782,C0003251,PL005,Prepaid Mobile,12,01-01-2014,27-12-2014,Yes,Renewed
CN001783,C0003252,PL025,Smart Home,12,17-03-2023,11-03-2024,Yes,Cancelled
CN001784,C0003253,PL025,Smart Home,18,18-08-2021,09-02-2023,Yes,Renewed
CN001785,C0003254,PL015,Fiber Broadband,18,18-06-2014,10-12-2015,Yes,Auto-Renewed
CN001786,C0003258,PL008,Postpaid Mobile,18,16-11-2021,10-05-2023,Yes,Renewed
CN001787,C0003261,PL022,Enterprise,12,28-05-2022,23-05-2023,No,Renewed
CN001788,C0003262,PL005,Prepaid Mobile,12,01-01-2014,27-12-2014,No,Renewed
CN001789,C0003264,PL007,Postpaid Mobile,12,12-03-2022,07-03-2023,Yes,Active
CN001790,C0003265,PL011,Postpaid Mobile,12,19-03-2024,14-03-2025,Yes,Auto-Renewed
CN001791,C0003266,PL016,Fiber Broadband,12,07-01-2025,02-01-2026,Yes,Not Renewed
CN001792,C0003267,PL015,Fiber Broadband,12,26-04-2018,21-04-2019,Yes,Renewed
CN001793,C0003268,PL007,Postpaid Mobile,12,26-12-2023,20-12-2024,Yes,Auto-Renewed
CN001794,C0003272,PL005,Prepaid Mobile,12,04-05-2019,28-04-2020,No,Active
CN001795,C0003273,PL023,IoT Solutions,18,12-01-2025,06-07-2026,No,Active
CN001796,C0003275,PL016,Fiber Broadband,12,01-01-2014,27-12-2014,No,Auto-Renewed
CN001797,C0003276,PL011,Postpaid Mobile,24,01-01-2014,22-12-2015,Yes,Pending
CN001798,C0003278,PL021,Enterprise,12,01-01-2014,27-12-2014,No,Pending
CN001799,C0003279,PL009,Postpaid Mobile,24,03-01-2021,24-12-2022,No,Renewed
CN001800,C0003280,PL018,Fiber Broadband,12,01-01-2014,27-12-2014,Yes,Auto-Renewed
CN001801,C0003281,PL024,IoT Solutions,24,22-09-2024,12-09-2026,Yes,Auto-Renewed
CN001802,C0003282,PL011,Postpaid Mobile,12,13-12-2019,07-12-2020,No,Auto-Renewed
CN001803,C0003283,PL005,Prepaid Mobile,12,01-01-2014,27-12-2014,Yes,Renewed
CN001804,C0003285,PL007,Postpaid Mobile,12,14-08-2019,08-08-2020,Yes,Renewed
CN001805,C0003288,PL025,Smart Home,12,02-01-2022,28-12-2022,No,Renewed
CN001806,C0003290,PL010,Postpaid Mobile,12,10-11-2024,05-11-2025,Yes,Cancelled
CN001807,C0003291,PL005,Prepaid Mobile,18,23-07-2019,13-01-2021,Yes,Pending
CN001808,C0003292,PL008,Postpaid Mobile,12,28-03-2016,23-03-2017,Yes,Renewed
CN001809,C0003293,PL008,Postpaid Mobile,24,18-07-2014,07-07-2016,No,Renewed
CN001810,C0003294,PL022,Enterprise,12,01-01-2014,27-12-2014,Yes,Pending
CN001811,C0003295,PL008,Postpaid Mobile,36,29-01-2016,13-01-2019,No,Auto-Renewed
CN001812,C0003298,PL011,Postpaid Mobile,18,21-07-2023,11-01-2025,No,Pending
CN001813,C0003300,PL017,Fiber Broadband,12,01-01-2014,27-12-2014,No,Auto-Renewed
CN001814,C0003301,PL005,Prepaid Mobile,12,01-01-2014,27-12-2014,No,Renewed
CN001815,C0003302,PL016,Fiber Broadband,12,01-01-2014,27-12-2014,Yes,Renewed
CN001816,C0003303,PL008,Postpaid Mobile,12,14-10-2024,09-10-2025,No,Pending
CN001817,C0003304,PL005,Prepaid Mobile,12,16-09-2014,11-09-2015,No,Active
CN001818,C0003305,PL024,IoT Solutions,24,01-06-2024,22-05-2026,No,Cancelled
CN001819,C0003308,PL010,Postpaid Mobile,24,31-03-2024,21-03-2026,Yes,Auto-Renewed
CN001820,C0003310,PL010,Postpaid Mobile,12,24-08-2021,19-08-2022,Yes,Active
CN001821,C0003311,PL005,Prepaid Mobile,12,01-01-2014,27-12-2014,No,Renewed
CN001822,C0003313,PL018,Fiber Broadband,18,01-01-2014,25-06-2015,Yes,Renewed
CN001823,C0003315,PL018,Fiber Broadband,18,01-01-2014,25-06-2015,No,Not Renewed
CN001824,C0003318,PL005,Prepaid Mobile,12,01-01-2014,27-12-2014,Yes,Renewed
CN001825,C0003321,PL005,Prepaid Mobile,12,01-01-2014,27-12-2014,No,Auto-Renewed
CN001826,C0003324,PL008,Postpaid Mobile,12,15-07-2023,09-07-2024,No,Pending
CN001827,C0003325,PL017,Fiber Broadband,12,01-01-2014,27-12-2014,No,Renewed
CN001828,C0003326,PL018,Fiber Broadband,12,02-07-2025,27-06-2026,Yes,Auto-Renewed
CN001829,C0003327,PL010,Postpaid Mobile,24,02-07-2019,21-06-2021,Yes,Renewed
CN001830,C0003328,PL005,Prepaid Mobile,24,03-07-2014,22-06-2016,No,Renewed
CN001831,C0003329,PL024,IoT Solutions,12,16-05-2015,10-05-2016,No,Auto-Renewed
CN001832,C0003330,PL011,Postpaid Mobile,12,01-01-2014,27-12-2014,Yes,Renewed
CN001833,C0003333,PL017,Fiber Broadband,12,01-01-2014,27-12-2014,Yes,Not Renewed
CN001834,C0003334,PL023,IoT Solutions,12,15-06-2020,10-06-2021,Yes,Renewed
CN001835,C0003335,PL016,Fiber Broadband,24,14-09-2017,04-09-2019,Yes,Renewed
CN001836,C0003336,PL007,Postpaid Mobile,12,05-11-2019,30-10-2020,No,Renewed
CN001837,C0003338,PL025,Smart Home,36,08-05-2025,22-04-2028,Yes,Active
CN001838,C0003340,PL022,Enterprise,12,01-01-2014,27-12-2014,Yes,Pending
CN001839,C0003341,PL009,Postpaid Mobile,12,28-02-2014,23-02-2015,Yes,Renewed
CN001840,C0003342,PL025,Smart Home,24,23-03-2017,13-03-2019,No,Pending
CN001841,C0003343,PL006,Prepaid Mobile,12,01-01-2014,27-12-2014,No,Active
CN001842,C0003344,PL011,Postpaid Mobile,18,01-01-2014,25-06-2015,Yes,Renewed
CN001843,C0003346,PL017,Fiber Broadband,24,01-03-2022,19-02-2024,Yes,Pending
CN001844,C0003347,PL017,Fiber Broadband,24,01-01-2014,22-12-2015,No,Not Renewed
CN001845,C0003349,PL011,Postpaid Mobile,12,24-07-2020,19-07-2021,Yes,Active
CN001846,C0003351,PL008,Postpaid Mobile,36,23-07-2018,07-07-2021,Yes,Active
CN001847,C0003353,PL025,Smart Home,12,02-02-2023,28-01-2024,Yes,Not Renewed
CN001848,C0003354,PL005,Prepaid Mobile,18,13-10-2016,06-04-2018,No,Renewed
CN001849,C0003359,PL005,Prepaid Mobile,12,06-06-2016,01-06-2017,No,Active
CN001850,C0003360,PL006,Prepaid Mobile,24,01-01-2014,22-12-2015,Yes,Renewed
CN001851,C0003361,PL015,Fiber Broadband,18,03-03-2014,25-08-2015,Yes,Renewed
CN001852,C0003362,PL023,IoT Solutions,18,31-05-2019,21-11-2020,No,Not Renewed
CN001853,C0003364,PL024,IoT Solutions,36,07-03-2016,20-02-2019,Yes,Pending
CN001854,C0003365,PL022,Enterprise,24,18-06-2024,08-06-2026,No,Renewed
CN001855,C0003368,PL021,Enterprise,24,28-11-2025,18-11-2027,Yes,Renewed
CN001856,C0003369,PL011,Postpaid Mobile,12,01-01-2014,27-12-2014,No,Not Renewed
CN001857,C0003372,PL009,Postpaid Mobile,12,19-11-2018,14-11-2019,No,Renewed
CN001858,C0003374,PL021,Enterprise,24,01-01-2014,22-12-2015,No,Active
CN001859,C0003377,PL006,Prepaid Mobile,24,01-01-2014,22-12-2015,Yes,Renewed
CN001860,C0003380,PL006,Prepaid Mobile,24,28-07-2017,18-07-2019,No,Pending
CN001861,C0003381,PL016,Fiber Broadband,18,03-04-2020,25-09-2021,Yes,Renewed
CN001862,C0003383,PL017,Fiber Broadband,24,02-03-2014,20-02-2016,No,Active
CN001863,C0003384,PL016,Fiber Broadband,24,04-05-2025,24-04-2027,Yes,Renewed
CN001864,C0003385,PL017,Fiber Broadband,24,09-01-2014,30-12-2015,Yes,Pending
CN001865,C0003386,PL025,Smart Home,18,06-11-2018,29-04-2020,Yes,Not Renewed
CN001866,C0003387,PL018,Fiber Broadband,24,01-01-2014,22-12-2015,Yes,Renewed
CN001867,C0003388,PL015,Fiber Broadband,12,01-01-2014,27-12-2014,No,Active
CN001868,C0003390,PL006,Prepaid Mobile,12,14-01-2025,09-01-2026,Yes,Renewed
CN001869,C0003391,PL025,Smart Home,36,03-02-2021,19-01-2024,No,Cancelled
CN001870,C0003392,PL008,Postpaid Mobile,24,11-07-2020,01-07-2022,No,Pending
CN001871,C0003393,PL018,Fiber Broadband,12,27-11-2025,22-11-2026,No,Auto-Renewed
CN001872,C0003396,PL015,Fiber Broadband,24,22-09-2020,12-09-2022,No,Pending
CN001873,C0003397,PL011,Postpaid Mobile,24,22-01-2023,11-01-2025,No,Auto-Renewed
CN001874,C0003399,PL006,Prepaid Mobile,24,22-10-2022,11-10-2024,Yes,Auto-Renewed
CN001875,C0003401,PL005,Prepaid Mobile,24,01-01-2014,22-12-2015,Yes,Renewed
CN001876,C0003402,PL007,Postpaid Mobile,18,19-03-2025,10-09-2026,No,Cancelled
CN001877,C0003406,PL006,Prepaid Mobile,12,01-01-2014,27-12-2014,No,Pending
CN001878,C0003408,PL006,Prepaid Mobile,24,23-02-2019,12-02-2021,Yes,Active
CN001879,C0003409,PL009,Postpaid Mobile,12,07-04-2017,02-04-2018,No,Renewed
CN001880,C0003410,PL006,Prepaid Mobile,24,01-01-2014,22-12-2015,No,Auto-Renewed
CN001881,C0003413,PL015,Fiber Broadband,12,01-01-2014,27-12-2014,Yes,Renewed
CN001882,C0003414,PL017,Fiber Broadband,36,01-01-2014,16-12-2016,Yes,Active
CN001883,C0003416,PL024,IoT Solutions,12,04-10-2022,29-09-2023,Yes,Pending
CN001884,C0003419,PL011,Postpaid Mobile,12,27-03-2019,21-03-2020,No,Renewed
CN001885,C0003421,PL009,Postpaid Mobile,24,06-01-2021,27-12-2022,Yes,Active
CN001886,C0003422,PL007,Postpaid Mobile,24,15-04-2015,04-04-2017,No,Pending
CN001887,C0003423,PL010,Postpaid Mobile,12,19-06-2015,13-06-2016,Yes,Not Renewed
CN001888,C0003425,PL006,Prepaid Mobile,12,01-01-2014,27-12-2014,Yes,Renewed
CN001889,C0003427,PL010,Postpaid Mobile,12,18-05-2024,13-05-2025,Yes,Cancelled
CN001890,C0003432,PL015,Fiber Broadband,18,19-11-2015,12-05-2017,Yes,Renewed
CN001891,C0003436,PL025,Smart Home,12,15-04-2025,10-04-2026,Yes,Renewed
CN001892,C0003439,PL006,Prepaid Mobile,18,01-01-2014,25-06-2015,No,Auto-Renewed
CN001893,C0003441,PL010,Postpaid Mobile,12,05-10-2025,30-09-2026,Yes,Renewed
CN001894,C0003442,PL009,Postpaid Mobile,18,14-07-2015,04-01-2017,No,Cancelled
CN001895,C0003443,PL025,Smart Home,18,24-09-2021,18-03-2023,No,Renewed
CN001896,C0003444,PL006,Prepaid Mobile,24,30-11-2019,19-11-2021,Yes,Renewed
CN001897,C0003445,PL006,Prepaid Mobile,12,01-01-2014,27-12-2014,Yes,Active
CN001898,C0003446,PL018,Fiber Broadband,12,01-01-2014,27-12-2014,No,Renewed
CN001899,C0003448,PL005,Prepaid Mobile,12,01-01-2014,27-12-2014,No,Pending
CN001900,C0003452,PL010,Postpaid Mobile,24,04-03-2018,22-02-2020,No,Active
CN001901,C0003454,PL009,Postpaid Mobile,12,09-11-2024,04-11-2025,Yes,Active
CN001902,C0003459,PL006,Prepaid Mobile,18,24-07-2020,15-01-2022,Yes,Renewed
CN001903,C0003460,PL024,IoT Solutions,12,16-04-2024,11-04-2025,No,Not Renewed
CN001904,C0003462,PL011,Postpaid Mobile,12,04-05-2024,29-04-2025,No,Auto-Renewed
CN001905,C0003463,PL007,Postpaid Mobile,36,20-10-2025,04-10-2028,No,Pending
CN001906,C0003464,PL011,Postpaid Mobile,12,01-01-2014,27-12-2014,No,Not Renewed
CN001907,C0003465,PL022,Enterprise,24,01-01-2014,22-12-2015,Yes,Auto-Renewed
CN001908,C0003466,PL025,Smart Home,24,09-05-2014,28-04-2016,Yes,Pending
CN001909,C0003467,PL007,Postpaid Mobile,12,18-03-2015,12-03-2016,No,Not Renewed
CN001910,C0003468,PL021,Enterprise,12,08-12-2017,03-12-2018,Yes,Auto-Renewed
CN001911,C0003471,PL025,Smart Home,12,24-10-2015,18-10-2016,No,Renewed
CN001912,C0003477,PL016,Fiber Broadband,24,27-09-2025,17-09-2027,Yes,Pending
CN001913,C0003478,PL006,Prepaid Mobile,12,01-01-2014,27-12-2014,No,Pending
CN001914,C0003479,PL025,Smart Home,12,09-11-2016,04-11-2017,Yes,Auto-Renewed
CN001915,C0003480,PL011,Postpaid Mobile,24,23-07-2024,13-07-2026,Yes,Renewed
CN001916,C0003481,PL015,Fiber Broadband,24,01-01-2014,22-12-2015,Yes,Renewed
CN001917,C0003482,PL006,Prepaid Mobile,12,17-11-2020,12-11-2021,No,Auto-Renewed
CN001918,C0003483,PL006,Prepaid Mobile,36,01-01-2014,16-12-2016,No,Active
CN001919,C0003484,PL015,Fiber Broadband,12,20-02-2021,15-02-2022,Yes,Not Renewed
CN001920,C0003486,PL007,Postpaid Mobile,24,02-04-2021,23-03-2023,Yes,Auto-Renewed
CN001921,C0003487,PL011,Postpaid Mobile,24,01-11-2021,22-10-2023,Yes,Active
CN001922,C0003489,PL006,Prepaid Mobile,12,11-01-2022,06-01-2023,Yes,Renewed
CN001923,C0003490,PL015,Fiber Broadband,12,04-04-2024,30-03-2025,Yes,Pending
CN001924,C0003492,PL005,Prepaid Mobile,12,22-03-2025,17-03-2026,Yes,Pending
CN001925,C0003493,PL025,Smart Home,12,02-10-2025,27-09-2026,Yes,Renewed
CN001926,C0003494,PL008,Postpaid Mobile,12,09-09-2019,03-09-2020,No,Auto-Renewed
CN001927,C0003495,PL006,Prepaid Mobile,18,01-01-2014,25-06-2015,Yes,Pending
CN001928,C0003496,PL011,Postpaid Mobile,12,01-01-2014,27-12-2014,Yes,Renewed
CN001929,C0003498,PL010,Postpaid Mobile,12,04-05-2018,29-04-2019,No,Auto-Renewed
CN001930,C0003499,PL005,Prepaid Mobile,18,25-01-2017,19-07-2018,Yes,Active
CN001931,C0003501,PL007,Postpaid Mobile,12,04-06-2022,30-05-2023,No,Not Renewed
CN001932,C0003502,PL018,Fiber Broadband,24,09-06-2021,30-05-2023,Yes,Auto-Renewed
CN001933,C0003503,PL006,Prepaid Mobile,12,15-08-2022,10-08-2023,Yes,Active
CN001934,C0003506,PL021,Enterprise,12,03-01-2015,29-12-2015,Yes,Pending
CN001935,C0003507,PL007,Postpaid Mobile,24,11-05-2019,30-04-2021,Yes,Active
CN001936,C0003510,PL005,Prepaid Mobile,24,09-01-2026,30-12-2027,Yes,Pending
CN001937,C0003511,PL022,Enterprise,12,01-01-2014,27-12-2014,Yes,Active
CN001938,C0003513,PL011,Postpaid Mobile,12,14-04-2015,08-04-2016,No,Auto-Renewed
CN001939,C0003514,PL005,Prepaid Mobile,12,06-01-2018,01-01-2019,No,Active
CN001940,C0003515,PL016,Fiber Broadband,12,25-01-2023,20-01-2024,Yes,Active
CN001941,C0003516,PL021,Enterprise,18,29-10-2016,22-04-2018,No,Active
CN001942,C0003519,PL005,Prepaid Mobile,24,01-01-2014,22-12-2015,No,Pending
CN001943,C0003520,PL005,Prepaid Mobile,12,01-01-2014,27-12-2014,No,Cancelled
CN001944,C0003521,PL010,Postpaid Mobile,12,24-02-2019,19-02-2020,No,Auto-Renewed
CN001945,C0003522,PL015,Fiber Broadband,24,01-01-2014,22-12-2015,Yes,Cancelled
CN001946,C0003527,PL008,Postpaid Mobile,24,16-10-2025,06-10-2027,Yes,Renewed
CN001947,C0003529,PL025,Smart Home,12,08-06-2019,02-06-2020,Yes,Not Renewed
CN001948,C0003530,PL006,Prepaid Mobile,12,03-01-2021,29-12-2021,No,Renewed
CN001949,C0003531,PL005,Prepaid Mobile,12,25-04-2021,20-04-2022,Yes,Pending
CN001950,C0003533,PL009,Postpaid Mobile,12,22-08-2016,17-08-2017,Yes,Auto-Renewed
CN001951,C0003535,PL007,Postpaid Mobile,18,25-05-2023,15-11-2024,No,Renewed
CN001952,C0003536,PL005,Prepaid Mobile,12,14-05-2025,09-05-2026,No,Cancelled
CN001953,C0003539,PL008,Postpaid Mobile,12,17-12-2021,12-12-2022,Yes,Cancelled
CN001954,C0003541,PL005,Prepaid Mobile,12,22-10-2025,17-10-2026,Yes,Not Renewed
CN001955,C0003542,PL018,Fiber Broadband,24,01-01-2014,22-12-2015,Yes,Active
CN001956,C0003544,PL005,Prepaid Mobile,12,23-06-2021,18-06-2022,No,Auto-Renewed
CN001957,C0003545,PL005,Prepaid Mobile,24,01-01-2014,22-12-2015,Yes,Auto-Renewed
CN001958,C0003546,PL006,Prepaid Mobile,24,23-07-2022,12-07-2024,Yes,Active
CN001959,C0003547,PL005,Prepaid Mobile,12,13-08-2025,08-08-2026,Yes,Renewed
CN001960,C0003548,PL009,Postpaid Mobile,24,28-03-2020,18-03-2022,No,Auto-Renewed
CN001961,C0003550,PL005,Prepaid Mobile,18,21-08-2025,12-02-2027,Yes,Not Renewed
CN001962,C0003551,PL018,Fiber Broadband,12,14-12-2024,09-12-2025,Yes,Active
CN001963,C0003552,PL006,Prepaid Mobile,12,14-05-2024,09-05-2025,Yes,Renewed
CN001964,C0003556,PL006,Prepaid Mobile,12,20-03-2025,15-03-2026,Yes,Pending
CN001965,C0003557,PL010,Postpaid Mobile,12,08-01-2022,03-01-2023,Yes,Renewed
CN001966,C0003558,PL006,Prepaid Mobile,24,01-01-2014,22-12-2015,No,Renewed
CN001967,C0003561,PL018,Fiber Broadband,12,06-07-2016,01-07-2017,No,Active
CN001968,C0003565,PL005,Prepaid Mobile,36,17-03-2021,01-03-2024,Yes,Active
CN001969,C0003567,PL009,Postpaid Mobile,12,28-12-2019,22-12-2020,No,Auto-Renewed
CN001970,C0003568,PL007,Postpaid Mobile,12,14-04-2025,09-04-2026,No,Not Renewed
CN001971,C0003569,PL022,Enterprise,18,01-01-2014,25-06-2015,Yes,Active
CN001972,C0003573,PL005,Prepaid Mobile,12,01-01-2014,27-12-2014,No,Not Renewed
CN001973,C0003574,PL010,Postpaid Mobile,12,25-11-2021,20-11-2022,Yes,Renewed
CN001974,C0003576,PL009,Postpaid Mobile,36,19-04-2015,03-04-2018,No,Pending
CN001975,C0003579,PL009,Postpaid Mobile,24,09-04-2018,29-03-2020,No,Pending
CN001976,C0003580,PL022,Enterprise,12,01-01-2014,27-12-2014,Yes,Active
CN001977,C0003581,PL011,Postpaid Mobile,24,14-12-2025,04-12-2027,No,Auto-Renewed
CN001978,C0003584,PL005,Prepaid Mobile,24,29-12-2015,18-12-2017,Yes,Renewed
CN001979,C0003587,PL008,Postpaid Mobile,24,24-07-2015,13-07-2017,Yes,Not Renewed
CN001980,C0003588,PL006,Prepaid Mobile,18,15-02-2020,08-08-2021,No,Active
CN001981,C0003591,PL018,Fiber Broadband,24,02-06-2022,22-05-2024,Yes,Renewed
CN001982,C0003592,PL025,Smart Home,12,20-05-2022,15-05-2023,Yes,Not Renewed
CN001983,C0003593,PL008,Postpaid Mobile,24,17-05-2022,06-05-2024,Yes,Active
CN001984,C0003596,PL007,Postpaid Mobile,18,28-01-2023,21-07-2024,Yes,Auto-Renewed
CN001985,C0003597,PL007,Postpaid Mobile,12,08-04-2014,03-04-2015,No,Not Renewed
CN001986,C0003598,PL006,Prepaid Mobile,12,27-03-2016,22-03-2017,Yes,Active
CN001987,C0003599,PL025,Smart Home,18,03-09-2014,25-02-2016,No,Renewed
CN001988,C0003600,PL008,Postpaid Mobile,24,09-11-2020,30-10-2022,Yes,Pending
CN001989,C0003601,PL007,Postpaid Mobile,12,06-09-2022,01-09-2023,Yes,Renewed
CN001990,C0003605,PL006,Prepaid Mobile,24,01-01-2014,22-12-2015,Yes,Not Renewed
CN001991,C0003607,PL006,Prepaid Mobile,12,01-12-2019,25-11-2020,Yes,Renewed
CN001992,C0003608,PL009,Postpaid Mobile,18,24-12-2023,16-06-2025,Yes,Active
CN001993,C0003611,PL017,Fiber Broadband,12,05-02-2021,31-01-2022,Yes,Renewed
CN001994,C0003614,PL018,Fiber Broadband,24,01-01-2014,22-12-2015,Yes,Renewed
CN001995,C0003615,PL022,Enterprise,18,25-07-2015,15-01-2017,Yes,Pending
CN001996,C0003618,PL011,Postpaid Mobile,12,01-01-2014,27-12-2014,Yes,Renewed
CN001997,C0003619,PL010,Postpaid Mobile,36,23-05-2019,07-05-2022,Yes,Not Renewed
CN001998,C0003620,PL023,IoT Solutions,24,13-03-2023,02-03-2025,No,Active
CN001999,C0003621,PL025,Smart Home,18,09-04-2021,01-10-2022,No,Pending
CN002000,C0003623,PL021,Enterprise,12,01-01-2014,27-12-2014,Yes,Renewed
CN002001,C0003624,PL016,Fiber Broadband,24,02-11-2023,22-10-2025,No,Active
CN002002,C0003625,PL016,Fiber Broadband,24,01-01-2014,22-12-2015,Yes,Renewed
CN002003,C0003626,PL006,Prepaid Mobile,24,29-12-2017,19-12-2019,No,Pending
CN002004,C0003627,PL017,Fiber Broadband,12,17-11-2014,12-11-2015,No,Auto-Renewed
CN002005,C0003628,PL010,Postpaid Mobile,12,11-12-2018,06-12-2019,No,Active
CN002006,C0003630,PL010,Postpaid Mobile,12,12-01-2020,06-01-2021,Yes,Active
CN002007,C0003631,PL008,Postpaid Mobile,24,26-10-2020,16-10-2022,No,Renewed
CN002008,C0003632,PL005,Prepaid Mobile,12,01-01-2014,27-12-2014,No,Renewed
CN002009,C0003635,PL018,Fiber Broadband,12,01-01-2014,27-12-2014,Yes,Active
CN002010,C0003636,PL006,Prepaid Mobile,12,01-01-2014,27-12-2014,Yes,Active
CN002011,C0003637,PL022,Enterprise,36,01-11-2017,16-10-2020,Yes,Pending
CN002012,C0003638,PL006,Prepaid Mobile,12,25-12-2023,19-12-2024,Yes,Cancelled
CN002013,C0003640,PL005,Prepaid Mobile,24,04-05-2019,23-04-2021,No,Active
CN002014,C0003642,PL009,Postpaid Mobile,18,26-11-2020,20-05-2022,No,Not Renewed
CN002015,C0003646,PL016,Fiber Broadband,24,26-02-2019,15-02-2021,No,Auto-Renewed
CN002016,C0003647,PL011,Postpaid Mobile,12,01-01-2014,27-12-2014,Yes,Not Renewed
CN002017,C0003648,PL011,Postpaid Mobile,12,24-08-2022,19-08-2023,Yes,Pending
CN002018,C0003649,PL007,Postpaid Mobile,12,09-09-2016,04-09-2017,Yes,Auto-Renewed
CN002019,C0003650,PL023,IoT Solutions,36,03-07-2016,18-06-2019,No,Renewed
CN002020,C0003651,PL015,Fiber Broadband,36,01-01-2014,16-12-2016,Yes,Renewed
CN002021,C0003653,PL011,Postpaid Mobile,12,24-01-2017,19-01-2018,No,Renewed
CN002022,C0003656,PL005,Prepaid Mobile,24,17-01-2018,07-01-2020,Yes,Not Renewed
CN002023,C0003658,PL015,Fiber Broadband,24,22-01-2023,11-01-2025,No,Auto-Renewed
CN002024,C0003659,PL016,Fiber Broadband,12,26-12-2017,21-12-2018,No,Pending
CN002025,C0003660,PL005,Prepaid Mobile,12,01-01-2014,27-12-2014,No,Renewed
CN002026,C0003661,PL015,Fiber Broadband,24,01-01-2014,22-12-2015,No,Not Renewed
CN002027,C0003662,PL011,Postpaid Mobile,24,01-01-2014,22-12-2015,No,Renewed
CN002028,C0003663,PL015,Fiber Broadband,18,23-11-2023,16-05-2025,Yes,Active
CN002029,C0003664,PL007,Postpaid Mobile,12,06-02-2018,01-02-2019,No,Renewed
CN002030,C0003665,PL009,Postpaid Mobile,12,08-04-2020,03-04-2021,Yes,Renewed
CN002031,C0003666,PL005,Prepaid Mobile,12,01-01-2014,27-12-2014,Yes,Renewed
CN002032,C0003668,PL005,Prepaid Mobile,12,01-01-2014,27-12-2014,Yes,Active
CN002033,C0003670,PL022,Enterprise,24,26-10-2015,15-10-2017,Yes,Renewed
CN002034,C0003672,PL016,Fiber Broadband,12,30-03-2025,25-03-2026,No,Auto-Renewed
CN002035,C0003673,PL015,Fiber Broadband,12,30-04-2017,25-04-2018,No,Renewed
CN002036,C0003674,PL007,Postpaid Mobile,36,01-02-2023,16-01-2026,Yes,Renewed
CN002037,C0003675,PL018,Fiber Broadband,12,01-01-2014,27-12-2014,Yes,Renewed
CN002038,C0003676,PL025,Smart Home,24,18-04-2020,08-04-2022,No,Pending
CN002039,C0003678,PL005,Prepaid Mobile,12,01-01-2014,27-12-2014,No,Renewed
CN002040,C0003679,PL022,Enterprise,24,01-01-2014,22-12-2015,Yes,Auto-Renewed
CN002041,C0003683,PL015,Fiber Broadband,12,30-04-2020,25-04-2021,Yes,Pending
CN002042,C0003684,PL017,Fiber Broadband,12,01-01-2014,27-12-2014,Yes,Renewed
CN002043,C0003685,PL017,Fiber Broadband,24,01-01-2014,22-12-2015,No,Not Renewed
CN002044,C0003686,PL009,Postpaid Mobile,24,10-09-2014,30-08-2016,Yes,Renewed
CN002045,C0003688,PL011,Postpaid Mobile,24,22-05-2016,12-05-2018,No,Auto-Renewed
CN002046,C0003690,PL011,Postpaid Mobile,12,07-01-2022,02-01-2023,No,Renewed
CN002047,C0003694,PL005,Prepaid Mobile,24,01-11-2024,22-10-2026,No,Active
CN002048,C0003695,PL015,Fiber Broadband,24,03-01-2017,24-12-2018,No,Pending
CN002049,C0003696,PL015,Fiber Broadband,12,01-01-2014,27-12-2014,No,Active
CN002050,C0003698,PL006,Prepaid Mobile,12,01-01-2014,27-12-2014,Yes,Active
CN002051,C0003700,PL022,Enterprise,18,26-07-2022,17-01-2024,Yes,Renewed
CN002052,C0003702,PL010,Postpaid Mobile,24,25-09-2023,14-09-2025,No,Renewed
CN002053,C0003703,PL007,Postpaid Mobile,12,28-10-2023,22-10-2024,Yes,Pending
CN002054,C0003704,PL022,Enterprise,12,01-01-2014,27-12-2014,Yes,Renewed
CN002055,C0003705,PL007,Postpaid Mobile,24,03-01-2016,23-12-2017,Yes,Auto-Renewed
CN002056,C0003708,PL018,Fiber Broadband,12,06-12-2022,01-12-2023,Yes,Pending
CN002057,C0003709,PL015,Fiber Broadband,12,08-08-2019,02-08-2020,No,Pending
CN002058,C0003710,PL007,Postpaid Mobile,24,30-01-2025,20-01-2027,No,Not Renewed
CN002059,C0003711,PL005,Prepaid Mobile,36,09-04-2018,24-03-2021,Yes,Pending
CN002060,C0003712,PL024,IoT Solutions,12,28-07-2017,23-07-2018,Yes,Not Renewed
CN002061,C0003713,PL007,Postpaid Mobile,18,25-11-2024,19-05-2026,Yes,Cancelled
CN002062,C0003715,PL023,IoT Solutions,24,19-10-2021,09-10-2023,No,Active
CN002063,C0003717,PL009,Postpaid Mobile,24,28-12-2025,18-12-2027,Yes,Pending
CN002064,C0003718,PL015,Fiber Broadband,12,03-05-2018,28-04-2019,Yes,Renewed
CN002065,C0003719,PL009,Postpaid Mobile,24,25-12-2019,14-12-2021,Yes,Renewed
CN002066,C0003720,PL015,Fiber Broadband,12,11-11-2014,06-11-2015,Yes,Renewed
CN002067,C0003723,PL011,Postpaid Mobile,18,12-07-2019,02-01-2021,No,Renewed
CN002068,C0003724,PL005,Prepaid Mobile,24,09-06-2024,30-05-2026,Yes,Renewed
CN002069,C0003725,PL009,Postpaid Mobile,12,08-12-2016,03-12-2017,Yes,Pending
CN002070,C0003726,PL024,IoT Solutions,36,20-06-2014,04-06-2017,No,Pending
CN002071,C0003727,PL008,Postpaid Mobile,12,30-04-2024,25-04-2025,Yes,Renewed
CN002072,C0003731,PL021,Enterprise,24,26-08-2017,16-08-2019,Yes,Not Renewed
CN002073,C0003732,PL015,Fiber Broadband,24,01-01-2014,22-12-2015,No,Auto-Renewed
CN002074,C0003733,PL006,Prepaid Mobile,12,01-01-2014,27-12-2014,No,Renewed
CN002075,C0003739,PL005,Prepaid Mobile,36,06-07-2021,20-06-2024,No,Active
CN002076,C0003741,PL006,Prepaid Mobile,18,16-06-2022,08-12-2023,Yes,Auto-Renewed
CN002077,C0003744,PL017,Fiber Broadband,12,16-02-2020,10-02-2021,Yes,Active
CN002078,C0003745,PL015,Fiber Broadband,24,31-08-2015,20-08-2017,Yes,Not Renewed
CN002079,C0003750,PL009,Postpaid Mobile,24,15-12-2014,04-12-2016,No,Not Renewed
CN002080,C0003751,PL008,Postpaid Mobile,12,10-08-2021,05-08-2022,No,Auto-Renewed
CN002081,C0003752,PL005,Prepaid Mobile,36,13-06-2021,28-05-2024,Yes,Active
CN002082,C0003754,PL006,Prepaid Mobile,36,08-11-2021,23-10-2024,Yes,Auto-Renewed
CN002083,C0003756,PL008,Postpaid Mobile,18,22-07-2018,13-01-2020,Yes,Renewed
CN002084,C0003758,PL005,Prepaid Mobile,24,05-06-2021,26-05-2023,No,Renewed
CN002085,C0003759,PL023,IoT Solutions,12,27-08-2016,22-08-2017,Yes,Active
CN002086,C0003761,PL010,Postpaid Mobile,12,22-11-2016,17-11-2017,Yes,Renewed
CN002087,C0003762,PL005,Prepaid Mobile,12,24-09-2016,19-09-2017,No,Renewed
CN002088,C0003763,PL018,Fiber Broadband,12,13-12-2025,08-12-2026,No,Auto-Renewed
CN002089,C0003764,PL011,Postpaid Mobile,12,01-01-2014,27-12-2014,No,Active
CN002090,C0003766,PL008,Postpaid Mobile,12,26-08-2016,21-08-2017,Yes,Active
CN002091,C0003767,PL016,Fiber Broadband,36,01-01-2014,16-12-2016,Yes,Pending
CN002092,C0003772,PL008,Postpaid Mobile,24,26-02-2020,15-02-2022,No,Active
CN002093,C0003773,PL018,Fiber Broadband,12,01-01-2014,27-12-2014,Yes,Auto-Renewed
CN002094,C0003774,PL011,Postpaid Mobile,36,07-06-2016,23-05-2019,No,Auto-Renewed
CN002095,C0003775,PL023,IoT Solutions,12,21-07-2025,16-07-2026,No,Not Renewed
CN002096,C0003779,PL005,Prepaid Mobile,18,11-07-2015,01-01-2017,No,Renewed
CN002097,C0003781,PL006,Prepaid Mobile,24,01-01-2014,22-12-2015,Yes,Not Renewed
CN002098,C0003782,PL006,Prepaid Mobile,12,01-01-2014,27-12-2014,No,Auto-Renewed
CN002099,C0003788,PL017,Fiber Broadband,24,26-08-2022,15-08-2024,No,Renewed
CN002100,C0003789,PL005,Prepaid Mobile,12,12-02-2025,07-02-2026,Yes,Auto-Renewed
CN002101,C0003790,PL008,Postpaid Mobile,24,10-08-2016,31-07-2018,No,Auto-Renewed
CN002102,C0003793,PL010,Postpaid Mobile,24,02-12-2023,21-11-2025,Yes,Renewed
CN002103,C0003794,PL025,Smart Home,36,29-06-2018,13-06-2021,Yes,Auto-Renewed
CN002104,C0003796,PL021,Enterprise,24,01-08-2014,21-07-2016,Yes,Renewed
CN002105,C0003797,PL009,Postpaid Mobile,24,22-11-2018,11-11-2020,Yes,Not Renewed
CN002106,C0003799,PL021,Enterprise,12,19-01-2018,14-01-2019,No,Renewed
CN002107,C0003800,PL015,Fiber Broadband,12,01-04-2014,27-03-2015,No,Active
CN002108,C0003801,PL006,Prepaid Mobile,12,26-06-2023,20-06-2024,Yes,Auto-Renewed
CN002109,C0003803,PL016,Fiber Broadband,18,01-01-2014,25-06-2015,Yes,Auto-Renewed
CN002110,C0003804,PL018,Fiber Broadband,12,28-06-2020,23-06-2021,Yes,Active
CN002111,C0003807,PL024,IoT Solutions,18,18-07-2020,09-01-2022,No,Renewed
CN002112,C0003810,PL022,Enterprise,12,03-07-2024,28-06-2025,No,Renewed
CN002113,C0003811,PL010,Postpaid Mobile,24,09-04-2024,30-03-2026,Yes,Active
CN002114,C0003812,PL010,Postpaid Mobile,12,31-07-2022,26-07-2023,Yes,Not Renewed
CN002115,C0003814,PL010,Postpaid Mobile,12,26-06-2016,21-06-2017,No,Renewed
CN002116,C0003817,PL007,Postpaid Mobile,24,04-11-2016,25-10-2018,Yes,Renewed
CN002117,C0003820,PL005,Prepaid Mobile,12,01-01-2014,27-12-2014,Yes,Pending
CN002118,C0003821,PL008,Postpaid Mobile,12,28-06-2014,23-06-2015,No,Cancelled
CN002119,C0003822,PL005,Prepaid Mobile,12,16-11-2020,11-11-2021,No,Renewed
CN002120,C0003823,PL015,Fiber Broadband,24,01-01-2014,22-12-2015,Yes,Auto-Renewed
CN002121,C0003824,PL005,Prepaid Mobile,36,27-03-2022,11-03-2025,Yes,Auto-Renewed
CN002122,C0003825,PL009,Postpaid Mobile,24,26-03-2022,15-03-2024,No,Pending
CN002123,C0003826,PL017,Fiber Broadband,18,05-09-2020,27-02-2022,No,Not Renewed
CN002124,C0003828,PL006,Prepaid Mobile,12,27-12-2021,22-12-2022,No,Renewed
CN002125,C0003829,PL005,Prepaid Mobile,12,01-01-2014,27-12-2014,No,Auto-Renewed
CN002126,C0003830,PL006,Prepaid Mobile,36,10-06-2018,25-05-2021,Yes,Auto-Renewed
CN002127,C0003831,PL018,Fiber Broadband,12,01-01-2014,27-12-2014,No,Renewed
CN002128,C0003832,PL006,Prepaid Mobile,12,20-11-2021,15-11-2022,No,Renewed
CN002129,C0003833,PL018,Fiber Broadband,12,01-01-2014,27-12-2014,No,Renewed
CN002130,C0003838,PL008,Postpaid Mobile,12,13-09-2024,08-09-2025,No,Cancelled
CN002131,C0003839,PL011,Postpaid Mobile,18,01-01-2014,25-06-2015,Yes,Not Renewed
CN002132,C0003840,PL022,Enterprise,36,05-10-2025,19-09-2028,Yes,Not Renewed
CN002133,C0003842,PL009,Postpaid Mobile,36,04-09-2014,19-08-2017,Yes,Auto-Renewed
CN002134,C0003846,PL023,IoT Solutions,18,15-04-2017,07-10-2018,Yes,Not Renewed
CN002135,C0003849,PL005,Prepaid Mobile,18,04-07-2014,26-12-2015,No,Renewed
CN002136,C0003851,PL009,Postpaid Mobile,12,05-09-2021,31-08-2022,No,Renewed
CN002137,C0003853,PL005,Prepaid Mobile,36,17-09-2018,01-09-2021,Yes,Active
CN002138,C0003854,PL016,Fiber Broadband,18,01-01-2014,25-06-2015,No,Pending
CN002139,C0003855,PL016,Fiber Broadband,24,01-01-2014,22-12-2015,Yes,Active
CN002140,C0003856,PL007,Postpaid Mobile,12,22-12-2020,17-12-2021,No,Renewed
CN002141,C0003857,PL006,Prepaid Mobile,12,16-12-2016,11-12-2017,No,Renewed
CN002142,C0003858,PL009,Postpaid Mobile,12,26-05-2014,21-05-2015,No,Not Renewed
CN002143,C0003859,PL008,Postpaid Mobile,12,25-12-2017,20-12-2018,No,Cancelled
CN002144,C0003862,PL015,Fiber Broadband,24,01-01-2014,22-12-2015,Yes,Renewed
CN002145,C0003864,PL006,Prepaid Mobile,12,01-01-2014,27-12-2014,Yes,Renewed
CN002146,C0003869,PL007,Postpaid Mobile,12,13-04-2024,08-04-2025,No,Pending
CN002147,C0003870,PL016,Fiber Broadband,12,01-01-2014,27-12-2014,No,Active
CN002148,C0003871,PL009,Postpaid Mobile,24,30-07-2022,19-07-2024,Yes,Pending
CN002149,C0003872,PL008,Postpaid Mobile,12,26-02-2018,21-02-2019,Yes,Auto-Renewed
CN002150,C0003873,PL023,IoT Solutions,18,13-08-2015,03-02-2017,No,Active
CN002151,C0003876,PL018,Fiber Broadband,12,01-01-2014,27-12-2014,Yes,Renewed
CN002152,C0003882,PL006,Prepaid Mobile,24,26-08-2022,15-08-2024,Yes,Auto-Renewed
CN002153,C0003883,PL011,Postpaid Mobile,18,01-01-2014,25-06-2015,No,Renewed
CN002154,C0003884,PL009,Postpaid Mobile,24,23-04-2025,13-04-2027,No,Active
CN002155,C0003887,PL006,Prepaid Mobile,12,13-02-2016,07-02-2017,No,Renewed
CN002156,C0003889,PL006,Prepaid Mobile,36,15-04-2018,30-03-2021,Yes,Active
CN002157,C0003890,PL005,Prepaid Mobile,12,01-01-2014,27-12-2014,No,Active
CN002158,C0003891,PL006,Prepaid Mobile,24,30-12-2021,20-12-2023,No,Auto-Renewed
CN002159,C0003892,PL005,Prepaid Mobile,18,01-01-2014,25-06-2015,No,Active
CN002160,C0003894,PL016,Fiber Broadband,12,28-11-2022,23-11-2023,Yes,Auto-Renewed
CN002161,C0003895,PL010,Postpaid Mobile,12,06-06-2020,01-06-2021,No,Renewed
CN002162,C0003896,PL007,Postpaid Mobile,36,25-03-2015,09-03-2018,Yes,Not Renewed
CN002163,C0003898,PL022,Enterprise,18,01-01-2014,25-06-2015,Yes,Renewed
CN002164,C0003899,PL010,Postpaid Mobile,12,26-01-2017,21-01-2018,Yes,Pending
CN002165,C0003902,PL010,Postpaid Mobile,18,08-03-2022,30-08-2023,Yes,Auto-Renewed
CN002166,C0003904,PL015,Fiber Broadband,12,17-02-2014,12-02-2015,No,Auto-Renewed
CN002167,C0003905,PL008,Postpaid Mobile,18,24-09-2014,17-03-2016,Yes,Pending
CN002168,C0003906,PL005,Prepaid Mobile,24,01-01-2014,22-12-2015,No,Renewed
CN002169,C0003909,PL024,IoT Solutions,12,27-08-2015,21-08-2016,Yes,Renewed
CN002170,C0003911,PL005,Prepaid Mobile,24,01-01-2014,22-12-2015,No,Active
CN002171,C0003914,PL006,Prepaid Mobile,24,19-11-2017,09-11-2019,No,Renewed
CN002172,C0003915,PL018,Fiber Broadband,12,15-10-2021,10-10-2022,Yes,Active
CN002173,C0003919,PL006,Prepaid Mobile,12,01-01-2014,27-12-2014,Yes,Auto-Renewed
CN002174,C0003921,PL007,Postpaid Mobile,12,23-06-2023,17-06-2024,No,Not Renewed
CN002175,C0003922,PL011,Postpaid Mobile,12,01-01-2014,27-12-2014,No,Pending
CN002176,C0003924,PL024,IoT Solutions,12,19-10-2017,14-10-2018,Yes,Not Renewed
CN002177,C0003926,PL025,Smart Home,12,18-06-2017,13-06-2018,Yes,Auto-Renewed
CN002178,C0003927,PL011,Postpaid Mobile,18,01-01-2014,25-06-2015,Yes,Active
CN002179,C0003928,PL006,Prepaid Mobile,24,01-01-2014,22-12-2015,Yes,Active
CN002180,C0003929,PL015,Fiber Broadband,12,01-01-2014,27-12-2014,No,Renewed
CN002181,C0003931,PL011,Postpaid Mobile,12,01-01-2014,27-12-2014,No,Renewed
CN002182,C0003932,PL022,Enterprise,24,01-01-2014,22-12-2015,No,Renewed
CN002183,C0003933,PL018,Fiber Broadband,24,11-02-2024,31-01-2026,Yes,Renewed
CN002184,C0003934,PL011,Postpaid Mobile,12,01-01-2014,27-12-2014,No,Pending
CN002185,C0003935,PL005,Prepaid Mobile,12,01-01-2014,27-12-2014,Yes,Active
CN002186,C0003936,PL006,Prepaid Mobile,12,01-01-2014,27-12-2014,Yes,Auto-Renewed
CN002187,C0003937,PL006,Prepaid Mobile,12,01-01-2014,27-12-2014,Yes,Auto-Renewed
CN002188,C0003939,PL005,Prepaid Mobile,24,16-10-2017,06-10-2019,Yes,Auto-Renewed
CN002189,C0003941,PL006,Prepaid Mobile,24,08-02-2022,29-01-2024,Yes,Auto-Renewed
CN002190,C0003944,PL005,Prepaid Mobile,24,12-04-2015,01-04-2017,Yes,Renewed
CN002191,C0003945,PL007,Postpaid Mobile,12,26-05-2018,21-05-2019,Yes,Auto-Renewed
CN002192,C0003947,PL015,Fiber Broadband,24,14-01-2025,04-01-2027,Yes,Not Renewed
CN002193,C0003948,PL007,Postpaid Mobile,12,14-02-2021,09-02-2022,Yes,Renewed
CN002194,C0003952,PL009,Postpaid Mobile,36,19-02-2024,03-02-2027,Yes,Not Renewed
CN002195,C0003953,PL006,Prepaid Mobile,24,03-11-2014,23-10-2016,Yes,Auto-Renewed
CN002196,C0003955,PL011,Postpaid Mobile,12,01-01-2014,27-12-2014,No,Auto-Renewed
CN002197,C0003957,PL021,Enterprise,24,01-01-2014,22-12-2015,Yes,Active
CN002198,C0003959,PL009,Postpaid Mobile,36,04-02-2018,19-01-2021,Yes,Auto-Renewed
CN002199,C0003962,PL008,Postpaid Mobile,24,27-11-2023,16-11-2025,Yes,Renewed
CN002200,C0003964,PL015,Fiber Broadband,18,30-11-2025,24-05-2027,Yes,Auto-Renewed
CN002201,C0003966,PL018,Fiber Broadband,12,23-04-2020,18-04-2021,No,Renewed
CN002202,C0003967,PL008,Postpaid Mobile,24,10-06-2017,31-05-2019,Yes,Not Renewed
CN002203,C0003968,PL005,Prepaid Mobile,24,09-08-2016,30-07-2018,No,Auto-Renewed
CN002204,C0003969,PL006,Prepaid Mobile,12,01-01-2014,27-12-2014,Yes,Auto-Renewed
CN002205,C0003972,PL018,Fiber Broadband,24,01-01-2014,22-12-2015,Yes,Active
CN002206,C0003974,PL005,Prepaid Mobile,12,16-05-2018,11-05-2019,No,Pending
CN002207,C0003976,PL006,Prepaid Mobile,12,11-03-2021,06-03-2022,Yes,Pending
CN002208,C0003978,PL016,Fiber Broadband,12,05-03-2016,28-02-2017,No,Not Renewed
CN002209,C0003980,PL009,Postpaid Mobile,12,30-05-2014,25-05-2015,Yes,Active
CN002210,C0003982,PL007,Postpaid Mobile,12,09-02-2024,03-02-2025,Yes,Renewed
CN002211,C0003983,PL006,Prepaid Mobile,24,01-01-2014,22-12-2015,No,Active
CN002212,C0003986,PL005,Prepaid Mobile,12,17-11-2018,12-11-2019,Yes,Active
CN002213,C0003988,PL023,IoT Solutions,12,22-03-2020,17-03-2021,Yes,Renewed
CN002214,C0003990,PL009,Postpaid Mobile,12,25-04-2015,19-04-2016,Yes,Pending
CN002215,C0003992,PL006,Prepaid Mobile,12,01-01-2014,27-12-2014,Yes,Auto-Renewed
CN002216,C0003993,PL009,Postpaid Mobile,12,16-01-2022,11-01-2023,No,Renewed
CN002217,C0003995,PL010,Postpaid Mobile,18,02-07-2020,24-12-2021,No,Auto-Renewed
CN002218,C0003996,PL011,Postpaid Mobile,12,16-11-2018,11-11-2019,Yes,Auto-Renewed
CN002219,C0003997,PL009,Postpaid Mobile,24,10-03-2019,27-02-2021,No,Auto-Renewed
CN002220,C0003998,PL006,Prepaid Mobile,12,01-01-2014,27-12-2014,No,Auto-Renewed
CN002221,C0003999,PL018,Fiber Broadband,18,01-01-2014,25-06-2015,No,Renewed
CN002222,C0004002,PL018,Fiber Broadband,24,01-01-2014,22-12-2015,Yes,Auto-Renewed
CN002223,C0004003,PL011,Postpaid Mobile,12,01-01-2014,27-12-2014,Yes,Renewed
CN002224,C0004004,PL007,Postpaid Mobile,24,29-11-2021,19-11-2023,No,Pending
CN002225,C0004007,PL007,Postpaid Mobile,36,14-05-2025,28-04-2028,Yes,Not Renewed
CN002226,C0004008,PL005,Prepaid Mobile,12,07-04-2019,01-04-2020,No,Renewed
CN002227,C0004009,PL010,Postpaid Mobile,36,12-05-2020,27-04-2023,Yes,Cancelled
CN002228,C0004010,PL008,Postpaid Mobile,12,18-08-2018,13-08-2019,Yes,Not Renewed
CN002229,C0004011,PL018,Fiber Broadband,24,01-01-2014,22-12-2015,Yes,Renewed
CN002230,C0004012,PL008,Postpaid Mobile,18,25-02-2020,18-08-2021,No,Renewed
CN002231,C0004013,PL010,Postpaid Mobile,36,13-02-2025,29-01-2028,No,Renewed
CN002232,C0004015,PL007,Postpaid Mobile,18,13-09-2021,07-03-2023,Yes,Renewed
CN002233,C0004016,PL007,Postpaid Mobile,24,22-09-2019,11-09-2021,No,Not Renewed
CN002234,C0004017,PL006,Prepaid Mobile,36,15-07-2019,29-06-2022,Yes,Auto-Renewed
CN002235,C0004018,PL016,Fiber Broadband,24,01-01-2014,22-12-2015,No,Renewed
CN002236,C0004019,PL005,Prepaid Mobile,18,01-01-2014,25-06-2015,Yes,Pending
CN002237,C0004020,PL024,IoT Solutions,18,23-04-2015,14-10-2016,No,Renewed
CN002238,C0004023,PL005,Prepaid Mobile,12,15-10-2018,10-10-2019,No,Renewed
CN002239,C0004025,PL021,Enterprise,24,01-01-2014,22-12-2015,No,Pending
CN002240,C0004026,PL006,Prepaid Mobile,24,01-01-2014,22-12-2015,Yes,Renewed
CN002241,C0004027,PL006,Prepaid Mobile,24,01-01-2014,22-12-2015,Yes,Auto-Renewed
CN002242,C0004028,PL007,Postpaid Mobile,36,10-09-2020,26-08-2023,Yes,Renewed
CN002243,C0004033,PL011,Postpaid Mobile,12,06-03-2025,01-03-2026,No,Auto-Renewed
CN002244,C0004038,PL010,Postpaid Mobile,18,01-09-2019,22-02-2021,No,Pending
CN002245,C0004039,PL011,Postpaid Mobile,12,11-11-2019,05-11-2020,Yes,Auto-Renewed
CN002246,C0004040,PL010,Postpaid Mobile,36,08-11-2025,23-10-2028,No,Active
CN002247,C0004043,PL006,Prepaid Mobile,36,07-06-2025,22-05-2028,No,Auto-Renewed
CN002248,C0004045,PL018,Fiber Broadband,36,30-04-2016,15-04-2019,Yes,Renewed
CN002249,C0004048,PL022,Enterprise,24,21-12-2017,11-12-2019,No,Pending
CN002250,C0004049,PL006,Prepaid Mobile,12,01-01-2014,27-12-2014,Yes,Pending
CN002251,C0004051,PL006,Prepaid Mobile,18,14-11-2022,07-05-2024,No,Auto-Renewed
CN002252,C0004054,PL010,Postpaid Mobile,36,03-02-2019,18-01-2022,No,Renewed
CN002253,C0004055,PL018,Fiber Broadband,36,07-10-2020,22-09-2023,Yes,Renewed
CN002254,C0004058,PL018,Fiber Broadband,12,26-08-2022,21-08-2023,No,Renewed
CN002255,C0004059,PL018,Fiber Broadband,24,01-01-2014,22-12-2015,No,Active
CN002256,C0004060,PL024,IoT Solutions,24,09-09-2015,29-08-2017,Yes,Renewed
CN002257,C0004061,PL009,Postpaid Mobile,24,21-03-2017,11-03-2019,Yes,Auto-Renewed
CN002258,C0004062,PL024,IoT Solutions,24,05-03-2022,23-02-2024,Yes,Renewed
CN002259,C0004075,PL016,Fiber Broadband,18,11-03-2021,02-09-2022,No,Not Renewed
CN002260,C0004076,PL015,Fiber Broadband,24,01-01-2014,22-12-2015,Yes,Renewed
CN002261,C0004078,PL006,Prepaid Mobile,24,28-01-2015,17-01-2017,No,Renewed
CN002262,C0004079,PL005,Prepaid Mobile,36,01-01-2014,16-12-2016,No,Auto-Renewed
CN002263,C0004082,PL006,Prepaid Mobile,12,01-01-2014,27-12-2014,No,Auto-Renewed
CN002264,C0004089,PL015,Fiber Broadband,24,01-01-2014,22-12-2015,Yes,Auto-Renewed
CN002265,C0004091,PL015,Fiber Broadband,12,01-01-2014,27-12-2014,Yes,Renewed
CN002266,C0004092,PL011,Postpaid Mobile,12,01-01-2014,27-12-2014,Yes,Auto-Renewed
CN002267,C0004093,PL025,Smart Home,36,11-04-2019,26-03-2022,Yes,Pending
CN002268,C0004094,PL015,Fiber Broadband,12,26-02-2022,21-02-2023,Yes,Renewed
CN002269,C0004096,PL023,IoT Solutions,12,28-06-2018,23-06-2019,Yes,Auto-Renewed
CN002270,C0004100,PL010,Postpaid Mobile,36,08-07-2022,22-06-2025,No,Active
CN002271,C0004101,PL025,Smart Home,12,25-01-2025,20-01-2026,Yes,Active
CN002272,C0004106,PL016,Fiber Broadband,18,01-01-2014,25-06-2015,Yes,Cancelled
CN002273,C0004107,PL025,Smart Home,12,02-09-2018,28-08-2019,Yes,Auto-Renewed
CN002274,C0004108,PL025,Smart Home,18,23-10-2022,15-04-2024,No,Cancelled
CN002275,C0004110,PL011,Postpaid Mobile,24,22-05-2018,11-05-2020,Yes,Not Renewed
CN002276,C0004111,PL017,Fiber Broadband,12,27-03-2017,22-03-2018,No,Renewed
CN002277,C0004112,PL005,Prepaid Mobile,18,01-01-2014,25-06-2015,No,Renewed
CN002278,C0004117,PL006,Prepaid Mobile,24,01-01-2014,22-12-2015,Yes,Renewed
CN002279,C0004119,PL010,Postpaid Mobile,24,14-07-2023,03-07-2025,No,Auto-Renewed
CN002280,C0004121,PL006,Prepaid Mobile,24,01-01-2014,22-12-2015,Yes,Renewed
CN002281,C0004122,PL018,Fiber Broadband,36,18-03-2016,03-03-2019,No,Renewed
CN002282,C0004125,PL009,Postpaid Mobile,12,17-01-2020,11-01-2021,Yes,Auto-Renewed
CN002283,C0004127,PL006,Prepaid Mobile,24,03-03-2016,21-02-2018,Yes,Auto-Renewed
CN002284,C0004128,PL005,Prepaid Mobile,24,01-01-2014,22-12-2015,No,Auto-Renewed
CN002285,C0004129,PL011,Postpaid Mobile,24,07-01-2026,28-12-2027,No,Pending
CN002286,C0004131,PL005,Prepaid Mobile,24,14-03-2021,04-03-2023,Yes,Not Renewed
CN002287,C0004132,PL018,Fiber Broadband,24,01-01-2014,22-12-2015,No,Pending
CN002288,C0004133,PL007,Postpaid Mobile,18,18-04-2017,10-10-2018,No,Auto-Renewed
CN002289,C0004136,PL005,Prepaid Mobile,12,01-01-2014,27-12-2014,No,Auto-Renewed
CN002290,C0004138,PL008,Postpaid Mobile,12,01-07-2023,25-06-2024,No,Active
CN002291,C0004139,PL011,Postpaid Mobile,24,17-03-2021,07-03-2023,No,Auto-Renewed
CN002292,C0004141,PL005,Prepaid Mobile,12,01-11-2022,27-10-2023,No,Renewed
CN002293,C0004142,PL009,Postpaid Mobile,18,01-03-2021,23-08-2022,Yes,Cancelled
CN002294,C0004143,PL016,Fiber Broadband,24,25-11-2015,14-11-2017,No,Not Renewed
CN002295,C0004145,PL021,Enterprise,18,03-06-2023,24-11-2024,Yes,Renewed
CN002296,C0004147,PL018,Fiber Broadband,12,17-09-2025,12-09-2026,No,Not Renewed
CN002297,C0004149,PL008,Postpaid Mobile,36,24-09-2014,08-09-2017,No,Renewed
CN002298,C0004151,PL005,Prepaid Mobile,24,01-01-2014,22-12-2015,No,Auto-Renewed
CN002299,C0004153,PL025,Smart Home,12,17-10-2014,12-10-2015,Yes,Auto-Renewed
CN002300,C0004154,PL018,Fiber Broadband,24,23-06-2014,12-06-2016,No,Renewed
CN002301,C0004155,PL005,Prepaid Mobile,12,01-01-2014,27-12-2014,No,Pending
CN002302,C0004156,PL008,Postpaid Mobile,12,01-02-2024,26-01-2025,Yes,Renewed
CN002303,C0004159,PL022,Enterprise,12,17-04-2022,12-04-2023,Yes,Auto-Renewed
CN002304,C0004162,PL025,Smart Home,12,20-12-2022,15-12-2023,Yes,Renewed
CN002305,C0004163,PL006,Prepaid Mobile,12,28-10-2017,23-10-2018,Yes,Renewed
CN002306,C0004164,PL007,Postpaid Mobile,12,17-08-2019,11-08-2020,Yes,Auto-Renewed
CN002307,C0004165,PL017,Fiber Broadband,24,21-08-2022,10-08-2024,Yes,Renewed
CN002308,C0004166,PL011,Postpaid Mobile,12,17-11-2018,12-11-2019,Yes,Renewed
CN002309,C0004167,PL005,Prepaid Mobile,24,01-01-2014,22-12-2015,Yes,Pending
CN002310,C0004168,PL024,IoT Solutions,24,01-11-2017,22-10-2019,Yes,Active
CN002311,C0004169,PL025,Smart Home,24,06-09-2023,26-08-2025,No,Active
CN002312,C0004170,PL006,Prepaid Mobile,24,01-01-2014,22-12-2015,No,Active
CN002313,C0004171,PL021,Enterprise,12,30-11-2018,25-11-2019,No,Renewed
CN002314,C0004176,PL010,Postpaid Mobile,12,18-11-2025,13-11-2026,Yes,Pending
CN002315,C0004179,PL010,Postpaid Mobile,18,30-10-2017,23-04-2019,Yes,Auto-Renewed
CN002316,C0004180,PL023,IoT Solutions,18,26-09-2017,20-03-2019,No,Auto-Renewed
CN002317,C0004182,PL010,Postpaid Mobile,24,29-03-2023,18-03-2025,Yes,Renewed
CN002318,C0004183,PL008,Postpaid Mobile,18,06-07-2016,28-12-2017,Yes,Not Renewed
CN002319,C0004184,PL005,Prepaid Mobile,24,01-01-2014,22-12-2015,No,Auto-Renewed
CN002320,C0004187,PL006,Prepaid Mobile,12,08-03-2024,03-03-2025,Yes,Renewed
CN002321,C0004188,PL018,Fiber Broadband,12,26-08-2019,20-08-2020,Yes,Pending
CN002322,C0004189,PL021,Enterprise,24,01-01-2014,22-12-2015,No,Not Renewed
CN002323,C0004190,PL018,Fiber Broadband,18,01-01-2014,25-06-2015,Yes,Renewed
CN002324,C0004192,PL006,Prepaid Mobile,24,18-02-2015,07-02-2017,No,Renewed
CN002325,C0004193,PL006,Prepaid Mobile,12,08-11-2016,03-11-2017,Yes,Pending
CN002326,C0004195,PL005,Prepaid Mobile,12,01-01-2014,27-12-2014,Yes,Not Renewed
CN002327,C0004196,PL009,Postpaid Mobile,18,10-03-2018,01-09-2019,Yes,Auto-Renewed
CN002328,C0004198,PL010,Postpaid Mobile,24,23-01-2017,13-01-2019,No,Cancelled
CN002329,C0004199,PL007,Postpaid Mobile,24,13-08-2020,03-08-2022,Yes,Pending
CN002330,C0004200,PL016,Fiber Broadband,12,28-10-2014,23-10-2015,No,Renewed
CN002331,C0004202,PL011,Postpaid Mobile,12,08-12-2015,02-12-2016,No,Auto-Renewed
CN002332,C0004203,PL009,Postpaid Mobile,36,27-11-2016,12-11-2019,No,Auto-Renewed
CN002333,C0004204,PL011,Postpaid Mobile,24,04-07-2018,23-06-2020,No,Renewed
CN002334,C0004206,PL016,Fiber Broadband,12,01-01-2014,27-12-2014,No,Not Renewed
CN002335,C0004208,PL006,Prepaid Mobile,36,10-12-2018,24-11-2021,Yes,Pending
CN002336,C0004209,PL011,Postpaid Mobile,12,09-01-2024,03-01-2025,Yes,Renewed
CN002337,C0004211,PL016,Fiber Broadband,36,31-08-2014,15-08-2017,Yes,Active
CN002338,C0004212,PL007,Postpaid Mobile,24,04-03-2021,22-02-2023,Yes,Not Renewed
CN002339,C0004214,PL006,Prepaid Mobile,12,01-01-2014,27-12-2014,Yes,Renewed
CN002340,C0004215,PL008,Postpaid Mobile,18,25-09-2020,19-03-2022,Yes,Cancelled
CN002341,C0004216,PL015,Fiber Broadband,18,01-01-2014,25-06-2015,Yes,Renewed
CN002342,C0004218,PL006,Prepaid Mobile,12,19-12-2015,13-12-2016,Yes,Auto-Renewed
CN002343,C0004219,PL008,Postpaid Mobile,24,07-04-2014,27-03-2016,No,Active
CN002344,C0004221,PL005,Prepaid Mobile,12,06-05-2025,01-05-2026,No,Renewed
CN002345,C0004222,PL011,Postpaid Mobile,24,28-03-2025,18-03-2027,No,Auto-Renewed
CN002346,C0004224,PL005,Prepaid Mobile,12,12-03-2022,07-03-2023,No,Active
CN002347,C0004226,PL010,Postpaid Mobile,24,29-12-2024,19-12-2026,Yes,Renewed
CN002348,C0004228,PL008,Postpaid Mobile,12,01-06-2024,27-05-2025,No,Not Renewed
CN002349,C0004229,PL015,Fiber Broadband,12,01-01-2014,27-12-2014,Yes,Active
CN002350,C0004230,PL006,Prepaid Mobile,24,01-01-2014,22-12-2015,Yes,Active
CN002351,C0004232,PL005,Prepaid Mobile,36,07-04-2023,22-03-2026,No,Cancelled
CN002352,C0004233,PL005,Prepaid Mobile,24,01-01-2014,22-12-2015,Yes,Pending
CN002353,C0004235,PL024,IoT Solutions,12,25-02-2024,19-02-2025,No,Active
CN002354,C0004236,PL010,Postpaid Mobile,18,04-10-2015,27-03-2017,Yes,Pending
CN002355,C0004237,PL005,Prepaid Mobile,24,22-06-2017,12-06-2019,Yes,Pending
CN002356,C0004238,PL025,Smart Home,12,26-11-2016,21-11-2017,Yes,Renewed
CN002357,C0004242,PL011,Postpaid Mobile,36,27-10-2021,11-10-2024,No,Renewed
CN002358,C0004243,PL018,Fiber Broadband,12,01-01-2014,27-12-2014,Yes,Renewed
CN002359,C0004244,PL023,IoT Solutions,24,06-01-2024,26-12-2025,Yes,Auto-Renewed
CN002360,C0004247,PL017,Fiber Broadband,12,21-08-2019,15-08-2020,Yes,Not Renewed
CN002361,C0004248,PL009,Postpaid Mobile,12,30-09-2024,25-09-2025,No,Not Renewed
CN002362,C0004252,PL021,Enterprise,18,01-01-2014,25-06-2015,Yes,Active
CN002363,C0004254,PL015,Fiber Broadband,12,01-01-2014,27-12-2014,Yes,Pending
CN002364,C0004255,PL009,Postpaid Mobile,36,05-05-2016,20-04-2019,No,Renewed
CN002365,C0004257,PL010,Postpaid Mobile,12,28-01-2020,22-01-2021,No,Not Renewed
CN002366,C0004259,PL006,Prepaid Mobile,12,01-01-2014,27-12-2014,Yes,Renewed
CN002367,C0004260,PL007,Postpaid Mobile,24,17-12-2017,07-12-2019,No,Active
CN002368,C0004261,PL015,Fiber Broadband,18,11-10-2019,03-04-2021,Yes,Not Renewed
CN002369,C0004264,PL009,Postpaid Mobile,36,07-11-2015,22-10-2018,No,Auto-Renewed
CN002370,C0004265,PL022,Enterprise,24,01-01-2014,22-12-2015,Yes,Auto-Renewed
CN002371,C0004268,PL009,Postpaid Mobile,24,12-07-2020,02-07-2022,No,Renewed
CN002372,C0004269,PL005,Prepaid Mobile,24,01-01-2014,22-12-2015,No,Renewed
CN002373,C0004270,PL006,Prepaid Mobile,36,11-12-2014,25-11-2017,No,Auto-Renewed
CN002374,C0004271,PL022,Enterprise,24,06-11-2020,27-10-2022,Yes,Auto-Renewed
CN002375,C0004272,PL024,IoT Solutions,24,09-01-2020,29-12-2021,Yes,Active
CN002376,C0004273,PL006,Prepaid Mobile,24,03-12-2018,22-11-2020,Yes,Renewed
CN002377,C0004274,PL018,Fiber Broadband,12,01-01-2014,27-12-2014,Yes,Auto-Renewed
CN002378,C0004275,PL015,Fiber Broadband,12,01-01-2014,27-12-2014,Yes,Active
CN002379,C0004276,PL022,Enterprise,12,01-01-2014,27-12-2014,No,Active
CN002380,C0004281,PL016,Fiber Broadband,12,15-10-2018,10-10-2019,No,Renewed
CN002381,C0004284,PL017,Fiber Broadband,24,01-01-2014,22-12-2015,No,Pending
CN002382,C0004285,PL010,Postpaid Mobile,12,09-04-2016,04-04-2017,Yes,Active
CN002383,C0004288,PL025,Smart Home,24,30-03-2023,19-03-2025,Yes,Active
CN002384,C0004289,PL005,Prepaid Mobile,12,01-01-2014,27-12-2014,No,Active
CN002385,C0004291,PL006,Prepaid Mobile,24,06-11-2025,27-10-2027,No,Pending
CN002386,C0004293,PL006,Prepaid Mobile,24,01-01-2014,22-12-2015,Yes,Renewed
CN002387,C0004295,PL011,Postpaid Mobile,18,15-07-2025,06-01-2027,Yes,Auto-Renewed
CN002388,C0004297,PL007,Postpaid Mobile,24,16-02-2016,05-02-2018,No,Auto-Renewed
CN002389,C0004298,PL022,Enterprise,12,19-12-2017,14-12-2018,Yes,Pending
CN002390,C0004300,PL021,Enterprise,12,15-06-2025,10-06-2026,No,Renewed
CN002391,C0004301,PL010,Postpaid Mobile,24,26-03-2020,16-03-2022,No,Renewed
CN002392,C0004302,PL010,Postpaid Mobile,24,26-03-2015,15-03-2017,No,Auto-Renewed
CN002393,C0004303,PL006,Prepaid Mobile,24,07-02-2022,28-01-2024,Yes,Renewed
CN002394,C0004305,PL005,Prepaid Mobile,12,09-06-2020,04-06-2021,Yes,Cancelled
CN002395,C0004307,PL015,Fiber Broadband,24,06-04-2017,27-03-2019,Yes,Renewed
CN002396,C0004308,PL005,Prepaid Mobile,12,03-09-2014,29-08-2015,No,Renewed
CN002397,C0004309,PL006,Prepaid Mobile,24,16-12-2022,05-12-2024,Yes,Active
CN002398,C0004311,PL024,IoT Solutions,12,10-03-2019,04-03-2020,No,Renewed
CN002399,C0004312,PL005,Prepaid Mobile,12,20-06-2024,15-06-2025,Yes,Renewed
CN002400,C0004314,PL015,Fiber Broadband,36,24-02-2025,09-02-2028,No,Renewed
CN002401,C0004315,PL011,Postpaid Mobile,12,01-01-2014,27-12-2014,Yes,Renewed
CN002402,C0004319,PL006,Prepaid Mobile,24,01-01-2014,22-12-2015,Yes,Auto-Renewed
CN002403,C0004323,PL009,Postpaid Mobile,18,10-02-2015,03-08-2016,Yes,Active
CN002404,C0004324,PL007,Postpaid Mobile,12,26-08-2014,21-08-2015,No,Pending
CN002405,C0004327,PL007,Postpaid Mobile,12,01-04-2023,26-03-2024,No,Renewed
CN002406,C0004332,PL011,Postpaid Mobile,12,12-07-2015,06-07-2016,Yes,Renewed
CN002407,C0004333,PL021,Enterprise,12,24-09-2018,19-09-2019,No,Active
CN002408,C0004335,PL021,Enterprise,12,01-01-2014,27-12-2014,No,Active
CN002409,C0004337,PL009,Postpaid Mobile,18,03-04-2022,25-09-2023,Yes,Renewed
CN002410,C0004339,PL007,Postpaid Mobile,18,06-05-2017,28-10-2018,Yes,Renewed
CN002411,C0004341,PL017,Fiber Broadband,12,08-11-2016,03-11-2017,No,Active
CN002412,C0004342,PL017,Fiber Broadband,12,11-05-2019,05-05-2020,No,Renewed
CN002413,C0004347,PL022,Enterprise,24,12-02-2016,01-02-2018,No,Auto-Renewed
CN002414,C0004348,PL005,Prepaid Mobile,12,30-10-2025,25-10-2026,No,Renewed
CN002415,C0004350,PL021,Enterprise,36,01-01-2014,16-12-2016,No,Auto-Renewed
CN002416,C0004352,PL017,Fiber Broadband,12,14-07-2022,09-07-2023,No,Active
CN002417,C0004355,PL022,Enterprise,12,01-01-2014,27-12-2014,Yes,Auto-Renewed
CN002418,C0004357,PL006,Prepaid Mobile,24,01-01-2014,22-12-2015,Yes,Renewed
CN002419,C0004358,PL006,Prepaid Mobile,24,15-04-2025,05-04-2027,Yes,Pending
CN002420,C0004359,PL007,Postpaid Mobile,24,15-06-2021,05-06-2023,No,Active
CN002421,C0004364,PL006,Prepaid Mobile,12,01-01-2014,27-12-2014,No,Renewed
CN002422,C0004368,PL008,Postpaid Mobile,12,27-11-2019,21-11-2020,Yes,Active
CN002423,C0004370,PL005,Prepaid Mobile,18,01-06-2024,23-11-2025,Yes,Pending
CN002424,C0004372,PL008,Postpaid Mobile,24,03-11-2018,23-10-2020,No,Renewed
CN002425,C0004373,PL006,Prepaid Mobile,36,28-01-2018,12-01-2021,No,Pending
CN002426,C0004374,PL005,Prepaid Mobile,24,01-01-2014,22-12-2015,Yes,Pending
CN002427,C0004376,PL008,Postpaid Mobile,12,01-04-2023,26-03-2024,Yes,Auto-Renewed
CN002428,C0004377,PL018,Fiber Broadband,36,01-01-2014,16-12-2016,Yes,Not Renewed
CN002429,C0004378,PL010,Postpaid Mobile,12,30-05-2020,25-05-2021,Yes,Active
CN002430,C0004379,PL006,Prepaid Mobile,12,05-03-2020,28-02-2021,Yes,Renewed
CN002431,C0004380,PL011,Postpaid Mobile,18,06-06-2017,28-11-2018,No,Auto-Renewed
CN002432,C0004381,PL010,Postpaid Mobile,12,16-07-2014,11-07-2015,No,Auto-Renewed
CN002433,C0004384,PL005,Prepaid Mobile,12,27-07-2020,22-07-2021,Yes,Auto-Renewed
CN002434,C0004385,PL006,Prepaid Mobile,12,18-01-2023,13-01-2024,Yes,Pending
CN002435,C0004386,PL011,Postpaid Mobile,12,01-01-2014,27-12-2014,Yes,Renewed
CN002436,C0004387,PL009,Postpaid Mobile,12,16-11-2022,11-11-2023,Yes,Renewed
CN002437,C0004390,PL022,Enterprise,12,01-01-2014,27-12-2014,No,Active
CN002438,C0004391,PL009,Postpaid Mobile,12,17-08-2019,11-08-2020,No,Pending
CN002439,C0004393,PL006,Prepaid Mobile,18,29-01-2014,23-07-2015,No,Renewed
CN002440,C0004395,PL009,Postpaid Mobile,24,29-11-2023,18-11-2025,Yes,Renewed
CN002441,C0004399,PL010,Postpaid Mobile,24,22-06-2024,12-06-2026,Yes,Pending
CN002442,C0004403,PL005,Prepaid Mobile,12,20-02-2016,14-02-2017,No,Pending
CN002443,C0004406,PL006,Prepaid Mobile,12,01-01-2014,27-12-2014,No,Pending
CN002444,C0004407,PL005,Prepaid Mobile,12,01-01-2014,27-12-2014,No,Pending
CN002445,C0004408,PL005,Prepaid Mobile,12,01-01-2014,27-12-2014,No,Renewed
CN002446,C0004410,PL023,IoT Solutions,12,30-03-2016,25-03-2017,Yes,Renewed
CN002447,C0004411,PL023,IoT Solutions,24,22-10-2025,12-10-2027,Yes,Not Renewed
CN002448,C0004412,PL009,Postpaid Mobile,12,15-03-2015,09-03-2016,Yes,Renewed
CN002449,C0004413,PL006,Prepaid Mobile,12,12-09-2025,07-09-2026,No,Renewed
CN002450,C0004414,PL010,Postpaid Mobile,12,09-12-2021,04-12-2022,No,Renewed
CN002451,C0004415,PL015,Fiber Broadband,18,01-01-2014,25-06-2015,No,Pending
CN002452,C0004416,PL022,Enterprise,18,01-01-2014,25-06-2015,No,Renewed
CN002453,C0004417,PL007,Postpaid Mobile,24,08-06-2025,29-05-2027,Yes,Not Renewed
CN002454,C0004418,PL021,Enterprise,12,05-08-2018,31-07-2019,Yes,Auto-Renewed
CN002455,C0004419,PL007,Postpaid Mobile,12,17-11-2014,12-11-2015,No,Not Renewed
CN002456,C0004420,PL025,Smart Home,12,28-12-2015,22-12-2016,Yes,Renewed
CN002457,C0004421,PL010,Postpaid Mobile,18,21-12-2017,14-06-2019,Yes,Renewed
CN002458,C0004423,PL007,Postpaid Mobile,24,30-10-2015,19-10-2017,Yes,Renewed
CN002459,C0004424,PL010,Postpaid Mobile,18,03-10-2022,26-03-2024,No,Pending
CN002460,C0004425,PL024,IoT Solutions,24,15-01-2015,04-01-2017,Yes,Active
CN002461,C0004427,PL006,Prepaid Mobile,18,01-01-2014,25-06-2015,Yes,Auto-Renewed
CN002462,C0004429,PL006,Prepaid Mobile,12,05-10-2024,30-09-2025,No,Not Renewed
CN002463,C0004431,PL005,Prepaid Mobile,24,03-12-2018,22-11-2020,No,Auto-Renewed
CN002464,C0004432,PL022,Enterprise,24,01-01-2014,22-12-2015,No,Active
CN002465,C0004435,PL024,IoT Solutions,24,18-05-2014,07-05-2016,No,Renewed
CN002466,C0004437,PL011,Postpaid Mobile,12,01-01-2014,27-12-2014,Yes,Renewed
CN002467,C0004438,PL009,Postpaid Mobile,12,04-04-2015,29-03-2016,No,Renewed
CN002468,C0004440,PL023,IoT Solutions,12,24-02-2019,19-02-2020,No,Not Renewed
CN002469,C0004441,PL021,Enterprise,24,27-10-2018,16-10-2020,Yes,Renewed
CN002470,C0004442,PL011,Postpaid Mobile,12,19-06-2023,13-06-2024,Yes,Not Renewed
CN002471,C0004444,PL006,Prepaid Mobile,12,09-12-2022,04-12-2023,Yes,Pending
CN002472,C0004448,PL006,Prepaid Mobile,24,01-01-2014,22-12-2015,Yes,Renewed
CN002473,C0004450,PL009,Postpaid Mobile,12,20-07-2014,15-07-2015,Yes,Auto-Renewed
CN002474,C0004451,PL011,Postpaid Mobile,24,28-02-2014,18-02-2016,Yes,Active
CN002475,C0004453,PL008,Postpaid Mobile,24,14-12-2019,03-12-2021,No,Not Renewed
CN002476,C0004454,PL005,Prepaid Mobile,24,21-02-2023,10-02-2025,No,Active
CN002477,C0004456,PL025,Smart Home,12,13-08-2023,07-08-2024,No,Pending
CN002478,C0004457,PL021,Enterprise,12,31-07-2021,26-07-2022,Yes,Renewed
CN002479,C0004458,PL008,Postpaid Mobile,24,14-07-2020,04-07-2022,No,Auto-Renewed
CN002480,C0004459,PL005,Prepaid Mobile,12,03-11-2016,29-10-2017,Yes,Pending
CN002481,C0004461,PL005,Prepaid Mobile,18,30-11-2021,24-05-2023,Yes,Pending
CN002482,C0004462,PL008,Postpaid Mobile,24,28-10-2016,18-10-2018,Yes,Cancelled
CN002483,C0004463,PL005,Prepaid Mobile,12,03-01-2018,29-12-2018,No,Renewed
CN002484,C0004465,PL006,Prepaid Mobile,36,01-01-2014,16-12-2016,No,Auto-Renewed
CN002485,C0004466,PL017,Fiber Broadband,18,12-11-2019,05-05-2021,Yes,Active
CN002486,C0004470,PL017,Fiber Broadband,12,05-09-2016,31-08-2017,No,Auto-Renewed
CN002487,C0004471,PL024,IoT Solutions,12,09-05-2019,03-05-2020,No,Cancelled
CN002488,C0004472,PL009,Postpaid Mobile,12,03-06-2015,28-05-2016,No,Renewed
CN002489,C0004474,PL011,Postpaid Mobile,12,01-01-2014,27-12-2014,Yes,Pending
CN002490,C0004475,PL021,Enterprise,18,01-01-2014,25-06-2015,No,Renewed
CN002491,C0004476,PL007,Postpaid Mobile,12,18-05-2019,12-05-2020,No,Not Renewed
CN002492,C0004477,PL021,Enterprise,12,04-04-2019,29-03-2020,No,Auto-Renewed
CN002493,C0004478,PL007,Postpaid Mobile,24,26-08-2024,16-08-2026,Yes,Not Renewed
CN002494,C0004480,PL005,Prepaid Mobile,12,01-01-2014,27-12-2014,No,Renewed
CN002495,C0004482,PL007,Postpaid Mobile,12,08-12-2017,03-12-2018,Yes,Renewed
CN002496,C0004484,PL008,Postpaid Mobile,24,07-11-2016,28-10-2018,No,Active
CN002497,C0004486,PL023,IoT Solutions,24,08-02-2026,29-01-2028,Yes,Cancelled
CN002498,C0004487,PL005,Prepaid Mobile,12,20-09-2023,14-09-2024,Yes,Not Renewed
CN002499,C0004488,PL022,Enterprise,18,01-01-2014,25-06-2015,Yes,Not Renewed
CN002500,C0004491,PL025,Smart Home,18,15-03-2015,05-09-2016,Yes,Not Renewed
CN002501,C0004492,PL007,Postpaid Mobile,36,25-02-2017,10-02-2020,No,Active
CN002502,C0004493,PL008,Postpaid Mobile,12,10-10-2025,05-10-2026,Yes,Not Renewed
CN002503,C0004494,PL018,Fiber Broadband,18,23-10-2014,15-04-2016,No,Pending
CN002504,C0004497,PL017,Fiber Broadband,12,16-06-2022,11-06-2023,Yes,Auto-Renewed
CN002505,C0004498,PL005,Prepaid Mobile,12,17-04-2017,12-04-2018,No,Pending
CN002506,C0004500,PL022,Enterprise,36,21-09-2014,05-09-2017,No,Renewed
CN002507,C0004502,PL018,Fiber Broadband,12,07-09-2023,01-09-2024,No,Pending
CN002508,C0004503,PL011,Postpaid Mobile,24,23-10-2016,13-10-2018,No,Auto-Renewed
CN002509,C0004504,PL016,Fiber Broadband,18,01-01-2014,25-06-2015,Yes,Not Renewed
CN002510,C0004505,PL011,Postpaid Mobile,12,01-01-2014,27-12-2014,Yes,Auto-Renewed
CN002511,C0004507,PL009,Postpaid Mobile,18,15-02-2023,08-08-2024,No,Auto-Renewed
CN002512,C0004509,PL022,Enterprise,24,01-06-2018,21-05-2020,No,Auto-Renewed
CN002513,C0004510,PL015,Fiber Broadband,12,09-08-2014,04-08-2015,No,Active
CN002514,C0004511,PL018,Fiber Broadband,24,15-06-2017,05-06-2019,No,Active
CN002515,C0004512,PL011,Postpaid Mobile,18,10-10-2022,02-04-2024,Yes,Renewed
CN002516,C0004513,PL017,Fiber Broadband,24,17-02-2018,07-02-2020,Yes,Pending
CN002517,C0004515,PL009,Postpaid Mobile,12,31-10-2021,26-10-2022,Yes,Auto-Renewed
CN002518,C0004516,PL018,Fiber Broadband,18,19-01-2021,13-07-2022,No,Renewed
CN002519,C0004517,PL008,Postpaid Mobile,24,01-07-2019,20-06-2021,No,Auto-Renewed
CN002520,C0004519,PL007,Postpaid Mobile,12,26-07-2017,21-07-2018,No,Renewed
CN002521,C0004521,PL015,Fiber Broadband,12,28-07-2023,22-07-2024,No,Renewed
CN002522,C0004527,PL005,Prepaid Mobile,36,10-02-2017,26-01-2020,No,Active
CN002523,C0004531,PL011,Postpaid Mobile,24,09-02-2021,30-01-2023,No,Renewed
CN002524,C0004533,PL008,Postpaid Mobile,24,05-02-2015,25-01-2017,No,Renewed
CN002525,C0004534,PL011,Postpaid Mobile,24,01-01-2014,22-12-2015,Yes,Auto-Renewed
CN002526,C0004535,PL009,Postpaid Mobile,36,09-03-2015,21-02-2018,No,Not Renewed
CN002527,C0004536,PL006,Prepaid Mobile,24,17-04-2015,06-04-2017,Yes,Pending
CN002528,C0004541,PL005,Prepaid Mobile,18,01-01-2014,25-06-2015,No,Renewed
CN002529,C0004542,PL022,Enterprise,24,10-03-2020,28-02-2022,No,Auto-Renewed
CN002530,C0004543,PL023,IoT Solutions,18,14-12-2024,07-06-2026,No,Pending
CN002531,C0004545,PL017,Fiber Broadband,12,09-07-2021,04-07-2022,Yes,Active
CN002532,C0004546,PL025,Smart Home,24,28-07-2019,17-07-2021,Yes,Active
CN002533,C0004551,PL006,Prepaid Mobile,24,17-04-2014,06-04-2016,Yes,Active
CN002534,C0004553,PL006,Prepaid Mobile,12,31-07-2015,25-07-2016,Yes,Renewed
CN002535,C0004554,PL024,IoT Solutions,24,21-07-2022,10-07-2024,No,Renewed
CN002536,C0004556,PL022,Enterprise,24,22-06-2014,11-06-2016,No,Auto-Renewed
CN002537,C0004557,PL009,Postpaid Mobile,24,29-02-2024,18-02-2026,No,Cancelled
CN002538,C0004559,PL009,Postpaid Mobile,24,01-10-2016,21-09-2018,Yes,Not Renewed
CN002539,C0004560,PL021,Enterprise,12,18-09-2020,13-09-2021,Yes,Auto-Renewed
CN002540,C0004561,PL018,Fiber Broadband,18,01-07-2025,23-12-2026,Yes,Renewed
CN002541,C0004563,PL007,Postpaid Mobile,24,13-05-2023,02-05-2025,No,Auto-Renewed
CN002542,C0004564,PL005,Prepaid Mobile,36,08-11-2021,23-10-2024,Yes,Pending
CN002543,C0004565,PL011,Postpaid Mobile,12,28-06-2021,23-06-2022,Yes,Renewed
CN002544,C0004567,PL011,Postpaid Mobile,12,01-01-2014,27-12-2014,No,Pending
CN002545,C0004568,PL016,Fiber Broadband,12,25-11-2022,20-11-2023,No,Not Renewed
CN002546,C0004569,PL018,Fiber Broadband,12,01-01-2014,27-12-2014,No,Pending
CN002547,C0004571,PL015,Fiber Broadband,24,13-06-2022,02-06-2024,Yes,Auto-Renewed
CN002548,C0004572,PL009,Postpaid Mobile,36,21-11-2023,05-11-2026,Yes,Auto-Renewed
CN002549,C0004579,PL011,Postpaid Mobile,18,01-01-2014,25-06-2015,No,Not Renewed
CN002550,C0004580,PL017,Fiber Broadband,18,15-06-2018,07-12-2019,No,Renewed
CN002551,C0004581,PL023,IoT Solutions,12,27-11-2014,22-11-2015,Yes,Renewed
CN002552,C0004582,PL007,Postpaid Mobile,24,21-07-2019,10-07-2021,Yes,Renewed
CN002553,C0004583,PL010,Postpaid Mobile,12,11-02-2024,05-02-2025,No,Not Renewed
CN002554,C0004584,PL008,Postpaid Mobile,18,06-02-2018,31-07-2019,No,Pending
CN002555,C0004585,PL007,Postpaid Mobile,12,23-09-2017,18-09-2018,No,Pending
CN002556,C0004586,PL005,Prepaid Mobile,36,04-07-2021,18-06-2024,Yes,Renewed
CN002557,C0004588,PL011,Postpaid Mobile,12,30-12-2022,25-12-2023,Yes,Pending
CN002558,C0004594,PL015,Fiber Broadband,24,01-01-2014,22-12-2015,No,Active
CN002559,C0004597,PL008,Postpaid Mobile,36,25-12-2020,10-12-2023,Yes,Auto-Renewed
CN002560,C0004598,PL005,Prepaid Mobile,36,01-01-2014,16-12-2016,Yes,Renewed
CN002561,C0004599,PL015,Fiber Broadband,12,11-01-2016,05-01-2017,Yes,Auto-Renewed
CN002562,C0004602,PL011,Postpaid Mobile,12,01-01-2014,27-12-2014,No,Renewed
CN002563,C0004604,PL006,Prepaid Mobile,12,01-01-2014,27-12-2014,No,Renewed
CN002564,C0004609,PL009,Postpaid Mobile,18,26-08-2022,17-02-2024,No,Auto-Renewed
CN002565,C0004611,PL005,Prepaid Mobile,12,01-01-2014,27-12-2014,Yes,Renewed
CN002566,C0004612,PL021,Enterprise,24,01-01-2014,22-12-2015,Yes,Pending
CN002567,C0004613,PL023,IoT Solutions,12,23-03-2023,17-03-2024,No,Renewed
CN002568,C0004616,PL008,Postpaid Mobile,12,24-12-2023,18-12-2024,No,Pending
CN002569,C0004617,PL024,IoT Solutions,24,23-05-2016,13-05-2018,Yes,Cancelled
CN002570,C0004619,PL007,Postpaid Mobile,24,26-12-2023,15-12-2025,Yes,Cancelled
CN002571,C0004622,PL015,Fiber Broadband,18,01-01-2014,25-06-2015,No,Not Renewed
CN002572,C0004630,PL016,Fiber Broadband,24,12-11-2025,02-11-2027,Yes,Not Renewed
CN002573,C0004631,PL010,Postpaid Mobile,12,08-11-2022,03-11-2023,Yes,Active
CN002574,C0004635,PL018,Fiber Broadband,36,28-11-2024,13-11-2027,No,Not Renewed
CN002575,C0004636,PL006,Prepaid Mobile,12,08-11-2016,03-11-2017,Yes,Renewed
CN002576,C0004637,PL006,Prepaid Mobile,12,01-01-2014,27-12-2014,Yes,Auto-Renewed
CN002577,C0004639,PL011,Postpaid Mobile,18,01-01-2014,25-06-2015,No,Auto-Renewed
CN002578,C0004641,PL006,Prepaid Mobile,18,01-01-2014,25-06-2015,Yes,Active
CN002579,C0004644,PL011,Postpaid Mobile,18,09-06-2015,30-11-2016,Yes,Renewed
CN002580,C0004652,PL010,Postpaid Mobile,12,01-08-2014,27-07-2015,Yes,Renewed
CN002581,C0004653,PL015,Fiber Broadband,12,06-11-2020,01-11-2021,Yes,Auto-Renewed
CN002582,C0004656,PL006,Prepaid Mobile,24,01-01-2014,22-12-2015,No,Auto-Renewed
CN002583,C0004659,PL024,IoT Solutions,18,01-02-2026,26-07-2027,No,Active
CN002584,C0004660,PL005,Prepaid Mobile,18,01-01-2014,25-06-2015,Yes,Pending
CN002585,C0004661,PL016,Fiber Broadband,12,01-01-2014,27-12-2014,No,Auto-Renewed
CN002586,C0004662,PL021,Enterprise,12,09-04-2024,04-04-2025,No,Active
CN002587,C0004663,PL016,Fiber Broadband,12,01-01-2014,27-12-2014,Yes,Renewed
CN002588,C0004664,PL017,Fiber Broadband,36,01-01-2014,16-12-2016,Yes,Active
CN002589,C0004666,PL022,Enterprise,18,24-10-2023,16-04-2025,No,Not Renewed
CN002590,C0004667,PL007,Postpaid Mobile,36,15-05-2017,29-04-2020,Yes,Pending
CN002591,C0004670,PL006,Prepaid Mobile,12,04-12-2016,29-11-2017,Yes,Renewed
CN002592,C0004672,PL006,Prepaid Mobile,12,01-01-2014,27-12-2014,No,Renewed
CN002593,C0004673,PL006,Prepaid Mobile,36,01-01-2014,16-12-2016,Yes,Pending
CN002594,C0004675,PL023,IoT Solutions,36,11-01-2015,26-12-2017,No,Pending
CN002595,C0004676,PL022,Enterprise,24,17-07-2025,07-07-2027,Yes,Cancelled
CN002596,C0004677,PL006,Prepaid Mobile,24,16-10-2015,05-10-2017,Yes,Auto-Renewed
CN002597,C0004678,PL021,Enterprise,24,01-01-2014,22-12-2015,No,Pending
CN002598,C0004680,PL005,Prepaid Mobile,12,15-04-2021,10-04-2022,Yes,Pending
CN002599,C0004681,PL010,Postpaid Mobile,12,01-08-2025,27-07-2026,Yes,Not Renewed
CN002600,C0004682,PL010,Postpaid Mobile,18,01-03-2024,23-08-2025,No,Renewed
CN002601,C0004683,PL016,Fiber Broadband,12,05-02-2026,31-01-2027,No,Active
CN002602,C0004684,PL008,Postpaid Mobile,24,01-02-2017,22-01-2019,No,Auto-Renewed
CN002603,C0004685,PL006,Prepaid Mobile,12,22-07-2025,17-07-2026,Yes,Cancelled
CN002604,C0004686,PL005,Prepaid Mobile,12,01-01-2014,27-12-2014,Yes,Renewed
CN002605,C0004687,PL007,Postpaid Mobile,12,05-03-2022,28-02-2023,Yes,Renewed
CN002606,C0004689,PL022,Enterprise,12,05-07-2016,30-06-2017,No,Renewed
CN002607,C0004690,PL016,Fiber Broadband,12,01-01-2014,27-12-2014,Yes,Active
CN002608,C0004691,PL018,Fiber Broadband,18,23-09-2023,16-03-2025,No,Auto-Renewed
CN002609,C0004694,PL016,Fiber Broadband,36,20-04-2024,05-04-2027,No,Not Renewed
CN002610,C0004695,PL009,Postpaid Mobile,12,07-12-2016,02-12-2017,No,Renewed
CN002611,C0004696,PL021,Enterprise,24,27-12-2017,17-12-2019,Yes,Auto-Renewed
CN002612,C0004698,PL018,Fiber Broadband,12,18-02-2023,13-02-2024,Yes,Pending
CN002613,C0004700,PL006,Prepaid Mobile,36,15-04-2014,30-03-2017,No,Auto-Renewed
CN002614,C0004702,PL008,Postpaid Mobile,12,13-07-2014,08-07-2015,No,Auto-Renewed
CN002615,C0004703,PL006,Prepaid Mobile,24,17-07-2019,06-07-2021,No,Not Renewed
CN002616,C0004705,PL017,Fiber Broadband,12,01-01-2014,27-12-2014,No,Renewed
CN002617,C0004707,PL018,Fiber Broadband,12,22-11-2016,17-11-2017,Yes,Auto-Renewed
CN002618,C0004708,PL005,Prepaid Mobile,18,01-01-2014,25-06-2015,No,Active
CN002619,C0004709,PL017,Fiber Broadband,36,04-05-2025,18-04-2028,No,Not Renewed
CN002620,C0004710,PL006,Prepaid Mobile,24,01-01-2014,22-12-2015,No,Renewed
CN002621,C0004711,PL008,Postpaid Mobile,24,09-01-2021,30-12-2022,Yes,Active
CN002622,C0004713,PL010,Postpaid Mobile,18,24-01-2021,18-07-2022,No,Auto-Renewed
CN002623,C0004715,PL006,Prepaid Mobile,12,01-01-2014,27-12-2014,No,Renewed
CN002624,C0004717,PL018,Fiber Broadband,18,30-01-2017,24-07-2018,No,Active
CN002625,C0004718,PL009,Postpaid Mobile,36,06-09-2022,21-08-2025,No,Auto-Renewed
CN002626,C0004720,PL016,Fiber Broadband,12,14-09-2015,08-09-2016,No,Not Renewed
CN002627,C0004721,PL006,Prepaid Mobile,12,01-01-2014,27-12-2014,No,Auto-Renewed
CN002628,C0004722,PL011,Postpaid Mobile,12,01-01-2014,27-12-2014,Yes,Renewed
CN002629,C0004725,PL005,Prepaid Mobile,24,01-01-2014,22-12-2015,Yes,Renewed
CN002630,C0004727,PL015,Fiber Broadband,24,04-05-2021,24-04-2023,No,Auto-Renewed
CN002631,C0004729,PL022,Enterprise,36,01-01-2014,16-12-2016,No,Active
CN002632,C0004730,PL018,Fiber Broadband,24,26-09-2017,16-09-2019,Yes,Not Renewed
CN002633,C0004732,PL021,Enterprise,12,26-05-2016,21-05-2017,No,Not Renewed
CN002634,C0004733,PL005,Prepaid Mobile,24,06-11-2016,27-10-2018,No,Renewed
CN002635,C0004734,PL015,Fiber Broadband,24,02-03-2014,20-02-2016,Yes,Cancelled
CN002636,C0004735,PL005,Prepaid Mobile,18,07-07-2021,29-12-2022,Yes,Renewed
CN002637,C0004736,PL022,Enterprise,18,13-02-2015,06-08-2016,No,Pending
CN002638,C0004741,PL015,Fiber Broadband,18,15-08-2014,06-02-2016,Yes,Pending
CN002639,C0004745,PL006,Prepaid Mobile,18,28-01-2024,21-07-2025,No,Active
CN002640,C0004747,PL008,Postpaid Mobile,12,14-06-2020,09-06-2021,Yes,Auto-Renewed
CN002641,C0004750,PL018,Fiber Broadband,12,01-01-2014,27-12-2014,No,Not Renewed
CN002642,C0004751,PL016,Fiber Broadband,12,24-03-2017,19-03-2018,Yes,Renewed
CN002643,C0004752,PL007,Postpaid Mobile,24,21-10-2017,11-10-2019,Yes,Renewed
CN002644,C0004754,PL007,Postpaid Mobile,36,24-09-2015,08-09-2018,Yes,Renewed
CN002645,C0004755,PL008,Postpaid Mobile,24,25-09-2018,14-09-2020,No,Active
CN002646,C0004756,PL025,Smart Home,12,26-12-2021,21-12-2022,Yes,Not Renewed
CN002647,C0004757,PL015,Fiber Broadband,18,20-08-2021,11-02-2023,No,Auto-Renewed
CN002648,C0004759,PL016,Fiber Broadband,24,24-03-2014,13-03-2016,Yes,Pending
CN002649,C0004760,PL005,Prepaid Mobile,18,01-01-2014,25-06-2015,No,Auto-Renewed
CN002650,C0004761,PL011,Postpaid Mobile,12,07-07-2019,01-07-2020,Yes,Active
CN002651,C0004766,PL010,Postpaid Mobile,12,16-11-2018,11-11-2019,Yes,Not Renewed
CN002652,C0004771,PL006,Prepaid Mobile,12,04-01-2023,30-12-2023,No,Renewed
CN002653,C0004773,PL009,Postpaid Mobile,12,22-03-2015,16-03-2016,No,Renewed
CN002654,C0004774,PL025,Smart Home,24,12-03-2019,01-03-2021,Yes,Active
CN002655,C0004777,PL008,Postpaid Mobile,24,26-07-2016,16-07-2018,Yes,Pending
CN002656,C0004779,PL005,Prepaid Mobile,18,01-01-2014,25-06-2015,Yes,Renewed
CN002657,C0004780,PL010,Postpaid Mobile,12,02-02-2017,28-01-2018,No,Auto-Renewed
CN002658,C0004781,PL011,Postpaid Mobile,12,28-05-2023,22-05-2024,Yes,Renewed
CN002659,C0004782,PL006,Prepaid Mobile,36,26-02-2014,10-02-2017,No,Auto-Renewed
CN002660,C0004785,PL015,Fiber Broadband,36,30-03-2014,14-03-2017,Yes,Not Renewed
CN002661,C0004786,PL011,Postpaid Mobile,12,01-01-2014,27-12-2014,Yes,Pending
CN002662,C0004789,PL006,Prepaid Mobile,18,01-01-2014,25-06-2015,Yes,Not Renewed
CN002663,C0004795,PL007,Postpaid Mobile,12,24-06-2017,19-06-2018,Yes,Renewed
CN002664,C0004798,PL017,Fiber Broadband,24,01-01-2014,22-12-2015,Yes,Auto-Renewed
CN002665,C0004802,PL006,Prepaid Mobile,24,01-01-2014,22-12-2015,No,Renewed
CN002666,C0004803,PL005,Prepaid Mobile,12,01-01-2014,27-12-2014,No,Renewed
CN002667,C0004804,PL018,Fiber Broadband,12,11-12-2015,05-12-2016,No,Pending
CN002668,C0004806,PL006,Prepaid Mobile,24,01-01-2014,22-12-2015,No,Auto-Renewed
CN002669,C0004809,PL018,Fiber Broadband,12,23-08-2022,18-08-2023,No,Active
CN002670,C0004810,PL016,Fiber Broadband,36,05-11-2020,21-10-2023,No,Renewed
CN002671,C0004811,PL016,Fiber Broadband,12,23-01-2022,18-01-2023,No,Renewed
CN002672,C0004812,PL024,IoT Solutions,12,12-11-2014,07-11-2015,Yes,Active
CN002673,C0004814,PL017,Fiber Broadband,12,01-01-2014,27-12-2014,No,Pending
CN002674,C0004815,PL010,Postpaid Mobile,24,11-04-2023,31-03-2025,Yes,Renewed
CN002675,C0004816,PL008,Postpaid Mobile,12,11-05-2015,05-05-2016,No,Renewed
CN002676,C0004817,PL005,Prepaid Mobile,24,01-01-2014,22-12-2015,No,Renewed
CN002677,C0004818,PL009,Postpaid Mobile,12,21-11-2016,16-11-2017,Yes,Active
CN002678,C0004819,PL023,IoT Solutions,24,12-12-2017,02-12-2019,Yes,Active
CN002679,C0004822,PL006,Prepaid Mobile,36,01-01-2014,16-12-2016,Yes,Active
CN002680,C0004823,PL007,Postpaid Mobile,24,04-01-2016,24-12-2017,Yes,Renewed
CN002681,C0004826,PL022,Enterprise,12,01-01-2014,27-12-2014,No,Renewed
CN002682,C0004828,PL006,Prepaid Mobile,12,01-01-2014,27-12-2014,No,Renewed
CN002683,C0004829,PL018,Fiber Broadband,18,01-01-2014,25-06-2015,No,Auto-Renewed
CN002684,C0004831,PL006,Prepaid Mobile,12,12-07-2014,07-07-2015,Yes,Active
CN002685,C0004835,PL022,Enterprise,12,30-04-2015,24-04-2016,Yes,Auto-Renewed
CN002686,C0004836,PL021,Enterprise,24,01-01-2014,22-12-2015,Yes,Active
CN002687,C0004838,PL009,Postpaid Mobile,12,19-02-2025,14-02-2026,No,Renewed
CN002688,C0004839,PL006,Prepaid Mobile,18,28-04-2023,19-10-2024,Yes,Active
CN002689,C0004840,PL017,Fiber Broadband,36,02-04-2022,17-03-2025,No,Active
CN002690,C0004841,PL022,Enterprise,18,01-01-2014,25-06-2015,Yes,Active
CN002691,C0004843,PL006,Prepaid Mobile,24,01-01-2014,22-12-2015,No,Renewed
CN002692,C0004845,PL006,Prepaid Mobile,12,25-01-2019,20-01-2020,No,Renewed
CN002693,C0004847,PL018,Fiber Broadband,24,01-01-2021,22-12-2022,Yes,Auto-Renewed
CN002694,C0004849,PL007,Postpaid Mobile,12,14-05-2018,09-05-2019,Yes,Auto-Renewed
CN002695,C0004850,PL006,Prepaid Mobile,12,27-10-2024,22-10-2025,Yes,Renewed
CN002696,C0004851,PL006,Prepaid Mobile,24,09-04-2018,29-03-2020,No,Renewed
CN002697,C0004855,PL005,Prepaid Mobile,12,01-01-2014,27-12-2014,Yes,Auto-Renewed
CN002698,C0004856,PL011,Postpaid Mobile,12,18-07-2025,13-07-2026,Yes,Auto-Renewed
CN002699,C0004858,PL005,Prepaid Mobile,24,01-01-2014,22-12-2015,Yes,Renewed
CN002700,C0004860,PL009,Postpaid Mobile,12,17-08-2019,11-08-2020,No,Active
CN002701,C0004861,PL005,Prepaid Mobile,36,01-01-2014,16-12-2016,Yes,Renewed
CN002702,C0004862,PL006,Prepaid Mobile,12,01-01-2014,27-12-2014,No,Auto-Renewed
CN002703,C0004864,PL009,Postpaid Mobile,24,21-08-2025,11-08-2027,Yes,Cancelled
CN002704,C0004865,PL018,Fiber Broadband,12,01-01-2014,27-12-2014,Yes,Active
CN002705,C0004866,PL006,Prepaid Mobile,12,11-03-2016,06-03-2017,No,Active
CN002706,C0004867,PL017,Fiber Broadband,12,01-01-2014,27-12-2014,Yes,Not Renewed
CN002707,C0004869,PL011,Postpaid Mobile,36,01-01-2014,16-12-2016,Yes,Renewed
CN002708,C0004871,PL009,Postpaid Mobile,12,03-07-2024,28-06-2025,Yes,Not Renewed
CN002709,C0004872,PL005,Prepaid Mobile,12,17-09-2015,11-09-2016,No,Auto-Renewed
CN002710,C0004874,PL009,Postpaid Mobile,18,10-11-2024,04-05-2026,Yes,Renewed
CN002711,C0004875,PL016,Fiber Broadband,12,16-03-2025,11-03-2026,No,Renewed
CN002712,C0004878,PL006,Prepaid Mobile,18,01-01-2014,25-06-2015,No,Auto-Renewed
CN002713,C0004879,PL005,Prepaid Mobile,12,01-01-2014,27-12-2014,Yes,Auto-Renewed
CN002714,C0004880,PL010,Postpaid Mobile,18,02-05-2021,24-10-2022,Yes,Auto-Renewed
CN002715,C0004881,PL011,Postpaid Mobile,12,21-12-2014,16-12-2015,Yes,Auto-Renewed
CN002716,C0004882,PL024,IoT Solutions,24,10-03-2019,27-02-2021,No,Renewed
CN002717,C0004884,PL006,Prepaid Mobile,18,01-01-2014,25-06-2015,Yes,Pending
CN002718,C0004885,PL009,Postpaid Mobile,12,17-09-2021,12-09-2022,No,Active
CN002719,C0004886,PL007,Postpaid Mobile,12,18-02-2015,13-02-2016,Yes,Renewed
CN002720,C0004887,PL010,Postpaid Mobile,36,21-10-2023,05-10-2026,Yes,Active
CN002721,C0004891,PL021,Enterprise,18,05-01-2014,29-06-2015,Yes,Active
CN002722,C0004893,PL010,Postpaid Mobile,12,22-10-2024,17-10-2025,Yes,Auto-Renewed
CN002723,C0004896,PL015,Fiber Broadband,24,16-06-2019,05-06-2021,Yes,Renewed
CN002724,C0004897,PL022,Enterprise,24,01-01-2014,22-12-2015,Yes,Cancelled
CN002725,C0004898,PL006,Prepaid Mobile,12,27-01-2016,21-01-2017,No,Pending
CN002726,C0004900,PL009,Postpaid Mobile,12,04-03-2024,27-02-2025,No,Pending
CN002727,C0004901,PL005,Prepaid Mobile,36,01-04-2022,16-03-2025,Yes,Renewed
CN002728,C0004902,PL018,Fiber Broadband,24,27-09-2014,16-09-2016,No,Active
CN002729,C0004909,PL006,Prepaid Mobile,12,21-10-2020,16-10-2021,Yes,Renewed
CN002730,C0004910,PL011,Postpaid Mobile,36,25-09-2018,09-09-2021,No,Pending
CN002731,C0004914,PL025,Smart Home,12,10-11-2024,05-11-2025,No,Auto-Renewed
CN002732,C0004915,PL006,Prepaid Mobile,36,11-05-2016,26-04-2019,No,Pending
CN002733,C0004916,PL005,Prepaid Mobile,12,01-01-2014,27-12-2014,No,Auto-Renewed
CN002734,C0004918,PL005,Prepaid Mobile,12,27-09-2016,22-09-2017,Yes,Renewed
CN002735,C0004919,PL025,Smart Home,12,15-05-2017,10-05-2018,Yes,Cancelled
CN002736,C0004923,PL005,Prepaid Mobile,12,28-05-2024,23-05-2025,Yes,Auto-Renewed
CN002737,C0004924,PL015,Fiber Broadband,24,23-02-2023,12-02-2025,No,Active
CN002738,C0004928,PL005,Prepaid Mobile,24,02-02-2020,22-01-2022,No,Active
CN002739,C0004935,PL005,Prepaid Mobile,36,01-01-2014,16-12-2016,Yes,Renewed
CN002740,C0004937,PL007,Postpaid Mobile,36,12-02-2020,27-01-2023,Yes,Renewed
CN002741,C0004939,PL016,Fiber Broadband,12,20-09-2023,14-09-2024,Yes,Cancelled
CN002742,C0004942,PL024,IoT Solutions,12,09-04-2019,03-04-2020,Yes,Renewed
CN002743,C0004943,PL016,Fiber Broadband,12,01-01-2014,27-12-2014,Yes,Renewed
CN002744,C0004946,PL008,Postpaid Mobile,36,14-06-2018,29-05-2021,No,Renewed
CN002745,C0004947,PL022,Enterprise,24,01-01-2014,22-12-2015,Yes,Active
CN002746,C0004949,PL009,Postpaid Mobile,12,21-06-2021,16-06-2022,Yes,Renewed
CN002747,C0004952,PL006,Prepaid Mobile,12,10-06-2023,04-06-2024,No,Renewed
CN002748,C0004953,PL011,Postpaid Mobile,18,03-11-2022,26-04-2024,No,Renewed
CN002749,C0004955,PL006,Prepaid Mobile,12,01-01-2014,27-12-2014,No,Auto-Renewed
CN002750,C0004961,PL021,Enterprise,12,25-12-2025,20-12-2026,Yes,Not Renewed
CN002751,C0004962,PL017,Fiber Broadband,24,17-11-2015,06-11-2017,No,Auto-Renewed
CN002752,C0004963,PL006,Prepaid Mobile,12,24-06-2023,18-06-2024,No,Renewed
CN002753,C0004964,PL011,Postpaid Mobile,24,01-01-2014,22-12-2015,Yes,Active
CN002754,C0004966,PL010,Postpaid Mobile,24,20-12-2014,09-12-2016,No,Not Renewed
CN002755,C0004967,PL016,Fiber Broadband,24,13-06-2019,02-06-2021,No,Cancelled
CN002756,C0004968,PL008,Postpaid Mobile,18,13-11-2015,06-05-2017,No,Active
CN002757,C0004969,PL005,Prepaid Mobile,12,09-05-2018,04-05-2019,Yes,Pending
CN002758,C0004970,PL022,Enterprise,12,01-01-2014,27-12-2014,Yes,Renewed
CN002759,C0004972,PL007,Postpaid Mobile,12,17-05-2021,12-05-2022,No,Not Renewed
CN002760,C0004973,PL017,Fiber Broadband,36,01-01-2014,16-12-2016,No,Auto-Renewed
CN002761,C0004974,PL018,Fiber Broadband,12,17-04-2021,12-04-2022,No,Renewed
CN002762,C0004975,PL021,Enterprise,24,07-10-2018,26-09-2020,No,Renewed
CN002763,C0004976,PL016,Fiber Broadband,12,01-01-2014,27-12-2014,Yes,Active
CN002764,C0004981,PL024,IoT Solutions,18,06-07-2025,28-12-2026,No,Renewed
CN002765,C0004982,PL005,Prepaid Mobile,12,01-01-2014,27-12-2014,Yes,Renewed
CN002766,C0004983,PL007,Postpaid Mobile,24,15-11-2016,05-11-2018,Yes,Renewed
CN002767,C0004985,PL007,Postpaid Mobile,36,27-10-2015,11-10-2018,Yes,Renewed
CN002768,C0004988,PL015,Fiber Broadband,12,27-12-2015,21-12-2016,Yes,Auto-Renewed
CN002769,C0004989,PL022,Enterprise,36,03-09-2022,18-08-2025,No,Renewed
CN002770,C0004990,PL007,Postpaid Mobile,24,30-12-2015,19-12-2017,No,Renewed
CN002771,C0004991,PL022,Enterprise,24,08-08-2023,28-07-2025,Yes,Not Renewed
CN002772,C0004992,PL011,Postpaid Mobile,24,28-11-2018,17-11-2020,Yes,Auto-Renewed
CN002773,C0004995,PL006,Prepaid Mobile,24,01-01-2014,22-12-2015,Yes,Cancelled
CN002774,C0004999,PL006,Prepaid Mobile,24,01-01-2014,22-12-2015,Yes,Active
CN002775,C0005000,PL008,Postpaid Mobile,12,05-01-2019,31-12-2019,Yes,Auto-Renewed
CN002776,C0005002,PL008,Postpaid Mobile,24,01-10-2024,21-09-2026,Yes,Auto-Renewed
CN002777,C0005005,PL007,Postpaid Mobile,12,04-10-2014,29-09-2015,Yes,Renewed
CN002778,C0005009,PL005,Prepaid Mobile,12,01-01-2014,27-12-2014,Yes,Renewed
CN002779,C0005010,PL008,Postpaid Mobile,18,16-08-2022,07-02-2024,Yes,Active
CN002780,C0005012,PL009,Postpaid Mobile,24,18-04-2024,08-04-2026,Yes,Not Renewed
CN002781,C0005013,PL025,Smart Home,24,28-06-2017,18-06-2019,No,Renewed
CN002782,C0005017,PL021,Enterprise,24,01-01-2014,22-12-2015,Yes,Renewed
CN002783,C0005020,PL018,Fiber Broadband,36,17-01-2020,01-01-2023,No,Auto-Renewed
CN002784,C0005023,PL011,Postpaid Mobile,24,01-01-2021,22-12-2022,Yes,Auto-Renewed
CN002785,C0005024,PL010,Postpaid Mobile,12,18-03-2019,12-03-2020,Yes,Active
CN002786,C0005025,PL022,Enterprise,12,01-01-2014,27-12-2014,Yes,Pending
CN002787,C0005031,PL006,Prepaid Mobile,24,29-06-2022,18-06-2024,Yes,Auto-Renewed
CN002788,C0005032,PL005,Prepaid Mobile,24,18-08-2014,07-08-2016,No,Renewed
CN002789,C0005033,PL005,Prepaid Mobile,18,19-07-2020,10-01-2022,Yes,Cancelled
CN002790,C0005034,PL006,Prepaid Mobile,24,25-12-2025,15-12-2027,Yes,Renewed
CN002791,C0005036,PL017,Fiber Broadband,12,01-01-2014,27-12-2014,No,Renewed
CN002792,C0005038,PL018,Fiber Broadband,18,14-07-2015,04-01-2017,No,Auto-Renewed
CN002793,C0005040,PL005,Prepaid Mobile,12,01-01-2014,27-12-2014,No,Renewed
CN002794,C0005041,PL007,Postpaid Mobile,12,20-11-2024,15-11-2025,Yes,Pending
CN002795,C0005042,PL011,Postpaid Mobile,18,01-01-2014,25-06-2015,No,Renewed
CN002796,C0005044,PL021,Enterprise,12,01-01-2014,27-12-2014,Yes,Renewed
CN002797,C0005048,PL008,Postpaid Mobile,24,25-05-2017,15-05-2019,No,Pending
CN002798,C0005051,PL017,Fiber Broadband,18,01-01-2014,25-06-2015,No,Active
CN002799,C0005057,PL010,Postpaid Mobile,24,20-09-2023,09-09-2025,No,Not Renewed
CN002800,C0005058,PL006,Prepaid Mobile,12,01-01-2014,27-12-2014,No,Active
CN002801,C0005059,PL015,Fiber Broadband,12,01-01-2014,27-12-2014,No,Cancelled
CN002802,C0005060,PL011,Postpaid Mobile,24,07-01-2016,27-12-2017,Yes,Active
CN002803,C0005065,PL006,Prepaid Mobile,36,01-01-2014,16-12-2016,No,Auto-Renewed
CN002804,C0005066,PL018,Fiber Broadband,36,27-11-2020,12-11-2023,Yes,Renewed
CN002805,C0005067,PL017,Fiber Broadband,36,01-01-2014,16-12-2016,Yes,Auto-Renewed
CN002806,C0005070,PL011,Postpaid Mobile,36,22-09-2014,06-09-2017,No,Renewed
CN002807,C0005071,PL010,Postpaid Mobile,24,12-12-2023,01-12-2025,No,Cancelled
CN002808,C0005072,PL006,Prepaid Mobile,12,01-01-2014,27-12-2014,Yes,Auto-Renewed
CN002809,C0005074,PL025,Smart Home,12,11-02-2025,06-02-2026,No,Pending
CN002810,C0005075,PL022,Enterprise,12,16-09-2020,11-09-2021,No,Auto-Renewed
CN002811,C0005076,PL008,Postpaid Mobile,24,10-03-2025,28-02-2027,Yes,Not Renewed
CN002812,C0005078,PL005,Prepaid Mobile,24,01-01-2014,22-12-2015,No,Active
CN002813,C0005079,PL005,Prepaid Mobile,24,01-01-2014,22-12-2015,No,Renewed
CN002814,C0005081,PL007,Postpaid Mobile,36,07-09-2020,23-08-2023,No,Renewed
CN002815,C0005082,PL018,Fiber Broadband,24,28-12-2016,18-12-2018,Yes,Renewed
CN002816,C0005083,PL017,Fiber Broadband,12,26-07-2025,21-07-2026,No,Renewed
CN002817,C0005089,PL005,Prepaid Mobile,12,01-01-2014,27-12-2014,Yes,Not Renewed
CN002818,C0005090,PL009,Postpaid Mobile,18,31-10-2021,24-04-2023,Yes,Auto-Renewed
CN002819,C0005091,PL007,Postpaid Mobile,18,11-08-2015,01-02-2017,Yes,Renewed
CN002820,C0005092,PL009,Postpaid Mobile,12,22-11-2018,17-11-2019,Yes,Pending
CN002821,C0005093,PL007,Postpaid Mobile,24,24-04-2018,13-04-2020,Yes,Pending
CN002822,C0005094,PL023,IoT Solutions,12,07-12-2024,02-12-2025,Yes,Active
CN002823,C0005095,PL015,Fiber Broadband,24,19-12-2024,09-12-2026,No,Renewed
CN002824,C0005097,PL021,Enterprise,36,13-06-2018,28-05-2021,Yes,Renewed
CN002825,C0005100,PL016,Fiber Broadband,18,30-07-2025,21-01-2027,No,Active
CN002826,C0005102,PL005,Prepaid Mobile,12,01-01-2014,27-12-2014,Yes,Renewed
CN002827,C0005103,PL025,Smart Home,12,05-06-2025,31-05-2026,No,Not Renewed
CN002828,C0005104,PL010,Postpaid Mobile,36,22-05-2019,06-05-2022,No,Auto-Renewed
CN002829,C0005105,PL025,Smart Home,36,16-07-2016,01-07-2019,Yes,Not Renewed
CN002830,C0005106,PL008,Postpaid Mobile,12,04-10-2023,28-09-2024,Yes,Pending
CN002831,C0005108,PL016,Fiber Broadband,12,26-06-2023,20-06-2024,Yes,Not Renewed
CN002832,C0005109,PL005,Prepaid Mobile,24,22-08-2023,11-08-2025,Yes,Cancelled
CN002833,C0005110,PL025,Smart Home,12,04-10-2021,29-09-2022,No,Pending
CN002834,C0005114,PL008,Postpaid Mobile,12,04-10-2019,28-09-2020,Yes,Pending
CN002835,C0005115,PL005,Prepaid Mobile,12,20-03-2023,14-03-2024,No,Not Renewed
CN002836,C0005116,PL017,Fiber Broadband,24,17-12-2019,06-12-2021,Yes,Renewed
CN002837,C0005118,PL005,Prepaid Mobile,24,04-04-2018,24-03-2020,Yes,Not Renewed
CN002838,C0005119,PL021,Enterprise,24,19-12-2024,09-12-2026,Yes,Active
CN002839,C0005120,PL006,Prepaid Mobile,12,01-01-2014,27-12-2014,Yes,Pending
CN002840,C0005122,PL022,Enterprise,12,27-10-2023,21-10-2024,Yes,Pending
CN002841,C0005123,PL015,Fiber Broadband,12,01-01-2014,27-12-2014,No,Renewed
CN002842,C0005124,PL021,Enterprise,12,18-12-2024,13-12-2025,No,Renewed
CN002843,C0005125,PL005,Prepaid Mobile,18,15-04-2020,07-10-2021,Yes,Renewed
CN002844,C0005126,PL005,Prepaid Mobile,24,01-01-2014,22-12-2015,No,Auto-Renewed
CN002845,C0005127,PL005,Prepaid Mobile,18,31-01-2016,24-07-2017,No,Renewed
CN002846,C0005129,PL005,Prepaid Mobile,24,01-01-2014,22-12-2015,Yes,Auto-Renewed
CN002847,C0005130,PL006,Prepaid Mobile,24,01-01-2014,22-12-2015,Yes,Renewed
CN002848,C0005133,PL009,Postpaid Mobile,24,06-08-2014,26-07-2016,No,Active
CN002849,C0005134,PL021,Enterprise,24,01-01-2014,22-12-2015,No,Active
CN002850,C0005135,PL022,Enterprise,12,01-01-2014,27-12-2014,No,Auto-Renewed
CN002851,C0005138,PL011,Postpaid Mobile,24,01-01-2014,22-12-2015,Yes,Auto-Renewed
CN002852,C0005140,PL006,Prepaid Mobile,18,18-04-2018,10-10-2019,Yes,Renewed
CN002853,C0005142,PL009,Postpaid Mobile,18,14-10-2015,06-04-2017,No,Renewed
CN002854,C0005143,PL006,Prepaid Mobile,12,01-01-2014,27-12-2014,Yes,Renewed
CN002855,C0005144,PL025,Smart Home,12,23-05-2019,17-05-2020,Yes,Auto-Renewed
CN002856,C0005149,PL005,Prepaid Mobile,24,21-12-2018,10-12-2020,Yes,Renewed
CN002857,C0005151,PL011,Postpaid Mobile,12,01-01-2020,26-12-2020,No,Renewed
CN002858,C0005152,PL005,Prepaid Mobile,24,12-10-2017,02-10-2019,Yes,Auto-Renewed
CN002859,C0005153,PL022,Enterprise,12,29-06-2015,23-06-2016,Yes,Active
CN002860,C0005155,PL011,Postpaid Mobile,12,01-01-2014,27-12-2014,Yes,Renewed
CN002861,C0005158,PL005,Prepaid Mobile,24,03-02-2023,23-01-2025,Yes,Auto-Renewed
CN002862,C0005162,PL015,Fiber Broadband,24,06-03-2024,24-02-2026,Yes,Not Renewed
CN002863,C0005164,PL016,Fiber Broadband,12,11-12-2017,06-12-2018,No,Active
CN002864,C0005165,PL006,Prepaid Mobile,12,01-01-2014,27-12-2014,Yes,Renewed
CN002865,C0005167,PL006,Prepaid Mobile,12,01-01-2014,27-12-2014,No,Renewed
CN002866,C0005168,PL005,Prepaid Mobile,24,19-12-2025,09-12-2027,No,Renewed
CN002867,C0005170,PL005,Prepaid Mobile,12,01-01-2014,27-12-2014,Yes,Renewed
CN002868,C0005172,PL006,Prepaid Mobile,12,02-04-2019,27-03-2020,Yes,Renewed
CN002869,C0005173,PL006,Prepaid Mobile,12,13-06-2018,08-06-2019,Yes,Renewed
CN002870,C0005174,PL018,Fiber Broadband,36,01-01-2014,16-12-2016,Yes,Auto-Renewed
CN002871,C0005175,PL018,Fiber Broadband,18,24-01-2021,18-07-2022,Yes,Renewed
CN002872,C0005177,PL009,Postpaid Mobile,24,16-03-2019,05-03-2021,Yes,Cancelled
CN002873,C0005178,PL009,Postpaid Mobile,12,11-11-2017,06-11-2018,Yes,Renewed
CN002874,C0005179,PL021,Enterprise,36,30-04-2015,14-04-2018,No,Renewed
CN002875,C0005180,PL023,IoT Solutions,12,05-10-2023,29-09-2024,Yes,Auto-Renewed
CN002876,C0005181,PL017,Fiber Broadband,12,01-03-2022,24-02-2023,Yes,Auto-Renewed
CN002877,C0005182,PL006,Prepaid Mobile,12,01-01-2014,27-12-2014,Yes,Renewed
CN002878,C0005183,PL009,Postpaid Mobile,24,20-02-2024,09-02-2026,No,Cancelled
CN002879,C0005184,PL017,Fiber Broadband,12,01-01-2014,27-12-2014,Yes,Auto-Renewed
CN002880,C0005185,PL006,Prepaid Mobile,24,16-03-2024,06-03-2026,Yes,Auto-Renewed
CN002881,C0005186,PL015,Fiber Broadband,36,02-02-2024,17-01-2027,No,Renewed
CN002882,C0005190,PL010,Postpaid Mobile,24,29-09-2016,19-09-2018,Yes,Auto-Renewed
CN002883,C0005193,PL008,Postpaid Mobile,12,11-02-2014,06-02-2015,No,Auto-Renewed
CN002884,C0005197,PL007,Postpaid Mobile,18,17-01-2019,10-07-2020,No,Renewed
CN002885,C0005199,PL009,Postpaid Mobile,12,12-06-2015,06-06-2016,No,Pending
CN002886,C0005201,PL015,Fiber Broadband,24,01-01-2014,22-12-2015,Yes,Active
CN002887,C0005202,PL009,Postpaid Mobile,12,12-03-2022,07-03-2023,No,Cancelled
CN002888,C0005204,PL005,Prepaid Mobile,12,01-01-2014,27-12-2014,Yes,Active
CN002889,C0005205,PL011,Postpaid Mobile,24,01-01-2014,22-12-2015,No,Renewed
CN002890,C0005206,PL006,Prepaid Mobile,12,19-09-2023,13-09-2024,No,Renewed
CN002891,C0005209,PL022,Enterprise,18,12-08-2018,03-02-2020,Yes,Renewed
CN002892,C0005210,PL009,Postpaid Mobile,12,12-12-2014,07-12-2015,No,Not Renewed
CN002893,C0005211,PL016,Fiber Broadband,24,14-09-2015,03-09-2017,No,Active
CN002894,C0005212,PL009,Postpaid Mobile,12,08-02-2024,02-02-2025,No,Not Renewed
CN002895,C0005216,PL018,Fiber Broadband,24,01-01-2014,22-12-2015,Yes,Active
CN002896,C0005218,PL005,Prepaid Mobile,12,04-11-2015,29-10-2016,Yes,Auto-Renewed
CN002897,C0005220,PL005,Prepaid Mobile,12,01-01-2014,27-12-2014,Yes,Active
CN002898,C0005221,PL021,Enterprise,12,21-03-2016,16-03-2017,Yes,Renewed
CN002899,C0005222,PL007,Postpaid Mobile,18,31-08-2024,22-02-2026,Yes,Active
CN002900,C0005224,PL005,Prepaid Mobile,24,01-01-2014,22-12-2015,No,Pending
CN002901,C0005227,PL008,Postpaid Mobile,18,01-03-2019,22-08-2020,Yes,Renewed
CN002902,C0005229,PL007,Postpaid Mobile,36,16-11-2014,31-10-2017,No,Pending
CN002903,C0005234,PL017,Fiber Broadband,12,01-01-2014,27-12-2014,Yes,Renewed
CN002904,C0005236,PL022,Enterprise,24,21-09-2015,10-09-2017,Yes,Active
CN002905,C0005237,PL017,Fiber Broadband,24,01-01-2014,22-12-2015,Yes,Renewed
CN002906,C0005238,PL009,Postpaid Mobile,24,09-03-2023,26-02-2025,Yes,Auto-Renewed
CN002907,C0005241,PL017,Fiber Broadband,24,15-10-2014,04-10-2016,Yes,Active
CN002908,C0005242,PL011,Postpaid Mobile,12,22-06-2020,17-06-2021,No,Renewed
CN002909,C0005243,PL017,Fiber Broadband,12,01-01-2014,27-12-2014,Yes,Auto-Renewed
CN002910,C0005245,PL006,Prepaid Mobile,24,02-08-2024,23-07-2026,Yes,Auto-Renewed
CN002911,C0005246,PL005,Prepaid Mobile,24,03-09-2015,23-08-2017,Yes,Renewed
CN002912,C0005247,PL007,Postpaid Mobile,12,27-06-2014,22-06-2015,Yes,Active
CN002913,C0005249,PL005,Prepaid Mobile,24,07-02-2018,28-01-2020,Yes,Renewed
CN002914,C0005250,PL007,Postpaid Mobile,24,26-02-2017,16-02-2019,No,Renewed
CN002915,C0005251,PL021,Enterprise,36,01-01-2014,16-12-2016,Yes,Auto-Renewed
CN002916,C0005253,PL006,Prepaid Mobile,36,17-07-2018,01-07-2021,Yes,Pending
CN002917,C0005255,PL016,Fiber Broadband,24,17-04-2017,07-04-2019,Yes,Pending
CN002918,C0005257,PL006,Prepaid Mobile,24,26-02-2025,16-02-2027,No,Not Renewed
CN002919,C0005259,PL011,Postpaid Mobile,24,24-04-2023,13-04-2025,Yes,Renewed
CN002920,C0005263,PL015,Fiber Broadband,12,04-04-2019,29-03-2020,Yes,Not Renewed
CN002921,C0005265,PL005,Prepaid Mobile,18,01-01-2014,25-06-2015,Yes,Auto-Renewed
CN002922,C0005266,PL021,Enterprise,24,03-06-2023,23-05-2025,No,Auto-Renewed
CN002923,C0005268,PL009,Postpaid Mobile,12,15-04-2025,10-04-2026,No,Auto-Renewed
CN002924,C0005269,PL007,Postpaid Mobile,12,28-07-2021,23-07-2022,Yes,Auto-Renewed
CN002925,C0005271,PL007,Postpaid Mobile,12,30-09-2024,25-09-2025,No,Auto-Renewed
CN002926,C0005272,PL006,Prepaid Mobile,24,05-10-2017,25-09-2019,Yes,Renewed
CN002927,C0005273,PL010,Postpaid Mobile,12,03-08-2025,29-07-2026,No,Not Renewed
CN002928,C0005278,PL011,Postpaid Mobile,24,01-01-2014,22-12-2015,No,Auto-Renewed
CN002929,C0005279,PL018,Fiber Broadband,24,04-02-2021,25-01-2023,Yes,Renewed
CN002930,C0005287,PL007,Postpaid Mobile,12,16-09-2014,11-09-2015,No,Cancelled
CN002931,C0005288,PL006,Prepaid Mobile,12,01-01-2014,27-12-2014,No,Auto-Renewed
CN002932,C0005289,PL005,Prepaid Mobile,12,30-03-2025,25-03-2026,Yes,Renewed
CN002933,C0005290,PL005,Prepaid Mobile,12,01-01-2014,27-12-2014,Yes,Auto-Renewed
CN002934,C0005291,PL006,Prepaid Mobile,24,01-01-2014,22-12-2015,Yes,Auto-Renewed
CN002935,C0005292,PL005,Prepaid Mobile,12,01-01-2014,27-12-2014,Yes,Auto-Renewed
CN002936,C0005294,PL006,Prepaid Mobile,18,17-04-2022,09-10-2023,No,Active
CN002937,C0005295,PL007,Postpaid Mobile,18,12-10-2017,05-04-2019,Yes,Renewed
CN002938,C0005296,PL021,Enterprise,24,01-01-2014,22-12-2015,Yes,Renewed
CN002939,C0005298,PL025,Smart Home,24,27-11-2021,17-11-2023,No,Renewed
CN002940,C0005300,PL021,Enterprise,18,07-08-2019,28-01-2021,No,Renewed
CN002941,C0005301,PL005,Prepaid Mobile,12,30-09-2014,25-09-2015,No,Active
CN002942,C0005302,PL007,Postpaid Mobile,24,26-02-2025,16-02-2027,Yes,Not Renewed
CN002943,C0005307,PL005,Prepaid Mobile,36,25-01-2022,09-01-2025,No,Renewed
CN002944,C0005308,PL024,IoT Solutions,12,20-05-2020,15-05-2021,Yes,Auto-Renewed
CN002945,C0005309,PL018,Fiber Broadband,24,03-07-2016,23-06-2018,No,Auto-Renewed
CN002946,C0005315,PL016,Fiber Broadband,24,31-01-2020,20-01-2022,Yes,Active
CN002947,C0005317,PL010,Postpaid Mobile,24,10-07-2022,29-06-2024,Yes,Renewed
CN002948,C0005318,PL011,Postpaid Mobile,24,01-01-2014,22-12-2015,Yes,Active
CN002949,C0005320,PL006,Prepaid Mobile,12,30-08-2016,25-08-2017,Yes,Renewed
CN002950,C0005321,PL005,Prepaid Mobile,12,29-06-2018,24-06-2019,Yes,Renewed
CN002951,C0005322,PL007,Postpaid Mobile,12,12-07-2014,07-07-2015,Yes,Not Renewed
CN002952,C0005323,PL025,Smart Home,12,16-06-2017,11-06-2018,No,Renewed
CN002953,C0005324,PL007,Postpaid Mobile,12,05-10-2016,30-09-2017,Yes,Auto-Renewed
CN002954,C0005326,PL018,Fiber Broadband,36,01-01-2014,16-12-2016,No,Renewed
CN002955,C0005327,PL010,Postpaid Mobile,12,03-12-2025,28-11-2026,Yes,Auto-Renewed
CN002956,C0005328,PL008,Postpaid Mobile,12,04-08-2018,30-07-2019,Yes,Not Renewed
CN002957,C0005329,PL023,IoT Solutions,18,26-02-2015,19-08-2016,Yes,Pending
CN002958,C0005330,PL015,Fiber Broadband,18,09-01-2020,02-07-2021,Yes,Renewed
CN002959,C0005332,PL005,Prepaid Mobile,24,08-01-2021,29-12-2022,No,Pending
CN002960,C0005337,PL006,Prepaid Mobile,36,25-04-2020,10-04-2023,Yes,Not Renewed
CN002961,C0005340,PL008,Postpaid Mobile,12,12-04-2020,07-04-2021,No,Auto-Renewed
CN002962,C0005341,PL015,Fiber Broadband,18,21-12-2024,14-06-2026,Yes,Not Renewed
CN002963,C0005343,PL017,Fiber Broadband,24,01-01-2014,22-12-2015,Yes,Auto-Renewed
CN002964,C0005344,PL011,Postpaid Mobile,12,24-01-2015,19-01-2016,Yes,Pending
CN002965,C0005345,PL005,Prepaid Mobile,12,27-03-2021,22-03-2022,Yes,Active
CN002966,C0005346,PL022,Enterprise,12,05-02-2024,30-01-2025,No,Pending
CN002967,C0005348,PL024,IoT Solutions,18,13-07-2024,04-01-2026,Yes,Cancelled
CN002968,C0005352,PL009,Postpaid Mobile,12,19-06-2016,14-06-2017,No,Not Renewed
CN002969,C0005353,PL007,Postpaid Mobile,12,28-01-2025,23-01-2026,Yes,Active
CN002970,C0005354,PL006,Prepaid Mobile,12,01-04-2018,27-03-2019,No,Not Renewed
CN002971,C0005355,PL006,Prepaid Mobile,12,01-01-2014,27-12-2014,Yes,Renewed
CN002972,C0005356,PL024,IoT Solutions,24,27-12-2020,17-12-2022,Yes,Renewed
CN002973,C0005357,PL015,Fiber Broadband,24,15-06-2025,05-06-2027,Yes,Not Renewed
CN002974,C0005358,PL005,Prepaid Mobile,24,03-09-2015,23-08-2017,Yes,Active
CN002975,C0005359,PL016,Fiber Broadband,24,19-06-2023,08-06-2025,No,Pending
CN002976,C0005360,PL005,Prepaid Mobile,24,19-09-2019,08-09-2021,Yes,Renewed
CN002977,C0005362,PL007,Postpaid Mobile,12,23-09-2016,18-09-2017,Yes,Active
CN002978,C0005365,PL011,Postpaid Mobile,36,01-01-2014,16-12-2016,Yes,Auto-Renewed
CN002979,C0005370,PL021,Enterprise,18,28-01-2026,22-07-2027,Yes,Auto-Renewed
CN002980,C0005373,PL017,Fiber Broadband,12,01-01-2014,27-12-2014,No,Pending
CN002981,C0005374,PL006,Prepaid Mobile,24,23-05-2019,12-05-2021,Yes,Renewed
CN002982,C0005375,PL024,IoT Solutions,24,30-07-2017,20-07-2019,Yes,Active
CN002983,C0005377,PL022,Enterprise,12,17-04-2025,12-04-2026,Yes,Not Renewed
CN002984,C0005380,PL024,IoT Solutions,24,05-06-2017,26-05-2019,No,Active
CN002985,C0005381,PL016,Fiber Broadband,24,01-01-2014,22-12-2015,No,Renewed
CN002986,C0005388,PL011,Postpaid Mobile,18,01-01-2014,25-06-2015,No,Auto-Renewed
CN002987,C0005389,PL025,Smart Home,12,02-01-2026,28-12-2026,No,Auto-Renewed
CN002988,C0005390,PL016,Fiber Broadband,24,01-01-2014,22-12-2015,No,Active
CN002989,C0005391,PL021,Enterprise,12,04-02-2019,30-01-2020,Yes,Renewed
CN002990,C0005401,PL008,Postpaid Mobile,12,02-11-2018,28-10-2019,Yes,Auto-Renewed
CN002991,C0005402,PL009,Postpaid Mobile,12,16-10-2025,11-10-2026,Yes,Pending
CN002992,C0005403,PL015,Fiber Broadband,24,07-06-2019,27-05-2021,Yes,Active
CN002993,C0005407,PL017,Fiber Broadband,12,02-05-2016,27-04-2017,No,Auto-Renewed
CN002994,C0005408,PL005,Prepaid Mobile,36,01-01-2014,16-12-2016,Yes,Auto-Renewed
CN002995,C0005409,PL018,Fiber Broadband,24,07-04-2023,27-03-2025,Yes,Auto-Renewed
CN002996,C0005412,PL016,Fiber Broadband,36,28-04-2015,12-04-2018,No,Renewed
CN002997,C0005413,PL009,Postpaid Mobile,24,04-11-2018,24-10-2020,Yes,Cancelled
CN002998,C0005415,PL009,Postpaid Mobile,12,25-10-2016,20-10-2017,No,Renewed
CN002999,C0005416,PL005,Prepaid Mobile,18,27-08-2023,17-02-2025,No,Renewed
CN003000,C0005419,PL016,Fiber Broadband,12,01-01-2014,27-12-2014,No,Auto-Renewed
CN003001,C0005420,PL008,Postpaid Mobile,24,26-08-2023,15-08-2025,Yes,Not Renewed
CN003002,C0005422,PL006,Prepaid Mobile,18,16-08-2018,07-02-2020,No,Auto-Renewed
CN003003,C0005424,PL005,Prepaid Mobile,12,01-01-2014,27-12-2014,Yes,Pending
CN003004,C0005426,PL015,Fiber Broadband,18,01-01-2014,25-06-2015,Yes,Auto-Renewed
CN003005,C0005427,PL022,Enterprise,12,22-07-2025,17-07-2026,No,Active
CN003006,C0005429,PL015,Fiber Broadband,12,01-01-2014,27-12-2014,Yes,Pending
CN003007,C0005430,PL007,Postpaid Mobile,36,17-05-2021,01-05-2024,No,Renewed
CN003008,C0005431,PL005,Prepaid Mobile,24,01-01-2014,22-12-2015,No,Renewed
CN003009,C0005432,PL017,Fiber Broadband,24,06-02-2017,27-01-2019,Yes,Not Renewed
CN003010,C0005434,PL021,Enterprise,24,01-01-2014,22-12-2015,Yes,Pending
CN003011,C0005436,PL005,Prepaid Mobile,24,01-01-2014,22-12-2015,Yes,Renewed
CN003012,C0005438,PL010,Postpaid Mobile,12,23-10-2025,18-10-2026,Yes,Auto-Renewed
CN003013,C0005439,PL009,Postpaid Mobile,18,14-05-2024,05-11-2025,Yes,Not Renewed
CN003014,C0005440,PL007,Postpaid Mobile,18,11-10-2024,04-04-2026,No,Active
CN003015,C0005441,PL006,Prepaid Mobile,24,01-01-2014,22-12-2015,Yes,Renewed
CN003016,C0005442,PL006,Prepaid Mobile,36,01-01-2014,16-12-2016,Yes,Renewed
CN003017,C0005443,PL007,Postpaid Mobile,24,09-09-2019,29-08-2021,Yes,Cancelled
CN003018,C0005444,PL017,Fiber Broadband,18,12-06-2019,03-12-2020,Yes,Auto-Renewed
CN003019,C0005445,PL006,Prepaid Mobile,24,20-08-2015,09-08-2017,Yes,Pending
CN003020,C0005447,PL009,Postpaid Mobile,12,23-06-2018,18-06-2019,Yes,Renewed
CN003021,C0005450,PL006,Prepaid Mobile,12,09-09-2025,04-09-2026,No,Pending
CN003022,C0005451,PL010,Postpaid Mobile,24,19-02-2017,09-02-2019,No,Auto-Renewed
CN003023,C0005453,PL010,Postpaid Mobile,24,26-03-2016,16-03-2018,No,Renewed
CN003024,C0005456,PL025,Smart Home,12,03-03-2023,26-02-2024,No,Auto-Renewed
CN003025,C0005457,PL005,Prepaid Mobile,18,02-08-2016,24-01-2018,Yes,Active
CN003026,C0005458,PL025,Smart Home,24,18-10-2023,07-10-2025,No,Cancelled
CN003027,C0005459,PL022,Enterprise,24,19-01-2015,08-01-2017,No,Auto-Renewed
CN003028,C0005461,PL005,Prepaid Mobile,12,01-01-2014,27-12-2014,No,Active
CN003029,C0005462,PL025,Smart Home,12,28-05-2025,23-05-2026,Yes,Renewed
CN003030,C0005464,PL006,Prepaid Mobile,24,01-01-2014,22-12-2015,Yes,Renewed
CN003031,C0005466,PL005,Prepaid Mobile,36,15-02-2016,30-01-2019,Yes,Pending
CN003032,C0005467,PL008,Postpaid Mobile,18,06-07-2025,28-12-2026,Yes,Cancelled
CN003033,C0005472,PL011,Postpaid Mobile,12,06-12-2021,01-12-2022,No,Active
CN003034,C0005473,PL009,Postpaid Mobile,12,25-02-2018,20-02-2019,Yes,Renewed
CN003035,C0005474,PL006,Prepaid Mobile,18,01-01-2014,25-06-2015,Yes,Auto-Renewed
CN003036,C0005475,PL025,Smart Home,18,28-11-2025,22-05-2027,Yes,Active
CN003037,C0005476,PL008,Postpaid Mobile,24,05-10-2017,25-09-2019,Yes,Renewed
CN003038,C0005478,PL006,Prepaid Mobile,12,03-07-2018,28-06-2019,Yes,Renewed
CN003039,C0005481,PL007,Postpaid Mobile,12,25-03-2018,20-03-2019,Yes,Auto-Renewed
CN003040,C0005482,PL010,Postpaid Mobile,36,26-07-2021,10-07-2024,No,Renewed
CN003041,C0005483,PL008,Postpaid Mobile,12,21-12-2014,16-12-2015,Yes,Auto-Renewed
CN003042,C0005485,PL005,Prepaid Mobile,24,30-09-2019,19-09-2021,Yes,Auto-Renewed
CN003043,C0005486,PL023,IoT Solutions,12,29-07-2015,23-07-2016,Yes,Renewed
CN003044,C0005491,PL021,Enterprise,12,24-05-2015,18-05-2016,No,Renewed
CN003045,C0005492,PL011,Postpaid Mobile,24,22-09-2024,12-09-2026,No,Auto-Renewed
CN003046,C0005493,PL016,Fiber Broadband,12,10-12-2018,05-12-2019,Yes,Pending
CN003047,C0005495,PL018,Fiber Broadband,24,01-01-2014,22-12-2015,No,Active
CN003048,C0005497,PL006,Prepaid Mobile,12,19-07-2024,14-07-2025,No,Active
CN003049,C0005501,PL009,Postpaid Mobile,18,15-01-2015,08-07-2016,No,Renewed
CN003050,C0005503,PL005,Prepaid Mobile,24,01-01-2014,22-12-2015,Yes,Renewed
CN003051,C0005504,PL006,Prepaid Mobile,24,30-01-2026,20-01-2028,No,Renewed
CN003052,C0005505,PL006,Prepaid Mobile,24,01-01-2014,22-12-2015,No,Pending
CN003053,C0005507,PL009,Postpaid Mobile,12,31-05-2018,26-05-2019,No,Not Renewed
CN003054,C0005509,PL017,Fiber Broadband,24,20-04-2018,09-04-2020,Yes,Active
CN003055,C0005510,PL005,Prepaid Mobile,12,01-07-2014,26-06-2015,No,Auto-Renewed
CN003056,C0005511,PL005,Prepaid Mobile,18,31-07-2019,21-01-2021,Yes,Not Renewed
CN003057,C0005512,PL008,Postpaid Mobile,12,23-10-2016,18-10-2017,No,Renewed
CN003058,C0005513,PL022,Enterprise,24,11-05-2015,30-04-2017,No,Renewed
CN003059,C0005514,PL011,Postpaid Mobile,12,01-01-2014,27-12-2014,Yes,Pending
CN003060,C0005517,PL005,Prepaid Mobile,36,03-09-2019,18-08-2022,Yes,Renewed
CN003061,C0005518,PL017,Fiber Broadband,24,01-01-2014,22-12-2015,Yes,Active
CN003062,C0005520,PL005,Prepaid Mobile,12,01-01-2014,27-12-2014,Yes,Auto-Renewed
CN003063,C0005522,PL005,Prepaid Mobile,24,25-07-2014,14-07-2016,Yes,Active
CN003064,C0005523,PL018,Fiber Broadband,12,23-06-2021,18-06-2022,No,Renewed
CN003065,C0005524,PL005,Prepaid Mobile,12,01-01-2014,27-12-2014,Yes,Active
CN003066,C0005525,PL006,Prepaid Mobile,12,10-08-2023,04-08-2024,No,Auto-Renewed
CN003067,C0005527,PL011,Postpaid Mobile,12,01-07-2014,26-06-2015,No,Pending
CN003068,C0005528,PL008,Postpaid Mobile,12,28-02-2014,23-02-2015,Yes,Renewed
CN003069,C0005529,PL018,Fiber Broadband,24,24-12-2015,13-12-2017,No,Renewed
CN003070,C0005531,PL009,Postpaid Mobile,36,18-09-2024,03-09-2027,No,Active
CN003071,C0005538,PL005,Prepaid Mobile,12,01-01-2014,27-12-2014,No,Pending
CN003072,C0005540,PL018,Fiber Broadband,18,16-12-2025,09-06-2027,No,Not Renewed
CN003073,C0005541,PL008,Postpaid Mobile,36,11-02-2018,26-01-2021,Yes,Active
CN003074,C0005542,PL021,Enterprise,12,01-01-2014,27-12-2014,No,Renewed
CN003075,C0005543,PL018,Fiber Broadband,36,01-01-2014,16-12-2016,Yes,Active
CN003076,C0005544,PL025,Smart Home,24,31-05-2015,20-05-2017,No,Not Renewed
CN003077,C0005547,PL006,Prepaid Mobile,12,01-01-2024,26-12-2024,Yes,Active
CN003078,C0005548,PL023,IoT Solutions,12,09-06-2018,04-06-2019,Yes,Active
CN003079,C0005549,PL011,Postpaid Mobile,12,01-01-2014,27-12-2014,No,Renewed
CN003080,C0005552,PL015,Fiber Broadband,18,19-12-2018,11-06-2020,Yes,Auto-Renewed
CN003081,C0005554,PL011,Postpaid Mobile,12,08-06-2023,02-06-2024,Yes,Cancelled
CN003082,C0005555,PL016,Fiber Broadband,24,01-01-2014,22-12-2015,Yes,Not Renewed
CN003083,C0005557,PL007,Postpaid Mobile,36,23-01-2019,07-01-2022,Yes,Pending
CN003084,C0005559,PL024,IoT Solutions,12,10-05-2021,05-05-2022,Yes,Renewed
CN003085,C0005562,PL009,Postpaid Mobile,12,04-04-2020,30-03-2021,Yes,Cancelled
CN003086,C0005564,PL005,Prepaid Mobile,24,28-01-2022,18-01-2024,No,Renewed
CN003087,C0005566,PL016,Fiber Broadband,12,29-09-2018,24-09-2019,Yes,Renewed
CN003088,C0005567,PL011,Postpaid Mobile,18,01-01-2014,25-06-2015,Yes,Renewed
CN003089,C0005571,PL006,Prepaid Mobile,18,01-01-2014,25-06-2015,Yes,Active
CN003090,C0005573,PL023,IoT Solutions,18,16-11-2022,09-05-2024,No,Auto-Renewed
CN003091,C0005575,PL011,Postpaid Mobile,12,01-01-2014,27-12-2014,No,Renewed
CN003092,C0005576,PL009,Postpaid Mobile,24,13-01-2026,03-01-2028,Yes,Not Renewed
CN003093,C0005579,PL006,Prepaid Mobile,12,17-06-2020,12-06-2021,No,Renewed
CN003094,C0005582,PL021,Enterprise,12,01-01-2014,27-12-2014,Yes,Auto-Renewed
CN003095,C0005584,PL006,Prepaid Mobile,12,16-11-2014,11-11-2015,Yes,Renewed
CN003096,C0005588,PL006,Prepaid Mobile,12,12-04-2015,06-04-2016,No,Auto-Renewed
CN003097,C0005591,PL016,Fiber Broadband,12,01-01-2014,27-12-2014,No,Not Renewed
CN003098,C0005593,PL022,Enterprise,12,18-06-2015,12-06-2016,Yes,Renewed
CN003099,C0005594,PL021,Enterprise,24,27-09-2020,17-09-2022,Yes,Renewed
CN003100,C0005595,PL007,Postpaid Mobile,24,07-02-2026,28-01-2028,No,Renewed
CN003101,C0005596,PL023,IoT Solutions,12,10-05-2025,05-05-2026,No,Not Renewed
CN003102,C0005597,PL006,Prepaid Mobile,12,01-01-2014,27-12-2014,No,Renewed
CN003103,C0005598,PL006,Prepaid Mobile,18,18-10-2019,10-04-2021,Yes,Renewed
CN003104,C0005600,PL006,Prepaid Mobile,18,01-01-2014,25-06-2015,No,Auto-Renewed
CN003105,C0005601,PL022,Enterprise,12,12-01-2018,07-01-2019,Yes,Active
CN003106,C0005603,PL017,Fiber Broadband,36,02-12-2016,17-11-2019,No,Pending
CN003107,C0005607,PL007,Postpaid Mobile,18,20-08-2020,11-02-2022,Yes,Active
CN003108,C0005609,PL005,Prepaid Mobile,12,01-01-2014,27-12-2014,Yes,Renewed
CN003109,C0005610,PL022,Enterprise,36,26-06-2024,11-06-2027,Yes,Pending
CN003110,C0005612,PL015,Fiber Broadband,12,01-01-2014,27-12-2014,Yes,Active
CN003111,C0005616,PL011,Postpaid Mobile,36,01-01-2014,16-12-2016,No,Renewed
CN003112,C0005618,PL025,Smart Home,36,11-12-2018,25-11-2021,Yes,Auto-Renewed
CN003113,C0005619,PL005,Prepaid Mobile,12,31-07-2019,25-07-2020,Yes,Renewed
CN003114,C0005624,PL022,Enterprise,36,19-04-2014,03-04-2017,No,Auto-Renewed
CN003115,C0005625,PL011,Postpaid Mobile,12,14-03-2024,09-03-2025,No,Active
CN003116,C0005626,PL021,Enterprise,12,01-01-2014,27-12-2014,No,Renewed
CN003117,C0005628,PL016,Fiber Broadband,12,01-01-2014,27-12-2014,Yes,Active
CN003118,C0005629,PL006,Prepaid Mobile,18,27-09-2017,21-03-2019,No,Auto-Renewed
CN003119,C0005630,PL005,Prepaid Mobile,12,01-04-2025,27-03-2026,Yes,Auto-Renewed
CN003120,C0005631,PL021,Enterprise,18,24-02-2023,17-08-2024,No,Renewed
CN003121,C0005632,PL006,Prepaid Mobile,18,01-07-2023,22-12-2024,No,Not Renewed
CN003122,C0005633,PL021,Enterprise,12,12-11-2015,06-11-2016,No,Renewed
CN003123,C0005634,PL021,Enterprise,24,28-07-2017,18-07-2019,Yes,Pending
CN003124,C0005635,PL005,Prepaid Mobile,24,04-09-2019,24-08-2021,Yes,Renewed
CN003125,C0005637,PL015,Fiber Broadband,18,03-01-2017,27-06-2018,Yes,Renewed
CN003126,C0005640,PL005,Prepaid Mobile,12,03-03-2019,26-02-2020,No,Renewed
CN003127,C0005641,PL015,Fiber Broadband,24,30-11-2018,19-11-2020,No,Auto-Renewed
CN003128,C0005642,PL009,Postpaid Mobile,24,15-09-2018,04-09-2020,No,Pending
CN003129,C0005646,PL005,Prepaid Mobile,18,17-01-2026,11-07-2027,No,Not Renewed
CN003130,C0005647,PL017,Fiber Broadband,24,30-12-2019,19-12-2021,Yes,Active
CN003131,C0005650,PL010,Postpaid Mobile,36,20-05-2017,04-05-2020,Yes,Renewed
CN003132,C0005651,PL006,Prepaid Mobile,12,01-01-2014,27-12-2014,No,Active
CN003133,C0005653,PL015,Fiber Broadband,24,05-12-2024,25-11-2026,No,Cancelled
CN003134,C0005654,PL024,IoT Solutions,36,19-01-2021,04-01-2024,Yes,Active
CN003135,C0005655,PL015,Fiber Broadband,24,09-03-2021,27-02-2023,Yes,Not Renewed
CN003136,C0005658,PL007,Postpaid Mobile,12,16-06-2024,11-06-2025,Yes,Auto-Renewed
CN003137,C0005660,PL018,Fiber Broadband,24,01-08-2016,22-07-2018,No,Auto-Renewed
CN003138,C0005662,PL015,Fiber Broadband,24,02-05-2016,22-04-2018,Yes,Renewed
CN003139,C0005665,PL008,Postpaid Mobile,12,05-02-2015,31-01-2016,No,Renewed
CN003140,C0005666,PL005,Prepaid Mobile,24,01-01-2014,22-12-2015,Yes,Auto-Renewed
CN003141,C0005668,PL011,Postpaid Mobile,24,01-01-2014,22-12-2015,Yes,Auto-Renewed
CN003142,C0005669,PL008,Postpaid Mobile,12,17-06-2024,12-06-2025,Yes,Active
CN003143,C0005670,PL025,Smart Home,12,17-01-2018,12-01-2019,Yes,Auto-Renewed
CN003144,C0005671,PL006,Prepaid Mobile,36,01-01-2014,16-12-2016,Yes,Renewed
CN003145,C0005675,PL010,Postpaid Mobile,12,13-10-2022,08-10-2023,Yes,Renewed
CN003146,C0005676,PL015,Fiber Broadband,12,01-01-2014,27-12-2014,No,Active
CN003147,C0005679,PL010,Postpaid Mobile,12,23-05-2022,18-05-2023,No,Not Renewed
CN003148,C0005682,PL006,Prepaid Mobile,12,30-06-2016,25-06-2017,Yes,Pending
CN003149,C0005683,PL025,Smart Home,12,31-01-2017,26-01-2018,No,Renewed
CN003150,C0005684,PL015,Fiber Broadband,36,01-01-2014,16-12-2016,No,Renewed
CN003151,C0005686,PL011,Postpaid Mobile,12,01-01-2014,27-12-2014,Yes,Auto-Renewed
CN003152,C0005687,PL008,Postpaid Mobile,24,06-08-2015,26-07-2017,Yes,Pending
CN003153,C0005688,PL006,Prepaid Mobile,12,01-01-2014,27-12-2014,Yes,Auto-Renewed
CN003154,C0005690,PL017,Fiber Broadband,12,27-10-2023,21-10-2024,Yes,Auto-Renewed
CN003155,C0005693,PL006,Prepaid Mobile,12,23-05-2023,17-05-2024,No,Renewed
CN003156,C0005694,PL006,Prepaid Mobile,12,25-01-2025,20-01-2026,No,Auto-Renewed
CN003157,C0005695,PL009,Postpaid Mobile,24,05-12-2020,25-11-2022,No,Active
CN003158,C0005696,PL015,Fiber Broadband,12,29-10-2021,24-10-2022,No,Renewed
CN003159,C0005697,PL017,Fiber Broadband,12,05-08-2015,30-07-2016,No,Auto-Renewed
CN003160,C0005703,PL017,Fiber Broadband,12,18-10-2024,13-10-2025,No,Renewed
CN003161,C0005707,PL009,Postpaid Mobile,36,15-03-2021,28-02-2024,No,Renewed
CN003162,C0005710,PL010,Postpaid Mobile,18,03-06-2020,25-11-2021,No,Renewed
CN003163,C0005713,PL011,Postpaid Mobile,12,26-08-2021,21-08-2022,Yes,Renewed
CN003164,C0005714,PL023,IoT Solutions,36,27-05-2023,11-05-2026,Yes,Active
CN003165,C0005715,PL024,IoT Solutions,12,24-04-2015,18-04-2016,No,Auto-Renewed
CN003166,C0005716,PL021,Enterprise,24,04-05-2015,23-04-2017,Yes,Renewed
CN003167,C0005718,PL016,Fiber Broadband,12,17-01-2014,12-01-2015,No,Renewed
CN003168,C0005719,PL007,Postpaid Mobile,36,10-03-2015,22-02-2018,No,Auto-Renewed
CN003169,C0005720,PL005,Prepaid Mobile,24,01-01-2014,22-12-2015,Yes,Auto-Renewed
CN003170,C0005721,PL011,Postpaid Mobile,24,12-11-2015,01-11-2017,No,Auto-Renewed
CN003171,C0005722,PL016,Fiber Broadband,12,01-01-2014,27-12-2014,No,Active
CN003172,C0005724,PL008,Postpaid Mobile,12,09-08-2014,04-08-2015,Yes,Pending
CN003173,C0005725,PL015,Fiber Broadband,12,01-01-2014,27-12-2014,Yes,Renewed
CN003174,C0005726,PL006,Prepaid Mobile,12,25-09-2015,19-09-2016,No,Renewed
CN003175,C0005727,PL009,Postpaid Mobile,24,06-01-2018,27-12-2019,No,Renewed
CN003176,C0005728,PL008,Postpaid Mobile,12,17-11-2019,11-11-2020,No,Auto-Renewed
CN003177,C0005730,PL023,IoT Solutions,36,23-03-2021,07-03-2024,Yes,Pending
CN003178,C0005731,PL006,Prepaid Mobile,12,04-01-2022,30-12-2022,Yes,Auto-Renewed
CN003179,C0005734,PL011,Postpaid Mobile,12,17-03-2022,12-03-2023,Yes,Auto-Renewed
CN003180,C0005737,PL025,Smart Home,18,18-08-2017,09-02-2019,Yes,Pending
CN003181,C0005738,PL008,Postpaid Mobile,18,02-04-2015,23-09-2016,No,Renewed
CN003182,C0005739,PL005,Prepaid Mobile,24,01-01-2014,22-12-2015,Yes,Renewed
CN003183,C0005740,PL008,Postpaid Mobile,12,11-12-2022,06-12-2023,No,Active
CN003184,C0005742,PL006,Prepaid Mobile,24,01-01-2014,22-12-2015,No,Pending
CN003185,C0005744,PL021,Enterprise,12,01-01-2014,27-12-2014,Yes,Pending
CN003186,C0005748,PL017,Fiber Broadband,12,21-03-2018,16-03-2019,Yes,Cancelled
CN003187,C0005750,PL008,Postpaid Mobile,24,30-03-2025,20-03-2027,No,Renewed
CN003188,C0005751,PL023,IoT Solutions,24,27-09-2021,17-09-2023,Yes,Auto-Renewed
CN003189,C0005753,PL017,Fiber Broadband,12,18-12-2021,13-12-2022,Yes,Not Renewed
CN003190,C0005754,PL015,Fiber Broadband,18,01-09-2015,22-02-2017,Yes,Auto-Renewed
CN003191,C0005755,PL006,Prepaid Mobile,24,08-05-2015,27-04-2017,No,Renewed
CN003192,C0005756,PL008,Postpaid Mobile,24,18-06-2021,08-06-2023,Yes,Renewed
CN003193,C0005757,PL006,Prepaid Mobile,24,01-01-2014,22-12-2015,Yes,Renewed
CN003194,C0005760,PL009,Postpaid Mobile,12,30-03-2015,24-03-2016,No,Active
CN003195,C0005761,PL010,Postpaid Mobile,24,25-12-2018,14-12-2020,Yes,Renewed
CN003196,C0005762,PL008,Postpaid Mobile,18,28-05-2020,19-11-2021,Yes,Not Renewed
CN003197,C0005764,PL011,Postpaid Mobile,18,14-01-2014,08-07-2015,No,Auto-Renewed
CN003198,C0005765,PL024,IoT Solutions,12,16-02-2015,11-02-2016,No,Active
CN003199,C0005766,PL005,Prepaid Mobile,36,17-11-2022,01-11-2025,Yes,Auto-Renewed
CN003200,C0005771,PL009,Postpaid Mobile,12,13-05-2023,07-05-2024,No,Renewed
CN003201,C0005772,PL006,Prepaid Mobile,18,01-01-2014,25-06-2015,Yes,Renewed
CN003202,C0005775,PL022,Enterprise,12,02-12-2014,27-11-2015,No,Renewed
CN003203,C0005777,PL015,Fiber Broadband,18,07-02-2020,31-07-2021,Yes,Renewed
CN003204,C0005782,PL005,Prepaid Mobile,24,13-04-2019,02-04-2021,No,Renewed
CN003205,C0005783,PL006,Prepaid Mobile,24,31-12-2017,21-12-2019,No,Renewed
CN003206,C0005790,PL016,Fiber Broadband,12,05-12-2018,30-11-2019,No,Not Renewed
CN003207,C0005791,PL007,Postpaid Mobile,18,31-03-2016,22-09-2017,Yes,Active
CN003208,C0005792,PL006,Prepaid Mobile,18,01-01-2014,25-06-2015,No,Renewed
CN003209,C0005797,PL011,Postpaid Mobile,12,01-01-2014,27-12-2014,Yes,Auto-Renewed
CN003210,C0005798,PL017,Fiber Broadband,24,09-01-2018,30-12-2019,No,Renewed
CN003211,C0005799,PL005,Prepaid Mobile,36,24-11-2018,08-11-2021,No,Renewed
CN003212,C0005801,PL011,Postpaid Mobile,12,20-08-2017,15-08-2018,No,Auto-Renewed
CN003213,C0005803,PL018,Fiber Broadband,36,05-02-2026,20-01-2029,Yes,Pending
CN003214,C0005804,PL017,Fiber Broadband,18,03-03-2020,25-08-2021,Yes,Pending
CN003215,C0005805,PL022,Enterprise,12,01-01-2014,27-12-2014,Yes,Renewed
CN003216,C0005807,PL009,Postpaid Mobile,24,02-06-2024,23-05-2026,Yes,Renewed
CN003217,C0005809,PL005,Prepaid Mobile,12,06-11-2014,01-11-2015,Yes,Pending
CN003218,C0005810,PL015,Fiber Broadband,12,10-04-2024,05-04-2025,No,Auto-Renewed
CN003219,C0005811,PL007,Postpaid Mobile,12,29-09-2019,23-09-2020,Yes,Auto-Renewed
CN003220,C0005812,PL005,Prepaid Mobile,24,01-01-2014,22-12-2015,Yes,Renewed
CN003221,C0005813,PL005,Prepaid Mobile,18,30-08-2023,20-02-2025,No,Auto-Renewed
CN003222,C0005814,PL010,Postpaid Mobile,12,05-08-2016,31-07-2017,Yes,Renewed
CN003223,C0005815,PL017,Fiber Broadband,18,15-02-2022,09-08-2023,No,Renewed
CN003224,C0005816,PL011,Postpaid Mobile,12,20-04-2014,15-04-2015,Yes,Renewed
CN003225,C0005820,PL010,Postpaid Mobile,12,07-03-2015,01-03-2016,Yes,Pending
CN003226,C0005821,PL016,Fiber Broadband,12,01-01-2014,27-12-2014,No,Active
CN003227,C0005822,PL006,Prepaid Mobile,18,01-01-2014,25-06-2015,No,Renewed
CN003228,C0005823,PL005,Prepaid Mobile,12,01-01-2014,27-12-2014,Yes,Pending
CN003229,C0005824,PL010,Postpaid Mobile,18,28-02-2023,21-08-2024,No,Renewed
CN003230,C0005826,PL024,IoT Solutions,18,18-09-2017,12-03-2019,Yes,Renewed
CN003231,C0005828,PL018,Fiber Broadband,24,29-10-2018,18-10-2020,No,Auto-Renewed
CN003232,C0005829,PL005,Prepaid Mobile,12,23-06-2018,18-06-2019,No,Auto-Renewed
CN003233,C0005830,PL007,Postpaid Mobile,12,28-04-2019,22-04-2020,No,Renewed
CN003234,C0005831,PL009,Postpaid Mobile,24,03-02-2021,24-01-2023,Yes,Cancelled
CN003235,C0005834,PL017,Fiber Broadband,24,14-09-2023,03-09-2025,No,Auto-Renewed
CN003236,C0005835,PL025,Smart Home,12,31-12-2025,26-12-2026,No,Active
CN003237,C0005837,PL008,Postpaid Mobile,12,05-02-2021,31-01-2022,Yes,Auto-Renewed
CN003238,C0005839,PL005,Prepaid Mobile,24,15-08-2020,05-08-2022,Yes,Renewed
CN003239,C0005842,PL018,Fiber Broadband,18,27-11-2019,20-05-2021,Yes,Pending
CN003240,C0005843,PL008,Postpaid Mobile,12,06-03-2018,01-03-2019,No,Renewed
CN003241,C0005844,PL016,Fiber Broadband,24,14-06-2020,04-06-2022,Yes,Auto-Renewed
CN003242,C0005845,PL011,Postpaid Mobile,36,29-06-2019,13-06-2022,Yes,Active
CN003243,C0005851,PL017,Fiber Broadband,18,01-01-2014,25-06-2015,Yes,Renewed
CN003244,C0005852,PL018,Fiber Broadband,12,01-01-2014,27-12-2014,No,Pending
CN003245,C0005854,PL009,Postpaid Mobile,18,16-02-2024,09-08-2025,Yes,Active
CN003246,C0005855,PL016,Fiber Broadband,24,05-06-2025,26-05-2027,Yes,Renewed
CN003247,C0005857,PL005,Prepaid Mobile,36,06-07-2019,20-06-2022,No,Not Renewed
CN003248,C0005861,PL007,Postpaid Mobile,24,03-08-2024,24-07-2026,No,Not Renewed
CN003249,C0005863,PL006,Prepaid Mobile,18,03-11-2018,26-04-2020,Yes,Renewed
CN003250,C0005864,PL006,Prepaid Mobile,18,07-04-2017,29-09-2018,No,Cancelled
CN003251,C0005866,PL006,Prepaid Mobile,24,26-08-2016,16-08-2018,No,Renewed
CN003252,C0005867,PL009,Postpaid Mobile,12,21-05-2015,15-05-2016,No,Active
CN003253,C0005870,PL005,Prepaid Mobile,24,10-04-2025,31-03-2027,Yes,Renewed
CN003254,C0005871,PL011,Postpaid Mobile,12,08-11-2014,03-11-2015,Yes,Auto-Renewed
CN003255,C0005877,PL011,Postpaid Mobile,12,01-01-2014,27-12-2014,Yes,Renewed
CN003256,C0005879,PL010,Postpaid Mobile,12,22-03-2025,17-03-2026,Yes,Auto-Renewed
CN003257,C0005881,PL006,Prepaid Mobile,18,13-02-2022,07-08-2023,Yes,Renewed
CN003258,C0005883,PL008,Postpaid Mobile,12,14-01-2025,09-01-2026,Yes,Renewed
CN003259,C0005884,PL011,Postpaid Mobile,12,02-12-2021,27-11-2022,Yes,Renewed
CN003260,C0005886,PL017,Fiber Broadband,24,21-10-2023,10-10-2025,No,Renewed
CN003261,C0005888,PL006,Prepaid Mobile,36,04-08-2020,20-07-2023,Yes,Renewed
CN003262,C0005891,PL006,Prepaid Mobile,24,01-01-2014,22-12-2015,No,Renewed
CN003263,C0005894,PL017,Fiber Broadband,36,20-01-2024,04-01-2027,No,Renewed
CN003264,C0005895,PL011,Postpaid Mobile,12,01-01-2014,27-12-2014,Yes,Renewed
CN003265,C0005896,PL015,Fiber Broadband,24,04-08-2020,25-07-2022,No,Renewed
CN003266,C0005897,PL009,Postpaid Mobile,18,28-05-2018,19-11-2019,Yes,Renewed
CN003267,C0005899,PL009,Postpaid Mobile,24,09-08-2016,30-07-2018,No,Auto-Renewed
CN003268,C0005900,PL011,Postpaid Mobile,24,19-03-2022,08-03-2024,Yes,Renewed
CN003269,C0005901,PL010,Postpaid Mobile,12,05-08-2020,31-07-2021,No,Cancelled
CN003270,C0005904,PL005,Prepaid Mobile,12,29-03-2021,24-03-2022,Yes,Pending
CN003271,C0005909,PL005,Prepaid Mobile,12,02-08-2022,28-07-2023,Yes,Pending
CN003272,C0005917,PL016,Fiber Broadband,12,01-01-2014,27-12-2014,Yes,Renewed
CN003273,C0005918,PL005,Prepaid Mobile,12,01-01-2014,27-12-2014,Yes,Auto-Renewed
CN003274,C0005920,PL011,Postpaid Mobile,24,30-06-2016,20-06-2018,No,Renewed
CN003275,C0005921,PL016,Fiber Broadband,18,09-04-2024,01-10-2025,Yes,Cancelled
CN003276,C0005923,PL021,Enterprise,36,01-01-2014,16-12-2016,No,Pending
CN003277,C0005924,PL005,Prepaid Mobile,12,25-11-2015,19-11-2016,Yes,Cancelled
CN003278,C0005928,PL008,Postpaid Mobile,12,05-03-2018,28-02-2019,Yes,Auto-Renewed
CN003279,C0005932,PL025,Smart Home,12,01-02-2023,27-01-2024,Yes,Not Renewed
CN003280,C0005933,PL007,Postpaid Mobile,24,21-10-2014,10-10-2016,Yes,Active
CN003281,C0005934,PL005,Prepaid Mobile,24,01-01-2014,22-12-2015,Yes,Renewed
CN003282,C0005935,PL015,Fiber Broadband,12,19-07-2016,14-07-2017,Yes,Pending
CN003283,C0005940,PL006,Prepaid Mobile,12,01-01-2014,27-12-2014,No,Renewed
CN003284,C0005941,PL018,Fiber Broadband,12,24-10-2025,19-10-2026,No,Renewed
CN003285,C0005943,PL010,Postpaid Mobile,24,19-07-2020,09-07-2022,No,Renewed
CN003286,C0005944,PL005,Prepaid Mobile,12,30-10-2019,24-10-2020,Yes,Renewed
CN003287,C0005947,PL021,Enterprise,24,18-08-2017,08-08-2019,Yes,Renewed
CN003288,C0005949,PL018,Fiber Broadband,24,05-11-2020,26-10-2022,Yes,Renewed
CN003289,C0005950,PL006,Prepaid Mobile,12,19-11-2019,13-11-2020,Yes,Auto-Renewed
CN003290,C0005953,PL007,Postpaid Mobile,36,15-12-2023,29-11-2026,Yes,Auto-Renewed
CN003291,C0005954,PL005,Prepaid Mobile,18,01-01-2014,25-06-2015,No,Active
CN003292,C0005955,PL016,Fiber Broadband,12,01-01-2014,27-12-2014,Yes,Active
CN003293,C0005956,PL024,IoT Solutions,12,13-01-2015,08-01-2016,Yes,Active
CN003294,C0005957,PL011,Postpaid Mobile,24,01-01-2014,22-12-2015,No,Not Renewed
CN003295,C0005960,PL005,Prepaid Mobile,24,18-06-2025,08-06-2027,No,Active
CN003296,C0005962,PL006,Prepaid Mobile,24,19-01-2018,09-01-2020,Yes,Active
CN003297,C0005963,PL007,Postpaid Mobile,12,25-10-2016,20-10-2017,No,Auto-Renewed
CN003298,C0005964,PL025,Smart Home,12,23-09-2015,17-09-2016,Yes,Renewed
CN003299,C0005966,PL022,Enterprise,12,15-07-2015,09-07-2016,No,Renewed
CN003300,C0005970,PL007,Postpaid Mobile,18,27-04-2017,19-10-2018,No,Auto-Renewed
CN003301,C0005971,PL006,Prepaid Mobile,12,01-01-2014,27-12-2014,Yes,Renewed
CN003302,C0005972,PL005,Prepaid Mobile,12,08-09-2015,02-09-2016,Yes,Renewed
CN003303,C0005973,PL005,Prepaid Mobile,12,01-01-2014,27-12-2014,Yes,Renewed
CN003304,C0005974,PL024,IoT Solutions,36,05-11-2023,20-10-2026,Yes,Not Renewed
CN003305,C0005976,PL006,Prepaid Mobile,18,03-05-2017,25-10-2018,Yes,Active
CN003306,C0005978,PL006,Prepaid Mobile,12,29-08-2024,24-08-2025,Yes,Auto-Renewed
CN003307,C0005980,PL007,Postpaid Mobile,24,09-08-2022,29-07-2024,No,Cancelled
CN003308,C0005982,PL009,Postpaid Mobile,12,30-07-2019,24-07-2020,Yes,Not Renewed
CN003309,C0005983,PL008,Postpaid Mobile,18,14-09-2021,08-03-2023,Yes,Renewed
CN003310,C0005984,PL006,Prepaid Mobile,12,01-01-2014,27-12-2014,No,Renewed
CN003311,C0005985,PL005,Prepaid Mobile,18,28-08-2014,19-02-2016,Yes,Renewed
CN003312,C0005987,PL006,Prepaid Mobile,18,20-01-2024,13-07-2025,No,Renewed
CN003313,C0005990,PL009,Postpaid Mobile,24,28-05-2016,18-05-2018,Yes,Pending
CN003314,C0005995,PL009,Postpaid Mobile,12,22-10-2024,17-10-2025,Yes,Pending
CN003315,C0005996,PL023,IoT Solutions,12,02-02-2019,28-01-2020,Yes,Renewed
CN003316,C0005998,PL010,Postpaid Mobile,12,24-04-2022,19-04-2023,Yes,Auto-Renewed
CN003317,C0005999,PL011,Postpaid Mobile,12,01-01-2014,27-12-2014,No,Auto-Renewed
CN003318,C0006000,PL008,Postpaid Mobile,24,24-05-2022,13-05-2024,No,Active
CN003319,C0006004,PL018,Fiber Broadband,12,01-01-2014,27-12-2014,No,Renewed
CN003320,C0006005,PL021,Enterprise,18,03-11-2015,26-04-2017,No,Auto-Renewed
CN003321,C0006006,PL006,Prepaid Mobile,12,01-11-2023,26-10-2024,Yes,Renewed
CN003322,C0006007,PL007,Postpaid Mobile,36,31-07-2024,16-07-2027,No,Active
CN003323,C0006008,PL015,Fiber Broadband,18,26-04-2018,18-10-2019,Yes,Active
CN003324,C0006009,PL011,Postpaid Mobile,12,01-01-2014,27-12-2014,Yes,Active
CN003325,C0006011,PL018,Fiber Broadband,36,23-04-2017,07-04-2020,Yes,Active
CN003326,C0006015,PL007,Postpaid Mobile,12,23-04-2022,18-04-2023,No,Auto-Renewed
CN003327,C0006018,PL017,Fiber Broadband,36,01-01-2014,16-12-2016,Yes,Pending
CN003328,C0006019,PL007,Postpaid Mobile,36,25-06-2017,09-06-2020,Yes,Not Renewed
CN003329,C0006021,PL022,Enterprise,12,16-12-2018,11-12-2019,No,Active
CN003330,C0006023,PL006,Prepaid Mobile,12,22-09-2023,16-09-2024,No,Auto-Renewed
CN003331,C0006024,PL005,Prepaid Mobile,24,01-01-2014,22-12-2015,No,Renewed
CN003332,C0006028,PL005,Prepaid Mobile,12,11-11-2025,06-11-2026,No,Active
CN003333,C0006029,PL006,Prepaid Mobile,12,02-03-2020,25-02-2021,Yes,Auto-Renewed
CN003334,C0006031,PL024,IoT Solutions,36,08-05-2020,23-04-2023,No,Active
CN003335,C0006032,PL017,Fiber Broadband,24,16-06-2022,05-06-2024,Yes,Active
CN003336,C0006033,PL009,Postpaid Mobile,12,22-04-2019,16-04-2020,No,Active
CN003337,C0006036,PL010,Postpaid Mobile,12,07-02-2018,02-02-2019,No,Auto-Renewed
CN003338,C0006037,PL010,Postpaid Mobile,12,07-12-2025,02-12-2026,No,Renewed
CN003339,C0006041,PL016,Fiber Broadband,24,01-01-2014,22-12-2015,No,Not Renewed
CN003340,C0006043,PL016,Fiber Broadband,12,05-04-2023,30-03-2024,No,Not Renewed
CN003341,C0006044,PL007,Postpaid Mobile,12,25-07-2017,20-07-2018,No,Auto-Renewed
CN003342,C0006047,PL009,Postpaid Mobile,12,11-08-2020,06-08-2021,No,Renewed
CN003343,C0006048,PL005,Prepaid Mobile,12,19-11-2021,14-11-2022,Yes,Active
CN003344,C0006049,PL005,Prepaid Mobile,18,17-11-2017,11-05-2019,No,Renewed
CN003345,C0006050,PL025,Smart Home,24,19-07-2021,09-07-2023,Yes,Not Renewed
CN003346,C0006051,PL010,Postpaid Mobile,12,14-04-2018,09-04-2019,Yes,Renewed
CN003347,C0006052,PL018,Fiber Broadband,18,01-01-2014,25-06-2015,Yes,Renewed
CN003348,C0006053,PL018,Fiber Broadband,18,27-05-2024,18-11-2025,No,Renewed
CN003349,C0006054,PL022,Enterprise,12,15-12-2017,10-12-2018,Yes,Pending
CN003350,C0006055,PL011,Postpaid Mobile,36,04-04-2022,19-03-2025,Yes,Renewed
CN003351,C0006056,PL018,Fiber Broadband,24,19-01-2015,08-01-2017,Yes,Auto-Renewed
CN003352,C0006057,PL008,Postpaid Mobile,36,25-10-2016,10-10-2019,No,Pending
CN003353,C0006058,PL005,Prepaid Mobile,18,06-11-2025,30-04-2027,No,Renewed
CN003354,C0006061,PL009,Postpaid Mobile,36,19-02-2020,03-02-2023,Yes,Cancelled
CN003355,C0006062,PL024,IoT Solutions,24,04-03-2016,22-02-2018,No,Pending
CN003356,C0006063,PL006,Prepaid Mobile,12,01-01-2014,27-12-2014,Yes,Renewed
CN003357,C0006065,PL009,Postpaid Mobile,24,28-01-2017,18-01-2019,Yes,Not Renewed
CN003358,C0006067,PL022,Enterprise,24,12-11-2015,01-11-2017,Yes,Active
CN003359,C0006068,PL006,Prepaid Mobile,12,01-01-2014,27-12-2014,Yes,Active
CN003360,C0006070,PL022,Enterprise,12,01-01-2014,27-12-2014,No,Auto-Renewed
CN003361,C0006071,PL009,Postpaid Mobile,18,11-11-2025,05-05-2027,Yes,Active
CN003362,C0006076,PL011,Postpaid Mobile,12,23-10-2020,18-10-2021,Yes,Renewed
CN003363,C0006077,PL008,Postpaid Mobile,12,19-03-2018,14-03-2019,No,Cancelled
CN003364,C0006078,PL008,Postpaid Mobile,24,13-01-2017,03-01-2019,No,Renewed
CN003365,C0006080,PL022,Enterprise,12,22-04-2015,16-04-2016,No,Active
CN003366,C0006081,PL015,Fiber Broadband,18,01-01-2014,25-06-2015,Yes,Renewed
CN003367,C0006082,PL009,Postpaid Mobile,18,10-11-2015,03-05-2017,No,Renewed
CN003368,C0006086,PL007,Postpaid Mobile,36,01-09-2016,17-08-2019,No,Cancelled
CN003369,C0006088,PL009,Postpaid Mobile,12,31-07-2014,26-07-2015,Yes,Renewed
CN003370,C0006089,PL010,Postpaid Mobile,36,07-10-2020,22-09-2023,Yes,Active
CN003371,C0006094,PL006,Prepaid Mobile,18,15-08-2025,06-02-2027,No,Renewed
CN003372,C0006095,PL007,Postpaid Mobile,24,20-02-2022,10-02-2024,No,Not Renewed
CN003373,C0006097,PL009,Postpaid Mobile,24,16-10-2018,05-10-2020,Yes,Active
CN003374,C0006098,PL005,Prepaid Mobile,24,22-03-2019,11-03-2021,No,Active
CN003375,C0006099,PL018,Fiber Broadband,24,22-04-2017,12-04-2019,Yes,Not Renewed
CN003376,C0006101,PL011,Postpaid Mobile,12,16-12-2020,11-12-2021,Yes,Pending
CN003377,C0006104,PL022,Enterprise,12,19-05-2024,14-05-2025,No,Pending
CN003378,C0006106,PL006,Prepaid Mobile,12,01-01-2014,27-12-2014,No,Active
CN003379,C0006108,PL005,Prepaid Mobile,12,28-08-2021,23-08-2022,Yes,Renewed
CN003380,C0006109,PL017,Fiber Broadband,24,01-01-2014,22-12-2015,Yes,Cancelled
CN003381,C0006114,PL024,IoT Solutions,36,07-06-2018,22-05-2021,No,Renewed
CN003382,C0006115,PL007,Postpaid Mobile,24,24-12-2024,14-12-2026,Yes,Pending
CN003383,C0006116,PL025,Smart Home,12,03-10-2022,28-09-2023,Yes,Active
CN003384,C0006117,PL011,Postpaid Mobile,12,18-01-2023,13-01-2024,Yes,Renewed
CN003385,C0006118,PL006,Prepaid Mobile,24,01-01-2014,22-12-2015,No,Renewed
CN003386,C0006119,PL015,Fiber Broadband,12,27-11-2019,21-11-2020,Yes,Renewed
CN003387,C0006121,PL011,Postpaid Mobile,24,14-06-2014,03-06-2016,Yes,Renewed
CN003388,C0006128,PL024,IoT Solutions,24,26-11-2023,15-11-2025,No,Renewed
CN003389,C0006132,PL009,Postpaid Mobile,24,11-04-2024,01-04-2026,No,Auto-Renewed
CN003390,C0006134,PL007,Postpaid Mobile,36,13-12-2021,27-11-2024,No,Auto-Renewed
CN003391,C0006135,PL025,Smart Home,12,09-02-2020,03-02-2021,No,Not Renewed
CN003392,C0006136,PL009,Postpaid Mobile,24,06-09-2021,27-08-2023,No,Renewed
CN003393,C0006140,PL005,Prepaid Mobile,24,31-10-2014,20-10-2016,No,Renewed
CN003394,C0006143,PL009,Postpaid Mobile,24,24-05-2023,13-05-2025,Yes,Auto-Renewed
CN003395,C0006147,PL021,Enterprise,24,01-01-2014,22-12-2015,No,Not Renewed
CN003396,C0006148,PL005,Prepaid Mobile,12,01-01-2014,27-12-2014,Yes,Renewed
CN003397,C0006149,PL005,Prepaid Mobile,12,14-07-2015,08-07-2016,No,Auto-Renewed
CN003398,C0006150,PL005,Prepaid Mobile,24,18-08-2021,08-08-2023,No,Auto-Renewed
CN003399,C0006151,PL011,Postpaid Mobile,24,23-10-2021,13-10-2023,Yes,Cancelled
CN003400,C0006152,PL005,Prepaid Mobile,36,28-08-2020,13-08-2023,Yes,Renewed
CN003401,C0006153,PL006,Prepaid Mobile,24,01-01-2014,22-12-2015,No,Pending
CN003402,C0006155,PL010,Postpaid Mobile,24,05-08-2024,26-07-2026,Yes,Renewed
CN003403,C0006158,PL024,IoT Solutions,36,09-08-2016,25-07-2019,No,Not Renewed
CN003404,C0006161,PL005,Prepaid Mobile,12,01-01-2014,27-12-2014,No,Active
CN003405,C0006163,PL007,Postpaid Mobile,24,19-08-2024,09-08-2026,Yes,Renewed
CN003406,C0006164,PL005,Prepaid Mobile,12,16-09-2016,11-09-2017,Yes,Pending
CN003407,C0006165,PL016,Fiber Broadband,12,01-01-2014,27-12-2014,No,Pending
CN003408,C0006166,PL016,Fiber Broadband,12,29-08-2021,24-08-2022,No,Auto-Renewed
CN003409,C0006167,PL005,Prepaid Mobile,12,01-01-2014,27-12-2014,No,Pending
CN003410,C0006168,PL007,Postpaid Mobile,12,18-02-2019,13-02-2020,Yes,Not Renewed
CN003411,C0006171,PL011,Postpaid Mobile,12,01-01-2014,27-12-2014,Yes,Active
CN003412,C0006173,PL016,Fiber Broadband,18,01-11-2019,24-04-2021,Yes,Renewed
CN003413,C0006174,PL011,Postpaid Mobile,18,04-05-2019,25-10-2020,Yes,Pending
CN003414,C0006175,PL015,Fiber Broadband,12,05-07-2016,30-06-2017,No,Cancelled
CN003415,C0006178,PL005,Prepaid Mobile,12,23-06-2018,18-06-2019,Yes,Pending
CN003416,C0006181,PL006,Prepaid Mobile,12,01-01-2014,27-12-2014,No,Renewed
CN003417,C0006182,PL023,IoT Solutions,36,22-10-2022,06-10-2025,Yes,Not Renewed
CN003418,C0006188,PL023,IoT Solutions,12,27-11-2018,22-11-2019,No,Auto-Renewed
CN003419,C0006192,PL005,Prepaid Mobile,36,01-01-2014,16-12-2016,Yes,Pending
CN003420,C0006193,PL009,Postpaid Mobile,36,11-04-2018,26-03-2021,Yes,Not Renewed
CN003421,C0006194,PL005,Prepaid Mobile,18,12-04-2016,04-10-2017,No,Renewed
CN003422,C0006197,PL017,Fiber Broadband,24,05-12-2014,24-11-2016,Yes,Active
CN003423,C0006198,PL017,Fiber Broadband,12,10-08-2020,05-08-2021,No,Auto-Renewed
CN003424,C0006200,PL009,Postpaid Mobile,24,24-11-2023,13-11-2025,Yes,Pending
CN003425,C0006205,PL010,Postpaid Mobile,12,18-04-2021,13-04-2022,Yes,Renewed
CN003426,C0006207,PL015,Fiber Broadband,24,01-01-2014,22-12-2015,Yes,Auto-Renewed
CN003427,C0006210,PL017,Fiber Broadband,36,01-01-2014,16-12-2016,Yes,Auto-Renewed
CN003428,C0006214,PL006,Prepaid Mobile,36,05-05-2016,20-04-2019,Yes,Renewed
CN003429,C0006216,PL015,Fiber Broadband,24,01-01-2014,22-12-2015,Yes,Renewed
CN003430,C0006217,PL016,Fiber Broadband,12,13-12-2021,08-12-2022,Yes,Renewed
CN003431,C0006218,PL015,Fiber Broadband,12,28-01-2015,23-01-2016,No,Cancelled
CN003432,C0006219,PL016,Fiber Broadband,12,11-12-2025,06-12-2026,Yes,Active
CN003433,C0006220,PL007,Postpaid Mobile,18,31-01-2017,25-07-2018,No,Renewed
CN003434,C0006221,PL008,Postpaid Mobile,24,26-08-2019,15-08-2021,No,Auto-Renewed
CN003435,C0006223,PL015,Fiber Broadband,18,12-03-2023,02-09-2024,Yes,Cancelled
CN003436,C0006224,PL011,Postpaid Mobile,12,03-02-2024,28-01-2025,No,Not Renewed
CN003437,C0006225,PL023,IoT Solutions,12,13-03-2014,08-03-2015,Yes,Pending
CN003438,C0006229,PL023,IoT Solutions,18,27-07-2023,17-01-2025,No,Renewed
CN003439,C0006230,PL010,Postpaid Mobile,12,06-07-2024,01-07-2025,Yes,Cancelled
CN003440,C0006231,PL009,Postpaid Mobile,18,02-07-2016,24-12-2017,No,Renewed
CN003441,C0006232,PL006,Prepaid Mobile,12,27-09-2021,22-09-2022,Yes,Pending
CN003442,C0006233,PL010,Postpaid Mobile,12,15-05-2017,10-05-2018,Yes,Auto-Renewed
CN003443,C0006234,PL011,Postpaid Mobile,24,09-04-2022,29-03-2024,No,Auto-Renewed
CN003444,C0006235,PL015,Fiber Broadband,18,08-03-2017,30-08-2018,Yes,Active
CN003445,C0006236,PL008,Postpaid Mobile,18,12-02-2018,06-08-2019,Yes,Active
CN003446,C0006237,PL007,Postpaid Mobile,12,12-09-2018,07-09-2019,No,Renewed
CN003447,C0006239,PL007,Postpaid Mobile,24,19-03-2019,08-03-2021,Yes,Auto-Renewed
CN003448,C0006240,PL025,Smart Home,24,20-03-2024,10-03-2026,No,Not Renewed
CN003449,C0006241,PL017,Fiber Broadband,12,01-01-2014,27-12-2014,No,Not Renewed
CN003450,C0006242,PL007,Postpaid Mobile,36,03-08-2014,18-07-2017,No,Auto-Renewed
CN003451,C0006245,PL023,IoT Solutions,12,31-03-2018,26-03-2019,Yes,Not Renewed
CN003452,C0006247,PL010,Postpaid Mobile,12,07-12-2018,02-12-2019,No,Auto-Renewed
CN003453,C0006248,PL016,Fiber Broadband,18,01-01-2014,25-06-2015,Yes,Pending
CN003454,C0006249,PL022,Enterprise,24,01-01-2014,22-12-2015,Yes,Renewed
CN003455,C0006251,PL008,Postpaid Mobile,18,21-02-2022,15-08-2023,Yes,Auto-Renewed
CN003456,C0006255,PL015,Fiber Broadband,12,02-08-2022,28-07-2023,Yes,Auto-Renewed
CN003457,C0006256,PL021,Enterprise,12,27-10-2021,22-10-2022,Yes,Pending
CN003458,C0006259,PL017,Fiber Broadband,12,10-12-2024,05-12-2025,Yes,Auto-Renewed
CN003459,C0006261,PL008,Postpaid Mobile,36,03-01-2015,18-12-2017,Yes,Renewed
CN003460,C0006263,PL005,Prepaid Mobile,12,24-08-2019,18-08-2020,No,Auto-Renewed
CN003461,C0006264,PL017,Fiber Broadband,12,01-01-2014,27-12-2014,No,Pending
CN003462,C0006265,PL011,Postpaid Mobile,12,27-04-2016,22-04-2017,No,Renewed
CN003463,C0006266,PL006,Prepaid Mobile,12,01-01-2014,27-12-2014,Yes,Auto-Renewed
CN003464,C0006267,PL006,Prepaid Mobile,24,01-01-2014,22-12-2015,Yes,Renewed
CN003465,C0006269,PL005,Prepaid Mobile,12,02-12-2017,27-11-2018,No,Not Renewed
CN003466,C0006271,PL005,Prepaid Mobile,24,19-07-2016,09-07-2018,No,Renewed
CN003467,C0006274,PL015,Fiber Broadband,12,01-01-2014,27-12-2014,Yes,Pending
CN003468,C0006275,PL010,Postpaid Mobile,12,25-12-2016,20-12-2017,Yes,Renewed
CN003469,C0006276,PL005,Prepaid Mobile,24,13-05-2017,03-05-2019,No,Auto-Renewed
CN003470,C0006278,PL007,Postpaid Mobile,12,27-09-2020,22-09-2021,Yes,Renewed
CN003471,C0006279,PL022,Enterprise,12,01-01-2014,27-12-2014,No,Auto-Renewed
CN003472,C0006280,PL022,Enterprise,18,19-12-2015,11-06-2017,Yes,Pending
CN003473,C0006282,PL008,Postpaid Mobile,12,22-02-2015,17-02-2016,Yes,Pending
CN003474,C0006283,PL025,Smart Home,12,19-10-2022,14-10-2023,Yes,Renewed
CN003475,C0006284,PL006,Prepaid Mobile,36,21-01-2017,06-01-2020,No,Renewed
CN003476,C0006285,PL006,Prepaid Mobile,36,12-11-2024,28-10-2027,No,Renewed
CN003477,C0006286,PL025,Smart Home,12,20-10-2024,15-10-2025,No,Renewed
CN003478,C0006295,PL010,Postpaid Mobile,18,14-11-2020,08-05-2022,Yes,Renewed
CN003479,C0006296,PL021,Enterprise,24,01-01-2014,22-12-2015,No,Active
CN003480,C0006297,PL006,Prepaid Mobile,12,01-01-2014,27-12-2014,No,Active
CN003481,C0006301,PL005,Prepaid Mobile,18,01-01-2014,25-06-2015,No,Auto-Renewed
CN003482,C0006302,PL011,Postpaid Mobile,24,25-12-2025,15-12-2027,No,Auto-Renewed
CN003483,C0006304,PL024,IoT Solutions,24,23-06-2025,13-06-2027,No,Pending
CN003484,C0006308,PL005,Prepaid Mobile,12,30-12-2024,25-12-2025,Yes,Auto-Renewed
CN003485,C0006309,PL007,Postpaid Mobile,18,23-09-2020,17-03-2022,Yes,Auto-Renewed
CN003486,C0006311,PL006,Prepaid Mobile,36,12-08-2016,28-07-2019,No,Auto-Renewed
CN003487,C0006313,PL015,Fiber Broadband,18,31-07-2022,22-01-2024,Yes,Auto-Renewed
CN003488,C0006314,PL010,Postpaid Mobile,12,19-11-2015,13-11-2016,No,Not Renewed
CN003489,C0006316,PL006,Prepaid Mobile,18,15-12-2020,08-06-2022,Yes,Active
CN003490,C0006319,PL008,Postpaid Mobile,36,10-07-2015,24-06-2018,No,Auto-Renewed
CN003491,C0006320,PL017,Fiber Broadband,12,01-01-2014,27-12-2014,No,Active
CN003492,C0006322,PL018,Fiber Broadband,12,16-08-2018,11-08-2019,No,Pending
CN003493,C0006326,PL006,Prepaid Mobile,12,26-03-2020,21-03-2021,Yes,Pending
CN003494,C0006329,PL008,Postpaid Mobile,12,26-04-2021,21-04-2022,Yes,Renewed
CN003495,C0006333,PL006,Prepaid Mobile,12,06-10-2023,30-09-2024,Yes,Pending
CN003496,C0006334,PL018,Fiber Broadband,24,01-01-2014,22-12-2015,No,Pending
CN003497,C0006335,PL005,Prepaid Mobile,12,27-08-2023,21-08-2024,No,Renewed
CN003498,C0006337,PL005,Prepaid Mobile,12,17-08-2017,12-08-2018,Yes,Renewed
CN003499,C0006338,PL007,Postpaid Mobile,24,25-10-2022,14-10-2024,No,Renewed
CN003500,C0006342,PL009,Postpaid Mobile,12,15-11-2024,10-11-2025,Yes,Auto-Renewed
CN003501,C0006348,PL009,Postpaid Mobile,12,02-02-2026,28-01-2027,Yes,Renewed
CN003502,C0006349,PL015,Fiber Broadband,24,27-01-2019,16-01-2021,Yes,Active
CN003503,C0006350,PL008,Postpaid Mobile,12,23-10-2020,18-10-2021,No,Auto-Renewed
CN003504,C0006353,PL006,Prepaid Mobile,36,01-01-2014,16-12-2016,No,Renewed
CN003505,C0006355,PL018,Fiber Broadband,12,21-08-2017,16-08-2018,No,Auto-Renewed
CN003506,C0006356,PL005,Prepaid Mobile,12,01-01-2014,27-12-2014,Yes,Renewed
CN003507,C0006359,PL010,Postpaid Mobile,24,09-08-2022,29-07-2024,Yes,Not Renewed
CN003508,C0006360,PL007,Postpaid Mobile,18,05-01-2022,29-06-2023,No,Auto-Renewed
CN003509,C0006361,PL008,Postpaid Mobile,12,14-05-2025,09-05-2026,No,Not Renewed
CN003510,C0006362,PL005,Prepaid Mobile,12,04-06-2017,30-05-2018,No,Renewed
CN003511,C0006363,PL006,Prepaid Mobile,18,01-01-2014,25-06-2015,No,Not Renewed
CN003512,C0006365,PL017,Fiber Broadband,24,04-08-2024,25-07-2026,No,Renewed
CN003513,C0006366,PL018,Fiber Broadband,12,18-08-2022,13-08-2023,No,Auto-Renewed
CN003514,C0006371,PL011,Postpaid Mobile,24,23-02-2021,13-02-2023,No,Pending
CN003515,C0006372,PL007,Postpaid Mobile,12,02-06-2023,27-05-2024,Yes,Auto-Renewed
CN003516,C0006376,PL008,Postpaid Mobile,36,04-02-2023,19-01-2026,Yes,Pending
CN003517,C0006377,PL021,Enterprise,24,30-12-2022,19-12-2024,No,Pending
CN003518,C0006378,PL008,Postpaid Mobile,12,23-01-2023,18-01-2024,Yes,Active
CN003519,C0006380,PL023,IoT Solutions,24,30-11-2024,20-11-2026,Yes,Auto-Renewed
CN003520,C0006382,PL005,Prepaid Mobile,36,17-06-2015,01-06-2018,Yes,Not Renewed
CN003521,C0006383,PL006,Prepaid Mobile,12,01-11-2025,27-10-2026,Yes,Auto-Renewed
CN003522,C0006384,PL016,Fiber Broadband,12,23-07-2024,18-07-2025,Yes,Renewed
CN003523,C0006387,PL005,Prepaid Mobile,12,01-01-2014,27-12-2014,No,Auto-Renewed
CN003524,C0006388,PL006,Prepaid Mobile,18,12-12-2023,04-06-2025,Yes,Renewed
CN003525,C0006390,PL022,Enterprise,24,06-10-2023,25-09-2025,No,Renewed
CN003526,C0006393,PL007,Postpaid Mobile,24,22-04-2025,12-04-2027,Yes,Not Renewed
CN003527,C0006394,PL024,IoT Solutions,18,12-08-2015,02-02-2017,No,Cancelled
CN003528,C0006396,PL010,Postpaid Mobile,24,15-06-2022,04-06-2024,No,Auto-Renewed
CN003529,C0006398,PL016,Fiber Broadband,12,01-01-2014,27-12-2014,Yes,Renewed
CN003530,C0006400,PL005,Prepaid Mobile,12,01-01-2014,27-12-2014,Yes,Not Renewed
CN003531,C0006403,PL006,Prepaid Mobile,12,16-12-2018,11-12-2019,No,Pending
CN003532,C0006407,PL006,Prepaid Mobile,24,06-03-2025,24-02-2027,Yes,Active
CN003533,C0006409,PL025,Smart Home,24,21-07-2014,10-07-2016,No,Renewed
CN003534,C0006410,PL015,Fiber Broadband,12,27-03-2021,22-03-2022,No,Not Renewed
CN003535,C0006414,PL009,Postpaid Mobile,12,07-09-2015,01-09-2016,Yes,Renewed
CN003536,C0006415,PL016,Fiber Broadband,24,02-03-2017,20-02-2019,Yes,Active
CN003537,C0006416,PL006,Prepaid Mobile,36,11-12-2022,25-11-2025,Yes,Auto-Renewed
CN003538,C0006418,PL005,Prepaid Mobile,18,23-07-2015,13-01-2017,No,Renewed
CN003539,C0006419,PL010,Postpaid Mobile,24,18-09-2024,08-09-2026,Yes,Cancelled
CN003540,C0006422,PL015,Fiber Broadband,12,19-07-2014,14-07-2015,No,Cancelled
CN003541,C0006428,PL021,Enterprise,12,01-01-2014,27-12-2014,No,Renewed
CN003542,C0006429,PL005,Prepaid Mobile,12,01-01-2014,27-12-2014,Yes,Renewed
CN003543,C0006430,PL008,Postpaid Mobile,18,03-01-2022,27-06-2023,Yes,Renewed
CN003544,C0006431,PL008,Postpaid Mobile,12,06-09-2020,01-09-2021,No,Cancelled
CN003545,C0006432,PL005,Prepaid Mobile,12,05-03-2018,28-02-2019,Yes,Auto-Renewed
CN003546,C0006433,PL007,Postpaid Mobile,12,23-07-2021,18-07-2022,Yes,Auto-Renewed
CN003547,C0006435,PL009,Postpaid Mobile,24,03-08-2015,23-07-2017,Yes,Active
CN003548,C0006436,PL011,Postpaid Mobile,12,17-09-2025,12-09-2026,Yes,Pending
CN003549,C0006442,PL005,Prepaid Mobile,24,29-08-2025,19-08-2027,Yes,Active
CN003550,C0006443,PL010,Postpaid Mobile,12,18-11-2018,13-11-2019,Yes,Renewed
CN003551,C0006445,PL021,Enterprise,12,12-03-2022,07-03-2023,Yes,Pending
CN003552,C0006450,PL006,Prepaid Mobile,24,10-01-2024,30-12-2025,Yes,Renewed
CN003553,C0006451,PL011,Postpaid Mobile,24,26-10-2022,15-10-2024,No,Pending
CN003554,C0006452,PL009,Postpaid Mobile,18,24-05-2020,15-11-2021,Yes,Renewed
CN003555,C0006453,PL024,IoT Solutions,12,19-05-2015,13-05-2016,No,Auto-Renewed
CN003556,C0006457,PL021,Enterprise,12,01-01-2014,27-12-2014,Yes,Active
CN003557,C0006459,PL011,Postpaid Mobile,24,01-01-2014,22-12-2015,No,Auto-Renewed
CN003558,C0006460,PL016,Fiber Broadband,36,01-01-2014,16-12-2016,Yes,Renewed
CN003559,C0006461,PL024,IoT Solutions,12,20-11-2020,15-11-2021,No,Not Renewed
CN003560,C0006462,PL024,IoT Solutions,36,18-07-2015,02-07-2018,Yes,Pending
CN003561,C0006463,PL006,Prepaid Mobile,12,01-01-2014,27-12-2014,Yes,Renewed
CN003562,C0006464,PL023,IoT Solutions,24,12-03-2024,02-03-2026,Yes,Cancelled
CN003563,C0006465,PL018,Fiber Broadband,18,06-09-2014,28-02-2016,Yes,Pending
CN003564,C0006466,PL006,Prepaid Mobile,24,01-01-2014,22-12-2015,No,Renewed
CN003565,C0006468,PL011,Postpaid Mobile,12,26-10-2018,21-10-2019,Yes,Renewed
CN003566,C0006469,PL006,Prepaid Mobile,24,17-01-2020,06-01-2022,Yes,Auto-Renewed
CN003567,C0006470,PL008,Postpaid Mobile,24,28-03-2014,17-03-2016,Yes,Not Renewed
CN003568,C0006472,PL009,Postpaid Mobile,24,08-04-2016,29-03-2018,Yes,Not Renewed
CN003569,C0006473,PL007,Postpaid Mobile,12,11-08-2023,05-08-2024,No,Not Renewed
CN003570,C0006475,PL018,Fiber Broadband,12,06-05-2021,01-05-2022,Yes,Active
CN003571,C0006476,PL010,Postpaid Mobile,24,12-12-2017,02-12-2019,Yes,Renewed
CN003572,C0006477,PL008,Postpaid Mobile,36,12-11-2022,27-10-2025,No,Cancelled
CN003573,C0006482,PL021,Enterprise,36,11-10-2015,25-09-2018,Yes,Pending
CN003574,C0006483,PL006,Prepaid Mobile,12,01-01-2014,27-12-2014,No,Active
CN003575,C0006484,PL017,Fiber Broadband,12,03-05-2024,28-04-2025,No,Pending
CN003576,C0006486,PL006,Prepaid Mobile,36,29-12-2017,13-12-2020,No,Renewed
CN003577,C0006487,PL008,Postpaid Mobile,12,15-06-2022,10-06-2023,No,Auto-Renewed
CN003578,C0006488,PL018,Fiber Broadband,12,27-02-2023,22-02-2024,Yes,Active
CN003579,C0006491,PL015,Fiber Broadband,18,19-10-2023,11-04-2025,Yes,Renewed
CN003580,C0006493,PL006,Prepaid Mobile,12,10-03-2020,05-03-2021,No,Renewed
CN003581,C0006494,PL022,Enterprise,36,01-01-2014,16-12-2016,Yes,Auto-Renewed
CN003582,C0006502,PL017,Fiber Broadband,24,29-08-2022,18-08-2024,No,Auto-Renewed
CN003583,C0006504,PL021,Enterprise,18,18-06-2018,10-12-2019,No,Active
CN003584,C0006505,PL022,Enterprise,12,01-01-2014,27-12-2014,Yes,Auto-Renewed
CN003585,C0006508,PL016,Fiber Broadband,12,01-01-2014,27-12-2014,No,Renewed
CN003586,C0006510,PL007,Postpaid Mobile,12,09-02-2019,04-02-2020,Yes,Active
CN003587,C0006511,PL009,Postpaid Mobile,24,05-11-2015,25-10-2017,Yes,Active
CN003588,C0006512,PL005,Prepaid Mobile,24,15-10-2017,05-10-2019,No,Auto-Renewed
CN003589,C0006513,PL015,Fiber Broadband,12,28-06-2019,22-06-2020,Yes,Auto-Renewed
CN003590,C0006514,PL009,Postpaid Mobile,24,25-11-2020,15-11-2022,No,Not Renewed
CN003591,C0006515,PL016,Fiber Broadband,12,26-10-2015,20-10-2016,No,Pending
CN003592,C0006516,PL009,Postpaid Mobile,18,06-04-2020,28-09-2021,No,Renewed
CN003593,C0006517,PL022,Enterprise,12,22-11-2022,17-11-2023,Yes,Pending
CN003594,C0006519,PL023,IoT Solutions,18,19-01-2016,12-07-2017,Yes,Renewed
CN003595,C0006520,PL018,Fiber Broadband,24,30-03-2023,19-03-2025,No,Auto-Renewed
CN003596,C0006523,PL017,Fiber Broadband,24,20-09-2025,10-09-2027,Yes,Active
CN003597,C0006524,PL011,Postpaid Mobile,24,01-01-2014,22-12-2015,No,Pending
CN003598,C0006525,PL007,Postpaid Mobile,36,09-11-2015,24-10-2018,No,Renewed
CN003599,C0006526,PL018,Fiber Broadband,24,01-01-2014,22-12-2015,No,Active
CN003600,C0006527,PL008,Postpaid Mobile,12,19-10-2025,14-10-2026,Yes,Not Renewed
CN003601,C0006528,PL007,Postpaid Mobile,24,22-09-2024,12-09-2026,Yes,Not Renewed
CN003602,C0006529,PL006,Prepaid Mobile,18,01-01-2014,25-06-2015,Yes,Pending
CN003603,C0006530,PL009,Postpaid Mobile,36,17-02-2025,02-02-2028,No,Renewed
CN003604,C0006531,PL006,Prepaid Mobile,12,18-10-2015,12-10-2016,No,Auto-Renewed
CN003605,C0006533,PL017,Fiber Broadband,12,20-09-2023,14-09-2024,Yes,Renewed
CN003606,C0006534,PL015,Fiber Broadband,12,04-02-2022,30-01-2023,No,Pending
CN003607,C0006538,PL009,Postpaid Mobile,12,09-11-2023,03-11-2024,No,Auto-Renewed
CN003608,C0006539,PL011,Postpaid Mobile,24,27-03-2014,16-03-2016,Yes,Active
CN003609,C0006540,PL011,Postpaid Mobile,18,01-01-2014,25-06-2015,Yes,Pending
CN003610,C0006541,PL010,Postpaid Mobile,12,29-04-2024,24-04-2025,No,Not Renewed
CN003611,C0006542,PL010,Postpaid Mobile,12,19-05-2017,14-05-2018,Yes,Active
CN003612,C0006543,PL005,Prepaid Mobile,12,01-01-2014,27-12-2014,No,Renewed
CN003613,C0006544,PL009,Postpaid Mobile,24,27-11-2018,16-11-2020,No,Cancelled
CN003614,C0006546,PL006,Prepaid Mobile,24,01-01-2014,22-12-2015,Yes,Pending
CN003615,C0006552,PL024,IoT Solutions,12,26-02-2017,21-02-2018,No,Auto-Renewed
CN003616,C0006555,PL016,Fiber Broadband,12,01-01-2014,27-12-2014,Yes,Renewed
CN003617,C0006556,PL009,Postpaid Mobile,18,23-04-2015,14-10-2016,Yes,Auto-Renewed
CN003618,C0006560,PL010,Postpaid Mobile,12,05-05-2019,29-04-2020,No,Auto-Renewed
CN003619,C0006561,PL017,Fiber Broadband,12,08-03-2014,03-03-2015,Yes,Active
CN003620,C0006562,PL007,Postpaid Mobile,12,21-07-2015,15-07-2016,Yes,Renewed
CN003621,C0006563,PL008,Postpaid Mobile,36,19-01-2015,03-01-2018,No,Auto-Renewed
CN003622,C0006566,PL017,Fiber Broadband,12,06-05-2017,01-05-2018,Yes,Active
CN003623,C0006570,PL018,Fiber Broadband,12,01-01-2014,27-12-2014,Yes,Active
CN003624,C0006571,PL025,Smart Home,24,14-07-2018,03-07-2020,No,Renewed
CN003625,C0006573,PL006,Prepaid Mobile,24,01-01-2014,22-12-2015,Yes,Renewed
CN003626,C0006575,PL010,Postpaid Mobile,12,14-02-2018,09-02-2019,No,Auto-Renewed
CN003627,C0006577,PL017,Fiber Broadband,24,01-01-2014,22-12-2015,Yes,Renewed
CN003628,C0006578,PL010,Postpaid Mobile,12,20-11-2015,14-11-2016,Yes,Active
CN003629,C0006583,PL025,Smart Home,12,22-12-2025,17-12-2026,No,Not Renewed
CN003630,C0006585,PL011,Postpaid Mobile,36,01-01-2014,16-12-2016,No,Active
CN003631,C0006587,PL006,Prepaid Mobile,24,01-01-2014,22-12-2015,Yes,Pending
CN003632,C0006589,PL016,Fiber Broadband,24,19-05-2018,08-05-2020,No,Pending
CN003633,C0006590,PL016,Fiber Broadband,12,21-03-2018,16-03-2019,No,Not Renewed
CN003634,C0006595,PL007,Postpaid Mobile,18,20-02-2015,13-08-2016,Yes,Active
CN003635,C0006596,PL011,Postpaid Mobile,12,18-04-2015,12-04-2016,Yes,Auto-Renewed
CN003636,C0006598,PL015,Fiber Broadband,24,04-07-2017,24-06-2019,No,Not Renewed
CN003637,C0006599,PL015,Fiber Broadband,12,08-01-2017,03-01-2018,Yes,Auto-Renewed
CN003638,C0006601,PL007,Postpaid Mobile,12,14-05-2015,08-05-2016,Yes,Renewed
CN003639,C0006602,PL006,Prepaid Mobile,36,01-07-2020,16-06-2023,Yes,Renewed
CN003640,C0006605,PL017,Fiber Broadband,24,09-03-2021,27-02-2023,No,Renewed
CN003641,C0006606,PL011,Postpaid Mobile,18,11-03-2016,02-09-2017,No,Active
CN003642,C0006608,PL016,Fiber Broadband,18,07-02-2026,01-08-2027,Yes,Active
CN003643,C0006609,PL015,Fiber Broadband,12,01-09-2015,26-08-2016,Yes,Pending
CN003644,C0006611,PL017,Fiber Broadband,12,01-01-2014,27-12-2014,Yes,Renewed
CN003645,C0006612,PL006,Prepaid Mobile,18,07-08-2025,29-01-2027,Yes,Active
CN003646,C0006614,PL011,Postpaid Mobile,12,21-12-2016,16-12-2017,Yes,Active
CN003647,C0006615,PL009,Postpaid Mobile,36,06-07-2020,21-06-2023,No,Renewed
CN003648,C0006620,PL005,Prepaid Mobile,24,01-01-2014,22-12-2015,No,Auto-Renewed
CN003649,C0006625,PL005,Prepaid Mobile,12,04-11-2018,30-10-2019,Yes,Renewed
CN003650,C0006627,PL005,Prepaid Mobile,12,01-01-2014,27-12-2014,No,Renewed
CN003651,C0006628,PL022,Enterprise,24,01-01-2014,22-12-2015,No,Active
CN003652,C0006629,PL006,Prepaid Mobile,24,14-09-2019,03-09-2021,No,Auto-Renewed
CN003653,C0006631,PL011,Postpaid Mobile,36,01-01-2014,16-12-2016,No,Auto-Renewed
CN003654,C0006633,PL007,Postpaid Mobile,24,05-09-2015,25-08-2017,Yes,Auto-Renewed
CN003655,C0006635,PL017,Fiber Broadband,12,01-01-2014,27-12-2014,No,Active
CN003656,C0006636,PL011,Postpaid Mobile,12,26-04-2023,20-04-2024,No,Renewed
CN003657,C0006637,PL011,Postpaid Mobile,12,01-01-2014,27-12-2014,Yes,Active
CN003658,C0006638,PL018,Fiber Broadband,24,01-01-2014,22-12-2015,No,Renewed
CN003659,C0006639,PL018,Fiber Broadband,12,01-01-2014,27-12-2014,No,Auto-Renewed
CN003660,C0006641,PL005,Prepaid Mobile,12,01-01-2014,27-12-2014,No,Renewed
CN003661,C0006644,PL006,Prepaid Mobile,12,06-04-2018,01-04-2019,No,Renewed
CN003662,C0006646,PL008,Postpaid Mobile,12,30-03-2025,25-03-2026,Yes,Renewed
CN003663,C0006647,PL015,Fiber Broadband,18,01-01-2014,25-06-2015,Yes,Renewed
CN003664,C0006649,PL009,Postpaid Mobile,12,25-01-2021,20-01-2022,Yes,Active
CN003665,C0006651,PL007,Postpaid Mobile,12,04-10-2019,28-09-2020,Yes,Pending
CN003666,C0006654,PL006,Prepaid Mobile,24,04-05-2022,23-04-2024,No,Active
CN003667,C0006657,PL010,Postpaid Mobile,36,26-01-2015,10-01-2018,Yes,Active
CN003668,C0006663,PL010,Postpaid Mobile,36,11-07-2024,26-06-2027,No,Renewed
CN003669,C0006664,PL010,Postpaid Mobile,18,25-06-2020,17-12-2021,No,Active
CN003670,C0006665,PL006,Prepaid Mobile,18,17-06-2014,09-12-2015,Yes,Pending
CN003671,C0006666,PL011,Postpaid Mobile,24,24-05-2021,14-05-2023,No,Renewed
CN003672,C0006668,PL018,Fiber Broadband,12,14-08-2023,08-08-2024,No,Not Renewed
CN003673,C0006669,PL017,Fiber Broadband,36,25-02-2018,09-02-2021,Yes,Renewed
CN003674,C0006671,PL009,Postpaid Mobile,12,12-01-2025,07-01-2026,No,Auto-Renewed
CN003675,C0006672,PL022,Enterprise,18,01-01-2014,25-06-2015,Yes,Active
CN003676,C0006674,PL021,Enterprise,12,14-07-2021,09-07-2022,Yes,Pending
CN003677,C0006675,PL025,Smart Home,24,07-01-2017,28-12-2018,No,Pending
CN003678,C0006679,PL008,Postpaid Mobile,24,30-11-2014,19-11-2016,No,Renewed
CN003679,C0006680,PL006,Prepaid Mobile,18,01-01-2017,25-06-2018,Yes,Renewed
CN003680,C0006682,PL005,Prepaid Mobile,24,01-01-2014,22-12-2015,No,Active
CN003681,C0006685,PL006,Prepaid Mobile,12,25-05-2018,20-05-2019,Yes,Renewed
CN003682,C0006687,PL008,Postpaid Mobile,12,04-01-2019,30-12-2019,Yes,Active
CN003683,C0006688,PL023,IoT Solutions,12,04-05-2018,29-04-2019,No,Renewed
CN003684,C0006689,PL005,Prepaid Mobile,24,14-11-2017,04-11-2019,Yes,Auto-Renewed
CN003685,C0006692,PL017,Fiber Broadband,12,20-05-2024,15-05-2025,Yes,Pending
CN003686,C0006696,PL007,Postpaid Mobile,12,25-02-2015,20-02-2016,No,Renewed
CN003687,C0006697,PL007,Postpaid Mobile,12,25-08-2018,20-08-2019,No,Cancelled
CN003688,C0006698,PL005,Prepaid Mobile,24,24-03-2022,13-03-2024,No,Renewed
CN003689,C0006700,PL007,Postpaid Mobile,12,24-03-2015,18-03-2016,Yes,Auto-Renewed
CN003690,C0006702,PL015,Fiber Broadband,24,17-07-2018,06-07-2020,Yes,Renewed
CN003691,C0006704,PL018,Fiber Broadband,24,26-09-2014,15-09-2016,No,Renewed
CN003692,C0006705,PL005,Prepaid Mobile,24,30-03-2020,20-03-2022,No,Renewed
CN003693,C0006706,PL008,Postpaid Mobile,18,15-01-2022,09-07-2023,No,Not Renewed
CN003694,C0006707,PL006,Prepaid Mobile,12,01-01-2014,27-12-2014,Yes,Pending
CN003695,C0006708,PL008,Postpaid Mobile,18,13-07-2020,04-01-2022,No,Renewed
CN003696,C0006709,PL007,Postpaid Mobile,24,10-09-2025,31-08-2027,No,Not Renewed
CN003697,C0006711,PL011,Postpaid Mobile,24,03-04-2014,23-03-2016,Yes,Auto-Renewed
CN003698,C0006712,PL005,Prepaid Mobile,24,13-02-2019,02-02-2021,Yes,Active
CN003699,C0006713,PL009,Postpaid Mobile,24,12-12-2021,02-12-2023,Yes,Auto-Renewed
CN003700,C0006715,PL016,Fiber Broadband,12,06-06-2016,01-06-2017,Yes,Auto-Renewed
CN003701,C0006716,PL008,Postpaid Mobile,36,09-01-2017,25-12-2019,No,Not Renewed
CN003702,C0006717,PL015,Fiber Broadband,12,01-01-2014,27-12-2014,No,Active
CN003703,C0006722,PL005,Prepaid Mobile,24,06-06-2020,27-05-2022,No,Active
CN003704,C0006723,PL006,Prepaid Mobile,12,06-01-2025,01-01-2026,No,Renewed
CN003705,C0006724,PL006,Prepaid Mobile,12,24-10-2025,19-10-2026,Yes,Cancelled
CN003706,C0006725,PL005,Prepaid Mobile,36,10-02-2022,25-01-2025,No,Not Renewed
CN003707,C0006729,PL005,Prepaid Mobile,12,11-01-2017,06-01-2018,No,Renewed
CN003708,C0006730,PL006,Prepaid Mobile,12,25-06-2016,20-06-2017,No,Active
CN003709,C0006731,PL016,Fiber Broadband,12,01-01-2014,27-12-2014,Yes,Pending
CN003710,C0006732,PL009,Postpaid Mobile,12,12-01-2015,07-01-2016,No,Auto-Renewed
CN003711,C0006734,PL005,Prepaid Mobile,24,01-01-2014,22-12-2015,No,Renewed
CN003712,C0006735,PL006,Prepaid Mobile,24,21-02-2018,11-02-2020,Yes,Pending
CN003713,C0006736,PL006,Prepaid Mobile,18,01-01-2014,25-06-2015,Yes,Renewed
CN003714,C0006737,PL017,Fiber Broadband,24,15-06-2025,05-06-2027,No,Cancelled
CN003715,C0006738,PL016,Fiber Broadband,12,25-07-2017,20-07-2018,No,Active
CN003716,C0006740,PL018,Fiber Broadband,18,01-01-2014,25-06-2015,No,Pending
CN003717,C0006742,PL005,Prepaid Mobile,18,01-01-2014,25-06-2015,Yes,Auto-Renewed
CN003718,C0006744,PL015,Fiber Broadband,24,01-01-2014,22-12-2015,No,Active
CN003719,C0006746,PL023,IoT Solutions,24,01-02-2020,21-01-2022,No,Auto-Renewed
CN003720,C0006748,PL005,Prepaid Mobile,12,01-01-2014,27-12-2014,Yes,Active
CN003721,C0006749,PL011,Postpaid Mobile,12,01-01-2014,27-12-2014,Yes,Cancelled
CN003722,C0006750,PL005,Prepaid Mobile,24,01-01-2014,22-12-2015,No,Pending
CN003723,C0006752,PL024,IoT Solutions,12,10-10-2015,04-10-2016,Yes,Renewed
CN003724,C0006754,PL011,Postpaid Mobile,18,01-01-2014,25-06-2015,No,Renewed
CN003725,C0006756,PL015,Fiber Broadband,24,01-01-2014,22-12-2015,Yes,Not Renewed
CN003726,C0006757,PL006,Prepaid Mobile,24,24-05-2024,14-05-2026,Yes,Renewed
CN003727,C0006758,PL007,Postpaid Mobile,12,14-02-2022,09-02-2023,Yes,Pending
CN003728,C0006759,PL006,Prepaid Mobile,24,01-01-2014,22-12-2015,Yes,Renewed
CN003729,C0006761,PL008,Postpaid Mobile,18,16-12-2015,08-06-2017,No,Active
CN003730,C0006765,PL016,Fiber Broadband,24,01-01-2014,22-12-2015,Yes,Renewed
CN003731,C0006766,PL008,Postpaid Mobile,36,12-01-2014,27-12-2016,No,Cancelled
CN003732,C0006767,PL005,Prepaid Mobile,24,23-08-2020,13-08-2022,Yes,Renewed
CN003733,C0006768,PL022,Enterprise,12,01-01-2014,27-12-2014,No,Not Renewed
CN003734,C0006769,PL010,Postpaid Mobile,12,08-07-2025,03-07-2026,Yes,Renewed
CN003735,C0006771,PL006,Prepaid Mobile,18,27-12-2020,20-06-2022,No,Renewed
CN003736,C0006772,PL017,Fiber Broadband,24,26-12-2018,15-12-2020,Yes,Renewed
CN003737,C0006773,PL016,Fiber Broadband,12,18-01-2023,13-01-2024,Yes,Active
CN003738,C0006776,PL005,Prepaid Mobile,12,04-05-2018,29-04-2019,Yes,Renewed
CN003739,C0006777,PL006,Prepaid Mobile,12,26-06-2014,21-06-2015,Yes,Renewed
CN003740,C0006778,PL005,Prepaid Mobile,24,19-05-2019,08-05-2021,Yes,Pending
CN003741,C0006780,PL006,Prepaid Mobile,24,29-02-2024,18-02-2026,Yes,Auto-Renewed
CN003742,C0006781,PL018,Fiber Broadband,18,09-07-2016,31-12-2017,No,Renewed
CN003743,C0006782,PL021,Enterprise,12,08-07-2014,03-07-2015,No,Active
CN003744,C0006783,PL010,Postpaid Mobile,24,22-10-2018,11-10-2020,Yes,Cancelled
CN003745,C0006787,PL008,Postpaid Mobile,12,31-10-2020,26-10-2021,Yes,Auto-Renewed
CN003746,C0006788,PL006,Prepaid Mobile,18,01-01-2014,25-06-2015,No,Renewed
CN003747,C0006791,PL005,Prepaid Mobile,12,01-01-2014,27-12-2014,No,Active
CN003748,C0006792,PL008,Postpaid Mobile,18,24-11-2025,18-05-2027,Yes,Renewed
CN003749,C0006793,PL010,Postpaid Mobile,12,02-12-2015,26-11-2016,No,Active
CN003750,C0006794,PL016,Fiber Broadband,24,01-01-2014,22-12-2015,Yes,Renewed
CN003751,C0006795,PL005,Prepaid Mobile,12,27-03-2025,22-03-2026,No,Not Renewed
CN003752,C0006796,PL017,Fiber Broadband,18,01-01-2014,25-06-2015,Yes,Pending
CN003753,C0006800,PL006,Prepaid Mobile,24,15-10-2020,05-10-2022,No,Renewed
CN003754,C0006802,PL005,Prepaid Mobile,12,23-10-2015,17-10-2016,No,Active
CN003755,C0006806,PL008,Postpaid Mobile,24,11-07-2025,01-07-2027,Yes,Not Renewed
CN003756,C0006807,PL024,IoT Solutions,24,03-11-2025,24-10-2027,No,Active
CN003757,C0006809,PL021,Enterprise,12,20-07-2023,14-07-2024,Yes,Renewed
CN003758,C0006810,PL007,Postpaid Mobile,12,03-09-2014,29-08-2015,Yes,Not Renewed
CN003759,C0006812,PL008,Postpaid Mobile,12,06-01-2019,01-01-2020,No,Pending
CN003760,C0006813,PL016,Fiber Broadband,24,01-01-2014,22-12-2015,Yes,Auto-Renewed
CN003761,C0006815,PL024,IoT Solutions,24,23-04-2022,12-04-2024,Yes,Pending
CN003762,C0006817,PL009,Postpaid Mobile,12,04-03-2021,27-02-2022,Yes,Active
CN003763,C0006818,PL011,Postpaid Mobile,18,16-12-2022,08-06-2024,Yes,Active
CN003764,C0006820,PL024,IoT Solutions,12,21-10-2025,16-10-2026,No,Cancelled
CN003765,C0006822,PL006,Prepaid Mobile,12,01-01-2014,27-12-2014,Yes,Active
CN003766,C0006823,PL021,Enterprise,24,07-02-2019,27-01-2021,No,Renewed
CN003767,C0006824,PL005,Prepaid Mobile,12,01-01-2014,27-12-2014,No,Renewed
CN003768,C0006825,PL007,Postpaid Mobile,24,22-05-2024,12-05-2026,No,Renewed
CN003769,C0006826,PL007,Postpaid Mobile,18,18-02-2017,12-08-2018,Yes,Pending
CN003770,C0006829,PL010,Postpaid Mobile,24,06-01-2022,27-12-2023,No,Renewed
CN003771,C0006830,PL021,Enterprise,36,01-01-2014,16-12-2016,No,Renewed
CN003772,C0006831,PL023,IoT Solutions,12,03-11-2016,29-10-2017,Yes,Renewed
CN003773,C0006833,PL025,Smart Home,18,18-04-2021,10-10-2022,Yes,Renewed
CN003774,C0006835,PL017,Fiber Broadband,24,04-07-2019,23-06-2021,No,Auto-Renewed
CN003775,C0006837,PL005,Prepaid Mobile,18,01-01-2014,25-06-2015,No,Auto-Renewed
CN003776,C0006838,PL005,Prepaid Mobile,12,12-11-2023,06-11-2024,Yes,Active
CN003777,C0006840,PL008,Postpaid Mobile,24,25-01-2026,15-01-2028,No,Active
CN003778,C0006841,PL005,Prepaid Mobile,12,01-01-2014,27-12-2014,Yes,Active
CN003779,C0006844,PL005,Prepaid Mobile,24,01-01-2014,22-12-2015,Yes,Auto-Renewed
CN003780,C0006848,PL006,Prepaid Mobile,12,10-12-2017,05-12-2018,No,Renewed
CN003781,C0006849,PL016,Fiber Broadband,12,07-02-2019,02-02-2020,Yes,Active
CN003782,C0006852,PL011,Postpaid Mobile,24,17-05-2015,06-05-2017,No,Pending
CN003783,C0006853,PL005,Prepaid Mobile,12,28-06-2024,23-06-2025,No,Auto-Renewed
CN003784,C0006854,PL011,Postpaid Mobile,24,01-01-2014,22-12-2015,Yes,Active
CN003785,C0006855,PL016,Fiber Broadband,18,27-08-2019,17-02-2021,Yes,Auto-Renewed
CN003786,C0006856,PL016,Fiber Broadband,24,28-08-2020,18-08-2022,No,Auto-Renewed
CN003787,C0006858,PL008,Postpaid Mobile,24,18-06-2014,07-06-2016,Yes,Not Renewed
CN003788,C0006860,PL005,Prepaid Mobile,24,01-01-2014,22-12-2015,Yes,Pending
CN003789,C0006861,PL021,Enterprise,12,23-05-2019,17-05-2020,Yes,Renewed
CN003790,C0006864,PL018,Fiber Broadband,36,01-01-2014,16-12-2016,Yes,Auto-Renewed
CN003791,C0006865,PL010,Postpaid Mobile,12,24-11-2023,18-11-2024,No,Renewed
CN003792,C0006866,PL005,Prepaid Mobile,36,22-01-2022,06-01-2025,No,Renewed
CN003793,C0006867,PL005,Prepaid Mobile,12,01-01-2014,27-12-2014,Yes,Renewed
CN003794,C0006870,PL009,Postpaid Mobile,12,15-02-2015,10-02-2016,No,Renewed
CN003795,C0006871,PL025,Smart Home,18,20-08-2015,10-02-2017,Yes,Active
CN003796,C0006872,PL018,Fiber Broadband,36,28-04-2019,12-04-2022,No,Auto-Renewed
CN003797,C0006873,PL021,Enterprise,24,03-08-2023,23-07-2025,Yes,Renewed
CN003798,C0006874,PL006,Prepaid Mobile,24,03-09-2019,23-08-2021,Yes,Auto-Renewed
CN003799,C0006876,PL011,Postpaid Mobile,24,22-09-2023,11-09-2025,Yes,Renewed
CN003800,C0006877,PL018,Fiber Broadband,12,01-01-2024,26-12-2024,No,Active
CN003801,C0006879,PL007,Postpaid Mobile,24,15-02-2023,04-02-2025,Yes,Renewed
CN003802,C0006882,PL005,Prepaid Mobile,24,12-05-2023,01-05-2025,No,Auto-Renewed
CN003803,C0006883,PL005,Prepaid Mobile,18,01-01-2014,25-06-2015,Yes,Active
CN003804,C0006886,PL006,Prepaid Mobile,18,02-09-2017,24-02-2019,Yes,Renewed
CN003805,C0006888,PL006,Prepaid Mobile,12,05-10-2014,30-09-2015,No,Renewed
CN003806,C0006889,PL011,Postpaid Mobile,12,18-02-2021,13-02-2022,No,Renewed
CN003807,C0006891,PL008,Postpaid Mobile,24,05-02-2021,26-01-2023,No,Renewed
CN003808,C0006895,PL016,Fiber Broadband,12,01-01-2014,27-12-2014,No,Renewed
CN003809,C0006897,PL015,Fiber Broadband,24,01-01-2014,22-12-2015,Yes,Renewed
CN003810,C0006898,PL006,Prepaid Mobile,18,01-01-2014,25-06-2015,Yes,Renewed
CN003811,C0006906,PL025,Smart Home,12,17-05-2015,11-05-2016,Yes,Renewed
CN003812,C0006909,PL017,Fiber Broadband,18,01-01-2014,25-06-2015,Yes,Auto-Renewed
CN003813,C0006910,PL018,Fiber Broadband,12,17-01-2015,12-01-2016,No,Active
CN003814,C0006911,PL021,Enterprise,12,11-01-2019,06-01-2020,No,Renewed
CN003815,C0006912,PL006,Prepaid Mobile,12,01-01-2014,27-12-2014,Yes,Renewed
CN003816,C0006913,PL016,Fiber Broadband,12,02-04-2018,28-03-2019,No,Renewed
CN003817,C0006914,PL007,Postpaid Mobile,24,23-02-2021,13-02-2023,No,Renewed
CN003818,C0006915,PL010,Postpaid Mobile,12,18-11-2016,13-11-2017,Yes,Auto-Renewed
CN003819,C0006917,PL016,Fiber Broadband,24,01-01-2014,22-12-2015,No,Renewed
CN003820,C0006918,PL016,Fiber Broadband,24,07-11-2025,28-10-2027,Yes,Renewed
CN003821,C0006919,PL022,Enterprise,12,01-01-2014,27-12-2014,Yes,Renewed
CN003822,C0006920,PL006,Prepaid Mobile,12,01-01-2014,27-12-2014,No,Pending
CN003823,C0006921,PL018,Fiber Broadband,12,17-02-2015,12-02-2016,Yes,Pending
CN003824,C0006923,PL006,Prepaid Mobile,18,01-01-2014,25-06-2015,No,Renewed
CN003825,C0006925,PL010,Postpaid Mobile,24,04-12-2024,24-11-2026,Yes,Renewed
CN003826,C0006926,PL016,Fiber Broadband,24,31-05-2022,20-05-2024,Yes,Renewed
CN003827,C0006927,PL005,Prepaid Mobile,24,01-01-2014,22-12-2015,Yes,Active
CN003828,C0006928,PL005,Prepaid Mobile,12,04-11-2018,30-10-2019,Yes,Renewed
CN003829,C0006929,PL007,Postpaid Mobile,18,18-04-2018,10-10-2019,Yes,Renewed
CN003830,C0006930,PL016,Fiber Broadband,18,10-08-2024,01-02-2026,No,Renewed
CN003831,C0006931,PL005,Prepaid Mobile,24,08-03-2014,26-02-2016,No,Pending
CN003832,C0006932,PL023,IoT Solutions,12,15-11-2024,10-11-2025,No,Not Renewed
CN003833,C0006934,PL006,Prepaid Mobile,24,14-01-2026,04-01-2028,No,Pending
CN003834,C0006935,PL005,Prepaid Mobile,12,01-01-2014,27-12-2014,Yes,Not Renewed
CN003835,C0006936,PL022,Enterprise,12,01-01-2014,27-12-2014,No,Pending
CN003836,C0006937,PL011,Postpaid Mobile,24,14-07-2015,03-07-2017,No,Pending
CN003837,C0006941,PL016,Fiber Broadband,18,01-01-2014,25-06-2015,No,Renewed
CN003838,C0006943,PL006,Prepaid Mobile,24,30-11-2015,19-11-2017,No,Auto-Renewed
CN003839,C0006944,PL022,Enterprise,12,19-12-2025,14-12-2026,Yes,Renewed
CN003840,C0006945,PL008,Postpaid Mobile,24,30-11-2018,19-11-2020,Yes,Renewed
CN003841,C0006946,PL007,Postpaid Mobile,12,29-07-2016,24-07-2017,Yes,Active
CN003842,C0006947,PL010,Postpaid Mobile,12,13-04-2019,07-04-2020,Yes,Not Renewed
CN003843,C0006949,PL018,Fiber Broadband,24,17-12-2019,06-12-2021,Yes,Renewed
CN003844,C0006951,PL010,Postpaid Mobile,24,13-09-2020,03-09-2022,Yes,Auto-Renewed
CN003845,C0006952,PL006,Prepaid Mobile,36,28-01-2022,12-01-2025,No,Renewed
CN003846,C0006953,PL011,Postpaid Mobile,12,03-03-2019,26-02-2020,Yes,Pending
CN003847,C0006955,PL007,Postpaid Mobile,36,22-04-2021,06-04-2024,No,Auto-Renewed
CN003848,C0006956,PL024,IoT Solutions,24,11-06-2023,31-05-2025,Yes,Not Renewed
CN003849,C0006958,PL007,Postpaid Mobile,12,02-08-2018,28-07-2019,Yes,Auto-Renewed
CN003850,C0006959,PL008,Postpaid Mobile,24,07-12-2021,27-11-2023,Yes,Auto-Renewed
CN003851,C0006960,PL017,Fiber Broadband,24,01-01-2014,22-12-2015,No,Active
CN003852,C0006962,PL025,Smart Home,36,07-03-2022,19-02-2025,Yes,Renewed
CN003853,C0006963,PL016,Fiber Broadband,24,01-01-2014,22-12-2015,Yes,Active
CN003854,C0006965,PL007,Postpaid Mobile,24,11-12-2025,01-12-2027,No,Active
CN003855,C0006967,PL017,Fiber Broadband,24,06-03-2024,24-02-2026,No,Cancelled
CN003856,C0006971,PL011,Postpaid Mobile,24,01-01-2014,22-12-2015,No,Renewed
CN003857,C0006975,PL005,Prepaid Mobile,12,30-07-2020,25-07-2021,Yes,Pending
CN003858,C0006976,PL006,Prepaid Mobile,18,01-01-2014,25-06-2015,No,Auto-Renewed
CN003859,C0006981,PL021,Enterprise,12,01-01-2014,27-12-2014,Yes,Renewed
CN003860,C0006982,PL006,Prepaid Mobile,12,02-06-2021,28-05-2022,No,Renewed
CN003861,C0006983,PL008,Postpaid Mobile,12,09-12-2014,04-12-2015,No,Renewed
CN003862,C0006984,PL015,Fiber Broadband,24,17-02-2021,07-02-2023,Yes,Not Renewed
CN003863,C0006985,PL015,Fiber Broadband,12,01-01-2014,27-12-2014,No,Renewed
CN003864,C0006986,PL023,IoT Solutions,12,03-09-2023,28-08-2024,Yes,Not Renewed
CN003865,C0006987,PL021,Enterprise,24,11-05-2021,01-05-2023,Yes,Renewed
CN003866,C0006988,PL018,Fiber Broadband,12,01-01-2014,27-12-2014,Yes,Renewed
CN003867,C0006990,PL023,IoT Solutions,12,13-11-2018,08-11-2019,Yes,Auto-Renewed
CN003868,C0006992,PL006,Prepaid Mobile,24,01-01-2014,22-12-2015,No,Active
CN003869,C0006995,PL006,Prepaid Mobile,12,12-08-2015,06-08-2016,Yes,Not Renewed
CN003870,C0006997,PL025,Smart Home,12,24-07-2023,18-07-2024,Yes,Pending
CN003871,C0006998,PL010,Postpaid Mobile,36,16-03-2015,28-02-2018,Yes,Cancelled
CN003872,C0007001,PL008,Postpaid Mobile,18,26-08-2025,17-02-2027,Yes,Renewed
CN003873,C0007002,PL005,Prepaid Mobile,24,31-01-2019,20-01-2021,Yes,Not Renewed
CN003874,C0007005,PL006,Prepaid Mobile,18,01-01-2014,25-06-2015,No,Pending
CN003875,C0007006,PL010,Postpaid Mobile,12,30-12-2025,25-12-2026,Yes,Active
CN003876,C0007007,PL006,Prepaid Mobile,12,30-10-2025,25-10-2026,No,Not Renewed
CN003877,C0007008,PL024,IoT Solutions,18,18-09-2019,11-03-2021,No,Auto-Renewed
CN003878,C0007009,PL010,Postpaid Mobile,18,03-04-2022,25-09-2023,Yes,Active
CN003879,C0007010,PL021,Enterprise,12,01-01-2014,27-12-2014,Yes,Pending
CN003880,C0007011,PL016,Fiber Broadband,24,01-01-2014,22-12-2015,Yes,Not Renewed
CN003881,C0007012,PL009,Postpaid Mobile,12,30-07-2024,25-07-2025,Yes,Renewed
CN003882,C0007014,PL007,Postpaid Mobile,36,07-06-2016,23-05-2019,No,Active
CN003883,C0007016,PL023,IoT Solutions,12,26-02-2014,21-02-2015,No,Renewed
CN003884,C0007017,PL010,Postpaid Mobile,12,21-12-2019,15-12-2020,Yes,Pending
CN003885,C0007020,PL005,Prepaid Mobile,12,01-01-2014,27-12-2014,Yes,Not Renewed
CN003886,C0007021,PL021,Enterprise,24,17-10-2016,07-10-2018,No,Cancelled
CN003887,C0007022,PL006,Prepaid Mobile,36,20-04-2019,04-04-2022,Yes,Renewed
CN003888,C0007024,PL009,Postpaid Mobile,18,26-07-2024,17-01-2026,No,Active
CN003889,C0007026,PL024,IoT Solutions,12,08-09-2023,02-09-2024,No,Not Renewed
CN003890,C0007027,PL025,Smart Home,18,05-01-2022,29-06-2023,Yes,Active
CN003891,C0007028,PL015,Fiber Broadband,12,09-08-2016,04-08-2017,Yes,Renewed
CN003892,C0007030,PL005,Prepaid Mobile,12,01-01-2014,27-12-2014,No,Pending
CN003893,C0007031,PL006,Prepaid Mobile,24,05-02-2023,25-01-2025,Yes,Renewed
CN003894,C0007034,PL007,Postpaid Mobile,12,18-10-2019,12-10-2020,No,Active
CN003895,C0007035,PL005,Prepaid Mobile,24,03-03-2021,21-02-2023,No,Renewed
CN003896,C0007039,PL022,Enterprise,36,20-01-2021,05-01-2024,No,Auto-Renewed
CN003897,C0007040,PL006,Prepaid Mobile,24,23-01-2019,12-01-2021,Yes,Renewed
CN003898,C0007041,PL006,Prepaid Mobile,36,17-05-2023,01-05-2026,No,Cancelled
CN003899,C0007042,PL010,Postpaid Mobile,12,17-03-2017,12-03-2018,Yes,Auto-Renewed
CN003900,C0007043,PL006,Prepaid Mobile,12,27-02-2023,22-02-2024,Yes,Renewed
CN003901,C0007045,PL010,Postpaid Mobile,12,31-08-2018,26-08-2019,Yes,Active
CN003902,C0007046,PL007,Postpaid Mobile,24,07-02-2015,27-01-2017,Yes,Renewed
CN003903,C0007047,PL024,IoT Solutions,36,24-06-2024,09-06-2027,Yes,Renewed
CN003904,C0007048,PL010,Postpaid Mobile,24,08-10-2022,27-09-2024,Yes,Renewed
CN003905,C0007049,PL011,Postpaid Mobile,36,01-01-2014,16-12-2016,No,Renewed
CN003906,C0007050,PL010,Postpaid Mobile,36,26-08-2014,10-08-2017,Yes,Renewed
CN003907,C0007052,PL005,Prepaid Mobile,12,24-03-2017,19-03-2018,No,Auto-Renewed
CN003908,C0007053,PL007,Postpaid Mobile,18,22-01-2022,16-07-2023,Yes,Not Renewed
CN003909,C0007055,PL022,Enterprise,18,27-01-2015,20-07-2016,Yes,Active
CN003910,C0007058,PL005,Prepaid Mobile,18,01-01-2014,25-06-2015,No,Auto-Renewed
CN003911,C0007062,PL024,IoT Solutions,18,01-04-2016,23-09-2017,Yes,Pending
CN003912,C0007063,PL006,Prepaid Mobile,24,03-01-2022,24-12-2023,No,Renewed
CN003913,C0007064,PL009,Postpaid Mobile,18,26-06-2016,18-12-2017,No,Not Renewed
CN003914,C0007066,PL010,Postpaid Mobile,12,17-04-2018,12-04-2019,Yes,Renewed
CN003915,C0007067,PL006,Prepaid Mobile,12,28-06-2022,23-06-2023,No,Auto-Renewed
CN003916,C0007068,PL022,Enterprise,36,01-01-2014,16-12-2016,No,Pending
CN003917,C0007070,PL018,Fiber Broadband,12,20-06-2014,15-06-2015,Yes,Auto-Renewed
CN003918,C0007071,PL007,Postpaid Mobile,12,12-04-2022,07-04-2023,No,Renewed
CN003919,C0007073,PL023,IoT Solutions,24,07-07-2015,26-06-2017,No,Renewed
CN003920,C0007077,PL015,Fiber Broadband,12,01-01-2014,27-12-2014,Yes,Auto-Renewed
CN003921,C0007078,PL007,Postpaid Mobile,12,17-11-2020,12-11-2021,Yes,Renewed
CN003922,C0007079,PL005,Prepaid Mobile,18,09-10-2023,01-04-2025,Yes,Renewed
CN003923,C0007080,PL018,Fiber Broadband,12,24-05-2021,19-05-2022,Yes,Active
CN003924,C0007081,PL022,Enterprise,24,01-01-2014,22-12-2015,Yes,Active
CN003925,C0007084,PL005,Prepaid Mobile,12,01-01-2014,27-12-2014,No,Auto-Renewed
CN003926,C0007085,PL010,Postpaid Mobile,12,20-02-2016,14-02-2017,No,Pending
CN003927,C0007086,PL006,Prepaid Mobile,24,09-02-2018,30-01-2020,Yes,Pending
CN003928,C0007087,PL005,Prepaid Mobile,12,18-10-2015,12-10-2016,Yes,Active
CN003929,C0007088,PL022,Enterprise,18,15-04-2021,07-10-2022,No,Auto-Renewed
CN003930,C0007090,PL011,Postpaid Mobile,36,01-01-2014,16-12-2016,No,Active
CN003931,C0007091,PL022,Enterprise,18,01-01-2014,25-06-2015,No,Auto-Renewed
CN003932,C0007093,PL006,Prepaid Mobile,18,01-01-2014,25-06-2015,No,Active
CN003933,C0007095,PL018,Fiber Broadband,24,30-07-2014,19-07-2016,Yes,Renewed
CN003934,C0007096,PL009,Postpaid Mobile,12,28-05-2014,23-05-2015,No,Active
CN003935,C0007097,PL011,Postpaid Mobile,12,10-06-2023,04-06-2024,No,Renewed
CN003936,C0007098,PL021,Enterprise,24,01-01-2014,22-12-2015,Yes,Renewed
CN003937,C0007100,PL011,Postpaid Mobile,12,01-01-2014,27-12-2014,No,Auto-Renewed
CN003938,C0007103,PL005,Prepaid Mobile,12,08-06-2019,02-06-2020,No,Cancelled
CN003939,C0007104,PL024,IoT Solutions,12,05-12-2020,30-11-2021,Yes,Pending
CN003940,C0007105,PL016,Fiber Broadband,24,01-01-2014,22-12-2015,Yes,Auto-Renewed
CN003941,C0007106,PL008,Postpaid Mobile,24,28-09-2022,17-09-2024,Yes,Renewed
CN003942,C0007108,PL017,Fiber Broadband,12,21-02-2016,15-02-2017,No,Not Renewed
CN003943,C0007112,PL006,Prepaid Mobile,12,01-01-2014,27-12-2014,Yes,Renewed
CN003944,C0007114,PL021,Enterprise,12,15-02-2021,10-02-2022,Yes,Active
CN003945,C0007115,PL015,Fiber Broadband,12,12-05-2022,07-05-2023,No,Pending
CN003946,C0007116,PL024,IoT Solutions,18,16-10-2019,08-04-2021,No,Renewed
CN003947,C0007117,PL007,Postpaid Mobile,36,11-09-2021,26-08-2024,No,Auto-Renewed
CN003948,C0007119,PL021,Enterprise,24,01-01-2014,22-12-2015,No,Renewed
CN003949,C0007120,PL017,Fiber Broadband,24,09-07-2024,29-06-2026,No,Not Renewed
CN003950,C0007124,PL006,Prepaid Mobile,24,04-05-2019,23-04-2021,Yes,Renewed
CN003951,C0007126,PL007,Postpaid Mobile,12,16-06-2025,11-06-2026,Yes,Renewed
CN003952,C0007127,PL006,Prepaid Mobile,12,06-01-2023,01-01-2024,Yes,Active
CN003953,C0007128,PL015,Fiber Broadband,12,17-09-2019,11-09-2020,Yes,Active
CN003954,C0007132,PL005,Prepaid Mobile,24,01-01-2014,22-12-2015,Yes,Renewed
CN003955,C0007135,PL006,Prepaid Mobile,12,18-12-2014,13-12-2015,Yes,Renewed
CN003956,C0007136,PL023,IoT Solutions,12,28-10-2025,23-10-2026,Yes,Auto-Renewed
CN003957,C0007139,PL006,Prepaid Mobile,18,01-01-2014,25-06-2015,No,Auto-Renewed
CN003958,C0007142,PL018,Fiber Broadband,12,01-01-2014,27-12-2014,No,Renewed
CN003959,C0007143,PL017,Fiber Broadband,12,25-09-2022,20-09-2023,No,Pending
CN003960,C0007144,PL010,Postpaid Mobile,12,08-04-2016,03-04-2017,Yes,Auto-Renewed
CN003961,C0007145,PL007,Postpaid Mobile,24,10-01-2026,31-12-2027,Yes,Cancelled
CN003962,C0007146,PL006,Prepaid Mobile,12,01-10-2023,25-09-2024,Yes,Pending
CN003963,C0007148,PL008,Postpaid Mobile,24,19-10-2024,09-10-2026,Yes,Renewed
CN003964,C0007149,PL007,Postpaid Mobile,36,06-11-2014,21-10-2017,Yes,Not Renewed
CN003965,C0007152,PL005,Prepaid Mobile,12,08-12-2019,02-12-2020,Yes,Auto-Renewed
CN003966,C0007155,PL024,IoT Solutions,24,24-03-2014,13-03-2016,Yes,Active
CN003967,C0007156,PL016,Fiber Broadband,12,26-10-2020,21-10-2021,Yes,Not Renewed
CN003968,C0007157,PL015,Fiber Broadband,12,10-02-2019,05-02-2020,No,Not Renewed
CN003969,C0007162,PL005,Prepaid Mobile,24,04-02-2019,24-01-2021,Yes,Renewed
CN003970,C0007163,PL018,Fiber Broadband,12,15-05-2022,10-05-2023,Yes,Renewed
CN003971,C0007165,PL018,Fiber Broadband,24,18-03-2014,07-03-2016,No,Active
CN003972,C0007168,PL006,Prepaid Mobile,18,30-08-2023,20-02-2025,No,Renewed
CN003973,C0007169,PL005,Prepaid Mobile,24,01-01-2014,22-12-2015,No,Renewed
CN003974,C0007173,PL005,Prepaid Mobile,12,25-01-2017,20-01-2018,Yes,Renewed
CN003975,C0007180,PL009,Postpaid Mobile,12,21-08-2018,16-08-2019,Yes,Renewed
CN003976,C0007181,PL007,Postpaid Mobile,36,08-05-2022,22-04-2025,No,Renewed
CN003977,C0007183,PL016,Fiber Broadband,24,21-09-2020,11-09-2022,No,Renewed
CN003978,C0007184,PL005,Prepaid Mobile,24,05-10-2020,25-09-2022,No,Active
CN003979,C0007186,PL006,Prepaid Mobile,18,29-09-2024,23-03-2026,Yes,Auto-Renewed
CN003980,C0007187,PL008,Postpaid Mobile,24,22-08-2022,11-08-2024,No,Not Renewed
CN003981,C0007189,PL008,Postpaid Mobile,12,29-01-2021,24-01-2022,No,Active
CN003982,C0007190,PL016,Fiber Broadband,18,01-01-2014,25-06-2015,No,Renewed
CN003983,C0007191,PL010,Postpaid Mobile,12,17-03-2014,12-03-2015,No,Active
CN003984,C0007192,PL006,Prepaid Mobile,12,13-10-2018,08-10-2019,Yes,Pending
CN003985,C0007193,PL009,Postpaid Mobile,24,10-08-2025,31-07-2027,No,Active
CN003986,C0007195,PL009,Postpaid Mobile,36,01-07-2016,16-06-2019,No,Active
CN003987,C0007197,PL022,Enterprise,24,01-01-2014,22-12-2015,No,Renewed
CN003988,C0007198,PL006,Prepaid Mobile,12,01-01-2014,27-12-2014,Yes,Pending
CN003989,C0007199,PL007,Postpaid Mobile,12,10-03-2021,05-03-2022,Yes,Pending
CN003990,C0007200,PL005,Prepaid Mobile,12,06-12-2022,01-12-2023,No,Pending
CN003991,C0007201,PL025,Smart Home,18,11-09-2018,04-03-2020,Yes,Renewed
CN003992,C0007202,PL010,Postpaid Mobile,12,20-10-2024,15-10-2025,Yes,Not Renewed
CN003993,C0007204,PL022,Enterprise,36,20-08-2017,04-08-2020,Yes,Active
CN003994,C0007205,PL021,Enterprise,12,01-01-2014,27-12-2014,No,Auto-Renewed
CN003995,C0007206,PL011,Postpaid Mobile,24,01-08-2014,21-07-2016,Yes,Renewed
CN003996,C0007210,PL009,Postpaid Mobile,36,26-10-2016,11-10-2019,No,Pending
CN003997,C0007211,PL006,Prepaid Mobile,18,02-12-2015,25-05-2017,Yes,Renewed
CN003998,C0007214,PL006,Prepaid Mobile,12,23-01-2020,17-01-2021,Yes,Active
CN003999,C0007220,PL008,Postpaid Mobile,12,06-07-2018,01-07-2019,No,Pending
CN004000,C0007221,PL005,Prepaid Mobile,18,07-08-2021,29-01-2023,No,Renewed
CN004001,C0007222,PL015,Fiber Broadband,12,01-01-2014,27-12-2014,Yes,Auto-Renewed
CN004002,C0007224,PL006,Prepaid Mobile,12,20-02-2016,14-02-2017,Yes,Auto-Renewed
CN004003,C0007225,PL008,Postpaid Mobile,24,22-05-2025,12-05-2027,Yes,Renewed
CN004004,C0007226,PL023,IoT Solutions,36,22-12-2014,06-12-2017,Yes,Cancelled
CN004005,C0007231,PL009,Postpaid Mobile,18,10-04-2021,02-10-2022,No,Pending
CN004006,C0007232,PL017,Fiber Broadband,18,17-06-2017,09-12-2018,Yes,Not Renewed
CN004007,C0007233,PL005,Prepaid Mobile,12,01-01-2014,27-12-2014,No,Auto-Renewed
CN004008,C0007235,PL008,Postpaid Mobile,18,07-07-2021,29-12-2022,Yes,Active
CN004009,C0007237,PL018,Fiber Broadband,12,26-02-2024,20-02-2025,Yes,Not Renewed
CN004010,C0007242,PL005,Prepaid Mobile,36,01-01-2014,16-12-2016,Yes,Pending
CN004011,C0007244,PL007,Postpaid Mobile,12,18-08-2025,13-08-2026,Yes,Active
CN004012,C0007245,PL009,Postpaid Mobile,36,12-12-2016,27-11-2019,Yes,Auto-Renewed
CN004013,C0007248,PL017,Fiber Broadband,24,01-01-2014,22-12-2015,Yes,Pending
CN004014,C0007249,PL025,Smart Home,18,02-07-2018,24-12-2019,No,Auto-Renewed
CN004015,C0007250,PL007,Postpaid Mobile,24,10-09-2019,30-08-2021,Yes,Active
CN004016,C0007252,PL011,Postpaid Mobile,12,17-06-2015,11-06-2016,No,Renewed
CN004017,C0007255,PL009,Postpaid Mobile,24,16-04-2017,06-04-2019,Yes,Pending
CN004018,C0007256,PL016,Fiber Broadband,12,04-07-2018,29-06-2019,No,Renewed
CN004019,C0007258,PL006,Prepaid Mobile,24,30-01-2022,20-01-2024,No,Renewed
CN004020,C0007259,PL010,Postpaid Mobile,12,05-01-2014,31-12-2014,Yes,Renewed
CN004021,C0007260,PL022,Enterprise,12,02-10-2024,27-09-2025,Yes,Renewed
CN004022,C0007261,PL011,Postpaid Mobile,18,14-04-2014,06-10-2015,Yes,Active
CN004023,C0007263,PL007,Postpaid Mobile,18,11-09-2023,04-03-2025,No,Cancelled
CN004024,C0007264,PL010,Postpaid Mobile,12,01-03-2018,24-02-2019,No,Renewed
CN004025,C0007266,PL005,Prepaid Mobile,12,01-01-2014,27-12-2014,No,Renewed
CN004026,C0007267,PL015,Fiber Broadband,12,01-01-2014,27-12-2014,Yes,Not Renewed
CN004027,C0007268,PL006,Prepaid Mobile,12,28-05-2018,23-05-2019,Yes,Renewed
CN004028,C0007269,PL007,Postpaid Mobile,18,05-09-2015,26-02-2017,No,Pending
CN004029,C0007272,PL024,IoT Solutions,12,10-06-2015,04-06-2016,No,Auto-Renewed
CN004030,C0007273,PL006,Prepaid Mobile,12,29-12-2017,24-12-2018,Yes,Renewed
CN004031,C0007276,PL006,Prepaid Mobile,24,16-09-2015,05-09-2017,No,Auto-Renewed
CN004032,C0007277,PL008,Postpaid Mobile,12,07-03-2017,02-03-2018,No,Auto-Renewed
CN004033,C0007280,PL009,Postpaid Mobile,24,25-10-2017,15-10-2019,Yes,Renewed
CN004034,C0007281,PL017,Fiber Broadband,24,06-01-2016,26-12-2017,Yes,Auto-Renewed
CN004035,C0007282,PL008,Postpaid Mobile,12,20-08-2017,15-08-2018,Yes,Renewed
CN004036,C0007283,PL015,Fiber Broadband,24,01-01-2014,22-12-2015,No,Renewed
CN004037,C0007287,PL005,Prepaid Mobile,12,08-11-2021,03-11-2022,No,Active
CN004038,C0007289,PL011,Postpaid Mobile,36,03-07-2015,17-06-2018,No,Auto-Renewed
CN004039,C0007290,PL025,Smart Home,36,06-04-2024,22-03-2027,No,Auto-Renewed
CN004040,C0007292,PL006,Prepaid Mobile,12,06-11-2024,01-11-2025,No,Renewed
CN004041,C0007294,PL015,Fiber Broadband,12,28-04-2017,23-04-2018,Yes,Auto-Renewed
CN004042,C0007295,PL009,Postpaid Mobile,24,18-01-2019,07-01-2021,Yes,Active
CN004043,C0007296,PL006,Prepaid Mobile,24,27-05-2019,16-05-2021,Yes,Active
CN004044,C0007297,PL016,Fiber Broadband,24,01-01-2014,22-12-2015,No,Auto-Renewed
CN004045,C0007298,PL011,Postpaid Mobile,18,21-09-2024,15-03-2026,Yes,Auto-Renewed
CN004046,C0007300,PL005,Prepaid Mobile,12,20-09-2023,14-09-2024,Yes,Auto-Renewed
CN004047,C0007302,PL006,Prepaid Mobile,24,23-02-2025,13-02-2027,Yes,Active
CN004048,C0007305,PL008,Postpaid Mobile,12,26-08-2020,21-08-2021,No,Auto-Renewed
CN004049,C0007309,PL018,Fiber Broadband,12,09-03-2018,04-03-2019,Yes,Renewed
CN004050,C0007310,PL006,Prepaid Mobile,12,03-11-2017,29-10-2018,No,Renewed
CN004051,C0007311,PL008,Postpaid Mobile,36,08-02-2018,23-01-2021,Yes,Not Renewed
CN004052,C0007312,PL015,Fiber Broadband,18,30-06-2020,22-12-2021,No,Active
CN004053,C0007315,PL008,Postpaid Mobile,24,16-06-2020,06-06-2022,No,Renewed
CN004054,C0007316,PL008,Postpaid Mobile,18,24-06-2023,15-12-2024,No,Not Renewed
CN004055,C0007317,PL017,Fiber Broadband,36,18-02-2016,02-02-2019,Yes,Pending
CN004056,C0007318,PL017,Fiber Broadband,24,28-02-2015,17-02-2017,Yes,Renewed
CN004057,C0007319,PL006,Prepaid Mobile,12,01-01-2014,27-12-2014,Yes,Pending
CN004058,C0007320,PL008,Postpaid Mobile,12,08-03-2024,03-03-2025,No,Renewed
CN004059,C0007321,PL008,Postpaid Mobile,12,25-12-2014,20-12-2015,Yes,Auto-Renewed
CN004060,C0007322,PL008,Postpaid Mobile,12,07-12-2019,01-12-2020,Yes,Not Renewed
CN004061,C0007323,PL025,Smart Home,24,14-03-2022,03-03-2024,Yes,Cancelled
CN004062,C0007324,PL010,Postpaid Mobile,12,20-07-2018,15-07-2019,Yes,Active
CN004063,C0007326,PL006,Prepaid Mobile,36,03-11-2025,18-10-2028,No,Auto-Renewed
CN004064,C0007328,PL010,Postpaid Mobile,36,02-06-2025,17-05-2028,No,Not Renewed
CN004065,C0007329,PL024,IoT Solutions,12,11-05-2015,05-05-2016,No,Not Renewed
CN004066,C0007330,PL011,Postpaid Mobile,18,15-04-2023,06-10-2024,Yes,Not Renewed
CN004067,C0007331,PL015,Fiber Broadband,12,01-01-2014,27-12-2014,Yes,Auto-Renewed
CN004068,C0007333,PL016,Fiber Broadband,24,28-06-2021,18-06-2023,Yes,Active
CN004069,C0007335,PL008,Postpaid Mobile,12,15-07-2025,10-07-2026,No,Not Renewed
CN004070,C0007336,PL005,Prepaid Mobile,12,31-03-2023,25-03-2024,Yes,Auto-Renewed
CN004071,C0007344,PL021,Enterprise,12,03-11-2014,29-10-2015,Yes,Pending
CN004072,C0007345,PL016,Fiber Broadband,24,01-01-2014,22-12-2015,Yes,Auto-Renewed
CN004073,C0007347,PL005,Prepaid Mobile,12,01-01-2014,27-12-2014,Yes,Renewed
CN004074,C0007352,PL015,Fiber Broadband,18,01-01-2014,25-06-2015,Yes,Auto-Renewed
CN004075,C0007353,PL010,Postpaid Mobile,12,07-05-2021,02-05-2022,No,Renewed
CN004076,C0007355,PL009,Postpaid Mobile,24,04-02-2023,24-01-2025,No,Active
CN004077,C0007356,PL024,IoT Solutions,12,06-10-2020,01-10-2021,No,Active
CN004078,C0007359,PL005,Prepaid Mobile,12,09-03-2021,04-03-2022,No,Renewed
CN004079,C0007360,PL005,Prepaid Mobile,24,19-09-2022,08-09-2024,Yes,Auto-Renewed
CN004080,C0007365,PL007,Postpaid Mobile,36,24-03-2014,08-03-2017,Yes,Active
CN004081,C0007369,PL006,Prepaid Mobile,12,08-05-2015,02-05-2016,Yes,Auto-Renewed
CN004082,C0007371,PL025,Smart Home,36,01-05-2025,15-04-2028,No,Not Renewed
CN004083,C0007372,PL006,Prepaid Mobile,36,24-06-2025,08-06-2028,No,Auto-Renewed
CN004084,C0007373,PL018,Fiber Broadband,12,13-08-2017,08-08-2018,Yes,Auto-Renewed
CN004085,C0007375,PL016,Fiber Broadband,36,01-01-2014,16-12-2016,Yes,Active
CN004086,C0007379,PL016,Fiber Broadband,12,01-01-2014,27-12-2014,Yes,Not Renewed
CN004087,C0007382,PL005,Prepaid Mobile,18,29-08-2018,20-02-2020,No,Renewed
CN004088,C0007383,PL010,Postpaid Mobile,24,17-10-2023,06-10-2025,Yes,Cancelled
CN004089,C0007384,PL017,Fiber Broadband,12,27-11-2015,21-11-2016,No,Renewed
CN004090,C0007385,PL010,Postpaid Mobile,12,30-12-2014,25-12-2015,Yes,Pending
CN004091,C0007387,PL005,Prepaid Mobile,24,01-01-2014,22-12-2015,No,Auto-Renewed
CN004092,C0007390,PL007,Postpaid Mobile,24,11-08-2016,01-08-2018,Yes,Auto-Renewed
CN004093,C0007391,PL018,Fiber Broadband,36,06-11-2020,22-10-2023,No,Active
CN004094,C0007392,PL024,IoT Solutions,24,18-03-2023,07-03-2025,No,Not Renewed
CN004095,C0007393,PL005,Prepaid Mobile,18,26-12-2020,19-06-2022,Yes,Auto-Renewed
CN004096,C0007394,PL016,Fiber Broadband,36,08-09-2016,24-08-2019,No,Renewed
CN004097,C0007395,PL007,Postpaid Mobile,12,21-01-2026,16-01-2027,No,Not Renewed
CN004098,C0007396,PL015,Fiber Broadband,24,04-04-2019,24-03-2021,Yes,Pending
CN004099,C0007397,PL018,Fiber Broadband,24,17-01-2026,07-01-2028,Yes,Pending
CN004100,C0007399,PL015,Fiber Broadband,12,21-06-2023,15-06-2024,No,Not Renewed
CN004101,C0007400,PL005,Prepaid Mobile,12,18-08-2019,12-08-2020,Yes,Renewed
CN004102,C0007401,PL010,Postpaid Mobile,24,18-03-2021,08-03-2023,No,Not Renewed
CN004103,C0007402,PL009,Postpaid Mobile,36,04-08-2023,19-07-2026,Yes,Active
CN004104,C0007407,PL005,Prepaid Mobile,18,19-04-2017,11-10-2018,No,Active
CN004105,C0007409,PL017,Fiber Broadband,24,11-03-2025,01-03-2027,No,Pending
CN004106,C0007412,PL007,Postpaid Mobile,18,06-08-2025,28-01-2027,Yes,Active
CN004107,C0007413,PL017,Fiber Broadband,18,06-01-2026,30-06-2027,No,Not Renewed
CN004108,C0007416,PL025,Smart Home,24,21-08-2025,11-08-2027,Yes,Auto-Renewed
CN004109,C0007417,PL016,Fiber Broadband,24,24-03-2015,13-03-2017,No,Pending
CN004110,C0007422,PL011,Postpaid Mobile,24,05-12-2014,24-11-2016,No,Pending
CN004111,C0007424,PL006,Prepaid Mobile,12,01-03-2021,24-02-2022,No,Auto-Renewed
CN004112,C0007425,PL015,Fiber Broadband,12,02-10-2019,26-09-2020,Yes,Renewed
CN004113,C0007426,PL008,Postpaid Mobile,18,17-07-2020,08-01-2022,Yes,Auto-Renewed
CN004114,C0007428,PL009,Postpaid Mobile,18,16-05-2017,07-11-2018,No,Active
CN004115,C0007429,PL006,Prepaid Mobile,18,27-01-2018,21-07-2019,Yes,Renewed
CN004116,C0007431,PL009,Postpaid Mobile,12,28-04-2024,23-04-2025,No,Active
CN004117,C0007432,PL018,Fiber Broadband,12,07-10-2018,02-10-2019,Yes,Not Renewed
CN004118,C0007434,PL009,Postpaid Mobile,18,28-08-2014,19-02-2016,Yes,Pending
CN004119,C0007437,PL017,Fiber Broadband,12,01-01-2014,27-12-2014,No,Pending
CN004120,C0007438,PL010,Postpaid Mobile,12,09-06-2025,04-06-2026,Yes,Active
CN004121,C0007439,PL010,Postpaid Mobile,24,13-08-2022,02-08-2024,Yes,Active
CN004122,C0007441,PL005,Prepaid Mobile,36,01-01-2014,16-12-2016,No,Auto-Renewed
CN004123,C0007445,PL005,Prepaid Mobile,24,17-07-2018,06-07-2020,No,Auto-Renewed
CN004124,C0007446,PL025,Smart Home,36,31-05-2014,15-05-2017,No,Renewed
CN004125,C0007448,PL008,Postpaid Mobile,36,05-01-2020,20-12-2022,No,Auto-Renewed
CN004126,C0007452,PL009,Postpaid Mobile,12,12-06-2016,07-06-2017,Yes,Auto-Renewed
CN004127,C0007454,PL021,Enterprise,24,01-01-2014,22-12-2015,Yes,Active
CN004128,C0007455,PL016,Fiber Broadband,12,08-10-2021,03-10-2022,No,Active
CN004129,C0007456,PL008,Postpaid Mobile,24,30-11-2025,20-11-2027,Yes,Active
CN004130,C0007458,PL021,Enterprise,24,01-01-2014,22-12-2015,No,Active
CN004131,C0007459,PL017,Fiber Broadband,12,01-01-2014,27-12-2014,No,Not Renewed
CN004132,C0007461,PL011,Postpaid Mobile,12,01-01-2014,27-12-2014,Yes,Auto-Renewed
CN004133,C0007462,PL025,Smart Home,18,20-03-2021,11-09-2022,No,Renewed
CN004134,C0007463,PL005,Prepaid Mobile,36,01-01-2014,16-12-2016,Yes,Renewed
CN004135,C0007466,PL017,Fiber Broadband,12,23-12-2017,18-12-2018,No,Cancelled
CN004136,C0007471,PL009,Postpaid Mobile,36,02-01-2024,17-12-2026,No,Renewed
CN004137,C0007472,PL011,Postpaid Mobile,12,14-05-2025,09-05-2026,No,Renewed
CN004138,C0007473,PL021,Enterprise,18,05-10-2023,28-03-2025,Yes,Renewed
CN004139,C0007475,PL010,Postpaid Mobile,18,16-11-2021,10-05-2023,Yes,Not Renewed
CN004140,C0007476,PL011,Postpaid Mobile,24,01-01-2014,22-12-2015,No,Auto-Renewed
CN004141,C0007479,PL006,Prepaid Mobile,24,13-02-2025,03-02-2027,No,Not Renewed
CN004142,C0007480,PL017,Fiber Broadband,24,01-01-2014,22-12-2015,Yes,Cancelled
CN004143,C0007482,PL007,Postpaid Mobile,18,29-12-2022,21-06-2024,Yes,Renewed
CN004144,C0007485,PL007,Postpaid Mobile,36,07-05-2017,21-04-2020,No,Renewed
CN004145,C0007486,PL018,Fiber Broadband,18,25-05-2017,16-11-2018,Yes,Renewed
CN004146,C0007487,PL018,Fiber Broadband,12,15-08-2016,10-08-2017,No,Pending
CN004147,C0007488,PL009,Postpaid Mobile,12,01-10-2022,26-09-2023,Yes,Auto-Renewed
CN004148,C0007489,PL017,Fiber Broadband,12,07-06-2017,02-06-2018,No,Auto-Renewed
CN004149,C0007491,PL010,Postpaid Mobile,12,04-04-2021,30-03-2022,No,Renewed
CN004150,C0007492,PL017,Fiber Broadband,12,01-01-2014,27-12-2014,No,Renewed
CN004151,C0007493,PL006,Prepaid Mobile,18,10-01-2023,03-07-2024,Yes,Pending
CN004152,C0007495,PL005,Prepaid Mobile,12,01-01-2014,27-12-2014,No,Renewed
CN004153,C0007496,PL023,IoT Solutions,12,28-12-2017,23-12-2018,No,Renewed
CN004154,C0007497,PL008,Postpaid Mobile,12,16-12-2025,11-12-2026,Yes,Pending
CN004155,C0007498,PL025,Smart Home,24,20-06-2019,09-06-2021,Yes,Auto-Renewed
CN004156,C0007500,PL016,Fiber Broadband,36,16-03-2015,28-02-2018,No,Not Renewed
CN004157,C0007501,PL025,Smart Home,12,21-01-2024,15-01-2025,No,Auto-Renewed
CN004158,C0007503,PL006,Prepaid Mobile,12,27-12-2018,22-12-2019,Yes,Auto-Renewed
CN004159,C0007508,PL005,Prepaid Mobile,12,18-02-2018,13-02-2019,Yes,Renewed
CN004160,C0007511,PL005,Prepaid Mobile,24,01-01-2014,22-12-2015,No,Renewed
CN004161,C0007512,PL009,Postpaid Mobile,12,27-02-2022,22-02-2023,No,Cancelled
CN004162,C0007515,PL006,Prepaid Mobile,24,08-10-2017,28-09-2019,No,Renewed
CN004163,C0007516,PL007,Postpaid Mobile,12,20-12-2024,15-12-2025,Yes,Not Renewed
CN004164,C0007517,PL015,Fiber Broadband,24,08-02-2019,28-01-2021,No,Not Renewed
CN004165,C0007519,PL007,Postpaid Mobile,24,16-05-2023,05-05-2025,Yes,Renewed
CN004166,C0007520,PL025,Smart Home,12,01-06-2017,27-05-2018,Yes,Auto-Renewed
CN004167,C0007521,PL010,Postpaid Mobile,12,17-12-2024,12-12-2025,No,Renewed
CN004168,C0007522,PL009,Postpaid Mobile,24,09-03-2023,26-02-2025,No,Not Renewed
CN004169,C0007523,PL016,Fiber Broadband,36,01-01-2014,16-12-2016,Yes,Renewed
CN004170,C0007529,PL016,Fiber Broadband,12,01-01-2014,27-12-2014,No,Pending
CN004171,C0007531,PL016,Fiber Broadband,12,01-01-2014,27-12-2014,No,Pending
CN004172,C0007532,PL010,Postpaid Mobile,18,08-02-2021,02-08-2022,No,Auto-Renewed
CN004173,C0007534,PL017,Fiber Broadband,18,02-04-2024,24-09-2025,Yes,Auto-Renewed
CN004174,C0007535,PL005,Prepaid Mobile,12,01-01-2014,27-12-2014,No,Pending
CN004175,C0007537,PL007,Postpaid Mobile,12,28-05-2018,23-05-2019,Yes,Not Renewed
CN004176,C0007538,PL016,Fiber Broadband,36,03-01-2016,18-12-2018,No,Pending
CN004177,C0007539,PL017,Fiber Broadband,18,12-02-2018,06-08-2019,No,Renewed
CN004178,C0007540,PL011,Postpaid Mobile,12,05-02-2018,31-01-2019,Yes,Active
CN004179,C0007541,PL016,Fiber Broadband,36,19-05-2024,04-05-2027,Yes,Renewed
CN004180,C0007542,PL021,Enterprise,24,19-12-2015,08-12-2017,Yes,Active
CN004181,C0007546,PL008,Postpaid Mobile,12,15-10-2014,10-10-2015,Yes,Renewed
CN004182,C0007547,PL006,Prepaid Mobile,12,01-01-2014,27-12-2014,No,Renewed
CN004183,C0007548,PL015,Fiber Broadband,18,17-12-2025,10-06-2027,Yes,Renewed
CN004184,C0007551,PL018,Fiber Broadband,24,01-01-2014,22-12-2015,Yes,Pending
CN004185,C0007555,PL006,Prepaid Mobile,12,05-12-2025,30-11-2026,Yes,Auto-Renewed
CN004186,C0007556,PL008,Postpaid Mobile,24,03-02-2017,24-01-2019,Yes,Renewed
CN004187,C0007557,PL017,Fiber Broadband,24,12-03-2019,01-03-2021,No,Auto-Renewed
CN004188,C0007559,PL005,Prepaid Mobile,18,01-01-2014,25-06-2015,Yes,Renewed
CN004189,C0007561,PL016,Fiber Broadband,12,25-07-2021,20-07-2022,No,Auto-Renewed
CN004190,C0007563,PL018,Fiber Broadband,12,01-01-2014,27-12-2014,No,Auto-Renewed
CN004191,C0007564,PL022,Enterprise,12,09-06-2020,04-06-2021,Yes,Pending
CN004192,C0007566,PL005,Prepaid Mobile,18,01-01-2014,25-06-2015,No,Renewed
CN004193,C0007572,PL005,Prepaid Mobile,36,27-11-2022,11-11-2025,Yes,Renewed
CN004194,C0007575,PL007,Postpaid Mobile,24,22-03-2018,11-03-2020,Yes,Renewed
CN004195,C0007576,PL005,Prepaid Mobile,24,18-08-2016,08-08-2018,No,Auto-Renewed
CN004196,C0007579,PL009,Postpaid Mobile,12,26-02-2014,21-02-2015,Yes,Active
CN004197,C0007580,PL010,Postpaid Mobile,12,09-10-2020,04-10-2021,No,Renewed
CN004198,C0007581,PL018,Fiber Broadband,12,01-01-2014,27-12-2014,No,Active
CN004199,C0007582,PL005,Prepaid Mobile,36,17-03-2024,02-03-2027,Yes,Renewed
CN004200,C0007584,PL009,Postpaid Mobile,12,28-07-2024,23-07-2025,No,Not Renewed
CN004201,C0007585,PL008,Postpaid Mobile,24,23-10-2020,13-10-2022,No,Auto-Renewed
CN004202,C0007586,PL006,Prepaid Mobile,18,12-03-2025,03-09-2026,Yes,Renewed
CN004203,C0007591,PL010,Postpaid Mobile,12,06-05-2018,01-05-2019,No,Active
CN004204,C0007592,PL011,Postpaid Mobile,12,01-01-2014,27-12-2014,No,Renewed
CN004205,C0007594,PL015,Fiber Broadband,12,01-01-2014,27-12-2014,No,Auto-Renewed
CN004206,C0007598,PL010,Postpaid Mobile,36,15-11-2025,30-10-2028,Yes,Auto-Renewed
CN004207,C0007600,PL023,IoT Solutions,24,05-08-2019,25-07-2021,No,Auto-Renewed
CN004208,C0007601,PL015,Fiber Broadband,12,27-03-2020,22-03-2021,No,Auto-Renewed
CN004209,C0007602,PL011,Postpaid Mobile,36,01-01-2014,16-12-2016,No,Renewed
CN004210,C0007603,PL006,Prepaid Mobile,24,31-07-2025,21-07-2027,No,Renewed
CN004211,C0007604,PL008,Postpaid Mobile,12,18-12-2020,13-12-2021,Yes,Pending
CN004212,C0007605,PL005,Prepaid Mobile,18,01-01-2014,25-06-2015,No,Renewed
CN004213,C0007606,PL016,Fiber Broadband,12,12-09-2019,06-09-2020,No,Auto-Renewed
CN004214,C0007607,PL024,IoT Solutions,12,09-11-2025,04-11-2026,No,Not Renewed
CN004215,C0007608,PL006,Prepaid Mobile,12,04-07-2015,28-06-2016,Yes,Auto-Renewed
CN004216,C0007610,PL005,Prepaid Mobile,24,30-04-2016,20-04-2018,Yes,Renewed
CN004217,C0007612,PL007,Postpaid Mobile,12,27-02-2025,22-02-2026,Yes,Auto-Renewed
CN004218,C0007615,PL008,Postpaid Mobile,12,14-10-2025,09-10-2026,Yes,Not Renewed
CN004219,C0007616,PL008,Postpaid Mobile,36,25-01-2020,09-01-2023,No,Renewed
CN004220,C0007618,PL018,Fiber Broadband,24,27-01-2022,17-01-2024,Yes,Pending
CN004221,C0007619,PL005,Prepaid Mobile,12,01-02-2018,27-01-2019,No,Renewed
CN004222,C0007622,PL024,IoT Solutions,18,15-10-2016,08-04-2018,No,Pending
CN004223,C0007623,PL005,Prepaid Mobile,12,22-07-2020,17-07-2021,No,Renewed
CN004224,C0007624,PL015,Fiber Broadband,12,17-11-2018,12-11-2019,No,Auto-Renewed
CN004225,C0007626,PL015,Fiber Broadband,12,01-01-2014,27-12-2014,No,Not Renewed
CN004226,C0007627,PL008,Postpaid Mobile,36,20-05-2014,04-05-2017,Yes,Renewed
CN004227,C0007628,PL021,Enterprise,12,21-10-2022,16-10-2023,No,Renewed
CN004228,C0007629,PL009,Postpaid Mobile,24,07-01-2022,28-12-2023,Yes,Pending
CN004229,C0007630,PL024,IoT Solutions,12,28-07-2024,23-07-2025,No,Renewed
CN004230,C0007632,PL006,Prepaid Mobile,12,19-05-2017,14-05-2018,No,Renewed
CN004231,C0007633,PL009,Postpaid Mobile,24,25-03-2017,15-03-2019,Yes,Active
CN004232,C0007634,PL009,Postpaid Mobile,12,10-08-2017,05-08-2018,No,Auto-Renewed
CN004233,C0007635,PL008,Postpaid Mobile,18,16-05-2023,06-11-2024,Yes,Active
CN004234,C0007637,PL022,Enterprise,12,18-10-2020,13-10-2021,Yes,Pending
CN004235,C0007639,PL010,Postpaid Mobile,24,15-04-2018,04-04-2020,Yes,Renewed
CN004236,C0007640,PL006,Prepaid Mobile,18,09-12-2023,01-06-2025,Yes,Renewed
CN004237,C0007641,PL007,Postpaid Mobile,24,04-10-2021,24-09-2023,Yes,Auto-Renewed
CN004238,C0007642,PL025,Smart Home,24,16-03-2015,05-03-2017,No,Renewed
CN004239,C0007643,PL025,Smart Home,12,16-05-2021,11-05-2022,Yes,Renewed
CN004240,C0007646,PL007,Postpaid Mobile,12,23-05-2023,17-05-2024,Yes,Cancelled
CN004241,C0007647,PL023,IoT Solutions,12,26-11-2017,21-11-2018,Yes,Renewed
CN004242,C0007650,PL008,Postpaid Mobile,12,06-09-2018,01-09-2019,No,Auto-Renewed
CN004243,C0007651,PL024,IoT Solutions,18,25-12-2015,17-06-2017,No,Not Renewed
CN004244,C0007652,PL015,Fiber Broadband,36,01-01-2014,16-12-2016,Yes,Renewed
CN004245,C0007654,PL006,Prepaid Mobile,12,01-01-2014,27-12-2014,Yes,Auto-Renewed
CN004246,C0007655,PL010,Postpaid Mobile,12,31-12-2018,26-12-2019,Yes,Pending
CN004247,C0007656,PL023,IoT Solutions,12,25-07-2023,19-07-2024,Yes,Cancelled
CN004248,C0007657,PL007,Postpaid Mobile,12,14-12-2016,09-12-2017,No,Active
CN004249,C0007658,PL007,Postpaid Mobile,12,29-07-2019,23-07-2020,Yes,Renewed
CN004250,C0007661,PL022,Enterprise,24,09-11-2014,29-10-2016,No,Auto-Renewed
CN004251,C0007662,PL005,Prepaid Mobile,12,01-01-2014,27-12-2014,No,Renewed
CN004252,C0007664,PL010,Postpaid Mobile,12,02-01-2025,28-12-2025,No,Not Renewed
CN004253,C0007666,PL005,Prepaid Mobile,24,01-01-2014,22-12-2015,No,Active
CN004254,C0007669,PL008,Postpaid Mobile,24,05-02-2020,25-01-2022,No,Auto-Renewed
CN004255,C0007671,PL010,Postpaid Mobile,24,16-09-2025,06-09-2027,Yes,Renewed
CN004256,C0007672,PL011,Postpaid Mobile,24,30-12-2021,20-12-2023,Yes,Renewed
CN004257,C0007673,PL008,Postpaid Mobile,36,23-01-2019,07-01-2022,Yes,Auto-Renewed
CN004258,C0007676,PL006,Prepaid Mobile,12,15-07-2015,09-07-2016,No,Renewed
CN004259,C0007677,PL017,Fiber Broadband,36,01-01-2014,16-12-2016,Yes,Active
CN004260,C0007678,PL010,Postpaid Mobile,24,12-02-2026,02-02-2028,No,Pending
CN004261,C0007682,PL015,Fiber Broadband,24,07-12-2020,27-11-2022,No,Not Renewed
CN004262,C0007684,PL007,Postpaid Mobile,12,04-09-2019,29-08-2020,No,Not Renewed
CN004263,C0007685,PL018,Fiber Broadband,24,04-01-2023,24-12-2024,Yes,Active
CN004264,C0007686,PL011,Postpaid Mobile,18,20-02-2021,14-08-2022,Yes,Renewed
CN004265,C0007688,PL008,Postpaid Mobile,12,23-05-2024,18-05-2025,No,Renewed
CN004266,C0007689,PL008,Postpaid Mobile,24,14-08-2018,03-08-2020,No,Pending
CN004267,C0007691,PL022,Enterprise,24,31-10-2015,20-10-2017,No,Not Renewed
CN004268,C0007695,PL010,Postpaid Mobile,12,01-05-2021,26-04-2022,Yes,Renewed
CN004269,C0007696,PL010,Postpaid Mobile,36,02-05-2015,16-04-2018,No,Cancelled
CN004270,C0007697,PL011,Postpaid Mobile,24,09-06-2017,30-05-2019,Yes,Renewed
CN004271,C0007698,PL022,Enterprise,24,28-01-2026,18-01-2028,No,Renewed
CN004272,C0007699,PL016,Fiber Broadband,12,01-01-2014,27-12-2014,Yes,Pending
CN004273,C0007701,PL007,Postpaid Mobile,12,20-01-2022,15-01-2023,Yes,Renewed
CN004274,C0007704,PL007,Postpaid Mobile,12,20-11-2025,15-11-2026,No,Cancelled
CN004275,C0007706,PL010,Postpaid Mobile,24,03-01-2021,24-12-2022,Yes,Renewed
CN004276,C0007707,PL021,Enterprise,12,01-01-2014,27-12-2014,Yes,Renewed
CN004277,C0007708,PL009,Postpaid Mobile,36,26-10-2025,10-10-2028,No,Active
CN004278,C0007709,PL005,Prepaid Mobile,18,19-03-2021,10-09-2022,Yes,Renewed
CN004279,C0007714,PL023,IoT Solutions,12,05-07-2022,30-06-2023,No,Auto-Renewed
CN004280,C0007716,PL005,Prepaid Mobile,12,01-01-2014,27-12-2014,Yes,Renewed
CN004281,C0007717,PL023,IoT Solutions,24,07-09-2021,28-08-2023,Yes,Pending
CN004282,C0007718,PL015,Fiber Broadband,12,18-12-2024,13-12-2025,Yes,Active
CN004283,C0007719,PL011,Postpaid Mobile,12,22-06-2020,17-06-2021,No,Pending
CN004284,C0007724,PL021,Enterprise,12,01-01-2014,27-12-2014,No,Renewed
CN004285,C0007730,PL006,Prepaid Mobile,36,06-03-2021,19-02-2024,Yes,Renewed
CN004286,C0007731,PL006,Prepaid Mobile,12,06-10-2022,01-10-2023,Yes,Renewed
CN004287,C0007735,PL017,Fiber Broadband,24,01-01-2014,22-12-2015,No,Renewed
CN004288,C0007736,PL006,Prepaid Mobile,24,14-09-2021,04-09-2023,No,Active
CN004289,C0007737,PL005,Prepaid Mobile,18,16-12-2018,08-06-2020,No,Renewed
CN004290,C0007739,PL006,Prepaid Mobile,36,01-01-2014,16-12-2016,Yes,Active
CN004291,C0007741,PL017,Fiber Broadband,24,01-01-2014,22-12-2015,Yes,Auto-Renewed
CN004292,C0007742,PL008,Postpaid Mobile,36,23-11-2022,07-11-2025,Yes,Renewed
CN004293,C0007744,PL022,Enterprise,12,01-01-2014,27-12-2014,Yes,Active
CN004294,C0007748,PL005,Prepaid Mobile,24,01-01-2014,22-12-2015,No,Not Renewed
CN004295,C0007749,PL010,Postpaid Mobile,24,31-08-2023,20-08-2025,No,Auto-Renewed
CN004296,C0007751,PL009,Postpaid Mobile,12,25-07-2024,20-07-2025,Yes,Cancelled
CN004297,C0007753,PL009,Postpaid Mobile,12,26-09-2022,21-09-2023,No,Pending
CN004298,C0007754,PL005,Prepaid Mobile,12,01-01-2014,27-12-2014,No,Pending
CN004299,C0007755,PL024,IoT Solutions,18,02-11-2024,26-04-2026,Yes,Cancelled
CN004300,C0007756,PL009,Postpaid Mobile,12,06-02-2023,01-02-2024,Yes,Renewed
CN004301,C0007757,PL017,Fiber Broadband,12,04-07-2020,29-06-2021,No,Renewed
CN004302,C0007758,PL008,Postpaid Mobile,36,08-10-2015,22-09-2018,Yes,Not Renewed
CN004303,C0007759,PL006,Prepaid Mobile,12,01-01-2014,27-12-2014,Yes,Renewed
CN004304,C0007760,PL021,Enterprise,12,20-06-2017,15-06-2018,Yes,Renewed
CN004305,C0007761,PL017,Fiber Broadband,12,01-01-2014,27-12-2014,Yes,Active
CN004306,C0007763,PL006,Prepaid Mobile,12,01-01-2014,27-12-2014,No,Auto-Renewed
CN004307,C0007765,PL006,Prepaid Mobile,36,27-01-2019,11-01-2022,Yes,Pending
CN004308,C0007766,PL007,Postpaid Mobile,18,10-05-2025,01-11-2026,Yes,Not Renewed
CN004309,C0007768,PL008,Postpaid Mobile,24,11-08-2023,31-07-2025,No,Renewed
CN004310,C0007771,PL005,Prepaid Mobile,12,01-01-2014,27-12-2014,Yes,Renewed
CN004311,C0007773,PL018,Fiber Broadband,12,01-01-2014,27-12-2014,No,Renewed
CN004312,C0007774,PL011,Postpaid Mobile,12,26-02-2017,21-02-2018,No,Renewed
CN004313,C0007778,PL009,Postpaid Mobile,24,27-01-2023,16-01-2025,No,Auto-Renewed
CN004314,C0007781,PL005,Prepaid Mobile,18,01-01-2014,25-06-2015,No,Auto-Renewed
CN004315,C0007784,PL008,Postpaid Mobile,18,18-01-2018,12-07-2019,No,Renewed
CN004316,C0007785,PL005,Prepaid Mobile,12,14-03-2021,09-03-2022,No,Pending
CN004317,C0007786,PL018,Fiber Broadband,24,01-01-2014,22-12-2015,Yes,Renewed
CN004318,C0007788,PL006,Prepaid Mobile,24,30-06-2017,20-06-2019,Yes,Active
CN004319,C0007789,PL006,Prepaid Mobile,24,01-01-2014,22-12-2015,No,Active
CN004320,C0007791,PL006,Prepaid Mobile,12,16-10-2014,11-10-2015,No,Auto-Renewed
CN004321,C0007794,PL015,Fiber Broadband,12,15-03-2016,10-03-2017,Yes,Active
CN004322,C0007797,PL008,Postpaid Mobile,18,08-07-2025,30-12-2026,Yes,Not Renewed
CN004323,C0007798,PL005,Prepaid Mobile,12,28-05-2024,23-05-2025,Yes,Active
CN004324,C0007800,PL018,Fiber Broadband,18,28-10-2017,21-04-2019,Yes,Active
CN004325,C0007804,PL010,Postpaid Mobile,18,18-05-2025,09-11-2026,No,Auto-Renewed
CN004326,C0007808,PL010,Postpaid Mobile,24,01-07-2017,21-06-2019,Yes,Renewed
CN004327,C0007809,PL007,Postpaid Mobile,12,13-04-2021,08-04-2022,No,Not Renewed
CN004328,C0007810,PL006,Prepaid Mobile,12,23-05-2023,17-05-2024,No,Renewed
CN004329,C0007812,PL009,Postpaid Mobile,12,02-10-2023,26-09-2024,Yes,Active
CN004330,C0007813,PL005,Prepaid Mobile,12,03-09-2017,29-08-2018,No,Pending
CN004331,C0007815,PL005,Prepaid Mobile,12,01-01-2014,27-12-2014,Yes,Pending
CN004332,C0007817,PL025,Smart Home,18,14-06-2025,06-12-2026,Yes,Renewed
CN004333,C0007819,PL022,Enterprise,24,01-01-2014,22-12-2015,No,Renewed
CN004334,C0007820,PL009,Postpaid Mobile,24,13-11-2018,02-11-2020,No,Auto-Renewed
CN004335,C0007821,PL005,Prepaid Mobile,12,13-09-2017,08-09-2018,Yes,Renewed
CN004336,C0007822,PL011,Postpaid Mobile,12,22-04-2020,17-04-2021,Yes,Auto-Renewed
CN004337,C0007824,PL007,Postpaid Mobile,12,24-08-2022,19-08-2023,Yes,Pending
CN004338,C0007826,PL007,Postpaid Mobile,18,02-06-2020,24-11-2021,No,Cancelled
CN004339,C0007827,PL005,Prepaid Mobile,12,01-01-2014,27-12-2014,Yes,Pending
CN004340,C0007828,PL010,Postpaid Mobile,24,13-07-2022,02-07-2024,Yes,Renewed
CN004341,C0007831,PL011,Postpaid Mobile,12,10-04-2018,05-04-2019,Yes,Renewed
CN004342,C0007834,PL022,Enterprise,18,21-06-2023,12-12-2024,No,Not Renewed
CN004343,C0007835,PL010,Postpaid Mobile,12,03-06-2023,28-05-2024,No,Not Renewed
CN004344,C0007836,PL016,Fiber Broadband,24,01-01-2014,22-12-2015,Yes,Renewed
CN004345,C0007837,PL022,Enterprise,24,01-01-2014,22-12-2015,Yes,Renewed
CN004346,C0007845,PL006,Prepaid Mobile,18,16-11-2021,10-05-2023,No,Pending
CN004347,C0007846,PL006,Prepaid Mobile,24,15-11-2023,04-11-2025,No,Renewed
CN004348,C0007847,PL017,Fiber Broadband,12,01-01-2014,27-12-2014,Yes,Renewed
CN004349,C0007848,PL007,Postpaid Mobile,36,01-07-2019,15-06-2022,Yes,Active
CN004350,C0007854,PL011,Postpaid Mobile,12,13-02-2018,08-02-2019,Yes,Auto-Renewed
CN004351,C0007856,PL011,Postpaid Mobile,36,17-09-2022,01-09-2025,Yes,Renewed
CN004352,C0007857,PL005,Prepaid Mobile,18,29-07-2023,19-01-2025,Yes,Renewed
CN004353,C0007858,PL007,Postpaid Mobile,12,19-05-2023,13-05-2024,Yes,Renewed
CN004354,C0007859,PL005,Prepaid Mobile,24,29-08-2019,18-08-2021,No,Pending
CN004355,C0007860,PL016,Fiber Broadband,12,09-03-2018,04-03-2019,No,Pending
CN004356,C0007861,PL017,Fiber Broadband,12,01-03-2021,24-02-2022,Yes,Auto-Renewed
CN004357,C0007862,PL005,Prepaid Mobile,18,01-01-2014,25-06-2015,No,Pending
CN004358,C0007864,PL010,Postpaid Mobile,18,24-11-2023,17-05-2025,No,Not Renewed
CN004359,C0007865,PL009,Postpaid Mobile,12,22-12-2022,17-12-2023,No,Auto-Renewed
CN004360,C0007866,PL006,Prepaid Mobile,12,07-06-2015,01-06-2016,No,Active
CN004361,C0007868,PL023,IoT Solutions,12,22-03-2023,16-03-2024,Yes,Cancelled
CN004362,C0007871,PL016,Fiber Broadband,12,01-01-2014,27-12-2014,No,Active
CN004363,C0007873,PL008,Postpaid Mobile,12,12-01-2017,07-01-2018,Yes,Renewed
CN004364,C0007874,PL022,Enterprise,12,14-09-2018,09-09-2019,No,Auto-Renewed
CN004365,C0007875,PL018,Fiber Broadband,24,16-01-2015,05-01-2017,Yes,Renewed
CN004366,C0007876,PL024,IoT Solutions,24,28-04-2019,17-04-2021,Yes,Active
CN004367,C0007879,PL008,Postpaid Mobile,24,28-12-2015,17-12-2017,Yes,Active
CN004368,C0007880,PL018,Fiber Broadband,24,01-01-2014,22-12-2015,No,Active
CN004369,C0007881,PL006,Prepaid Mobile,24,01-01-2014,22-12-2015,Yes,Auto-Renewed
CN004370,C0007882,PL008,Postpaid Mobile,24,26-06-2014,15-06-2016,No,Renewed
CN004371,C0007885,PL007,Postpaid Mobile,12,10-02-2022,05-02-2023,Yes,Renewed
CN004372,C0007886,PL011,Postpaid Mobile,12,01-01-2014,27-12-2014,Yes,Renewed
CN004373,C0007887,PL006,Prepaid Mobile,24,01-01-2014,22-12-2015,Yes,Renewed
CN004374,C0007888,PL005,Prepaid Mobile,24,27-03-2021,17-03-2023,Yes,Not Renewed
CN004375,C0007889,PL005,Prepaid Mobile,18,10-04-2023,01-10-2024,No,Renewed
CN004376,C0007890,PL006,Prepaid Mobile,24,15-06-2023,04-06-2025,Yes,Not Renewed
CN004377,C0007892,PL025,Smart Home,18,25-11-2021,19-05-2023,Yes,Auto-Renewed
CN004378,C0007894,PL025,Smart Home,12,24-04-2019,18-04-2020,Yes,Auto-Renewed
CN004379,C0007896,PL007,Postpaid Mobile,18,14-04-2016,06-10-2017,No,Auto-Renewed
CN004380,C0007898,PL007,Postpaid Mobile,36,04-12-2022,18-11-2025,Yes,Renewed
CN004381,C0007899,PL022,Enterprise,12,13-03-2021,08-03-2022,Yes,Pending
CN004382,C0007900,PL022,Enterprise,18,25-09-2022,18-03-2024,Yes,Auto-Renewed
CN004383,C0007901,PL024,IoT Solutions,12,10-11-2020,05-11-2021,No,Renewed
CN004384,C0007904,PL007,Postpaid Mobile,24,13-11-2020,03-11-2022,Yes,Renewed
CN004385,C0007905,PL007,Postpaid Mobile,12,13-07-2016,08-07-2017,Yes,Auto-Renewed
CN004386,C0007908,PL023,IoT Solutions,24,13-06-2022,02-06-2024,Yes,Auto-Renewed
CN004387,C0007910,PL024,IoT Solutions,12,11-09-2017,06-09-2018,Yes,Renewed
CN004388,C0007914,PL011,Postpaid Mobile,24,01-01-2014,22-12-2015,No,Active
CN004389,C0007915,PL018,Fiber Broadband,12,31-01-2023,26-01-2024,Yes,Renewed
CN004390,C0007916,PL009,Postpaid Mobile,24,13-11-2016,03-11-2018,No,Active
CN004391,C0007917,PL022,Enterprise,18,17-11-2019,10-05-2021,Yes,Pending
CN004392,C0007921,PL017,Fiber Broadband,24,11-10-2025,01-10-2027,No,Not Renewed
CN004393,C0007927,PL011,Postpaid Mobile,24,01-01-2014,22-12-2015,Yes,Pending
CN004394,C0007928,PL008,Postpaid Mobile,24,12-11-2017,02-11-2019,Yes,Renewed
CN004395,C0007930,PL008,Postpaid Mobile,12,17-02-2015,12-02-2016,No,Renewed
CN004396,C0007931,PL015,Fiber Broadband,24,07-10-2016,27-09-2018,Yes,Renewed
CN004397,C0007933,PL005,Prepaid Mobile,24,16-04-2023,05-04-2025,Yes,Active
CN004398,C0007934,PL017,Fiber Broadband,24,28-10-2020,18-10-2022,Yes,Pending
CN004399,C0007935,PL025,Smart Home,12,19-04-2024,14-04-2025,Yes,Active
CN004400,C0007937,PL016,Fiber Broadband,18,22-06-2017,14-12-2018,Yes,Renewed
CN004401,C0007941,PL005,Prepaid Mobile,18,01-01-2014,25-06-2015,Yes,Active
CN004402,C0007943,PL018,Fiber Broadband,12,30-11-2018,25-11-2019,Yes,Auto-Renewed
CN004403,C0007944,PL017,Fiber Broadband,12,30-11-2015,24-11-2016,No,Pending
CN004404,C0007948,PL017,Fiber Broadband,24,01-01-2014,22-12-2015,No,Active
CN004405,C0007949,PL005,Prepaid Mobile,12,01-01-2014,27-12-2014,Yes,Active
CN004406,C0007952,PL006,Prepaid Mobile,36,28-11-2021,12-11-2024,No,Pending
CN004407,C0007953,PL008,Postpaid Mobile,36,04-06-2017,19-05-2020,Yes,Cancelled
CN004408,C0007954,PL005,Prepaid Mobile,24,26-05-2016,16-05-2018,No,Auto-Renewed
CN004409,C0007957,PL007,Postpaid Mobile,12,29-03-2020,24-03-2021,No,Not Renewed
CN004410,C0007958,PL007,Postpaid Mobile,36,05-12-2025,19-11-2028,Yes,Renewed
CN004411,C0007961,PL010,Postpaid Mobile,12,28-05-2020,23-05-2021,No,Renewed
CN004412,C0007963,PL008,Postpaid Mobile,12,03-05-2022,28-04-2023,Yes,Pending
CN004413,C0007965,PL010,Postpaid Mobile,12,06-05-2018,01-05-2019,Yes,Auto-Renewed
CN004414,C0007966,PL022,Enterprise,24,23-11-2023,12-11-2025,No,Auto-Renewed
CN004415,C0007967,PL005,Prepaid Mobile,24,11-08-2025,01-08-2027,Yes,Renewed
CN004416,C0007969,PL018,Fiber Broadband,18,15-04-2021,07-10-2022,No,Pending
CN004417,C0007971,PL006,Prepaid Mobile,24,01-01-2014,22-12-2015,No,Renewed
CN004418,C0007978,PL008,Postpaid Mobile,12,22-01-2015,17-01-2016,No,Renewed
CN004419,C0007979,PL021,Enterprise,24,01-01-2014,22-12-2015,Yes,Renewed
CN004420,C0007980,PL008,Postpaid Mobile,12,03-01-2024,28-12-2024,No,Not Renewed
CN004421,C0007981,PL006,Prepaid Mobile,12,26-08-2015,20-08-2016,No,Renewed
CN004422,C0007982,PL008,Postpaid Mobile,36,11-04-2023,26-03-2026,No,Auto-Renewed
CN004423,C0007983,PL021,Enterprise,24,07-02-2025,28-01-2027,Yes,Active
CN004424,C0007985,PL006,Prepaid Mobile,12,21-06-2023,15-06-2024,Yes,Active
CN004425,C0007986,PL025,Smart Home,12,08-11-2017,03-11-2018,Yes,Pending
CN004426,C0007987,PL005,Prepaid Mobile,12,01-01-2014,27-12-2014,Yes,Renewed
CN004427,C0007989,PL005,Prepaid Mobile,12,28-06-2024,23-06-2025,No,Renewed
CN004428,C0007991,PL005,Prepaid Mobile,24,01-01-2014,22-12-2015,No,Active
CN004429,C0007992,PL025,Smart Home,36,25-06-2021,09-06-2024,Yes,Renewed
CN004430,C0007993,PL011,Postpaid Mobile,24,15-02-2019,04-02-2021,No,Active
CN004431,C0007994,PL017,Fiber Broadband,24,13-10-2022,02-10-2024,Yes,Auto-Renewed
CN004432,C0007995,PL009,Postpaid Mobile,24,02-12-2019,21-11-2021,No,Renewed
CN004433,C0007997,PL008,Postpaid Mobile,12,11-04-2014,06-04-2015,No,Renewed
CN004434,C0007998,PL006,Prepaid Mobile,18,07-01-2016,30-06-2017,Yes,Pending
CN004435,C0007999,PL009,Postpaid Mobile,18,15-01-2018,09-07-2019,Yes,Auto-Renewed
CN004436,C0008000,PL006,Prepaid Mobile,12,22-03-2017,17-03-2018,No,Pending
CN004437,C0008001,PL005,Prepaid Mobile,12,20-06-2017,15-06-2018,Yes,Auto-Renewed
CN004438,C0008006,PL008,Postpaid Mobile,24,23-07-2015,12-07-2017,Yes,Renewed
CN004439,C0008008,PL005,Prepaid Mobile,12,21-03-2021,16-03-2022,No,Renewed
CN004440,C0008010,PL009,Postpaid Mobile,12,04-08-2020,30-07-2021,Yes,Renewed
CN004441,C0008013,PL018,Fiber Broadband,36,13-08-2015,28-07-2018,No,Renewed
CN004442,C0008014,PL008,Postpaid Mobile,18,31-12-2024,24-06-2026,Yes,Not Renewed
CN004443,C0008017,PL025,Smart Home,12,05-02-2014,31-01-2015,Yes,Not Renewed
CN004444,C0008019,PL006,Prepaid Mobile,12,22-11-2025,17-11-2026,Yes,Auto-Renewed
CN004445,C0008020,PL005,Prepaid Mobile,12,13-02-2023,08-02-2024,Yes,Renewed
CN004446,C0008023,PL010,Postpaid Mobile,12,24-08-2015,18-08-2016,Yes,Pending
CN004447,C0008024,PL021,Enterprise,36,01-01-2014,16-12-2016,Yes,Pending
CN004448,C0008025,PL009,Postpaid Mobile,24,25-10-2025,15-10-2027,Yes,Active
CN004449,C0008029,PL025,Smart Home,12,10-08-2022,05-08-2023,No,Active
CN004450,C0008032,PL021,Enterprise,24,21-03-2020,11-03-2022,No,Renewed
CN004451,C0008033,PL006,Prepaid Mobile,12,01-08-2017,27-07-2018,Yes,Renewed
CN004452,C0008035,PL006,Prepaid Mobile,12,01-01-2014,27-12-2014,Yes,Renewed
CN004453,C0008036,PL007,Postpaid Mobile,12,29-11-2023,23-11-2024,Yes,Auto-Renewed
CN004454,C0008037,PL006,Prepaid Mobile,24,06-03-2014,24-02-2016,No,Active
CN004455,C0008041,PL015,Fiber Broadband,12,28-08-2024,23-08-2025,Yes,Active
CN004456,C0008043,PL015,Fiber Broadband,12,01-01-2014,27-12-2014,Yes,Auto-Renewed
CN004457,C0008044,PL011,Postpaid Mobile,12,12-02-2019,07-02-2020,Yes,Auto-Renewed
CN004458,C0008045,PL007,Postpaid Mobile,24,03-04-2017,24-03-2019,No,Renewed
CN004459,C0008050,PL017,Fiber Broadband,12,01-01-2014,27-12-2014,No,Renewed
CN004460,C0008051,PL008,Postpaid Mobile,12,12-10-2021,07-10-2022,Yes,Renewed
CN004461,C0008053,PL018,Fiber Broadband,12,01-01-2014,27-12-2014,Yes,Renewed
CN004462,C0008055,PL005,Prepaid Mobile,18,07-10-2020,31-03-2022,No,Renewed
CN004463,C0008057,PL010,Postpaid Mobile,18,01-12-2015,24-05-2017,No,Auto-Renewed
CN004464,C0008061,PL023,IoT Solutions,24,19-01-2024,08-01-2026,Yes,Renewed
CN004465,C0008062,PL010,Postpaid Mobile,12,06-03-2017,01-03-2018,No,Active
CN004466,C0008063,PL015,Fiber Broadband,12,01-01-2014,27-12-2014,Yes,Cancelled
CN004467,C0008064,PL010,Postpaid Mobile,12,01-11-2024,27-10-2025,No,Renewed
CN004468,C0008065,PL010,Postpaid Mobile,12,09-10-2017,04-10-2018,Yes,Auto-Renewed
CN004469,C0008066,PL006,Prepaid Mobile,24,01-01-2014,22-12-2015,No,Auto-Renewed
CN004470,C0008067,PL006,Prepaid Mobile,24,08-09-2018,28-08-2020,No,Renewed
CN004471,C0008068,PL021,Enterprise,24,16-08-2022,05-08-2024,No,Renewed
CN004472,C0008070,PL021,Enterprise,24,01-01-2014,22-12-2015,No,Renewed
CN004473,C0008072,PL017,Fiber Broadband,24,08-12-2024,28-11-2026,Yes,Renewed
CN004474,C0008073,PL017,Fiber Broadband,12,08-05-2020,03-05-2021,Yes,Pending
CN004475,C0008074,PL016,Fiber Broadband,24,01-01-2014,22-12-2015,Yes,Active
CN004476,C0008076,PL005,Prepaid Mobile,24,01-01-2014,22-12-2015,No,Renewed
CN004477,C0008080,PL009,Postpaid Mobile,12,17-01-2021,12-01-2022,No,Renewed
CN004478,C0008081,PL006,Prepaid Mobile,24,20-10-2017,10-10-2019,Yes,Renewed
CN004479,C0008082,PL011,Postpaid Mobile,36,19-07-2021,03-07-2024,Yes,Renewed
CN004480,C0008085,PL017,Fiber Broadband,24,29-02-2024,18-02-2026,No,Renewed
CN004481,C0008086,PL010,Postpaid Mobile,12,04-03-2020,27-02-2021,Yes,Active
CN004482,C0008087,PL007,Postpaid Mobile,24,08-11-2023,28-10-2025,Yes,Active
CN004483,C0008089,PL009,Postpaid Mobile,18,06-07-2015,27-12-2016,Yes,Auto-Renewed
CN004484,C0008091,PL016,Fiber Broadband,36,01-01-2014,16-12-2016,No,Not Renewed
CN004485,C0008092,PL015,Fiber Broadband,24,01-01-2014,22-12-2015,No,Not Renewed
CN004486,C0008093,PL010,Postpaid Mobile,12,16-03-2014,11-03-2015,No,Auto-Renewed
CN004487,C0008094,PL021,Enterprise,36,24-10-2023,08-10-2026,Yes,Renewed
CN004488,C0008096,PL023,IoT Solutions,24,19-05-2015,08-05-2017,Yes,Active
CN004489,C0008098,PL018,Fiber Broadband,24,18-02-2019,07-02-2021,Yes,Renewed
CN004490,C0008100,PL007,Postpaid Mobile,12,08-04-2021,03-04-2022,Yes,Auto-Renewed
CN004491,C0008101,PL005,Prepaid Mobile,24,04-03-2022,22-02-2024,No,Pending
CN004492,C0008102,PL005,Prepaid Mobile,12,08-12-2023,02-12-2024,Yes,Auto-Renewed
CN004493,C0008105,PL025,Smart Home,36,05-01-2015,20-12-2017,Yes,Renewed
CN004494,C0008107,PL016,Fiber Broadband,24,01-01-2014,22-12-2015,Yes,Active
CN004495,C0008108,PL015,Fiber Broadband,24,01-01-2014,22-12-2015,Yes,Active
CN004496,C0008109,PL005,Prepaid Mobile,12,01-01-2014,27-12-2014,No,Auto-Renewed
CN004497,C0008112,PL009,Postpaid Mobile,12,28-04-2023,22-04-2024,Yes,Pending
CN004498,C0008113,PL005,Prepaid Mobile,12,05-03-2014,28-02-2015,Yes,Pending
CN004499,C0008114,PL021,Enterprise,24,01-01-2014,22-12-2015,Yes,Renewed
CN004500,C0008115,PL016,Fiber Broadband,12,01-01-2014,27-12-2014,No,Auto-Renewed
CN004501,C0008118,PL006,Prepaid Mobile,24,01-03-2025,19-02-2027,No,Renewed
CN004502,C0008121,PL021,Enterprise,12,17-08-2020,12-08-2021,No,Pending
CN004503,C0008123,PL008,Postpaid Mobile,18,26-07-2023,16-01-2025,No,Active
CN004504,C0008125,PL006,Prepaid Mobile,12,28-06-2017,23-06-2018,Yes,Renewed
CN004505,C0008127,PL023,IoT Solutions,12,27-04-2018,22-04-2019,Yes,Cancelled
CN004506,C0008128,PL005,Prepaid Mobile,12,08-05-2016,03-05-2017,Yes,Renewed
CN004507,C0008130,PL015,Fiber Broadband,36,21-07-2023,05-07-2026,Yes,Renewed
CN004508,C0008132,PL008,Postpaid Mobile,18,22-04-2022,14-10-2023,No,Active
CN004509,C0008134,PL009,Postpaid Mobile,12,25-04-2021,20-04-2022,No,Pending
CN004510,C0008137,PL016,Fiber Broadband,12,01-01-2014,27-12-2014,No,Active
CN004511,C0008139,PL017,Fiber Broadband,12,02-01-2026,28-12-2026,No,Renewed
CN004512,C0008143,PL005,Prepaid Mobile,24,01-01-2014,22-12-2015,No,Auto-Renewed
CN004513,C0008146,PL016,Fiber Broadband,12,25-01-2026,20-01-2027,No,Not Renewed
CN004514,C0008147,PL005,Prepaid Mobile,12,30-05-2025,25-05-2026,No,Not Renewed
CN004515,C0008148,PL008,Postpaid Mobile,18,03-10-2018,26-03-2020,Yes,Auto-Renewed
CN004516,C0008149,PL018,Fiber Broadband,12,26-03-2020,21-03-2021,Yes,Pending
CN004517,C0008158,PL008,Postpaid Mobile,18,09-07-2016,31-12-2017,No,Cancelled
CN004518,C0008160,PL009,Postpaid Mobile,18,13-09-2022,06-03-2024,No,Pending
CN004519,C0008161,PL024,IoT Solutions,24,25-03-2016,15-03-2018,No,Not Renewed
CN004520,C0008162,PL006,Prepaid Mobile,12,01-01-2014,27-12-2014,Yes,Auto-Renewed
CN004521,C0008163,PL008,Postpaid Mobile,24,28-10-2018,17-10-2020,Yes,Auto-Renewed
CN004522,C0008165,PL011,Postpaid Mobile,18,09-07-2017,31-12-2018,No,Pending
CN004523,C0008166,PL006,Prepaid Mobile,18,01-01-2014,25-06-2015,No,Renewed
CN004524,C0008167,PL008,Postpaid Mobile,12,21-01-2020,15-01-2021,No,Renewed
CN004525,C0008170,PL024,IoT Solutions,12,05-02-2026,31-01-2027,No,Pending
CN004526,C0008172,PL009,Postpaid Mobile,24,28-12-2022,17-12-2024,Yes,Cancelled
CN004527,C0008173,PL016,Fiber Broadband,12,04-09-2023,29-08-2024,No,Pending
CN004528,C0008175,PL009,Postpaid Mobile,24,21-10-2023,10-10-2025,No,Active
CN004529,C0008176,PL010,Postpaid Mobile,12,18-06-2014,13-06-2015,Yes,Renewed
CN004530,C0008177,PL018,Fiber Broadband,36,11-09-2019,26-08-2022,No,Active
CN004531,C0008178,PL005,Prepaid Mobile,24,01-01-2014,22-12-2015,Yes,Active
CN004532,C0008179,PL005,Prepaid Mobile,12,01-01-2014,27-12-2014,Yes,Auto-Renewed
CN004533,C0008182,PL005,Prepaid Mobile,24,28-02-2021,18-02-2023,No,Renewed
CN004534,C0008184,PL017,Fiber Broadband,36,30-11-2014,14-11-2017,No,Cancelled
CN004535,C0008185,PL016,Fiber Broadband,24,01-01-2014,22-12-2015,No,Renewed
CN004536,C0008186,PL005,Prepaid Mobile,12,08-12-2018,03-12-2019,Yes,Renewed
CN004537,C0008187,PL017,Fiber Broadband,12,01-01-2014,27-12-2014,Yes,Auto-Renewed
CN004538,C0008188,PL022,Enterprise,12,05-12-2024,30-11-2025,Yes,Auto-Renewed
CN004539,C0008191,PL005,Prepaid Mobile,18,01-04-2017,23-09-2018,No,Active
CN004540,C0008192,PL022,Enterprise,12,18-02-2014,13-02-2015,Yes,Auto-Renewed
CN004541,C0008196,PL010,Postpaid Mobile,12,19-10-2020,14-10-2021,Yes,Pending
CN004542,C0008201,PL005,Prepaid Mobile,36,01-01-2014,16-12-2016,Yes,Active
CN004543,C0008202,PL024,IoT Solutions,18,19-03-2018,10-09-2019,Yes,Renewed
CN004544,C0008203,PL021,Enterprise,12,01-01-2014,27-12-2014,No,Pending
CN004545,C0008204,PL008,Postpaid Mobile,12,14-11-2020,09-11-2021,No,Pending
CN004546,C0008205,PL009,Postpaid Mobile,24,21-01-2022,11-01-2024,No,Renewed
CN004547,C0008206,PL007,Postpaid Mobile,18,30-06-2015,21-12-2016,No,Auto-Renewed
CN004548,C0008208,PL025,Smart Home,24,15-09-2025,05-09-2027,Yes,Active
CN004549,C0008214,PL022,Enterprise,24,05-11-2016,26-10-2018,No,Renewed
CN004550,C0008215,PL008,Postpaid Mobile,12,08-05-2019,02-05-2020,No,Auto-Renewed
CN004551,C0008216,PL008,Postpaid Mobile,24,08-01-2014,29-12-2015,No,Renewed
CN004552,C0008217,PL009,Postpaid Mobile,12,27-06-2016,22-06-2017,Yes,Renewed
CN004553,C0008218,PL009,Postpaid Mobile,24,18-11-2022,07-11-2024,No,Pending
CN004554,C0008219,PL022,Enterprise,12,01-01-2014,27-12-2014,No,Renewed
CN004555,C0008220,PL005,Prepaid Mobile,24,01-01-2014,22-12-2015,Yes,Renewed
CN004556,C0008221,PL006,Prepaid Mobile,12,13-10-2024,08-10-2025,No,Auto-Renewed
CN004557,C0008224,PL015,Fiber Broadband,12,01-01-2014,27-12-2014,No,Not Renewed
CN004558,C0008225,PL023,IoT Solutions,12,17-06-2022,12-06-2023,No,Renewed
CN004559,C0008228,PL009,Postpaid Mobile,12,08-05-2018,03-05-2019,Yes,Renewed
CN004560,C0008229,PL008,Postpaid Mobile,18,10-07-2023,31-12-2024,No,Not Renewed
CN004561,C0008230,PL010,Postpaid Mobile,12,27-03-2015,21-03-2016,No,Not Renewed
CN004562,C0008231,PL015,Fiber Broadband,24,01-01-2014,22-12-2015,No,Cancelled
CN004563,C0008232,PL005,Prepaid Mobile,24,07-02-2017,28-01-2019,No,Renewed
CN004564,C0008233,PL005,Prepaid Mobile,24,01-01-2014,22-12-2015,No,Active
CN004565,C0008234,PL008,Postpaid Mobile,12,13-06-2015,07-06-2016,Yes,Not Renewed
CN004566,C0008236,PL005,Prepaid Mobile,24,26-08-2021,16-08-2023,No,Pending
CN004567,C0008237,PL011,Postpaid Mobile,36,24-10-2019,08-10-2022,Yes,Not Renewed
CN004568,C0008239,PL018,Fiber Broadband,12,16-05-2021,11-05-2022,Yes,Active
CN004569,C0008241,PL023,IoT Solutions,18,04-03-2019,25-08-2020,No,Cancelled
CN004570,C0008242,PL015,Fiber Broadband,12,23-04-2021,18-04-2022,Yes,Auto-Renewed
CN004571,C0008243,PL015,Fiber Broadband,18,25-08-2017,16-02-2019,No,Renewed
CN004572,C0008249,PL007,Postpaid Mobile,12,12-03-2023,06-03-2024,Yes,Cancelled
CN004573,C0008252,PL006,Prepaid Mobile,18,01-01-2014,25-06-2015,Yes,Active
CN004574,C0008253,PL016,Fiber Broadband,24,01-01-2014,22-12-2015,No,Auto-Renewed
CN004575,C0008254,PL009,Postpaid Mobile,12,08-07-2015,02-07-2016,Yes,Renewed
CN004576,C0008256,PL006,Prepaid Mobile,12,19-06-2023,13-06-2024,Yes,Renewed
CN004577,C0008258,PL017,Fiber Broadband,12,01-01-2014,27-12-2014,No,Pending
CN004578,C0008259,PL005,Prepaid Mobile,24,01-01-2014,22-12-2015,No,Auto-Renewed
CN004579,C0008261,PL006,Prepaid Mobile,24,01-01-2014,22-12-2015,No,Auto-Renewed
CN004580,C0008263,PL017,Fiber Broadband,18,20-06-2020,12-12-2021,Yes,Renewed
CN004581,C0008266,PL007,Postpaid Mobile,24,09-12-2025,29-11-2027,Yes,Active
CN004582,C0008267,PL010,Postpaid Mobile,18,14-03-2022,05-09-2023,No,Renewed
CN004583,C0008269,PL017,Fiber Broadband,12,09-09-2022,04-09-2023,Yes,Pending
CN004584,C0008270,PL008,Postpaid Mobile,18,12-10-2025,05-04-2027,No,Not Renewed
CN004585,C0008272,PL017,Fiber Broadband,12,12-11-2022,07-11-2023,Yes,Pending
CN004586,C0008273,PL017,Fiber Broadband,12,24-10-2015,18-10-2016,No,Renewed
CN004587,C0008274,PL007,Postpaid Mobile,12,07-02-2016,01-02-2017,No,Auto-Renewed
CN004588,C0008275,PL006,Prepaid Mobile,12,09-02-2015,04-02-2016,No,Renewed
CN004589,C0008277,PL011,Postpaid Mobile,24,15-02-2023,04-02-2025,Yes,Renewed
CN004590,C0008278,PL024,IoT Solutions,18,05-08-2023,26-01-2025,Yes,Renewed
CN004591,C0008281,PL007,Postpaid Mobile,12,26-01-2025,21-01-2026,No,Renewed
CN004592,C0008282,PL006,Prepaid Mobile,24,01-01-2014,22-12-2015,No,Renewed
CN004593,C0008283,PL008,Postpaid Mobile,12,21-01-2024,15-01-2025,No,Active
CN004594,C0008284,PL010,Postpaid Mobile,12,04-04-2019,29-03-2020,Yes,Renewed
CN004595,C0008286,PL016,Fiber Broadband,12,05-09-2017,31-08-2018,No,Cancelled
CN004596,C0008288,PL017,Fiber Broadband,24,13-08-2017,03-08-2019,Yes,Pending
CN004597,C0008289,PL006,Prepaid Mobile,12,01-01-2014,27-12-2014,No,Auto-Renewed
CN004598,C0008290,PL016,Fiber Broadband,12,07-05-2023,01-05-2024,No,Auto-Renewed
CN004599,C0008291,PL022,Enterprise,12,04-06-2014,30-05-2015,Yes,Renewed
CN004600,C0008292,PL010,Postpaid Mobile,36,10-12-2025,24-11-2028,Yes,Not Renewed
CN004601,C0008293,PL022,Enterprise,12,30-01-2016,24-01-2017,Yes,Not Renewed
CN004602,C0008294,PL021,Enterprise,12,01-01-2014,27-12-2014,Yes,Renewed
CN004603,C0008295,PL007,Postpaid Mobile,18,23-06-2021,15-12-2022,Yes,Cancelled
CN004604,C0008297,PL005,Prepaid Mobile,24,22-01-2023,11-01-2025,Yes,Renewed
CN004605,C0008300,PL005,Prepaid Mobile,36,05-10-2018,19-09-2021,Yes,Auto-Renewed
CN004606,C0008302,PL016,Fiber Broadband,18,01-04-2020,23-09-2021,Yes,Active
CN004607,C0008305,PL005,Prepaid Mobile,18,01-01-2014,25-06-2015,No,Renewed
CN004608,C0008306,PL006,Prepaid Mobile,12,06-04-2014,01-04-2015,No,Auto-Renewed
CN004609,C0008307,PL016,Fiber Broadband,12,01-01-2014,27-12-2014,No,Not Renewed
CN004610,C0008308,PL006,Prepaid Mobile,12,01-01-2014,27-12-2014,Yes,Auto-Renewed
CN004611,C0008312,PL007,Postpaid Mobile,12,08-08-2025,03-08-2026,Yes,Not Renewed
CN004612,C0008313,PL016,Fiber Broadband,36,16-10-2021,30-09-2024,No,Pending
CN004613,C0008316,PL009,Postpaid Mobile,24,17-09-2017,07-09-2019,No,Renewed
CN004614,C0008319,PL008,Postpaid Mobile,24,19-04-2017,09-04-2019,Yes,Auto-Renewed
CN004615,C0008321,PL007,Postpaid Mobile,12,09-01-2026,04-01-2027,Yes,Active
CN004616,C0008322,PL008,Postpaid Mobile,12,19-11-2025,14-11-2026,No,Auto-Renewed
CN004617,C0008323,PL017,Fiber Broadband,12,07-08-2014,02-08-2015,No,Active
CN004618,C0008324,PL005,Prepaid Mobile,24,18-04-2015,07-04-2017,Yes,Renewed
CN004619,C0008325,PL005,Prepaid Mobile,24,11-08-2022,31-07-2024,Yes,Pending
CN004620,C0008327,PL023,IoT Solutions,12,13-10-2025,08-10-2026,Yes,Active
CN004621,C0008328,PL015,Fiber Broadband,36,01-01-2014,16-12-2016,No,Pending
CN004622,C0008329,PL023,IoT Solutions,12,26-07-2023,20-07-2024,No,Renewed
CN004623,C0008330,PL011,Postpaid Mobile,12,27-11-2016,22-11-2017,No,Renewed
CN004624,C0008331,PL022,Enterprise,12,22-09-2019,16-09-2020,Yes,Active
CN004625,C0008335,PL015,Fiber Broadband,18,20-02-2015,13-08-2016,No,Renewed
CN004626,C0008338,PL021,Enterprise,12,01-01-2014,27-12-2014,Yes,Renewed
CN004627,C0008339,PL006,Prepaid Mobile,18,01-01-2014,25-06-2015,No,Auto-Renewed
CN004628,C0008340,PL018,Fiber Broadband,18,01-01-2014,25-06-2015,Yes,Auto-Renewed
CN004629,C0008341,PL010,Postpaid Mobile,18,10-05-2021,01-11-2022,Yes,Pending
CN004630,C0008342,PL017,Fiber Broadband,12,01-01-2014,27-12-2014,No,Not Renewed
CN004631,C0008346,PL017,Fiber Broadband,12,01-01-2014,27-12-2014,No,Active
CN004632,C0008347,PL011,Postpaid Mobile,24,01-01-2014,22-12-2015,Yes,Renewed
CN004633,C0008350,PL005,Prepaid Mobile,12,01-01-2014,27-12-2014,No,Renewed
CN004634,C0008352,PL017,Fiber Broadband,12,02-03-2016,25-02-2017,No,Renewed
CN004635,C0008353,PL025,Smart Home,24,20-12-2024,10-12-2026,No,Active
CN004636,C0008354,PL024,IoT Solutions,24,16-07-2024,06-07-2026,No,Not Renewed
CN004637,C0008359,PL005,Prepaid Mobile,24,06-03-2017,24-02-2019,Yes,Auto-Renewed
CN004638,C0008360,PL011,Postpaid Mobile,24,12-04-2022,01-04-2024,No,Cancelled
CN004639,C0008367,PL016,Fiber Broadband,12,17-07-2019,11-07-2020,No,Pending
CN004640,C0008368,PL022,Enterprise,12,01-01-2014,27-12-2014,No,Active
CN004641,C0008369,PL018,Fiber Broadband,24,01-01-2014,22-12-2015,Yes,Active
CN004642,C0008370,PL006,Prepaid Mobile,12,09-03-2015,03-03-2016,Yes,Auto-Renewed
CN004643,C0008371,PL009,Postpaid Mobile,18,20-12-2018,12-06-2020,Yes,Renewed
CN004644,C0008372,PL007,Postpaid Mobile,12,08-09-2014,03-09-2015,Yes,Renewed
CN004645,C0008375,PL005,Prepaid Mobile,12,17-09-2023,11-09-2024,No,Renewed
CN004646,C0008376,PL011,Postpaid Mobile,24,01-01-2014,22-12-2015,No,Active
CN004647,C0008378,PL008,Postpaid Mobile,12,26-12-2015,20-12-2016,Yes,Active
CN004648,C0008379,PL009,Postpaid Mobile,12,10-02-2026,05-02-2027,No,Auto-Renewed
CN004649,C0008384,PL015,Fiber Broadband,18,22-07-2022,13-01-2024,Yes,Not Renewed
CN004650,C0008386,PL005,Prepaid Mobile,24,23-01-2022,13-01-2024,No,Auto-Renewed
CN004651,C0008387,PL005,Prepaid Mobile,12,03-04-2017,29-03-2018,Yes,Active
CN004652,C0008389,PL005,Prepaid Mobile,36,11-01-2019,26-12-2021,Yes,Auto-Renewed
CN004653,C0008390,PL015,Fiber Broadband,12,03-01-2019,29-12-2019,Yes,Not Renewed
CN004654,C0008391,PL025,Smart Home,12,28-04-2016,23-04-2017,Yes,Pending
CN004655,C0008393,PL011,Postpaid Mobile,12,13-07-2023,07-07-2024,No,Active
CN004656,C0008394,PL015,Fiber Broadband,12,25-07-2023,19-07-2024,No,Active
CN004657,C0008397,PL011,Postpaid Mobile,12,21-10-2022,16-10-2023,Yes,Active
CN004658,C0008399,PL009,Postpaid Mobile,24,10-01-2018,31-12-2019,No,Active
CN004659,C0008400,PL016,Fiber Broadband,12,27-05-2022,22-05-2023,Yes,Renewed
CN004660,C0008402,PL008,Postpaid Mobile,36,30-06-2016,15-06-2019,No,Renewed
CN004661,C0008404,PL022,Enterprise,36,01-01-2014,16-12-2016,Yes,Renewed
CN004662,C0008405,PL016,Fiber Broadband,18,02-02-2016,26-07-2017,Yes,Renewed
CN004663,C0008407,PL007,Postpaid Mobile,24,29-08-2024,19-08-2026,Yes,Not Renewed
CN004664,C0008408,PL011,Postpaid Mobile,12,03-09-2018,29-08-2019,No,Active
CN004665,C0008412,PL005,Prepaid Mobile,36,20-03-2023,04-03-2026,Yes,Renewed
CN004666,C0008414,PL021,Enterprise,36,02-10-2016,17-09-2019,Yes,Active
CN004667,C0008416,PL018,Fiber Broadband,12,01-01-2014,27-12-2014,No,Active
CN004668,C0008417,PL017,Fiber Broadband,24,28-09-2025,18-09-2027,No,Auto-Renewed
CN004669,C0008422,PL005,Prepaid Mobile,12,17-03-2025,12-03-2026,Yes,Auto-Renewed
CN004670,C0008423,PL025,Smart Home,18,19-08-2021,10-02-2023,No,Renewed
CN004671,C0008426,PL009,Postpaid Mobile,18,18-08-2014,09-02-2016,No,Active
CN004672,C0008427,PL005,Prepaid Mobile,12,26-03-2014,21-03-2015,No,Renewed
CN004673,C0008428,PL005,Prepaid Mobile,12,01-01-2014,27-12-2014,Yes,Renewed
CN004674,C0008432,PL015,Fiber Broadband,18,01-01-2014,25-06-2015,No,Renewed
CN004675,C0008433,PL007,Postpaid Mobile,12,19-11-2022,14-11-2023,No,Auto-Renewed
CN004676,C0008436,PL006,Prepaid Mobile,18,01-01-2014,25-06-2015,Yes,Renewed
CN004677,C0008437,PL008,Postpaid Mobile,18,26-12-2023,18-06-2025,No,Renewed
CN004678,C0008438,PL010,Postpaid Mobile,12,18-06-2019,12-06-2020,Yes,Active
CN004679,C0008439,PL006,Prepaid Mobile,18,10-10-2021,03-04-2023,Yes,Active
CN004680,C0008440,PL018,Fiber Broadband,36,08-11-2020,24-10-2023,Yes,Renewed
CN004681,C0008441,PL016,Fiber Broadband,12,16-03-2015,10-03-2016,Yes,Renewed
CN004682,C0008443,PL021,Enterprise,12,06-04-2024,01-04-2025,No,Auto-Renewed
CN004683,C0008444,PL005,Prepaid Mobile,24,01-01-2014,22-12-2015,Yes,Renewed
CN004684,C0008446,PL005,Prepaid Mobile,24,15-01-2016,04-01-2018,No,Renewed
CN004685,C0008450,PL006,Prepaid Mobile,24,12-11-2018,01-11-2020,No,Active
CN004686,C0008453,PL021,Enterprise,12,05-03-2015,28-02-2016,Yes,Renewed
CN004687,C0008454,PL023,IoT Solutions,12,31-10-2020,26-10-2021,No,Active
CN004688,C0008455,PL006,Prepaid Mobile,18,01-01-2014,25-06-2015,No,Active
CN004689,C0008456,PL007,Postpaid Mobile,24,22-05-2017,12-05-2019,No,Renewed
CN004690,C0008457,PL018,Fiber Broadband,12,01-01-2014,27-12-2014,No,Renewed
CN004691,C0008463,PL009,Postpaid Mobile,24,08-06-2023,28-05-2025,No,Active
CN004692,C0008464,PL005,Prepaid Mobile,12,20-07-2020,15-07-2021,No,Pending
CN004693,C0008465,PL009,Postpaid Mobile,12,16-07-2014,11-07-2015,Yes,Auto-Renewed
CN004694,C0008467,PL006,Prepaid Mobile,24,09-11-2024,30-10-2026,Yes,Not Renewed
CN004695,C0008468,PL016,Fiber Broadband,12,01-01-2014,27-12-2014,No,Auto-Renewed
CN004696,C0008469,PL016,Fiber Broadband,12,24-10-2025,19-10-2026,No,Renewed
CN004697,C0008470,PL007,Postpaid Mobile,12,17-03-2025,12-03-2026,Yes,Active
CN004698,C0008472,PL007,Postpaid Mobile,12,12-05-2020,07-05-2021,Yes,Auto-Renewed
CN004699,C0008473,PL011,Postpaid Mobile,24,01-01-2014,22-12-2015,No,Renewed
CN004700,C0008474,PL006,Prepaid Mobile,18,27-09-2021,21-03-2023,No,Not Renewed
CN004701,C0008475,PL022,Enterprise,24,24-10-2018,13-10-2020,Yes,Renewed
CN004702,C0008476,PL009,Postpaid Mobile,12,21-07-2023,15-07-2024,Yes,Not Renewed
CN004703,C0008477,PL005,Prepaid Mobile,36,15-05-2022,29-04-2025,Yes,Renewed
CN004704,C0008482,PL008,Postpaid Mobile,18,02-04-2020,24-09-2021,Yes,Auto-Renewed
CN004705,C0008485,PL006,Prepaid Mobile,24,05-10-2019,24-09-2021,No,Auto-Renewed
CN004706,C0008487,PL008,Postpaid Mobile,18,15-06-2014,07-12-2015,No,Auto-Renewed
CN004707,C0008488,PL018,Fiber Broadband,12,07-01-2022,02-01-2023,No,Not Renewed
CN004708,C0008491,PL005,Prepaid Mobile,12,01-01-2014,27-12-2014,Yes,Cancelled
CN004709,C0008494,PL011,Postpaid Mobile,24,11-12-2023,30-11-2025,Yes,Renewed
CN004710,C0008495,PL008,Postpaid Mobile,18,22-10-2020,15-04-2022,Yes,Renewed
CN004711,C0008497,PL009,Postpaid Mobile,36,20-10-2023,04-10-2026,No,Renewed
CN004712,C0008501,PL021,Enterprise,24,01-01-2014,22-12-2015,Yes,Auto-Renewed
CN004713,C0008502,PL017,Fiber Broadband,36,01-01-2014,16-12-2016,No,Active
CN004714,C0008504,PL006,Prepaid Mobile,12,28-11-2019,22-11-2020,No,Renewed
CN004715,C0008507,PL016,Fiber Broadband,18,11-03-2021,02-09-2022,Yes,Not Renewed
CN004716,C0008509,PL024,IoT Solutions,12,31-12-2018,26-12-2019,No,Renewed
CN004717,C0008511,PL016,Fiber Broadband,12,22-03-2022,17-03-2023,No,Active
CN004718,C0008513,PL006,Prepaid Mobile,12,14-05-2020,09-05-2021,Yes,Pending
CN004719,C0008515,PL011,Postpaid Mobile,24,04-12-2016,24-11-2018,Yes,Pending
CN004720,C0008517,PL011,Postpaid Mobile,18,01-01-2014,25-06-2015,Yes,Auto-Renewed
CN004721,C0008518,PL021,Enterprise,12,01-01-2014,27-12-2014,No,Renewed
CN004722,C0008520,PL010,Postpaid Mobile,12,22-01-2014,17-01-2015,No,Pending
CN004723,C0008521,PL006,Prepaid Mobile,12,18-07-2019,12-07-2020,No,Not Renewed
CN004724,C0008522,PL016,Fiber Broadband,36,01-01-2014,16-12-2016,Yes,Renewed
CN004725,C0008523,PL006,Prepaid Mobile,12,05-08-2018,31-07-2019,Yes,Pending
CN004726,C0008525,PL021,Enterprise,12,01-01-2014,27-12-2014,Yes,Auto-Renewed
CN004727,C0008526,PL005,Prepaid Mobile,24,14-07-2014,03-07-2016,No,Auto-Renewed
CN004728,C0008534,PL008,Postpaid Mobile,12,23-07-2023,17-07-2024,No,Not Renewed
CN004729,C0008535,PL005,Prepaid Mobile,18,01-01-2014,25-06-2015,Yes,Not Renewed
CN004730,C0008537,PL009,Postpaid Mobile,18,25-10-2025,18-04-2027,No,Renewed
CN004731,C0008538,PL005,Prepaid Mobile,12,01-01-2014,27-12-2014,Yes,Renewed
CN004732,C0008539,PL007,Postpaid Mobile,24,02-05-2015,21-04-2017,Yes,Auto-Renewed
CN004733,C0008541,PL017,Fiber Broadband,12,08-11-2016,03-11-2017,Yes,Renewed
CN004734,C0008542,PL009,Postpaid Mobile,12,14-06-2016,09-06-2017,Yes,Renewed
CN004735,C0008543,PL016,Fiber Broadband,12,14-11-2018,09-11-2019,Yes,Renewed
CN004736,C0008544,PL009,Postpaid Mobile,18,29-06-2017,21-12-2018,Yes,Renewed
CN004737,C0008545,PL010,Postpaid Mobile,18,25-08-2019,15-02-2021,No,Renewed
CN004738,C0008547,PL008,Postpaid Mobile,24,05-01-2023,25-12-2024,Yes,Auto-Renewed
CN004739,C0008548,PL010,Postpaid Mobile,24,09-06-2021,30-05-2023,Yes,Auto-Renewed
CN004740,C0008551,PL015,Fiber Broadband,12,04-04-2018,30-03-2019,Yes,Renewed
CN004741,C0008552,PL016,Fiber Broadband,24,11-10-2024,01-10-2026,No,Renewed
CN004742,C0008553,PL015,Fiber Broadband,18,01-01-2014,25-06-2015,Yes,Pending
CN004743,C0008557,PL016,Fiber Broadband,12,06-10-2023,30-09-2024,No,Pending
CN004744,C0008559,PL011,Postpaid Mobile,24,22-09-2025,12-09-2027,No,Pending
CN004745,C0008560,PL005,Prepaid Mobile,24,01-01-2014,22-12-2015,Yes,Renewed
CN004746,C0008561,PL011,Postpaid Mobile,12,05-02-2023,31-01-2024,Yes,Renewed
CN004747,C0008562,PL025,Smart Home,36,07-03-2019,19-02-2022,No,Cancelled
CN004748,C0008563,PL006,Prepaid Mobile,12,08-02-2026,03-02-2027,No,Renewed
CN004749,C0008564,PL021,Enterprise,24,17-04-2022,06-04-2024,Yes,Renewed
CN004750,C0008565,PL005,Prepaid Mobile,12,01-01-2014,27-12-2014,No,Renewed
CN004751,C0008567,PL015,Fiber Broadband,36,08-11-2017,23-10-2020,No,Not Renewed
CN004752,C0008568,PL008,Postpaid Mobile,12,12-10-2024,07-10-2025,No,Not Renewed
CN004753,C0008569,PL010,Postpaid Mobile,12,24-07-2014,19-07-2015,No,Pending
CN004754,C0008570,PL011,Postpaid Mobile,12,03-10-2024,28-09-2025,Yes,Renewed
CN004755,C0008571,PL010,Postpaid Mobile,24,23-08-2019,12-08-2021,Yes,Pending
CN004756,C0008572,PL005,Prepaid Mobile,24,01-01-2014,22-12-2015,No,Pending
CN004757,C0008573,PL007,Postpaid Mobile,36,02-12-2022,16-11-2025,Yes,Renewed
CN004758,C0008575,PL009,Postpaid Mobile,24,12-08-2015,01-08-2017,No,Auto-Renewed
CN004759,C0008578,PL021,Enterprise,18,26-06-2017,18-12-2018,Yes,Renewed
CN004760,C0008584,PL008,Postpaid Mobile,24,01-12-2024,21-11-2026,Yes,Renewed
CN004761,C0008585,PL016,Fiber Broadband,36,17-07-2017,01-07-2020,Yes,Pending
CN004762,C0008586,PL006,Prepaid Mobile,24,27-04-2020,17-04-2022,No,Renewed
CN004763,C0008587,PL005,Prepaid Mobile,36,01-01-2014,16-12-2016,Yes,Active
CN004764,C0008588,PL009,Postpaid Mobile,24,21-01-2015,10-01-2017,Yes,Renewed
CN004765,C0008590,PL007,Postpaid Mobile,24,29-01-2020,18-01-2022,Yes,Renewed
CN004766,C0008591,PL006,Prepaid Mobile,18,28-06-2025,20-12-2026,Yes,Active
CN004767,C0008594,PL024,IoT Solutions,12,10-03-2018,05-03-2019,Yes,Renewed
CN004768,C0008595,PL023,IoT Solutions,24,30-11-2024,20-11-2026,Yes,Active
CN004769,C0008598,PL010,Postpaid Mobile,24,13-10-2022,02-10-2024,Yes,Active
CN004770,C0008600,PL005,Prepaid Mobile,24,06-07-2021,26-06-2023,No,Auto-Renewed
CN004771,C0008601,PL005,Prepaid Mobile,36,01-01-2014,16-12-2016,No,Auto-Renewed
CN004772,C0008602,PL011,Postpaid Mobile,18,30-09-2014,23-03-2016,Yes,Pending
CN004773,C0008603,PL005,Prepaid Mobile,18,01-01-2014,25-06-2015,No,Renewed
CN004774,C0008604,PL025,Smart Home,12,29-09-2017,24-09-2018,Yes,Auto-Renewed
CN004775,C0008605,PL023,IoT Solutions,18,05-05-2025,27-10-2026,No,Auto-Renewed
CN004776,C0008606,PL011,Postpaid Mobile,36,19-05-2014,03-05-2017,Yes,Renewed
CN004777,C0008608,PL024,IoT Solutions,12,29-06-2024,24-06-2025,Yes,Renewed
CN004778,C0008610,PL022,Enterprise,36,04-09-2025,19-08-2028,Yes,Pending
CN004779,C0008611,PL005,Prepaid Mobile,12,01-01-2014,27-12-2014,Yes,Renewed
CN004780,C0008614,PL005,Prepaid Mobile,24,17-09-2025,07-09-2027,No,Not Renewed
CN004781,C0008616,PL024,IoT Solutions,24,04-09-2016,25-08-2018,No,Active
CN004782,C0008617,PL005,Prepaid Mobile,12,01-01-2014,27-12-2014,No,Renewed
CN004783,C0008619,PL005,Prepaid Mobile,36,01-01-2014,16-12-2016,No,Active
CN004784,C0008620,PL018,Fiber Broadband,12,01-01-2014,27-12-2014,Yes,Auto-Renewed
CN004785,C0008623,PL006,Prepaid Mobile,24,02-04-2024,23-03-2026,Yes,Auto-Renewed
CN004786,C0008625,PL022,Enterprise,24,01-01-2014,22-12-2015,Yes,Pending
CN004787,C0008626,PL015,Fiber Broadband,12,01-01-2014,27-12-2014,Yes,Renewed
CN004788,C0008627,PL005,Prepaid Mobile,36,04-08-2014,19-07-2017,No,Pending
CN004789,C0008630,PL009,Postpaid Mobile,18,08-01-2020,01-07-2021,No,Auto-Renewed
CN004790,C0008632,PL006,Prepaid Mobile,24,01-01-2014,22-12-2015,Yes,Active
CN004791,C0008633,PL006,Prepaid Mobile,12,01-01-2014,27-12-2014,No,Renewed
CN004792,C0008635,PL021,Enterprise,24,19-12-2015,08-12-2017,No,Auto-Renewed
CN004793,C0008638,PL006,Prepaid Mobile,12,28-07-2020,23-07-2021,Yes,Active
CN004794,C0008639,PL021,Enterprise,12,21-05-2016,16-05-2017,No,Pending
CN004795,C0008640,PL022,Enterprise,24,01-01-2014,22-12-2015,No,Cancelled
CN004796,C0008642,PL016,Fiber Broadband,24,03-09-2020,24-08-2022,No,Auto-Renewed
CN004797,C0008643,PL016,Fiber Broadband,12,01-01-2014,27-12-2014,Yes,Auto-Renewed
CN004798,C0008644,PL025,Smart Home,36,30-08-2019,14-08-2022,Yes,Not Renewed
CN004799,C0008645,PL007,Postpaid Mobile,24,09-03-2017,27-02-2019,Yes,Renewed
CN004800,C0008646,PL006,Prepaid Mobile,24,13-01-2017,03-01-2019,No,Renewed
CN004801,C0008650,PL005,Prepaid Mobile,24,11-01-2016,31-12-2017,Yes,Pending
CN004802,C0008654,PL006,Prepaid Mobile,24,30-03-2021,20-03-2023,No,Renewed
CN004803,C0008656,PL009,Postpaid Mobile,18,25-03-2024,16-09-2025,No,Renewed
CN004804,C0008657,PL006,Prepaid Mobile,18,17-04-2014,09-10-2015,Yes,Renewed
CN004805,C0008661,PL011,Postpaid Mobile,12,14-11-2023,08-11-2024,Yes,Active
CN004806,C0008662,PL009,Postpaid Mobile,24,25-01-2025,15-01-2027,Yes,Not Renewed
CN004807,C0008663,PL006,Prepaid Mobile,36,07-07-2022,21-06-2025,Yes,Renewed
CN004808,C0008664,PL010,Postpaid Mobile,24,03-03-2015,20-02-2017,Yes,Active
CN004809,C0008665,PL008,Postpaid Mobile,18,03-02-2019,27-07-2020,No,Active
CN004810,C0008666,PL015,Fiber Broadband,24,01-01-2014,22-12-2015,No,Pending
CN004811,C0008667,PL021,Enterprise,24,01-01-2014,22-12-2015,Yes,Renewed
CN004812,C0008668,PL007,Postpaid Mobile,12,17-11-2014,12-11-2015,Yes,Active
CN004813,C0008670,PL025,Smart Home,36,07-12-2014,21-11-2017,No,Pending
CN004814,C0008672,PL007,Postpaid Mobile,18,20-02-2022,14-08-2023,No,Pending
CN004815,C0008673,PL017,Fiber Broadband,24,16-05-2021,06-05-2023,Yes,Renewed
CN004816,C0008674,PL006,Prepaid Mobile,12,01-01-2014,27-12-2014,Yes,Active
CN004817,C0008678,PL022,Enterprise,12,01-01-2014,27-12-2014,Yes,Renewed
CN004818,C0008680,PL023,IoT Solutions,24,02-11-2023,22-10-2025,No,Auto-Renewed
CN004819,C0008683,PL006,Prepaid Mobile,12,06-04-2020,01-04-2021,No,Auto-Renewed
CN004820,C0008684,PL006,Prepaid Mobile,24,14-09-2018,03-09-2020,No,Active
CN004821,C0008685,PL016,Fiber Broadband,12,24-03-2025,19-03-2026,No,Renewed
CN004822,C0008686,PL008,Postpaid Mobile,24,18-11-2024,08-11-2026,No,Not Renewed
CN004823,C0008687,PL022,Enterprise,36,01-01-2014,16-12-2016,Yes,Active
CN004824,C0008689,PL006,Prepaid Mobile,12,11-12-2017,06-12-2018,Yes,Auto-Renewed
CN004825,C0008693,PL011,Postpaid Mobile,24,20-01-2024,09-01-2026,Yes,Cancelled
CN004826,C0008697,PL006,Prepaid Mobile,12,01-01-2014,27-12-2014,Yes,Pending
CN004827,C0008703,PL017,Fiber Broadband,36,01-01-2014,16-12-2016,Yes,Renewed
CN004828,C0008705,PL005,Prepaid Mobile,24,01-01-2014,22-12-2015,Yes,Auto-Renewed
CN004829,C0008706,PL017,Fiber Broadband,24,23-02-2025,13-02-2027,Yes,Active
CN004830,C0008710,PL017,Fiber Broadband,24,24-11-2014,13-11-2016,Yes,Renewed
CN004831,C0008711,PL008,Postpaid Mobile,12,18-04-2015,12-04-2016,No,Not Renewed
CN004832,C0008712,PL005,Prepaid Mobile,36,01-01-2014,16-12-2016,No,Renewed
CN004833,C0008716,PL010,Postpaid Mobile,12,28-10-2015,22-10-2016,No,Pending
CN004834,C0008722,PL010,Postpaid Mobile,12,09-07-2023,03-07-2024,No,Not Renewed
CN004835,C0008723,PL009,Postpaid Mobile,12,25-12-2024,20-12-2025,Yes,Auto-Renewed
CN004836,C0008724,PL018,Fiber Broadband,24,21-02-2021,11-02-2023,Yes,Active
CN004837,C0008726,PL007,Postpaid Mobile,12,16-01-2023,11-01-2024,No,Pending
CN004838,C0008729,PL009,Postpaid Mobile,24,28-03-2015,17-03-2017,Yes,Active
CN004839,C0008730,PL015,Fiber Broadband,12,01-01-2014,27-12-2014,No,Not Renewed
CN004840,C0008731,PL009,Postpaid Mobile,36,08-10-2017,22-09-2020,No,Not Renewed
CN004841,C0008733,PL006,Prepaid Mobile,12,01-01-2014,27-12-2014,Yes,Auto-Renewed
CN004842,C0008734,PL016,Fiber Broadband,36,12-11-2018,27-10-2021,Yes,Auto-Renewed
CN004843,C0008735,PL010,Postpaid Mobile,36,16-03-2019,28-02-2022,Yes,Renewed
CN004844,C0008736,PL025,Smart Home,24,03-02-2026,24-01-2028,No,Not Renewed
CN004845,C0008737,PL009,Postpaid Mobile,36,09-09-2016,25-08-2019,Yes,Pending
CN004846,C0008739,PL006,Prepaid Mobile,12,06-10-2023,30-09-2024,No,Auto-Renewed
CN004847,C0008740,PL007,Postpaid Mobile,24,24-12-2021,14-12-2023,Yes,Active
CN004848,C0008742,PL011,Postpaid Mobile,24,01-01-2014,22-12-2015,No,Renewed
CN004849,C0008743,PL009,Postpaid Mobile,24,02-04-2016,23-03-2018,Yes,Auto-Renewed
CN004850,C0008744,PL007,Postpaid Mobile,24,08-01-2014,29-12-2015,No,Active
CN004851,C0008745,PL008,Postpaid Mobile,12,13-11-2018,08-11-2019,No,Renewed
CN004852,C0008746,PL011,Postpaid Mobile,24,28-09-2019,17-09-2021,No,Auto-Renewed
CN004853,C0008747,PL021,Enterprise,12,29-03-2024,24-03-2025,Yes,Not Renewed
CN004854,C0008748,PL018,Fiber Broadband,24,01-01-2014,22-12-2015,Yes,Active
CN004855,C0008750,PL015,Fiber Broadband,36,31-08-2017,15-08-2020,Yes,Pending
CN004856,C0008751,PL016,Fiber Broadband,12,13-10-2018,08-10-2019,Yes,Auto-Renewed
CN004857,C0008753,PL022,Enterprise,24,01-01-2014,22-12-2015,Yes,Pending
CN004858,C0008756,PL009,Postpaid Mobile,12,08-08-2014,03-08-2015,No,Auto-Renewed
CN004859,C0008757,PL024,IoT Solutions,12,14-06-2022,09-06-2023,No,Auto-Renewed
CN004860,C0008759,PL023,IoT Solutions,24,14-05-2014,03-05-2016,Yes,Pending
CN004861,C0008761,PL009,Postpaid Mobile,36,23-05-2019,07-05-2022,Yes,Active
CN004862,C0008762,PL023,IoT Solutions,36,08-07-2021,22-06-2024,Yes,Auto-Renewed
CN004863,C0008763,PL011,Postpaid Mobile,12,24-12-2021,19-12-2022,Yes,Active
CN004864,C0008764,PL005,Prepaid Mobile,36,20-01-2021,05-01-2024,Yes,Not Renewed
CN004865,C0008765,PL005,Prepaid Mobile,12,25-11-2019,19-11-2020,Yes,Pending
CN004866,C0008768,PL022,Enterprise,12,02-10-2019,26-09-2020,Yes,Active
CN004867,C0008771,PL021,Enterprise,12,13-06-2023,07-06-2024,Yes,Active
CN004868,C0008772,PL018,Fiber Broadband,24,24-10-2021,14-10-2023,Yes,Active
CN004869,C0008775,PL015,Fiber Broadband,12,03-06-2016,29-05-2017,Yes,Auto-Renewed
CN004870,C0008778,PL005,Prepaid Mobile,24,01-01-2014,22-12-2015,Yes,Renewed
CN004871,C0008780,PL011,Postpaid Mobile,24,26-08-2025,16-08-2027,Yes,Active
CN004872,C0008781,PL021,Enterprise,24,14-11-2022,03-11-2024,No,Pending
CN004873,C0008782,PL010,Postpaid Mobile,36,07-02-2021,23-01-2024,Yes,Renewed
CN004874,C0008784,PL006,Prepaid Mobile,12,05-11-2014,31-10-2015,Yes,Renewed
CN004875,C0008785,PL015,Fiber Broadband,12,23-02-2017,18-02-2018,Yes,Renewed
CN004876,C0008786,PL009,Postpaid Mobile,12,04-06-2016,30-05-2017,Yes,Renewed
CN004877,C0008787,PL010,Postpaid Mobile,12,04-07-2016,29-06-2017,Yes,Auto-Renewed
CN004878,C0008788,PL005,Prepaid Mobile,12,10-10-2014,05-10-2015,No,Cancelled
CN004879,C0008789,PL005,Prepaid Mobile,24,14-07-2017,04-07-2019,No,Auto-Renewed
CN004880,C0008790,PL021,Enterprise,12,01-01-2014,27-12-2014,Yes,Auto-Renewed
CN004881,C0008794,PL023,IoT Solutions,24,03-10-2021,23-09-2023,Yes,Pending
CN004882,C0008796,PL010,Postpaid Mobile,12,01-04-2017,27-03-2018,No,Cancelled
CN004883,C0008800,PL006,Prepaid Mobile,12,20-01-2026,15-01-2027,No,Renewed
CN004884,C0008801,PL018,Fiber Broadband,18,10-04-2015,01-10-2016,Yes,Auto-Renewed
CN004885,C0008803,PL005,Prepaid Mobile,18,09-05-2019,30-10-2020,No,Not Renewed
CN004886,C0008804,PL007,Postpaid Mobile,12,16-10-2024,11-10-2025,No,Auto-Renewed
CN004887,C0008805,PL007,Postpaid Mobile,12,14-11-2022,09-11-2023,No,Not Renewed
CN004888,C0008808,PL006,Prepaid Mobile,24,05-04-2022,25-03-2024,No,Renewed
CN004889,C0008810,PL008,Postpaid Mobile,24,05-03-2016,23-02-2018,Yes,Pending
CN004890,C0008812,PL005,Prepaid Mobile,12,20-04-2021,15-04-2022,No,Active
CN004891,C0008814,PL009,Postpaid Mobile,18,02-07-2016,24-12-2017,No,Renewed
CN004892,C0008816,PL006,Prepaid Mobile,12,07-07-2024,02-07-2025,No,Not Renewed
CN004893,C0008818,PL006,Prepaid Mobile,12,01-01-2014,27-12-2014,Yes,Auto-Renewed
CN004894,C0008819,PL011,Postpaid Mobile,24,28-07-2023,17-07-2025,Yes,Not Renewed
CN004895,C0008820,PL007,Postpaid Mobile,24,08-11-2025,29-10-2027,Yes,Pending
CN004896,C0008826,PL023,IoT Solutions,12,21-10-2017,16-10-2018,No,Renewed
CN004897,C0008827,PL022,Enterprise,12,31-01-2026,26-01-2027,No,Pending
CN004898,C0008828,PL011,Postpaid Mobile,24,23-08-2019,12-08-2021,No,Renewed
CN004899,C0008829,PL024,IoT Solutions,36,14-06-2014,29-05-2017,Yes,Renewed
CN004900,C0008831,PL017,Fiber Broadband,12,17-06-2016,12-06-2017,Yes,Pending
CN004901,C0008833,PL021,Enterprise,18,01-01-2014,25-06-2015,Yes,Renewed
CN004902,C0008834,PL007,Postpaid Mobile,36,02-01-2019,17-12-2021,Yes,Renewed
CN004903,C0008835,PL018,Fiber Broadband,18,06-01-2017,30-06-2018,Yes,Renewed
CN004904,C0008839,PL024,IoT Solutions,24,24-03-2022,13-03-2024,Yes,Auto-Renewed
CN004905,C0008841,PL022,Enterprise,12,08-08-2022,03-08-2023,Yes,Renewed
CN004906,C0008842,PL022,Enterprise,24,01-01-2014,22-12-2015,Yes,Renewed
CN004907,C0008844,PL024,IoT Solutions,12,12-03-2022,07-03-2023,No,Auto-Renewed
CN004908,C0008845,PL023,IoT Solutions,12,23-09-2019,17-09-2020,No,Active
CN004909,C0008848,PL023,IoT Solutions,24,07-11-2018,27-10-2020,Yes,Renewed
CN004910,C0008851,PL016,Fiber Broadband,36,01-01-2014,16-12-2016,Yes,Renewed
CN004911,C0008852,PL009,Postpaid Mobile,24,02-01-2020,22-12-2021,No,Renewed
CN004912,C0008853,PL006,Prepaid Mobile,24,22-03-2015,11-03-2017,No,Renewed
CN004913,C0008856,PL011,Postpaid Mobile,18,18-09-2020,12-03-2022,No,Active
CN004914,C0008860,PL005,Prepaid Mobile,12,25-01-2015,20-01-2016,No,Renewed
CN004915,C0008861,PL008,Postpaid Mobile,36,04-04-2022,19-03-2025,No,Active
CN004916,C0008862,PL024,IoT Solutions,24,20-03-2017,10-03-2019,Yes,Active
CN004917,C0008863,PL005,Prepaid Mobile,24,05-12-2018,24-11-2020,No,Auto-Renewed
CN004918,C0008867,PL016,Fiber Broadband,24,01-01-2014,22-12-2015,No,Active
CN004919,C0008868,PL006,Prepaid Mobile,12,16-12-2024,11-12-2025,Yes,Cancelled
CN004920,C0008870,PL016,Fiber Broadband,24,18-12-2016,08-12-2018,Yes,Renewed
CN004921,C0008872,PL007,Postpaid Mobile,12,23-06-2018,18-06-2019,No,Pending
CN004922,C0008873,PL025,Smart Home,12,12-03-2016,07-03-2017,Yes,Auto-Renewed
CN004923,C0008875,PL007,Postpaid Mobile,18,07-06-2018,29-11-2019,Yes,Renewed
CN004924,C0008876,PL009,Postpaid Mobile,24,21-11-2020,11-11-2022,No,Auto-Renewed
CN004925,C0008878,PL007,Postpaid Mobile,24,27-01-2019,16-01-2021,No,Auto-Renewed
CN004926,C0008879,PL008,Postpaid Mobile,24,08-07-2014,27-06-2016,No,Renewed
CN004927,C0008881,PL005,Prepaid Mobile,18,01-01-2014,25-06-2015,Yes,Pending
CN004928,C0008884,PL006,Prepaid Mobile,18,22-04-2020,14-10-2021,No,Active
CN004929,C0008885,PL024,IoT Solutions,12,26-06-2024,21-06-2025,No,Renewed
CN004930,C0008886,PL006,Prepaid Mobile,36,01-10-2023,15-09-2026,Yes,Auto-Renewed
CN004931,C0008887,PL005,Prepaid Mobile,24,14-07-2017,04-07-2019,Yes,Auto-Renewed
CN004932,C0008888,PL008,Postpaid Mobile,24,04-07-2022,23-06-2024,Yes,Renewed
CN004933,C0008889,PL005,Prepaid Mobile,36,26-08-2015,10-08-2018,No,Renewed
CN004934,C0008890,PL006,Prepaid Mobile,12,15-06-2024,10-06-2025,No,Renewed
CN004935,C0008892,PL011,Postpaid Mobile,24,02-12-2018,21-11-2020,No,Active
CN004936,C0008897,PL011,Postpaid Mobile,12,01-01-2014,27-12-2014,No,Auto-Renewed
CN004937,C0008901,PL007,Postpaid Mobile,12,26-03-2017,21-03-2018,Yes,Renewed
CN004938,C0008903,PL006,Prepaid Mobile,24,01-01-2014,22-12-2015,Yes,Renewed
CN004939,C0008904,PL005,Prepaid Mobile,18,01-01-2014,25-06-2015,No,Renewed
CN004940,C0008906,PL005,Prepaid Mobile,24,01-01-2014,22-12-2015,No,Renewed
CN004941,C0008907,PL025,Smart Home,24,16-06-2018,05-06-2020,Yes,Auto-Renewed
CN004942,C0008908,PL009,Postpaid Mobile,12,01-05-2020,26-04-2021,Yes,Renewed
CN004943,C0008909,PL005,Prepaid Mobile,18,27-07-2015,17-01-2017,No,Renewed
CN004944,C0008910,PL005,Prepaid Mobile,18,01-01-2014,25-06-2015,Yes,Active
CN004945,C0008911,PL024,IoT Solutions,12,23-04-2014,18-04-2015,No,Renewed
CN004946,C0008914,PL011,Postpaid Mobile,12,05-09-2020,31-08-2021,Yes,Auto-Renewed
CN004947,C0008915,PL005,Prepaid Mobile,12,01-01-2014,27-12-2014,Yes,Active
CN004948,C0008917,PL017,Fiber Broadband,12,01-01-2014,27-12-2014,No,Active
CN004949,C0008918,PL011,Postpaid Mobile,24,09-02-2015,29-01-2017,Yes,Active
CN004950,C0008919,PL005,Prepaid Mobile,24,01-05-2019,20-04-2021,Yes,Renewed
CN004951,C0008920,PL017,Fiber Broadband,24,31-08-2018,20-08-2020,No,Pending
CN004952,C0008921,PL017,Fiber Broadband,12,04-02-2025,30-01-2026,No,Active
CN004953,C0008922,PL015,Fiber Broadband,12,25-07-2023,19-07-2024,No,Not Renewed
CN004954,C0008923,PL008,Postpaid Mobile,12,29-09-2017,24-09-2018,No,Active
CN004955,C0008927,PL025,Smart Home,24,16-02-2018,06-02-2020,No,Renewed
CN004956,C0008929,PL011,Postpaid Mobile,12,23-10-2015,17-10-2016,Yes,Renewed
CN004957,C0008933,PL010,Postpaid Mobile,12,29-10-2014,24-10-2015,No,Pending
CN004958,C0008934,PL010,Postpaid Mobile,18,29-11-2017,23-05-2019,Yes,Pending
CN004959,C0008936,PL010,Postpaid Mobile,36,21-11-2019,05-11-2022,No,Auto-Renewed
CN004960,C0008939,PL010,Postpaid Mobile,18,10-08-2018,01-02-2020,No,Not Renewed
CN004961,C0008941,PL018,Fiber Broadband,12,01-01-2014,27-12-2014,Yes,Renewed
CN004962,C0008942,PL009,Postpaid Mobile,12,03-11-2017,29-10-2018,No,Auto-Renewed
CN004963,C0008943,PL021,Enterprise,24,01-01-2014,22-12-2015,Yes,Active
CN004964,C0008945,PL006,Prepaid Mobile,18,01-01-2014,25-06-2015,Yes,Auto-Renewed
CN004965,C0008946,PL008,Postpaid Mobile,12,01-08-2023,26-07-2024,Yes,Not Renewed
CN004966,C0008947,PL005,Prepaid Mobile,24,10-12-2015,29-11-2017,No,Renewed
CN004967,C0008950,PL018,Fiber Broadband,12,01-01-2014,27-12-2014,Yes,Renewed
CN004968,C0008955,PL015,Fiber Broadband,24,01-01-2014,22-12-2015,Yes,Pending
CN004969,C0008957,PL005,Prepaid Mobile,12,02-04-2025,28-03-2026,No,Renewed
CN004970,C0008960,PL006,Prepaid Mobile,24,28-04-2020,18-04-2022,No,Active
CN004971,C0008961,PL006,Prepaid Mobile,24,01-01-2014,22-12-2015,Yes,Renewed
CN004972,C0008962,PL007,Postpaid Mobile,12,07-01-2025,02-01-2026,No,Auto-Renewed
CN004973,C0008965,PL006,Prepaid Mobile,12,08-09-2020,03-09-2021,No,Renewed
CN004974,C0008967,PL010,Postpaid Mobile,12,19-07-2017,14-07-2018,Yes,Auto-Renewed
CN004975,C0008968,PL015,Fiber Broadband,36,20-08-2015,04-08-2018,Yes,Auto-Renewed
CN004976,C0008970,PL018,Fiber Broadband,12,01-01-2014,27-12-2014,Yes,Active
CN004977,C0008971,PL006,Prepaid Mobile,12,21-10-2023,15-10-2024,Yes,Renewed
CN004978,C0008973,PL006,Prepaid Mobile,12,02-02-2018,28-01-2019,Yes,Renewed
CN004979,C0008974,PL006,Prepaid Mobile,36,01-01-2014,16-12-2016,Yes,Auto-Renewed
CN004980,C0008980,PL005,Prepaid Mobile,24,29-01-2024,18-01-2026,No,Auto-Renewed
CN004981,C0008981,PL022,Enterprise,36,10-05-2016,25-04-2019,No,Pending
CN004982,C0008982,PL005,Prepaid Mobile,18,01-01-2014,25-06-2015,No,Renewed
CN004983,C0008984,PL011,Postpaid Mobile,12,01-01-2014,27-12-2014,Yes,Renewed
CN004984,C0008985,PL007,Postpaid Mobile,18,13-03-2018,04-09-2019,No,Not Renewed
CN004985,C0008986,PL016,Fiber Broadband,36,20-11-2024,05-11-2027,Yes,Cancelled
CN004986,C0008987,PL009,Postpaid Mobile,24,06-04-2024,27-03-2026,No,Renewed
CN004987,C0008988,PL021,Enterprise,12,05-11-2016,31-10-2017,Yes,Cancelled
CN004988,C0008989,PL008,Postpaid Mobile,36,31-03-2020,16-03-2023,Yes,Auto-Renewed
CN004989,C0008990,PL010,Postpaid Mobile,18,01-09-2022,23-02-2024,Yes,Pending
CN004990,C0008991,PL023,IoT Solutions,12,28-07-2020,23-07-2021,No,Renewed
CN004991,C0008992,PL005,Prepaid Mobile,12,11-03-2025,06-03-2026,Yes,Renewed
CN004992,C0008994,PL006,Prepaid Mobile,24,01-01-2014,22-12-2015,Yes,Active
CN004993,C0008995,PL017,Fiber Broadband,12,01-01-2014,27-12-2014,Yes,Renewed
CN004994,C0008996,PL016,Fiber Broadband,24,06-12-2023,25-11-2025,Yes,Renewed
CN004995,C0008997,PL024,IoT Solutions,24,06-02-2024,26-01-2026,No,Auto-Renewed
CN004996,C0008998,PL007,Postpaid Mobile,12,19-09-2025,14-09-2026,No,Renewed
CN004997,C0008999,PL007,Postpaid Mobile,12,22-06-2016,17-06-2017,Yes,Auto-Renewed
CN004998,C0009001,PL017,Fiber Broadband,24,01-01-2014,22-12-2015,Yes,Auto-Renewed
CN004999,C0009002,PL008,Postpaid Mobile,18,27-05-2017,18-11-2018,Yes,Auto-Renewed
CN005000,C0009003,PL006,Prepaid Mobile,12,05-10-2014,30-09-2015,No,Active
CN005001,C0009005,PL006,Prepaid Mobile,12,03-02-2026,29-01-2027,Yes,Active
CN005002,C0009007,PL011,Postpaid Mobile,24,01-01-2014,22-12-2015,No,Auto-Renewed
CN005003,C0009010,PL007,Postpaid Mobile,36,19-12-2025,03-12-2028,Yes,Active
CN005004,C0009011,PL022,Enterprise,12,04-07-2022,29-06-2023,No,Active
CN005005,C0009012,PL016,Fiber Broadband,36,09-01-2014,24-12-2016,No,Renewed
CN005006,C0009013,PL009,Postpaid Mobile,24,02-10-2022,21-09-2024,Yes,Renewed
CN005007,C0009014,PL018,Fiber Broadband,12,01-01-2014,27-12-2014,Yes,Active
CN005008,C0009015,PL011,Postpaid Mobile,12,26-06-2018,21-06-2019,Yes,Renewed
CN005009,C0009016,PL005,Prepaid Mobile,24,01-01-2014,22-12-2015,Yes,Pending
CN005010,C0009017,PL005,Prepaid Mobile,12,25-05-2015,19-05-2016,No,Renewed
CN005011,C0009018,PL010,Postpaid Mobile,24,03-04-2018,23-03-2020,Yes,Auto-Renewed
CN005012,C0009019,PL017,Fiber Broadband,24,01-01-2014,22-12-2015,Yes,Auto-Renewed
CN005013,C0009020,PL007,Postpaid Mobile,12,09-04-2020,04-04-2021,No,Renewed
CN005014,C0009022,PL006,Prepaid Mobile,12,16-03-2021,11-03-2022,No,Renewed
CN005015,C0009023,PL010,Postpaid Mobile,24,09-04-2020,30-03-2022,Yes,Renewed
CN005016,C0009024,PL011,Postpaid Mobile,12,27-09-2025,22-09-2026,No,Renewed
CN005017,C0009027,PL016,Fiber Broadband,24,24-05-2024,14-05-2026,Yes,Renewed
CN005018,C0009028,PL008,Postpaid Mobile,12,30-04-2024,25-04-2025,No,Not Renewed
CN005019,C0009029,PL024,IoT Solutions,12,23-10-2017,18-10-2018,No,Cancelled
CN005020,C0009033,PL005,Prepaid Mobile,12,23-10-2018,18-10-2019,No,Cancelled
CN005021,C0009034,PL006,Prepaid Mobile,12,01-01-2014,27-12-2014,No,Active
CN005022,C0009036,PL018,Fiber Broadband,24,24-09-2019,13-09-2021,Yes,Auto-Renewed
CN005023,C0009037,PL008,Postpaid Mobile,24,15-09-2019,04-09-2021,No,Active
CN005024,C0009038,PL006,Prepaid Mobile,18,01-01-2014,25-06-2015,No,Active
CN005025,C0009042,PL007,Postpaid Mobile,36,07-10-2024,22-09-2027,No,Pending
CN005026,C0009043,PL023,IoT Solutions,12,31-07-2014,26-07-2015,No,Renewed
CN005027,C0009044,PL008,Postpaid Mobile,24,12-06-2025,02-06-2027,Yes,Cancelled
CN005028,C0009045,PL025,Smart Home,12,28-07-2015,22-07-2016,No,Auto-Renewed
CN005029,C0009046,PL009,Postpaid Mobile,24,29-04-2019,18-04-2021,Yes,Renewed
CN005030,C0009051,PL006,Prepaid Mobile,24,01-01-2014,22-12-2015,Yes,Renewed
CN005031,C0009054,PL018,Fiber Broadband,12,01-01-2014,27-12-2014,Yes,Auto-Renewed
CN005032,C0009056,PL015,Fiber Broadband,12,13-08-2015,07-08-2016,Yes,Auto-Renewed
CN005033,C0009057,PL021,Enterprise,12,20-10-2020,15-10-2021,Yes,Active
CN005034,C0009058,PL005,Prepaid Mobile,12,31-07-2019,25-07-2020,Yes,Cancelled
CN005035,C0009061,PL006,Prepaid Mobile,24,01-01-2014,22-12-2015,Yes,Renewed
CN005036,C0009064,PL009,Postpaid Mobile,12,04-08-2020,30-07-2021,Yes,Pending
CN005037,C0009065,PL010,Postpaid Mobile,12,24-05-2021,19-05-2022,Yes,Renewed
CN005038,C0009069,PL011,Postpaid Mobile,24,23-10-2014,12-10-2016,No,Renewed
CN005039,C0009070,PL009,Postpaid Mobile,24,22-10-2018,11-10-2020,No,Not Renewed
CN005040,C0009071,PL007,Postpaid Mobile,12,21-06-2025,16-06-2026,Yes,Renewed
CN005041,C0009072,PL015,Fiber Broadband,24,19-05-2017,09-05-2019,Yes,Cancelled
CN005042,C0009073,PL010,Postpaid Mobile,12,24-12-2015,18-12-2016,Yes,Cancelled
CN005043,C0009075,PL005,Prepaid Mobile,18,01-01-2014,25-06-2015,No,Pending
CN005044,C0009081,PL005,Prepaid Mobile,24,20-02-2018,10-02-2020,Yes,Renewed
CN005045,C0009085,PL006,Prepaid Mobile,18,01-01-2014,25-06-2015,No,Renewed
CN005046,C0009086,PL021,Enterprise,12,13-08-2024,08-08-2025,Yes,Auto-Renewed
CN005047,C0009087,PL016,Fiber Broadband,12,01-01-2014,27-12-2014,Yes,Renewed
CN005048,C0009089,PL025,Smart Home,36,09-01-2024,24-12-2026,No,Auto-Renewed
CN005049,C0009090,PL008,Postpaid Mobile,12,11-01-2021,06-01-2022,Yes,Renewed
CN005050,C0009091,PL017,Fiber Broadband,12,01-01-2014,27-12-2014,Yes,Renewed
CN005051,C0009092,PL017,Fiber Broadband,18,01-01-2014,25-06-2015,Yes,Renewed
CN005052,C0009095,PL022,Enterprise,12,30-11-2025,25-11-2026,Yes,Auto-Renewed
CN005053,C0009096,PL009,Postpaid Mobile,12,22-11-2016,17-11-2017,No,Pending
CN005054,C0009097,PL017,Fiber Broadband,36,15-11-2025,30-10-2028,No,Not Renewed
CN005055,C0009103,PL010,Postpaid Mobile,12,06-01-2025,01-01-2026,No,Not Renewed
CN005056,C0009105,PL005,Prepaid Mobile,24,06-08-2023,26-07-2025,No,Renewed
CN005057,C0009107,PL008,Postpaid Mobile,12,30-09-2019,24-09-2020,No,Auto-Renewed
CN005058,C0009108,PL005,Prepaid Mobile,12,01-01-2014,27-12-2014,Yes,Pending
CN005059,C0009109,PL007,Postpaid Mobile,36,20-08-2024,05-08-2027,No,Not Renewed
CN005060,C0009110,PL006,Prepaid Mobile,24,01-01-2014,22-12-2015,Yes,Renewed
CN005061,C0009111,PL011,Postpaid Mobile,24,01-01-2014,22-12-2015,Yes,Renewed
CN005062,C0009112,PL005,Prepaid Mobile,12,01-05-2017,26-04-2018,Yes,Pending
CN005063,C0009114,PL023,IoT Solutions,24,02-07-2024,22-06-2026,Yes,Not Renewed
CN005064,C0009117,PL006,Prepaid Mobile,24,01-01-2014,22-12-2015,Yes,Pending
CN005065,C0009119,PL022,Enterprise,12,21-02-2019,16-02-2020,Yes,Renewed
CN005066,C0009121,PL021,Enterprise,12,01-01-2014,27-12-2014,Yes,Active
CN005067,C0009122,PL016,Fiber Broadband,12,29-08-2024,24-08-2025,Yes,Pending
CN005068,C0009123,PL009,Postpaid Mobile,12,01-07-2023,25-06-2024,Yes,Renewed
CN005069,C0009125,PL018,Fiber Broadband,12,25-09-2022,20-09-2023,No,Auto-Renewed
CN005070,C0009126,PL005,Prepaid Mobile,12,21-02-2021,16-02-2022,Yes,Renewed
CN005071,C0009127,PL023,IoT Solutions,12,30-09-2022,25-09-2023,Yes,Active
CN005072,C0009128,PL007,Postpaid Mobile,24,26-12-2015,15-12-2017,No,Renewed
CN005073,C0009129,PL016,Fiber Broadband,12,08-02-2023,03-02-2024,Yes,Auto-Renewed
CN005074,C0009130,PL008,Postpaid Mobile,24,24-11-2015,13-11-2017,No,Active
CN005075,C0009131,PL021,Enterprise,24,25-08-2016,15-08-2018,No,Auto-Renewed
CN005076,C0009132,PL006,Prepaid Mobile,12,01-01-2014,27-12-2014,Yes,Auto-Renewed
CN005077,C0009138,PL018,Fiber Broadband,12,01-01-2014,27-12-2014,No,Active
CN005078,C0009139,PL010,Postpaid Mobile,24,23-03-2023,12-03-2025,No,Auto-Renewed
CN005079,C0009141,PL023,IoT Solutions,12,27-09-2024,22-09-2025,Yes,Renewed
CN005080,C0009142,PL011,Postpaid Mobile,24,01-01-2014,22-12-2015,Yes,Auto-Renewed
CN005081,C0009143,PL010,Postpaid Mobile,12,29-06-2022,24-06-2023,Yes,Auto-Renewed
CN005082,C0009146,PL006,Prepaid Mobile,24,01-01-2014,22-12-2015,No,Not Renewed
CN005083,C0009150,PL011,Postpaid Mobile,36,08-05-2016,23-04-2019,Yes,Auto-Renewed
CN005084,C0009152,PL006,Prepaid Mobile,24,01-01-2014,22-12-2015,No,Renewed
CN005085,C0009153,PL024,IoT Solutions,18,28-02-2014,22-08-2015,No,Renewed
CN005086,C0009154,PL006,Prepaid Mobile,24,10-04-2022,30-03-2024,No,Auto-Renewed
CN005087,C0009155,PL016,Fiber Broadband,12,01-01-2014,27-12-2014,No,Auto-Renewed
CN005088,C0009157,PL016,Fiber Broadband,12,01-01-2014,27-12-2014,No,Cancelled
CN005089,C0009162,PL021,Enterprise,12,20-10-2016,15-10-2017,Yes,Renewed
CN005090,C0009170,PL008,Postpaid Mobile,24,16-04-2015,05-04-2017,Yes,Renewed
CN005091,C0009171,PL024,IoT Solutions,12,28-07-2022,23-07-2023,Yes,Active
CN005092,C0009172,PL006,Prepaid Mobile,18,01-01-2014,25-06-2015,Yes,Auto-Renewed
CN005093,C0009173,PL008,Postpaid Mobile,12,19-08-2025,14-08-2026,No,Not Renewed
CN005094,C0009176,PL022,Enterprise,12,01-01-2020,26-12-2020,No,Renewed
CN005095,C0009178,PL009,Postpaid Mobile,36,29-04-2016,14-04-2019,No,Pending
CN005096,C0009180,PL005,Prepaid Mobile,12,21-10-2019,15-10-2020,No,Renewed
CN005097,C0009181,PL005,Prepaid Mobile,18,21-08-2024,12-02-2026,No,Not Renewed
CN005098,C0009182,PL023,IoT Solutions,12,21-05-2025,16-05-2026,No,Auto-Renewed
CN005099,C0009183,PL016,Fiber Broadband,12,23-06-2014,18-06-2015,No,Active
CN005100,C0009186,PL008,Postpaid Mobile,24,06-05-2024,26-04-2026,No,Not Renewed
CN005101,C0009189,PL007,Postpaid Mobile,36,13-09-2025,28-08-2028,No,Pending
CN005102,C0009191,PL017,Fiber Broadband,24,19-12-2019,08-12-2021,No,Auto-Renewed
CN005103,C0009192,PL016,Fiber Broadband,24,20-01-2016,09-01-2018,No,Auto-Renewed
CN005104,C0009193,PL015,Fiber Broadband,36,01-01-2014,16-12-2016,Yes,Not Renewed
CN005105,C0009194,PL016,Fiber Broadband,12,22-06-2014,17-06-2015,No,Active
CN005106,C0009196,PL024,IoT Solutions,12,27-08-2020,22-08-2021,Yes,Auto-Renewed
CN005107,C0009198,PL022,Enterprise,36,17-05-2025,01-05-2028,No,Pending
CN005108,C0009199,PL005,Prepaid Mobile,24,06-01-2018,27-12-2019,No,Auto-Renewed
CN005109,C0009200,PL006,Prepaid Mobile,12,17-02-2018,12-02-2019,Yes,Renewed
CN005110,C0009201,PL010,Postpaid Mobile,12,24-12-2015,18-12-2016,Yes,Auto-Renewed
CN005111,C0009202,PL007,Postpaid Mobile,36,30-09-2016,15-09-2019,No,Cancelled
CN005112,C0009204,PL005,Prepaid Mobile,24,10-04-2015,30-03-2017,Yes,Auto-Renewed
CN005113,C0009206,PL022,Enterprise,18,12-06-2016,04-12-2017,Yes,Auto-Renewed
CN005114,C0009207,PL016,Fiber Broadband,24,01-01-2014,22-12-2015,No,Pending
CN005115,C0009210,PL005,Prepaid Mobile,24,01-01-2014,22-12-2015,Yes,Active
CN005116,C0009211,PL016,Fiber Broadband,36,24-12-2022,08-12-2025,Yes,Auto-Renewed
CN005117,C0009212,PL007,Postpaid Mobile,24,17-06-2021,07-06-2023,No,Cancelled
CN005118,C0009213,PL008,Postpaid Mobile,36,08-02-2017,24-01-2020,No,Not Renewed
CN005119,C0009217,PL015,Fiber Broadband,36,23-06-2024,08-06-2027,No,Not Renewed
CN005120,C0009218,PL005,Prepaid Mobile,12,09-11-2019,03-11-2020,Yes,Auto-Renewed
CN005121,C0009220,PL005,Prepaid Mobile,24,13-10-2015,02-10-2017,Yes,Auto-Renewed
CN005122,C0009221,PL010,Postpaid Mobile,12,18-06-2023,12-06-2024,Yes,Auto-Renewed
CN005123,C0009225,PL025,Smart Home,12,27-10-2018,22-10-2019,No,Renewed
CN005124,C0009226,PL006,Prepaid Mobile,12,09-04-2020,04-04-2021,Yes,Active
CN005125,C0009228,PL025,Smart Home,24,19-08-2014,08-08-2016,No,Auto-Renewed
CN005126,C0009229,PL010,Postpaid Mobile,12,07-03-2025,02-03-2026,Yes,Auto-Renewed
CN005127,C0009230,PL010,Postpaid Mobile,24,17-04-2022,06-04-2024,Yes,Pending
CN005128,C0009231,PL021,Enterprise,24,10-05-2016,30-04-2018,No,Renewed
CN005129,C0009233,PL009,Postpaid Mobile,24,19-03-2019,08-03-2021,Yes,Not Renewed
CN005130,C0009235,PL009,Postpaid Mobile,12,07-02-2021,02-02-2022,Yes,Pending
CN005131,C0009237,PL005,Prepaid Mobile,18,01-01-2014,25-06-2015,No,Renewed
CN005132,C0009238,PL018,Fiber Broadband,24,17-11-2017,07-11-2019,No,Active
CN005133,C0009242,PL015,Fiber Broadband,36,11-05-2018,25-04-2021,No,Renewed
CN005134,C0009246,PL009,Postpaid Mobile,18,29-10-2022,21-04-2024,Yes,Auto-Renewed
CN005135,C0009247,PL025,Smart Home,12,16-02-2022,11-02-2023,Yes,Active
CN005136,C0009248,PL005,Prepaid Mobile,12,14-07-2025,09-07-2026,Yes,Auto-Renewed
CN005137,C0009250,PL005,Prepaid Mobile,12,01-01-2014,27-12-2014,Yes,Renewed
CN005138,C0009252,PL017,Fiber Broadband,36,30-03-2015,14-03-2018,Yes,Not Renewed
CN005139,C0009253,PL017,Fiber Broadband,12,01-01-2014,27-12-2014,Yes,Pending
CN005140,C0009254,PL017,Fiber Broadband,18,01-01-2014,25-06-2015,Yes,Auto-Renewed
CN005141,C0009255,PL023,IoT Solutions,12,08-12-2014,03-12-2015,Yes,Cancelled
CN005142,C0009257,PL010,Postpaid Mobile,12,03-02-2024,28-01-2025,Yes,Renewed
CN005143,C0009258,PL021,Enterprise,12,13-12-2014,08-12-2015,No,Active
CN005144,C0009259,PL008,Postpaid Mobile,12,14-05-2020,09-05-2021,No,Pending
CN005145,C0009260,PL016,Fiber Broadband,12,01-01-2014,27-12-2014,No,Auto-Renewed
CN005146,C0009261,PL009,Postpaid Mobile,12,08-12-2016,03-12-2017,Yes,Auto-Renewed
CN005147,C0009262,PL009,Postpaid Mobile,18,24-09-2024,18-03-2026,No,Not Renewed
CN005148,C0009263,PL006,Prepaid Mobile,12,05-08-2024,31-07-2025,No,Auto-Renewed
CN005149,C0009265,PL018,Fiber Broadband,18,26-01-2023,19-07-2024,No,Active
CN005150,C0009270,PL005,Prepaid Mobile,24,01-01-2014,22-12-2015,No,Auto-Renewed
CN005151,C0009271,PL023,IoT Solutions,12,25-02-2018,20-02-2019,Yes,Auto-Renewed
CN005152,C0009273,PL010,Postpaid Mobile,12,22-03-2024,17-03-2025,Yes,Auto-Renewed
CN005153,C0009274,PL006,Prepaid Mobile,12,01-01-2014,27-12-2014,Yes,Pending
CN005154,C0009276,PL021,Enterprise,12,01-01-2014,27-12-2014,Yes,Active
CN005155,C0009277,PL025,Smart Home,12,04-11-2016,30-10-2017,Yes,Active
CN005156,C0009282,PL006,Prepaid Mobile,12,01-01-2014,27-12-2014,Yes,Auto-Renewed
CN005157,C0009283,PL024,IoT Solutions,12,06-11-2014,01-11-2015,No,Renewed
CN005158,C0009284,PL006,Prepaid Mobile,24,01-01-2014,22-12-2015,No,Pending
CN005159,C0009288,PL024,IoT Solutions,12,06-04-2024,01-04-2025,Yes,Active
CN005160,C0009290,PL017,Fiber Broadband,12,13-10-2014,08-10-2015,No,Active
CN005161,C0009291,PL005,Prepaid Mobile,18,01-11-2023,24-04-2025,Yes,Renewed
CN005162,C0009292,PL016,Fiber Broadband,12,13-10-2020,08-10-2021,Yes,Active
CN005163,C0009294,PL008,Postpaid Mobile,24,12-06-2022,01-06-2024,Yes,Auto-Renewed
CN005164,C0009295,PL005,Prepaid Mobile,24,01-01-2014,22-12-2015,Yes,Renewed
CN005165,C0009297,PL009,Postpaid Mobile,24,06-06-2024,27-05-2026,Yes,Pending
CN005166,C0009298,PL010,Postpaid Mobile,24,30-05-2016,20-05-2018,No,Renewed
CN005167,C0009300,PL006,Prepaid Mobile,24,01-09-2015,21-08-2017,Yes,Auto-Renewed
CN005168,C0009301,PL007,Postpaid Mobile,12,04-05-2014,29-04-2015,No,Cancelled
CN005169,C0009304,PL010,Postpaid Mobile,24,19-08-2020,09-08-2022,No,Not Renewed
CN005170,C0009306,PL006,Prepaid Mobile,24,01-01-2014,22-12-2015,No,Not Renewed
CN005171,C0009307,PL006,Prepaid Mobile,24,01-01-2014,22-12-2015,Yes,Renewed
CN005172,C0009308,PL005,Prepaid Mobile,18,29-06-2025,21-12-2026,No,Active
CN005173,C0009309,PL024,IoT Solutions,24,26-10-2022,15-10-2024,No,Auto-Renewed
CN005174,C0009310,PL006,Prepaid Mobile,12,01-07-2021,26-06-2022,No,Renewed
CN005175,C0009311,PL006,Prepaid Mobile,12,01-01-2014,27-12-2014,Yes,Renewed
CN005176,C0009312,PL022,Enterprise,18,01-01-2014,25-06-2015,No,Auto-Renewed
CN005177,C0009314,PL008,Postpaid Mobile,36,24-11-2020,09-11-2023,No,Renewed
CN005178,C0009315,PL006,Prepaid Mobile,12,01-01-2014,27-12-2014,Yes,Auto-Renewed
CN005179,C0009316,PL024,IoT Solutions,24,10-05-2019,29-04-2021,No,Renewed
CN005180,C0009318,PL006,Prepaid Mobile,24,01-01-2014,22-12-2015,Yes,Auto-Renewed
CN005181,C0009320,PL016,Fiber Broadband,18,17-04-2015,08-10-2016,Yes,Auto-Renewed
CN005182,C0009321,PL006,Prepaid Mobile,12,10-02-2025,05-02-2026,No,Pending
CN005183,C0009322,PL023,IoT Solutions,24,02-02-2023,22-01-2025,Yes,Pending
CN005184,C0009325,PL025,Smart Home,24,31-10-2024,21-10-2026,Yes,Cancelled
CN005185,C0009327,PL005,Prepaid Mobile,24,05-12-2014,24-11-2016,No,Renewed
CN005186,C0009328,PL005,Prepaid Mobile,12,12-06-2022,07-06-2023,No,Active
CN005187,C0009329,PL010,Postpaid Mobile,12,01-11-2014,27-10-2015,Yes,Auto-Renewed
CN005188,C0009331,PL005,Prepaid Mobile,18,01-01-2014,25-06-2015,No,Pending
CN005189,C0009332,PL007,Postpaid Mobile,18,26-12-2016,19-06-2018,No,Not Renewed
CN005190,C0009333,PL005,Prepaid Mobile,36,11-01-2015,26-12-2017,Yes,Auto-Renewed
CN005191,C0009334,PL017,Fiber Broadband,36,12-11-2018,27-10-2021,Yes,Cancelled
CN005192,C0009335,PL016,Fiber Broadband,24,08-03-2018,26-02-2020,No,Not Renewed
CN005193,C0009336,PL009,Postpaid Mobile,24,11-08-2024,01-08-2026,Yes,Cancelled
CN005194,C0009338,PL006,Prepaid Mobile,18,30-10-2019,22-04-2021,No,Auto-Renewed
CN005195,C0009339,PL022,Enterprise,12,20-05-2021,15-05-2022,Yes,Renewed
CN005196,C0009341,PL006,Prepaid Mobile,12,01-01-2014,27-12-2014,Yes,Renewed
CN005197,C0009342,PL006,Prepaid Mobile,18,24-03-2020,15-09-2021,Yes,Auto-Renewed
CN005198,C0009344,PL008,Postpaid Mobile,24,10-02-2017,31-01-2019,Yes,Pending
CN005199,C0009346,PL005,Prepaid Mobile,24,01-01-2014,22-12-2015,Yes,Auto-Renewed
CN005200,C0009347,PL016,Fiber Broadband,12,01-01-2014,27-12-2014,No,Auto-Renewed
CN005201,C0009349,PL016,Fiber Broadband,12,19-02-2020,13-02-2021,Yes,Auto-Renewed
CN005202,C0009350,PL015,Fiber Broadband,24,03-03-2015,20-02-2017,Yes,Renewed
CN005203,C0009353,PL018,Fiber Broadband,12,01-01-2014,27-12-2014,Yes,Pending
CN005204,C0009354,PL006,Prepaid Mobile,24,01-01-2014,22-12-2015,No,Renewed
CN005205,C0009355,PL011,Postpaid Mobile,24,29-11-2014,18-11-2016,Yes,Renewed
CN005206,C0009358,PL005,Prepaid Mobile,18,01-01-2014,25-06-2015,No,Renewed
CN005207,C0009360,PL011,Postpaid Mobile,24,30-01-2020,19-01-2022,Yes,Auto-Renewed
CN005208,C0009361,PL010,Postpaid Mobile,36,14-10-2017,28-09-2020,No,Auto-Renewed
CN005209,C0009362,PL017,Fiber Broadband,12,30-03-2019,24-03-2020,Yes,Renewed
CN005210,C0009364,PL008,Postpaid Mobile,36,09-07-2025,23-06-2028,Yes,Renewed
CN005211,C0009367,PL006,Prepaid Mobile,36,14-03-2020,27-02-2023,Yes,Auto-Renewed
CN005212,C0009368,PL018,Fiber Broadband,36,01-01-2014,16-12-2016,Yes,Pending
CN005213,C0009370,PL011,Postpaid Mobile,12,30-04-2015,24-04-2016,Yes,Pending
CN005214,C0009376,PL022,Enterprise,12,16-02-2022,11-02-2023,Yes,Pending
CN005215,C0009380,PL018,Fiber Broadband,36,13-08-2024,29-07-2027,No,Auto-Renewed
CN005216,C0009382,PL006,Prepaid Mobile,24,01-01-2014,22-12-2015,No,Auto-Renewed
CN005217,C0009383,PL011,Postpaid Mobile,18,26-07-2025,17-01-2027,Yes,Active
CN005218,C0009385,PL018,Fiber Broadband,36,28-08-2016,13-08-2019,Yes,Renewed
CN005219,C0009386,PL006,Prepaid Mobile,18,14-01-2023,07-07-2024,Yes,Auto-Renewed
CN005220,C0009387,PL009,Postpaid Mobile,18,22-11-2022,15-05-2024,Yes,Active
CN005221,C0009389,PL007,Postpaid Mobile,24,12-08-2025,02-08-2027,Yes,Auto-Renewed
CN005222,C0009392,PL008,Postpaid Mobile,12,05-05-2014,30-04-2015,Yes,Not Renewed
CN005223,C0009394,PL006,Prepaid Mobile,12,01-01-2014,27-12-2014,No,Renewed
CN005224,C0009395,PL011,Postpaid Mobile,36,01-01-2014,16-12-2016,Yes,Auto-Renewed
CN005225,C0009397,PL006,Prepaid Mobile,12,07-06-2023,01-06-2024,No,Auto-Renewed
CN005226,C0009398,PL009,Postpaid Mobile,12,19-06-2015,13-06-2016,No,Renewed
CN005227,C0009402,PL010,Postpaid Mobile,18,18-06-2020,10-12-2021,Yes,Renewed
CN005228,C0009405,PL010,Postpaid Mobile,18,27-01-2025,21-07-2026,Yes,Auto-Renewed
CN005229,C0009407,PL007,Postpaid Mobile,18,02-06-2014,24-11-2015,No,Auto-Renewed
CN005230,C0009408,PL011,Postpaid Mobile,12,04-07-2024,29-06-2025,Yes,Renewed
CN005231,C0009410,PL025,Smart Home,12,25-12-2018,20-12-2019,Yes,Auto-Renewed
CN005232,C0009412,PL008,Postpaid Mobile,24,27-04-2019,16-04-2021,Yes,Auto-Renewed
CN005233,C0009415,PL025,Smart Home,24,28-07-2018,17-07-2020,Yes,Auto-Renewed
CN005234,C0009416,PL006,Prepaid Mobile,12,03-03-2021,26-02-2022,Yes,Renewed
CN005235,C0009418,PL016,Fiber Broadband,36,08-12-2015,22-11-2018,No,Renewed
CN005236,C0009420,PL006,Prepaid Mobile,12,16-03-2015,10-03-2016,Yes,Active
CN005237,C0009422,PL011,Postpaid Mobile,18,26-06-2023,17-12-2024,Yes,Renewed
CN005238,C0009423,PL005,Prepaid Mobile,18,12-08-2020,03-02-2022,No,Renewed
CN005239,C0009424,PL005,Prepaid Mobile,12,01-01-2024,26-12-2024,No,Auto-Renewed
CN005240,C0009427,PL006,Prepaid Mobile,12,25-09-2021,20-09-2022,No,Renewed
CN005241,C0009428,PL016,Fiber Broadband,12,01-01-2014,27-12-2014,No,Auto-Renewed
CN005242,C0009429,PL009,Postpaid Mobile,36,29-05-2014,13-05-2017,Yes,Not Renewed
CN005243,C0009430,PL006,Prepaid Mobile,12,01-01-2014,27-12-2014,Yes,Auto-Renewed
CN005244,C0009431,PL010,Postpaid Mobile,18,31-10-2014,23-04-2016,No,Renewed
CN005245,C0009433,PL016,Fiber Broadband,12,19-09-2015,13-09-2016,No,Renewed
CN005246,C0009434,PL018,Fiber Broadband,24,24-09-2025,14-09-2027,No,Active
CN005247,C0009436,PL011,Postpaid Mobile,12,30-09-2024,25-09-2025,Yes,Renewed
CN005248,C0009437,PL009,Postpaid Mobile,12,16-09-2018,11-09-2019,No,Renewed
CN005249,C0009438,PL018,Fiber Broadband,12,15-09-2016,10-09-2017,Yes,Active
CN005250,C0009439,PL016,Fiber Broadband,12,01-01-2014,27-12-2014,Yes,Active
CN005251,C0009440,PL018,Fiber Broadband,12,01-01-2014,27-12-2014,Yes,Active
CN005252,C0009442,PL006,Prepaid Mobile,12,25-11-2017,20-11-2018,No,Active
CN005253,C0009445,PL024,IoT Solutions,12,14-10-2021,09-10-2022,Yes,Renewed
CN005254,C0009447,PL008,Postpaid Mobile,12,21-04-2024,16-04-2025,Yes,Not Renewed
CN005255,C0009450,PL011,Postpaid Mobile,12,01-01-2014,27-12-2014,No,Renewed
CN005256,C0009451,PL023,IoT Solutions,24,07-01-2014,28-12-2015,Yes,Pending
CN005257,C0009452,PL008,Postpaid Mobile,18,19-11-2024,13-05-2026,Yes,Auto-Renewed
CN005258,C0009453,PL018,Fiber Broadband,24,01-01-2014,22-12-2015,No,Renewed
CN005259,C0009454,PL010,Postpaid Mobile,24,24-10-2022,13-10-2024,No,Renewed
CN005260,C0009455,PL006,Prepaid Mobile,24,22-11-2015,11-11-2017,No,Auto-Renewed
CN005261,C0009456,PL015,Fiber Broadband,24,01-01-2014,22-12-2015,No,Auto-Renewed
CN005262,C0009459,PL024,IoT Solutions,12,28-12-2016,23-12-2017,Yes,Auto-Renewed
CN005263,C0009461,PL016,Fiber Broadband,36,01-01-2014,16-12-2016,No,Not Renewed
CN005264,C0009462,PL022,Enterprise,24,06-04-2018,26-03-2020,Yes,Auto-Renewed
CN005265,C0009463,PL018,Fiber Broadband,18,23-06-2014,15-12-2015,No,Pending
CN005266,C0009464,PL007,Postpaid Mobile,24,08-03-2022,26-02-2024,No,Active
CN005267,C0009465,PL011,Postpaid Mobile,12,14-02-2014,09-02-2015,No,Auto-Renewed
CN005268,C0009469,PL008,Postpaid Mobile,12,27-07-2014,22-07-2015,No,Auto-Renewed
CN005269,C0009471,PL025,Smart Home,12,02-11-2022,28-10-2023,Yes,Renewed
CN005270,C0009473,PL009,Postpaid Mobile,24,21-11-2025,11-11-2027,No,Auto-Renewed
CN005271,C0009474,PL005,Prepaid Mobile,12,03-10-2019,27-09-2020,Yes,Active
CN005272,C0009475,PL005,Prepaid Mobile,12,01-01-2014,27-12-2014,Yes,Renewed
CN005273,C0009476,PL005,Prepaid Mobile,12,01-01-2014,27-12-2014,Yes,Renewed
CN005274,C0009477,PL008,Postpaid Mobile,18,30-04-2021,22-10-2022,No,Renewed
CN005275,C0009479,PL006,Prepaid Mobile,24,01-01-2014,22-12-2015,No,Renewed
CN005276,C0009480,PL024,IoT Solutions,24,27-11-2014,16-11-2016,No,Auto-Renewed
CN005277,C0009485,PL022,Enterprise,24,26-05-2016,16-05-2018,No,Auto-Renewed
CN005278,C0009486,PL005,Prepaid Mobile,12,01-01-2014,27-12-2014,No,Active
CN005279,C0009488,PL006,Prepaid Mobile,12,01-01-2014,27-12-2014,Yes,Renewed
CN005280,C0009491,PL015,Fiber Broadband,12,01-01-2014,27-12-2014,No,Not Renewed
CN005281,C0009492,PL011,Postpaid Mobile,12,01-01-2014,27-12-2014,No,Renewed
CN005282,C0009494,PL024,IoT Solutions,24,12-07-2017,02-07-2019,Yes,Not Renewed
CN005283,C0009495,PL025,Smart Home,12,22-06-2024,17-06-2025,Yes,Renewed
CN005284,C0009496,PL010,Postpaid Mobile,24,28-05-2018,17-05-2020,No,Not Renewed
CN005285,C0009499,PL017,Fiber Broadband,24,09-03-2018,27-02-2020,No,Renewed
CN005286,C0009502,PL018,Fiber Broadband,12,26-10-2024,21-10-2025,No,Auto-Renewed
CN005287,C0009503,PL008,Postpaid Mobile,18,13-12-2019,05-06-2021,Yes,Not Renewed
CN005288,C0009507,PL009,Postpaid Mobile,18,26-11-2017,20-05-2019,Yes,Auto-Renewed
CN005289,C0009508,PL011,Postpaid Mobile,18,01-01-2014,25-06-2015,No,Renewed
CN005290,C0009509,PL008,Postpaid Mobile,12,02-10-2023,26-09-2024,Yes,Active
CN005291,C0009510,PL010,Postpaid Mobile,12,13-04-2021,08-04-2022,Yes,Renewed
CN005292,C0009511,PL022,Enterprise,24,19-07-2018,08-07-2020,Yes,Active
CN005293,C0009512,PL025,Smart Home,12,08-12-2016,03-12-2017,Yes,Renewed
CN005294,C0009514,PL010,Postpaid Mobile,12,26-09-2015,20-09-2016,Yes,Auto-Renewed
CN005295,C0009517,PL007,Postpaid Mobile,24,02-09-2014,22-08-2016,No,Active
CN005296,C0009518,PL007,Postpaid Mobile,12,27-01-2023,22-01-2024,No,Not Renewed
CN005297,C0009520,PL009,Postpaid Mobile,12,30-04-2015,24-04-2016,No,Pending
CN005298,C0009521,PL015,Fiber Broadband,12,01-01-2014,27-12-2014,No,Renewed
CN005299,C0009525,PL006,Prepaid Mobile,18,01-01-2014,25-06-2015,No,Renewed
CN005300,C0009527,PL011,Postpaid Mobile,12,08-12-2014,03-12-2015,No,Pending
CN005301,C0009530,PL017,Fiber Broadband,24,28-05-2024,18-05-2026,Yes,Active
CN005302,C0009531,PL011,Postpaid Mobile,24,01-01-2014,22-12-2015,Yes,Not Renewed
CN005303,C0009532,PL005,Prepaid Mobile,18,19-01-2018,13-07-2019,Yes,Active
CN005304,C0009534,PL005,Prepaid Mobile,12,29-12-2015,23-12-2016,Yes,Auto-Renewed
CN005305,C0009535,PL006,Prepaid Mobile,24,01-01-2014,22-12-2015,Yes,Active
CN005306,C0009536,PL010,Postpaid Mobile,12,01-10-2023,25-09-2024,Yes,Active
CN005307,C0009537,PL015,Fiber Broadband,12,03-08-2019,28-07-2020,Yes,Pending
CN005308,C0009538,PL007,Postpaid Mobile,24,16-10-2019,05-10-2021,No,Pending
CN005309,C0009539,PL023,IoT Solutions,24,04-08-2022,24-07-2024,No,Auto-Renewed
CN005310,C0009540,PL005,Prepaid Mobile,12,18-08-2015,12-08-2016,Yes,Active
CN005311,C0009542,PL006,Prepaid Mobile,24,28-04-2023,17-04-2025,Yes,Auto-Renewed
CN005312,C0009543,PL024,IoT Solutions,18,18-05-2023,08-11-2024,Yes,Pending
CN005313,C0009544,PL007,Postpaid Mobile,18,01-10-2014,24-03-2016,No,Pending
CN005314,C0009546,PL007,Postpaid Mobile,18,06-07-2015,27-12-2016,No,Auto-Renewed
CN005315,C0009547,PL016,Fiber Broadband,12,12-07-2021,07-07-2022,No,Active
CN005316,C0009548,PL010,Postpaid Mobile,12,24-04-2015,18-04-2016,No,Not Renewed
CN005317,C0009549,PL006,Prepaid Mobile,24,01-01-2014,22-12-2015,Yes,Renewed
CN005318,C0009550,PL011,Postpaid Mobile,12,25-04-2022,20-04-2023,No,Renewed
CN005319,C0009552,PL009,Postpaid Mobile,24,31-08-2014,20-08-2016,No,Renewed
CN005320,C0009554,PL010,Postpaid Mobile,24,11-07-2016,01-07-2018,No,Not Renewed
CN005321,C0009555,PL006,Prepaid Mobile,12,15-04-2017,10-04-2018,Yes,Renewed
CN005322,C0009558,PL008,Postpaid Mobile,24,23-06-2022,12-06-2024,Yes,Renewed
CN005323,C0009560,PL016,Fiber Broadband,24,29-11-2020,19-11-2022,No,Auto-Renewed
CN005324,C0009562,PL015,Fiber Broadband,18,02-12-2024,26-05-2026,No,Pending
CN005325,C0009564,PL016,Fiber Broadband,24,26-10-2019,15-10-2021,No,Renewed
CN005326,C0009567,PL006,Prepaid Mobile,12,01-01-2014,27-12-2014,Yes,Renewed
CN005327,C0009568,PL010,Postpaid Mobile,18,02-10-2024,26-03-2026,Yes,Active
CN005328,C0009569,PL006,Prepaid Mobile,12,26-10-2015,20-10-2016,Yes,Renewed
CN005329,C0009570,PL016,Fiber Broadband,18,16-11-2016,10-05-2018,Yes,Pending
CN005330,C0009571,PL018,Fiber Broadband,24,01-01-2014,22-12-2015,Yes,Renewed
CN005331,C0009575,PL005,Prepaid Mobile,24,03-12-2021,23-11-2023,Yes,Renewed
CN005332,C0009576,PL018,Fiber Broadband,24,23-01-2022,13-01-2024,No,Auto-Renewed
CN005333,C0009578,PL008,Postpaid Mobile,24,10-01-2024,30-12-2025,No,Cancelled
CN005334,C0009582,PL005,Prepaid Mobile,18,21-05-2016,12-11-2017,No,Active
CN005335,C0009583,PL015,Fiber Broadband,12,01-01-2014,27-12-2014,No,Auto-Renewed
CN005336,C0009584,PL011,Postpaid Mobile,12,19-12-2020,14-12-2021,No,Auto-Renewed
CN005337,C0009585,PL022,Enterprise,24,02-03-2020,20-02-2022,No,Pending
CN005338,C0009586,PL018,Fiber Broadband,24,18-02-2021,08-02-2023,Yes,Auto-Renewed
CN005339,C0009588,PL011,Postpaid Mobile,24,01-01-2014,22-12-2015,No,Auto-Renewed
CN005340,C0009589,PL010,Postpaid Mobile,12,25-01-2021,20-01-2022,No,Auto-Renewed
CN005341,C0009592,PL005,Prepaid Mobile,24,01-01-2014,22-12-2015,Yes,Renewed
CN005342,C0009594,PL025,Smart Home,24,21-07-2025,11-07-2027,Yes,Renewed
CN005343,C0009595,PL006,Prepaid Mobile,18,16-11-2016,10-05-2018,No,Renewed
CN005344,C0009596,PL006,Prepaid Mobile,36,24-11-2014,08-11-2017,Yes,Renewed
CN005345,C0009598,PL006,Prepaid Mobile,24,01-01-2014,22-12-2015,No,Renewed
CN005346,C0009599,PL008,Postpaid Mobile,12,03-10-2025,28-09-2026,No,Active
CN005347,C0009602,PL006,Prepaid Mobile,24,16-10-2025,06-10-2027,Yes,Not Renewed
CN005348,C0009603,PL005,Prepaid Mobile,12,24-07-2014,19-07-2015,Yes,Renewed
CN005349,C0009605,PL011,Postpaid Mobile,24,17-07-2016,07-07-2018,Yes,Active
CN005350,C0009606,PL008,Postpaid Mobile,24,13-04-2020,03-04-2022,No,Renewed
CN005351,C0009608,PL018,Fiber Broadband,24,29-03-2015,18-03-2017,Yes,Renewed
CN005352,C0009609,PL010,Postpaid Mobile,12,30-11-2021,25-11-2022,No,Renewed
CN005353,C0009610,PL021,Enterprise,12,01-01-2014,27-12-2014,No,Renewed
CN005354,C0009611,PL005,Prepaid Mobile,18,09-01-2019,02-07-2020,Yes,Auto-Renewed
CN005355,C0009613,PL008,Postpaid Mobile,12,13-04-2025,08-04-2026,Yes,Pending
CN005356,C0009614,PL005,Prepaid Mobile,12,01-01-2014,27-12-2014,No,Renewed
CN005357,C0009617,PL018,Fiber Broadband,24,20-12-2016,10-12-2018,No,Renewed
CN005358,C0009621,PL017,Fiber Broadband,12,19-05-2022,14-05-2023,Yes,Renewed
CN005359,C0009624,PL005,Prepaid Mobile,24,01-01-2014,22-12-2015,Yes,Renewed
CN005360,C0009625,PL011,Postpaid Mobile,12,01-01-2014,27-12-2014,Yes,Renewed
CN005361,C0009629,PL016,Fiber Broadband,24,15-09-2023,04-09-2025,No,Not Renewed
CN005362,C0009636,PL006,Prepaid Mobile,18,03-05-2022,25-10-2023,Yes,Auto-Renewed
CN005363,C0009638,PL024,IoT Solutions,12,08-11-2018,03-11-2019,Yes,Active
CN005364,C0009639,PL005,Prepaid Mobile,24,01-01-2014,22-12-2015,Yes,Pending
CN005365,C0009640,PL009,Postpaid Mobile,12,09-03-2022,04-03-2023,Yes,Pending
CN005366,C0009642,PL005,Prepaid Mobile,36,13-11-2020,29-10-2023,Yes,Renewed
CN005367,C0009643,PL011,Postpaid Mobile,24,01-02-2018,22-01-2020,No,Pending
CN005368,C0009646,PL024,IoT Solutions,18,11-02-2022,05-08-2023,Yes,Renewed
CN005369,C0009647,PL018,Fiber Broadband,12,29-06-2022,24-06-2023,No,Auto-Renewed
CN005370,C0009649,PL005,Prepaid Mobile,12,08-11-2021,03-11-2022,Yes,Not Renewed
CN005371,C0009653,PL005,Prepaid Mobile,36,01-01-2014,16-12-2016,Yes,Auto-Renewed
CN005372,C0009655,PL018,Fiber Broadband,18,23-12-2017,16-06-2019,Yes,Cancelled
CN005373,C0009656,PL015,Fiber Broadband,24,01-01-2014,22-12-2015,No,Renewed
CN005374,C0009658,PL007,Postpaid Mobile,18,22-11-2014,15-05-2016,No,Renewed
CN005375,C0009661,PL005,Prepaid Mobile,12,01-01-2014,27-12-2014,Yes,Cancelled
CN005376,C0009662,PL010,Postpaid Mobile,24,11-12-2022,30-11-2024,Yes,Cancelled
CN005377,C0009664,PL016,Fiber Broadband,12,02-07-2023,26-06-2024,Yes,Cancelled
CN005378,C0009665,PL024,IoT Solutions,12,22-08-2019,16-08-2020,No,Pending
CN005379,C0009668,PL021,Enterprise,24,01-01-2014,22-12-2015,No,Auto-Renewed
CN005380,C0009669,PL011,Postpaid Mobile,12,27-10-2023,21-10-2024,Yes,Renewed
CN005381,C0009670,PL016,Fiber Broadband,24,01-01-2014,22-12-2015,No,Renewed
CN005382,C0009671,PL006,Prepaid Mobile,12,01-01-2014,27-12-2014,No,Pending
CN005383,C0009673,PL006,Prepaid Mobile,12,24-10-2015,18-10-2016,No,Renewed
CN005384,C0009674,PL005,Prepaid Mobile,24,28-05-2015,17-05-2017,Yes,Auto-Renewed
CN005385,C0009675,PL024,IoT Solutions,24,30-01-2016,19-01-2018,No,Auto-Renewed
CN005386,C0009676,PL011,Postpaid Mobile,24,22-09-2018,11-09-2020,Yes,Auto-Renewed
CN005387,C0009677,PL006,Prepaid Mobile,12,28-01-2018,23-01-2019,Yes,Active
CN005388,C0009678,PL017,Fiber Broadband,24,09-03-2019,26-02-2021,No,Auto-Renewed
CN005389,C0009680,PL007,Postpaid Mobile,24,09-03-2025,27-02-2027,No,Active
CN005390,C0009681,PL005,Prepaid Mobile,24,01-01-2014,22-12-2015,Yes,Auto-Renewed
CN005391,C0009682,PL011,Postpaid Mobile,12,01-01-2014,27-12-2014,No,Renewed
CN005392,C0009683,PL011,Postpaid Mobile,12,06-02-2017,01-02-2018,Yes,Pending
CN005393,C0009684,PL006,Prepaid Mobile,24,09-03-2025,27-02-2027,Yes,Renewed
CN005394,C0009686,PL018,Fiber Broadband,24,09-10-2023,28-09-2025,Yes,Active
CN005395,C0009687,PL009,Postpaid Mobile,12,20-02-2022,15-02-2023,No,Renewed
CN005396,C0009690,PL009,Postpaid Mobile,24,15-06-2015,04-06-2017,No,Pending
CN005397,C0009694,PL025,Smart Home,36,29-10-2019,13-10-2022,No,Not Renewed
CN005398,C0009695,PL023,IoT Solutions,18,12-03-2020,03-09-2021,Yes,Renewed
CN005399,C0009696,PL005,Prepaid Mobile,12,13-02-2015,08-02-2016,Yes,Renewed
CN005400,C0009698,PL025,Smart Home,12,08-02-2020,02-02-2021,Yes,Renewed
CN005401,C0009700,PL021,Enterprise,12,14-01-2021,09-01-2022,Yes,Active
CN005402,C0009705,PL025,Smart Home,12,01-06-2025,27-05-2026,Yes,Renewed
CN005403,C0009706,PL022,Enterprise,24,22-04-2016,12-04-2018,Yes,Pending
CN005404,C0009709,PL005,Prepaid Mobile,12,03-02-2023,29-01-2024,Yes,Cancelled
CN005405,C0009710,PL008,Postpaid Mobile,12,25-06-2014,20-06-2015,No,Renewed
CN005406,C0009711,PL008,Postpaid Mobile,24,12-03-2024,02-03-2026,No,Not Renewed
CN005407,C0009712,PL005,Prepaid Mobile,36,04-04-2018,19-03-2021,No,Auto-Renewed
CN005408,C0009713,PL011,Postpaid Mobile,24,29-12-2025,19-12-2027,Yes,Active
CN005409,C0009714,PL007,Postpaid Mobile,12,24-10-2024,19-10-2025,Yes,Renewed
CN005410,C0009716,PL008,Postpaid Mobile,12,20-03-2024,15-03-2025,No,Renewed
CN005411,C0009717,PL009,Postpaid Mobile,24,06-03-2024,24-02-2026,No,Pending
CN005412,C0009720,PL006,Prepaid Mobile,24,18-07-2022,07-07-2024,Yes,Auto-Renewed
CN005413,C0009724,PL016,Fiber Broadband,12,01-01-2014,27-12-2014,Yes,Auto-Renewed
CN005414,C0009725,PL005,Prepaid Mobile,12,09-06-2017,04-06-2018,Yes,Active
CN005415,C0009727,PL010,Postpaid Mobile,24,26-01-2022,16-01-2024,Yes,Renewed
CN005416,C0009729,PL016,Fiber Broadband,12,02-06-2023,27-05-2024,No,Renewed
CN005417,C0009731,PL022,Enterprise,12,01-01-2014,27-12-2014,Yes,Cancelled
CN005418,C0009732,PL006,Prepaid Mobile,24,12-02-2015,01-02-2017,Yes,Auto-Renewed
CN005419,C0009733,PL021,Enterprise,12,08-03-2014,03-03-2015,No,Active
CN005420,C0009734,PL005,Prepaid Mobile,12,04-04-2020,30-03-2021,Yes,Auto-Renewed
CN005421,C0009735,PL011,Postpaid Mobile,12,17-07-2015,11-07-2016,Yes,Active
CN005422,C0009737,PL015,Fiber Broadband,24,01-01-2014,22-12-2015,No,Active
CN005423,C0009739,PL009,Postpaid Mobile,12,09-02-2015,04-02-2016,No,Pending
CN005424,C0009740,PL008,Postpaid Mobile,24,22-01-2019,11-01-2021,Yes,Renewed
CN005425,C0009741,PL017,Fiber Broadband,24,18-10-2022,07-10-2024,Yes,Auto-Renewed
CN005426,C0009743,PL018,Fiber Broadband,12,01-01-2014,27-12-2014,Yes,Not Renewed
CN005427,C0009744,PL011,Postpaid Mobile,12,14-01-2026,09-01-2027,No,Active
CN005428,C0009745,PL025,Smart Home,12,17-05-2020,12-05-2021,No,Renewed
CN005429,C0009746,PL011,Postpaid Mobile,18,01-11-2024,25-04-2026,Yes,Not Renewed
CN005430,C0009747,PL005,Prepaid Mobile,36,01-01-2014,16-12-2016,Yes,Active
CN005431,C0009749,PL007,Postpaid Mobile,24,17-07-2025,07-07-2027,Yes,Not Renewed
CN005432,C0009751,PL005,Prepaid Mobile,24,04-01-2024,24-12-2025,Yes,Active
CN005433,C0009753,PL023,IoT Solutions,36,21-01-2018,05-01-2021,Yes,Renewed
CN005434,C0009754,PL005,Prepaid Mobile,18,02-07-2023,23-12-2024,No,Renewed
CN005435,C0009756,PL008,Postpaid Mobile,12,07-09-2023,01-09-2024,No,Renewed
CN005436,C0009757,PL010,Postpaid Mobile,12,12-11-2023,06-11-2024,Yes,Renewed
CN005437,C0009758,PL021,Enterprise,12,07-10-2015,01-10-2016,No,Not Renewed
CN005438,C0009759,PL018,Fiber Broadband,12,25-11-2021,20-11-2022,Yes,Auto-Renewed
CN005439,C0009760,PL008,Postpaid Mobile,24,21-04-2015,10-04-2017,Yes,Renewed
CN005440,C0009761,PL007,Postpaid Mobile,12,18-09-2020,13-09-2021,Yes,Auto-Renewed
CN005441,C0009763,PL006,Prepaid Mobile,24,23-05-2023,12-05-2025,No,Renewed
CN005442,C0009764,PL009,Postpaid Mobile,18,30-08-2014,21-02-2016,No,Not Renewed
CN005443,C0009766,PL021,Enterprise,18,29-10-2015,21-04-2017,No,Not Renewed
CN005444,C0009769,PL005,Prepaid Mobile,12,01-08-2016,27-07-2017,Yes,Active
CN005445,C0009771,PL006,Prepaid Mobile,12,01-01-2014,27-12-2014,No,Renewed
CN005446,C0009774,PL018,Fiber Broadband,12,05-05-2020,30-04-2021,Yes,Auto-Renewed
CN005447,C0009775,PL007,Postpaid Mobile,18,05-08-2020,27-01-2022,Yes,Auto-Renewed
CN005448,C0009778,PL018,Fiber Broadband,18,07-01-2024,30-06-2025,Yes,Active
CN005449,C0009779,PL017,Fiber Broadband,12,22-10-2019,16-10-2020,No,Auto-Renewed
CN005450,C0009780,PL005,Prepaid Mobile,24,11-11-2025,01-11-2027,No,Pending
CN005451,C0009782,PL011,Postpaid Mobile,12,18-10-2022,13-10-2023,Yes,Pending
CN005452,C0009786,PL016,Fiber Broadband,12,04-07-2024,29-06-2025,No,Renewed
CN005453,C0009787,PL005,Prepaid Mobile,24,30-03-2022,19-03-2024,Yes,Renewed
CN005454,C0009791,PL005,Prepaid Mobile,12,01-01-2014,27-12-2014,No,Pending
CN005455,C0009792,PL009,Postpaid Mobile,12,10-05-2016,05-05-2017,No,Renewed
CN005456,C0009796,PL010,Postpaid Mobile,18,22-12-2014,14-06-2016,Yes,Renewed
CN005457,C0009800,PL011,Postpaid Mobile,24,01-01-2014,22-12-2015,Yes,Renewed
CN005458,C0009801,PL021,Enterprise,24,01-01-2014,22-12-2015,Yes,Renewed
CN005459,C0009802,PL011,Postpaid Mobile,12,01-01-2014,27-12-2014,No,Active
CN005460,C0009805,PL006,Prepaid Mobile,24,26-07-2025,16-07-2027,Yes,Active
CN005461,C0009806,PL007,Postpaid Mobile,36,05-06-2018,20-05-2021,Yes,Not Renewed
CN005462,C0009807,PL010,Postpaid Mobile,12,08-10-2022,03-10-2023,No,Auto-Renewed
CN005463,C0009808,PL015,Fiber Broadband,24,01-01-2014,22-12-2015,No,Auto-Renewed
CN005464,C0009810,PL010,Postpaid Mobile,12,05-10-2022,30-09-2023,Yes,Pending
CN005465,C0009813,PL024,IoT Solutions,24,01-02-2015,21-01-2017,No,Renewed
CN005466,C0009814,PL017,Fiber Broadband,24,01-01-2014,22-12-2015,Yes,Renewed
CN005467,C0009815,PL016,Fiber Broadband,12,16-09-2022,11-09-2023,Yes,Renewed
CN005468,C0009816,PL015,Fiber Broadband,18,16-06-2023,07-12-2024,Yes,Renewed
CN005469,C0009817,PL006,Prepaid Mobile,24,01-01-2014,22-12-2015,No,Auto-Renewed
CN005470,C0009818,PL025,Smart Home,12,28-04-2017,23-04-2018,Yes,Active
CN005471,C0009819,PL011,Postpaid Mobile,12,01-01-2014,27-12-2014,Yes,Auto-Renewed
CN005472,C0009823,PL022,Enterprise,12,18-07-2023,12-07-2024,No,Renewed
CN005473,C0009824,PL005,Prepaid Mobile,24,12-01-2025,02-01-2027,No,Active
CN005474,C0009826,PL011,Postpaid Mobile,24,01-01-2014,22-12-2015,Yes,Active
CN005475,C0009827,PL008,Postpaid Mobile,24,30-04-2024,20-04-2026,Yes,Pending
CN005476,C0009829,PL005,Prepaid Mobile,12,01-01-2014,27-12-2014,Yes,Pending
CN005477,C0009832,PL006,Prepaid Mobile,24,01-01-2014,22-12-2015,Yes,Pending
CN005478,C0009834,PL011,Postpaid Mobile,12,29-09-2018,24-09-2019,Yes,Auto-Renewed
CN005479,C0009836,PL023,IoT Solutions,18,09-04-2022,01-10-2023,Yes,Pending
CN005480,C0009837,PL015,Fiber Broadband,18,09-03-2019,30-08-2020,Yes,Not Renewed
CN005481,C0009838,PL009,Postpaid Mobile,12,14-07-2017,09-07-2018,No,Renewed
CN005482,C0009839,PL017,Fiber Broadband,24,16-11-2014,05-11-2016,No,Active
CN005483,C0009840,PL017,Fiber Broadband,36,24-06-2025,08-06-2028,Yes,Active
CN005484,C0009843,PL008,Postpaid Mobile,12,09-10-2018,04-10-2019,Yes,Active
CN005485,C0009844,PL005,Prepaid Mobile,24,01-01-2014,22-12-2015,No,Auto-Renewed
CN005486,C0009847,PL018,Fiber Broadband,24,01-01-2014,22-12-2015,No,Active
CN005487,C0009854,PL005,Prepaid Mobile,12,01-09-2023,26-08-2024,Yes,Not Renewed
CN005488,C0009855,PL009,Postpaid Mobile,36,22-02-2023,06-02-2026,Yes,Auto-Renewed
CN005489,C0009857,PL022,Enterprise,12,27-03-2025,22-03-2026,No,Auto-Renewed
CN005490,C0009858,PL015,Fiber Broadband,12,02-02-2019,28-01-2020,Yes,Auto-Renewed
CN005491,C0009861,PL025,Smart Home,36,03-10-2023,17-09-2026,No,Cancelled
CN005492,C0009868,PL015,Fiber Broadband,18,01-01-2014,25-06-2015,Yes,Active
CN005493,C0009870,PL006,Prepaid Mobile,12,30-11-2021,25-11-2022,Yes,Active
CN005494,C0009875,PL005,Prepaid Mobile,12,25-04-2018,20-04-2019,Yes,Active
CN005495,C0009876,PL018,Fiber Broadband,24,01-01-2014,22-12-2015,No,Active
CN005496,C0009877,PL006,Prepaid Mobile,18,01-01-2014,25-06-2015,Yes,Renewed
CN005497,C0009878,PL005,Prepaid Mobile,36,11-10-2019,25-09-2022,No,Auto-Renewed
CN005498,C0009879,PL009,Postpaid Mobile,36,18-06-2017,02-06-2020,No,Not Renewed
CN005499,C0009886,PL025,Smart Home,12,06-12-2017,01-12-2018,Yes,Auto-Renewed
CN005500,C0009887,PL011,Postpaid Mobile,12,01-01-2014,27-12-2014,No,Renewed
CN005501,C0009891,PL016,Fiber Broadband,12,09-11-2019,03-11-2020,Yes,Renewed
CN005502,C0009892,PL009,Postpaid Mobile,12,31-03-2020,26-03-2021,No,Not Renewed
CN005503,C0009893,PL016,Fiber Broadband,18,01-01-2014,25-06-2015,Yes,Active
CN005504,C0009894,PL023,IoT Solutions,12,18-07-2020,13-07-2021,No,Auto-Renewed
CN005505,C0009896,PL008,Postpaid Mobile,36,26-03-2022,10-03-2025,No,Renewed
CN005506,C0009897,PL010,Postpaid Mobile,12,10-10-2021,05-10-2022,Yes,Active
CN005507,C0009898,PL015,Fiber Broadband,12,01-01-2014,27-12-2014,Yes,Auto-Renewed
CN005508,C0009901,PL006,Prepaid Mobile,36,01-01-2014,16-12-2016,No,Active
CN005509,C0009902,PL008,Postpaid Mobile,24,14-09-2022,03-09-2024,No,Active
CN005510,C0009906,PL023,IoT Solutions,12,08-06-2022,03-06-2023,No,Cancelled
CN005511,C0009907,PL006,Prepaid Mobile,12,14-01-2018,09-01-2019,Yes,Pending
CN005512,C0009908,PL008,Postpaid Mobile,36,26-01-2023,10-01-2026,No,Renewed
CN005513,C0009909,PL007,Postpaid Mobile,36,11-10-2020,26-09-2023,Yes,Not Renewed
CN005514,C0009910,PL006,Prepaid Mobile,12,01-07-2023,25-06-2024,Yes,Renewed
CN005515,C0009915,PL015,Fiber Broadband,36,18-02-2025,03-02-2028,No,Not Renewed
CN005516,C0009916,PL015,Fiber Broadband,18,07-07-2023,28-12-2024,Yes,Auto-Renewed
CN005517,C0009917,PL007,Postpaid Mobile,24,22-02-2021,12-02-2023,No,Auto-Renewed
CN005518,C0009918,PL021,Enterprise,18,01-01-2014,25-06-2015,No,Active
CN005519,C0009920,PL011,Postpaid Mobile,24,23-04-2017,13-04-2019,Yes,Renewed
CN005520,C0009921,PL007,Postpaid Mobile,12,02-12-2020,27-11-2021,Yes,Renewed
CN005521,C0009923,PL025,Smart Home,12,27-04-2020,22-04-2021,Yes,Active
CN005522,C0009927,PL006,Prepaid Mobile,24,01-01-2014,22-12-2015,No,Renewed
CN005523,C0009928,PL006,Prepaid Mobile,24,10-02-2026,31-01-2028,No,Auto-Renewed
CN005524,C0009930,PL006,Prepaid Mobile,36,19-03-2019,03-03-2022,Yes,Active
CN005525,C0009931,PL010,Postpaid Mobile,36,09-06-2015,24-05-2018,No,Not Renewed
CN005526,C0009933,PL005,Prepaid Mobile,24,01-01-2014,22-12-2015,No,Auto-Renewed
CN005527,C0009934,PL023,IoT Solutions,24,03-04-2025,24-03-2027,No,Renewed
CN005528,C0009936,PL009,Postpaid Mobile,36,25-10-2022,09-10-2025,Yes,Auto-Renewed
CN005529,C0009938,PL016,Fiber Broadband,12,01-01-2014,27-12-2014,Yes,Pending
CN005530,C0009940,PL005,Prepaid Mobile,24,28-01-2023,17-01-2025,Yes,Pending
CN005531,C0009942,PL006,Prepaid Mobile,18,16-01-2017,10-07-2018,Yes,Renewed
CN005532,C0009943,PL009,Postpaid Mobile,24,16-12-2022,05-12-2024,Yes,Auto-Renewed
CN005533,C0009944,PL010,Postpaid Mobile,24,22-02-2021,12-02-2023,No,Not Renewed
CN005534,C0009946,PL017,Fiber Broadband,24,25-07-2018,14-07-2020,Yes,Auto-Renewed
CN005535,C0009950,PL008,Postpaid Mobile,12,10-11-2016,05-11-2017,Yes,Active
CN005536,C0009951,PL015,Fiber Broadband,18,01-01-2014,25-06-2015,Yes,Renewed
CN005537,C0009953,PL024,IoT Solutions,36,28-05-2015,12-05-2018,No,Pending
CN005538,C0009959,PL011,Postpaid Mobile,18,15-05-2019,05-11-2020,Yes,Renewed
CN005539,C0009960,PL005,Prepaid Mobile,12,01-01-2014,27-12-2014,Yes,Renewed
CN005540,C0009961,PL006,Prepaid Mobile,12,01-01-2014,27-12-2014,No,Pending
CN005541,C0009964,PL025,Smart Home,12,09-09-2014,04-09-2015,No,Pending
CN005542,C0009965,PL011,Postpaid Mobile,24,01-01-2014,22-12-2015,Yes,Auto-Renewed
CN005543,C0009966,PL007,Postpaid Mobile,12,05-06-2019,30-05-2020,No,Renewed
CN005544,C0009968,PL005,Prepaid Mobile,18,26-10-2020,19-04-2022,No,Renewed
CN005545,C0009969,PL010,Postpaid Mobile,12,29-04-2022,24-04-2023,No,Auto-Renewed
CN005546,C0009970,PL021,Enterprise,12,16-12-2025,11-12-2026,No,Not Renewed
CN005547,C0009971,PL007,Postpaid Mobile,12,28-04-2024,23-04-2025,Yes,Cancelled
CN005548,C0009973,PL005,Prepaid Mobile,18,01-01-2014,25-06-2015,Yes,Renewed
CN005549,C0009974,PL018,Fiber Broadband,18,20-08-2018,11-02-2020,Yes,Renewed
CN005550,C0009975,PL005,Prepaid Mobile,24,21-10-2014,10-10-2016,Yes,Auto-Renewed
CN005551,C0009976,PL009,Postpaid Mobile,12,04-01-2019,30-12-2019,Yes,Auto-Renewed
CN005552,C0009978,PL005,Prepaid Mobile,18,15-02-2020,08-08-2021,No,Renewed
CN005553,C0009980,PL006,Prepaid Mobile,12,16-11-2024,11-11-2025,No,Auto-Renewed
CN005554,C0009981,PL018,Fiber Broadband,12,05-04-2019,30-03-2020,No,Renewed
CN005555,C0009982,PL006,Prepaid Mobile,24,30-03-2021,20-03-2023,Yes,Renewed
CN005556,C0009983,PL009,Postpaid Mobile,24,13-08-2016,03-08-2018,No,Not Renewed
CN005557,C0009984,PL025,Smart Home,36,27-07-2023,11-07-2026,Yes,Renewed
CN005558,C0009985,PL008,Postpaid Mobile,24,11-03-2014,29-02-2016,Yes,Auto-Renewed
CN005559,C0009986,PL009,Postpaid Mobile,18,06-10-2017,30-03-2019,Yes,Renewed
CN005560,C0009987,PL018,Fiber Broadband,24,24-11-2017,14-11-2019,Yes,Active
CN005561,C0009990,PL005,Prepaid Mobile,24,02-02-2026,23-01-2028,No,Renewed
CN005562,C0009992,PL011,Postpaid Mobile,24,01-01-2014,22-12-2015,No,Renewed
CN005563,C0009993,PL007,Postpaid Mobile,24,28-01-2026,18-01-2028,Yes,Cancelled
CN005564,C0009994,PL009,Postpaid Mobile,12,12-10-2014,07-10-2015,Yes,Active
CN005565,C0009996,PL007,Postpaid Mobile,24,27-12-2017,17-12-2019,No,Pending
CN005566,C0009998,PL010,Postpaid Mobile,12,17-07-2024,12-07-2025,No,Renewed
CN005567,C0010000,PL018,Fiber Broadband,18,01-01-2014,25-06-2015,No,Pending
CN005568,C0010002,PL015,Fiber Broadband,24,19-12-2024,09-12-2026,No,Not Renewed
CN005569,C0010003,PL018,Fiber Broadband,24,01-01-2014,22-12-2015,No,Renewed
CN005570,C0010004,PL006,Prepaid Mobile,12,01-01-2014,27-12-2014,No,Auto-Renewed
CN005571,C0010005,PL018,Fiber Broadband,24,28-03-2025,18-03-2027,Yes,Active
CN005572,C0010007,PL011,Postpaid Mobile,18,27-11-2022,20-05-2024,No,Auto-Renewed
CN005573,C0010009,PL007,Postpaid Mobile,12,26-09-2018,21-09-2019,Yes,Renewed
CN005574,C0010014,PL009,Postpaid Mobile,12,05-04-2024,31-03-2025,Yes,Renewed
CN005575,C0010015,PL005,Prepaid Mobile,12,16-01-2014,11-01-2015,No,Active
CN005576,C0010016,PL010,Postpaid Mobile,12,06-07-2016,01-07-2017,No,Active
CN005577,C0010017,PL009,Postpaid Mobile,12,28-10-2024,23-10-2025,Yes,Pending
CN005578,C0010018,PL010,Postpaid Mobile,24,24-04-2024,14-04-2026,No,Renewed
CN005579,C0010020,PL023,IoT Solutions,12,26-02-2015,21-02-2016,Yes,Renewed
CN005580,C0010021,PL010,Postpaid Mobile,24,01-03-2019,18-02-2021,No,Auto-Renewed
CN005581,C0010022,PL016,Fiber Broadband,24,22-05-2017,12-05-2019,No,Renewed
CN005582,C0010024,PL015,Fiber Broadband,18,01-01-2014,25-06-2015,Yes,Renewed
CN005583,C0010026,PL005,Prepaid Mobile,12,03-01-2014,29-12-2014,Yes,Renewed
CN005584,C0010027,PL015,Fiber Broadband,24,19-01-2014,09-01-2016,No,Not Renewed
CN005585,C0010029,PL005,Prepaid Mobile,12,01-01-2014,27-12-2014,Yes,Pending
CN005586,C0010030,PL006,Prepaid Mobile,12,01-01-2014,27-12-2014,Yes,Renewed
CN005587,C0010033,PL022,Enterprise,24,21-09-2018,10-09-2020,No,Renewed
CN005588,C0010034,PL006,Prepaid Mobile,12,01-01-2014,27-12-2014,No,Renewed
CN005589,C0010038,PL005,Prepaid Mobile,24,30-12-2025,20-12-2027,Yes,Not Renewed
CN005590,C0010040,PL017,Fiber Broadband,24,20-04-2025,10-04-2027,Yes,Renewed
CN005591,C0010041,PL008,Postpaid Mobile,12,09-04-2021,04-04-2022,No,Active
CN005592,C0010042,PL016,Fiber Broadband,36,19-08-2019,03-08-2022,No,Pending
CN005593,C0010043,PL005,Prepaid Mobile,12,01-01-2014,27-12-2014,Yes,Renewed
CN005594,C0010044,PL008,Postpaid Mobile,24,26-07-2016,16-07-2018,No,Renewed
CN005595,C0010046,PL015,Fiber Broadband,12,04-08-2016,30-07-2017,No,Renewed
CN005596,C0010047,PL007,Postpaid Mobile,24,16-04-2017,06-04-2019,Yes,Pending
CN005597,C0010049,PL009,Postpaid Mobile,18,28-02-2018,22-08-2019,Yes,Auto-Renewed
CN005598,C0010050,PL007,Postpaid Mobile,18,09-05-2019,30-10-2020,Yes,Renewed
CN005599,C0010052,PL018,Fiber Broadband,12,01-01-2014,27-12-2014,Yes,Active
CN005600,C0010054,PL024,IoT Solutions,24,27-04-2024,17-04-2026,Yes,Not Renewed
CN005601,C0010055,PL007,Postpaid Mobile,24,11-02-2015,31-01-2017,Yes,Pending
CN005602,C0010056,PL025,Smart Home,36,21-06-2022,05-06-2025,Yes,Not Renewed
CN005603,C0010057,PL018,Fiber Broadband,18,01-01-2014,25-06-2015,Yes,Renewed
CN005604,C0010059,PL017,Fiber Broadband,24,01-01-2014,22-12-2015,Yes,Auto-Renewed
CN005605,C0010061,PL008,Postpaid Mobile,18,09-11-2015,02-05-2017,No,Renewed
CN005606,C0010062,PL016,Fiber Broadband,24,13-06-2018,02-06-2020,Yes,Renewed
CN005607,C0010064,PL018,Fiber Broadband,12,01-01-2014,27-12-2014,No,Renewed
CN005608,C0010066,PL006,Prepaid Mobile,12,14-12-2018,09-12-2019,Yes,Renewed
CN005609,C0010071,PL009,Postpaid Mobile,24,30-01-2014,20-01-2016,No,Renewed
CN005610,C0010072,PL007,Postpaid Mobile,36,10-07-2024,25-06-2027,Yes,Not Renewed
CN005611,C0010074,PL005,Prepaid Mobile,12,24-03-2015,18-03-2016,No,Auto-Renewed
CN005612,C0010075,PL021,Enterprise,12,25-09-2024,20-09-2025,Yes,Renewed
CN005613,C0010076,PL016,Fiber Broadband,24,01-01-2014,22-12-2015,Yes,Renewed
CN005614,C0010077,PL008,Postpaid Mobile,18,03-06-2023,24-11-2024,Yes,Not Renewed
CN005615,C0010080,PL005,Prepaid Mobile,24,01-01-2014,22-12-2015,Yes,Active
CN005616,C0010083,PL010,Postpaid Mobile,36,24-12-2021,08-12-2024,No,Renewed
CN005617,C0010084,PL005,Prepaid Mobile,24,01-07-2023,20-06-2025,No,Auto-Renewed
CN005618,C0010085,PL011,Postpaid Mobile,36,06-03-2019,18-02-2022,No,Active
CN005619,C0010087,PL015,Fiber Broadband,12,01-01-2014,27-12-2014,Yes,Pending
CN005620,C0010089,PL008,Postpaid Mobile,18,24-02-2021,18-08-2022,No,Renewed
CN005621,C0010090,PL015,Fiber Broadband,24,05-06-2015,25-05-2017,Yes,Active
CN005622,C0010094,PL024,IoT Solutions,36,21-05-2021,05-05-2024,Yes,Renewed
CN005623,C0010095,PL017,Fiber Broadband,12,01-01-2014,27-12-2014,Yes,Auto-Renewed
CN005624,C0010097,PL016,Fiber Broadband,24,01-01-2014,22-12-2015,Yes,Active
CN005625,C0010098,PL008,Postpaid Mobile,12,18-04-2021,13-04-2022,Yes,Auto-Renewed
CN005626,C0010099,PL007,Postpaid Mobile,24,02-09-2025,23-08-2027,Yes,Auto-Renewed
CN005627,C0010100,PL009,Postpaid Mobile,12,25-05-2020,20-05-2021,No,Active
CN005628,C0010101,PL015,Fiber Broadband,12,01-01-2014,27-12-2014,No,Not Renewed
CN005629,C0010103,PL007,Postpaid Mobile,12,07-09-2019,01-09-2020,Yes,Renewed
CN005630,C0010105,PL007,Postpaid Mobile,12,22-11-2014,17-11-2015,No,Renewed
CN005631,C0010106,PL018,Fiber Broadband,12,20-04-2023,14-04-2024,Yes,Renewed
CN005632,C0010107,PL005,Prepaid Mobile,12,08-09-2017,03-09-2018,Yes,Auto-Renewed
CN005633,C0010108,PL018,Fiber Broadband,24,01-01-2014,22-12-2015,No,Not Renewed
CN005634,C0010111,PL015,Fiber Broadband,12,01-01-2014,27-12-2014,Yes,Auto-Renewed
CN005635,C0010114,PL008,Postpaid Mobile,36,17-10-2016,02-10-2019,No,Not Renewed
CN005636,C0010118,PL008,Postpaid Mobile,24,22-07-2024,12-07-2026,Yes,Auto-Renewed
CN005637,C0010120,PL011,Postpaid Mobile,12,19-09-2025,14-09-2026,No,Pending
CN005638,C0010123,PL023,IoT Solutions,18,22-08-2022,13-02-2024,Yes,Not Renewed
CN005639,C0010124,PL016,Fiber Broadband,12,01-01-2014,27-12-2014,No,Auto-Renewed
CN005640,C0010125,PL006,Prepaid Mobile,24,18-12-2017,08-12-2019,Yes,Renewed
CN005641,C0010126,PL017,Fiber Broadband,12,29-10-2022,24-10-2023,No,Renewed
CN005642,C0010127,PL006,Prepaid Mobile,12,18-06-2025,13-06-2026,No,Renewed
CN005643,C0010128,PL007,Postpaid Mobile,18,11-02-2024,04-08-2025,Yes,Not Renewed
CN005644,C0010129,PL021,Enterprise,12,13-06-2024,08-06-2025,Yes,Active
CN005645,C0010130,PL006,Prepaid Mobile,36,16-03-2022,28-02-2025,Yes,Auto-Renewed
CN005646,C0010131,PL011,Postpaid Mobile,36,01-01-2014,16-12-2016,Yes,Active
CN005647,C0010135,PL006,Prepaid Mobile,18,01-01-2014,25-06-2015,Yes,Renewed
CN005648,C0010136,PL009,Postpaid Mobile,12,24-12-2015,18-12-2016,No,Pending
CN005649,C0010138,PL006,Prepaid Mobile,12,06-03-2018,01-03-2019,Yes,Active
CN005650,C0010140,PL006,Prepaid Mobile,12,29-09-2024,24-09-2025,Yes,Not Renewed
CN005651,C0010141,PL011,Postpaid Mobile,24,01-01-2014,22-12-2015,Yes,Active
CN005652,C0010142,PL010,Postpaid Mobile,12,25-10-2017,20-10-2018,No,Renewed
CN005653,C0010143,PL005,Prepaid Mobile,24,07-08-2017,28-07-2019,Yes,Renewed
CN005654,C0010146,PL021,Enterprise,24,01-01-2014,22-12-2015,No,Auto-Renewed
CN005655,C0010147,PL006,Prepaid Mobile,24,25-04-2025,15-04-2027,No,Auto-Renewed
CN005656,C0010149,PL007,Postpaid Mobile,24,19-04-2019,08-04-2021,Yes,Renewed
CN005657,C0010150,PL008,Postpaid Mobile,24,17-09-2017,07-09-2019,No,Renewed
CN005658,C0010151,PL010,Postpaid Mobile,12,04-02-2020,29-01-2021,No,Auto-Renewed
CN005659,C0010153,PL011,Postpaid Mobile,12,14-10-2019,08-10-2020,No,Renewed
CN005660,C0010154,PL010,Postpaid Mobile,12,25-08-2023,19-08-2024,No,Not Renewed
CN005661,C0010155,PL024,IoT Solutions,12,20-11-2017,15-11-2018,Yes,Active
CN005662,C0010158,PL007,Postpaid Mobile,24,27-06-2015,16-06-2017,Yes,Renewed
CN005663,C0010162,PL016,Fiber Broadband,36,03-07-2015,17-06-2018,No,Renewed
CN005664,C0010163,PL018,Fiber Broadband,12,19-05-2016,14-05-2017,Yes,Auto-Renewed
CN005665,C0010164,PL006,Prepaid Mobile,18,26-10-2025,19-04-2027,No,Renewed
CN005666,C0010165,PL025,Smart Home,12,27-05-2019,21-05-2020,Yes,Active
CN005667,C0010168,PL015,Fiber Broadband,24,14-03-2018,03-03-2020,Yes,Auto-Renewed
CN005668,C0010169,PL024,IoT Solutions,36,28-07-2020,13-07-2023,No,Auto-Renewed
CN005669,C0010172,PL006,Prepaid Mobile,12,22-04-2018,17-04-2019,Yes,Renewed
CN005670,C0010174,PL006,Prepaid Mobile,24,24-11-2014,13-11-2016,Yes,Auto-Renewed
CN005671,C0010177,PL010,Postpaid Mobile,12,16-04-2016,11-04-2017,No,Active
CN005672,C0010180,PL010,Postpaid Mobile,24,03-04-2024,24-03-2026,No,Renewed
CN005673,C0010181,PL021,Enterprise,24,19-03-2017,09-03-2019,Yes,Renewed
CN005674,C0010182,PL005,Prepaid Mobile,12,01-01-2014,27-12-2014,Yes,Renewed
CN005675,C0010183,PL006,Prepaid Mobile,24,01-01-2014,22-12-2015,No,Auto-Renewed
CN005676,C0010185,PL006,Prepaid Mobile,12,01-01-2014,27-12-2014,Yes,Pending
CN005677,C0010188,PL017,Fiber Broadband,24,04-01-2026,25-12-2027,Yes,Renewed
CN005678,C0010190,PL007,Postpaid Mobile,24,21-12-2016,11-12-2018,No,Auto-Renewed
CN005679,C0010193,PL011,Postpaid Mobile,36,28-03-2025,12-03-2028,Yes,Active
CN005680,C0010194,PL009,Postpaid Mobile,12,08-01-2014,03-01-2015,Yes,Pending
CN005681,C0010195,PL018,Fiber Broadband,12,01-01-2014,27-12-2014,Yes,Renewed
CN005682,C0010199,PL006,Prepaid Mobile,12,12-02-2019,07-02-2020,Yes,Active
CN005683,C0010200,PL008,Postpaid Mobile,18,06-09-2020,28-02-2022,No,Auto-Renewed
CN005684,C0010201,PL023,IoT Solutions,18,30-07-2018,21-01-2020,Yes,Cancelled
CN005685,C0010203,PL009,Postpaid Mobile,12,13-02-2017,08-02-2018,Yes,Auto-Renewed
CN005686,C0010204,PL008,Postpaid Mobile,12,15-05-2025,10-05-2026,Yes,Active
CN005687,C0010210,PL015,Fiber Broadband,24,15-10-2020,05-10-2022,Yes,Not Renewed
CN005688,C0010211,PL023,IoT Solutions,18,25-04-2020,17-10-2021,Yes,Active
CN005689,C0010214,PL015,Fiber Broadband,12,04-04-2014,30-03-2015,No,Cancelled
CN005690,C0010215,PL005,Prepaid Mobile,12,01-01-2014,27-12-2014,No,Pending
CN005691,C0010218,PL011,Postpaid Mobile,12,01-01-2014,27-12-2014,Yes,Active
CN005692,C0010219,PL008,Postpaid Mobile,12,15-10-2014,10-10-2015,No,Active
CN005693,C0010220,PL005,Prepaid Mobile,12,08-01-2021,03-01-2022,No,Renewed
CN005694,C0010222,PL010,Postpaid Mobile,24,18-03-2015,07-03-2017,Yes,Not Renewed
CN005695,C0010227,PL009,Postpaid Mobile,24,23-03-2016,13-03-2018,No,Pending
CN005696,C0010230,PL018,Fiber Broadband,24,01-01-2014,22-12-2015,Yes,Pending
CN005697,C0010231,PL016,Fiber Broadband,12,11-01-2015,06-01-2016,No,Auto-Renewed
CN005698,C0010232,PL011,Postpaid Mobile,12,01-01-2014,27-12-2014,No,Pending
CN005699,C0010235,PL024,IoT Solutions,12,15-07-2015,09-07-2016,Yes,Pending
CN005700,C0010236,PL011,Postpaid Mobile,24,25-01-2025,15-01-2027,Yes,Cancelled
CN005701,C0010238,PL009,Postpaid Mobile,12,03-10-2017,28-09-2018,Yes,Active
CN005702,C0010241,PL009,Postpaid Mobile,24,29-03-2016,19-03-2018,No,Auto-Renewed
CN005703,C0010243,PL008,Postpaid Mobile,24,08-05-2020,28-04-2022,No,Pending
CN005704,C0010245,PL018,Fiber Broadband,36,08-11-2015,23-10-2018,Yes,Pending
CN005705,C0010248,PL023,IoT Solutions,24,15-04-2017,05-04-2019,No,Not Renewed
CN005706,C0010249,PL017,Fiber Broadband,36,01-01-2014,16-12-2016,Yes,Renewed
CN005707,C0010251,PL018,Fiber Broadband,24,18-10-2014,07-10-2016,No,Renewed
CN005708,C0010254,PL006,Prepaid Mobile,24,20-02-2016,09-02-2018,Yes,Active
CN005709,C0010256,PL023,IoT Solutions,12,25-04-2019,19-04-2020,Yes,Pending
CN005710,C0010258,PL006,Prepaid Mobile,12,21-01-2014,16-01-2015,No,Pending
CN005711,C0010259,PL017,Fiber Broadband,12,01-01-2014,27-12-2014,No,Renewed
CN005712,C0010260,PL006,Prepaid Mobile,12,22-05-2025,17-05-2026,Yes,Active
CN005713,C0010262,PL010,Postpaid Mobile,12,28-04-2022,23-04-2023,No,Renewed
CN005714,C0010264,PL010,Postpaid Mobile,36,01-10-2014,15-09-2017,No,Auto-Renewed
CN005715,C0010266,PL024,IoT Solutions,12,02-09-2020,28-08-2021,No,Renewed
CN005716,C0010267,PL006,Prepaid Mobile,24,05-09-2016,26-08-2018,No,Pending
CN005717,C0010271,PL006,Prepaid Mobile,24,24-06-2022,13-06-2024,Yes,Active
CN005718,C0010272,PL010,Postpaid Mobile,12,21-05-2014,16-05-2015,Yes,Active
CN005719,C0010275,PL018,Fiber Broadband,24,01-01-2014,22-12-2015,Yes,Renewed
CN005720,C0010280,PL011,Postpaid Mobile,12,07-04-2018,02-04-2019,No,Active
CN005721,C0010282,PL005,Prepaid Mobile,12,01-01-2014,27-12-2014,No,Auto-Renewed
CN005722,C0010283,PL005,Prepaid Mobile,12,05-12-2016,30-11-2017,No,Auto-Renewed
CN005723,C0010284,PL011,Postpaid Mobile,12,01-01-2014,27-12-2014,No,Pending
CN005724,C0010286,PL021,Enterprise,12,14-09-2018,09-09-2019,No,Active
CN005725,C0010287,PL021,Enterprise,12,01-01-2014,27-12-2014,No,Auto-Renewed
CN005726,C0010288,PL025,Smart Home,12,16-02-2015,11-02-2016,No,Renewed
CN005727,C0010290,PL022,Enterprise,24,04-01-2025,25-12-2026,Yes,Active
CN005728,C0010292,PL008,Postpaid Mobile,36,23-11-2021,07-11-2024,Yes,Renewed
CN005729,C0010294,PL018,Fiber Broadband,12,11-09-2020,06-09-2021,No,Auto-Renewed
CN005730,C0010295,PL016,Fiber Broadband,12,01-01-2014,27-12-2014,Yes,Cancelled
CN005731,C0010296,PL009,Postpaid Mobile,36,03-07-2025,17-06-2028,No,Auto-Renewed
CN005732,C0010297,PL006,Prepaid Mobile,18,07-06-2023,28-11-2024,No,Renewed
CN005733,C0010301,PL017,Fiber Broadband,12,09-01-2026,04-01-2027,No,Auto-Renewed
CN005734,C0010302,PL007,Postpaid Mobile,24,24-07-2018,13-07-2020,No,Active
CN005735,C0010303,PL023,IoT Solutions,12,09-09-2017,04-09-2018,No,Active
CN005736,C0010304,PL025,Smart Home,18,14-09-2017,08-03-2019,Yes,Pending
CN005737,C0010306,PL022,Enterprise,12,14-11-2015,08-11-2016,Yes,Pending
CN005738,C0010307,PL024,IoT Solutions,36,03-07-2015,17-06-2018,Yes,Active
CN005739,C0010308,PL015,Fiber Broadband,36,18-12-2024,03-12-2027,Yes,Not Renewed
CN005740,C0010309,PL010,Postpaid Mobile,18,04-02-2019,28-07-2020,Yes,Pending
CN005741,C0010311,PL006,Prepaid Mobile,12,01-01-2014,27-12-2014,Yes,Auto-Renewed
CN005742,C0010312,PL008,Postpaid Mobile,12,22-09-2023,16-09-2024,Yes,Not Renewed
CN005743,C0010313,PL010,Postpaid Mobile,24,24-08-2023,13-08-2025,Yes,Auto-Renewed
CN005744,C0010315,PL018,Fiber Broadband,12,16-10-2022,11-10-2023,No,Active
CN005745,C0010320,PL017,Fiber Broadband,24,01-01-2014,22-12-2015,Yes,Active
CN005746,C0010324,PL005,Prepaid Mobile,12,29-06-2018,24-06-2019,Yes,Renewed
CN005747,C0010327,PL008,Postpaid Mobile,18,25-01-2015,18-07-2016,No,Active
CN005748,C0010328,PL005,Prepaid Mobile,12,10-12-2020,05-12-2021,No,Renewed
CN005749,C0010329,PL016,Fiber Broadband,24,13-08-2022,02-08-2024,Yes,Cancelled
CN005750,C0010332,PL010,Postpaid Mobile,12,28-03-2018,23-03-2019,Yes,Auto-Renewed
CN005751,C0010333,PL006,Prepaid Mobile,18,24-03-2016,15-09-2017,No,Renewed
CN005752,C0010335,PL024,IoT Solutions,24,16-02-2019,05-02-2021,No,Not Renewed
CN005753,C0010337,PL018,Fiber Broadband,18,01-01-2014,25-06-2015,Yes,Auto-Renewed
CN005754,C0010338,PL021,Enterprise,24,28-04-2024,18-04-2026,No,Auto-Renewed
CN005755,C0010339,PL025,Smart Home,12,26-11-2024,21-11-2025,No,Not Renewed
CN005756,C0010340,PL011,Postpaid Mobile,12,01-01-2014,27-12-2014,Yes,Active
CN005757,C0010341,PL018,Fiber Broadband,36,10-04-2015,25-03-2018,Yes,Renewed
CN005758,C0010342,PL025,Smart Home,24,02-02-2015,22-01-2017,No,Auto-Renewed
CN005759,C0010344,PL009,Postpaid Mobile,24,20-11-2025,10-11-2027,No,Not Renewed
CN005760,C0010345,PL008,Postpaid Mobile,12,11-09-2017,06-09-2018,No,Renewed
CN005761,C0010347,PL021,Enterprise,12,24-11-2014,19-11-2015,No,Auto-Renewed
CN005762,C0010348,PL010,Postpaid Mobile,36,10-04-2023,25-03-2026,No,Auto-Renewed
CN005763,C0010350,PL024,IoT Solutions,12,10-01-2025,05-01-2026,Yes,Not Renewed
CN005764,C0010352,PL025,Smart Home,12,17-11-2025,12-11-2026,No,Not Renewed
CN005765,C0010353,PL006,Prepaid Mobile,12,01-05-2015,25-04-2016,No,Renewed
CN005766,C0010357,PL008,Postpaid Mobile,18,27-11-2022,20-05-2024,Yes,Renewed
CN005767,C0010360,PL010,Postpaid Mobile,18,08-07-2015,29-12-2016,No,Auto-Renewed
CN005768,C0010361,PL010,Postpaid Mobile,12,04-04-2025,30-03-2026,Yes,Renewed
CN005769,C0010363,PL006,Prepaid Mobile,12,08-12-2024,03-12-2025,No,Auto-Renewed
CN005770,C0010365,PL008,Postpaid Mobile,12,25-10-2014,20-10-2015,Yes,Not Renewed
CN005771,C0010366,PL018,Fiber Broadband,12,14-07-2017,09-07-2018,Yes,Renewed
CN005772,C0010367,PL006,Prepaid Mobile,12,19-10-2023,13-10-2024,Yes,Auto-Renewed
CN005773,C0010369,PL005,Prepaid Mobile,36,31-07-2024,16-07-2027,No,Auto-Renewed
CN005774,C0010370,PL007,Postpaid Mobile,12,12-01-2018,07-01-2019,No,Renewed
CN005775,C0010371,PL007,Postpaid Mobile,12,09-08-2024,04-08-2025,No,Active
CN005776,C0010373,PL005,Prepaid Mobile,12,06-11-2017,01-11-2018,No,Auto-Renewed
CN005777,C0010377,PL006,Prepaid Mobile,12,18-08-2015,12-08-2016,Yes,Active
CN005778,C0010379,PL006,Prepaid Mobile,18,08-03-2022,30-08-2023,No,Not Renewed
CN005779,C0010384,PL017,Fiber Broadband,12,23-02-2020,17-02-2021,No,Auto-Renewed
CN005780,C0010388,PL015,Fiber Broadband,12,17-07-2019,11-07-2020,Yes,Not Renewed
CN005781,C0010390,PL011,Postpaid Mobile,24,29-08-2014,18-08-2016,Yes,Renewed
CN005782,C0010392,PL006,Prepaid Mobile,12,14-04-2021,09-04-2022,No,Auto-Renewed
CN005783,C0010395,PL009,Postpaid Mobile,24,23-02-2021,13-02-2023,No,Renewed
CN005784,C0010396,PL024,IoT Solutions,12,25-02-2021,20-02-2022,Yes,Auto-Renewed
CN005785,C0010399,PL009,Postpaid Mobile,12,04-02-2014,30-01-2015,Yes,Renewed
CN005786,C0010401,PL005,Prepaid Mobile,12,15-06-2016,10-06-2017,Yes,Pending
CN005787,C0010402,PL018,Fiber Broadband,24,01-01-2014,22-12-2015,No,Renewed
CN005788,C0010403,PL016,Fiber Broadband,24,01-01-2014,22-12-2015,Yes,Active
CN005789,C0010404,PL009,Postpaid Mobile,12,17-09-2018,12-09-2019,No,Renewed
CN005790,C0010406,PL011,Postpaid Mobile,18,11-07-2017,02-01-2019,No,Auto-Renewed
CN005791,C0010408,PL010,Postpaid Mobile,24,25-06-2025,15-06-2027,Yes,Auto-Renewed
CN005792,C0010410,PL008,Postpaid Mobile,36,01-10-2025,15-09-2028,Yes,Cancelled
CN005793,C0010411,PL024,IoT Solutions,12,02-01-2016,27-12-2016,Yes,Auto-Renewed
CN005794,C0010412,PL005,Prepaid Mobile,36,26-09-2017,10-09-2020,Yes,Pending
CN005795,C0010414,PL011,Postpaid Mobile,18,17-07-2023,07-01-2025,No,Pending
CN005796,C0010416,PL009,Postpaid Mobile,24,02-09-2021,23-08-2023,No,Active
CN005797,C0010418,PL008,Postpaid Mobile,12,23-03-2023,17-03-2024,No,Auto-Renewed
CN005798,C0010421,PL006,Prepaid Mobile,24,01-01-2014,22-12-2015,Yes,Not Renewed
CN005799,C0010422,PL007,Postpaid Mobile,24,05-03-2022,23-02-2024,No,Pending
CN005800,C0010427,PL021,Enterprise,24,05-09-2024,26-08-2026,Yes,Auto-Renewed
CN005801,C0010429,PL007,Postpaid Mobile,18,23-08-2016,14-02-2018,Yes,Cancelled
CN005802,C0010430,PL007,Postpaid Mobile,12,09-04-2024,04-04-2025,No,Renewed
CN005803,C0010431,PL025,Smart Home,12,27-03-2024,22-03-2025,No,Pending
CN005804,C0010432,PL006,Prepaid Mobile,12,21-01-2014,16-01-2015,No,Renewed
CN005805,C0010434,PL008,Postpaid Mobile,18,27-05-2020,18-11-2021,No,Renewed
CN005806,C0010436,PL011,Postpaid Mobile,36,01-01-2014,16-12-2016,No,Pending
CN005807,C0010437,PL006,Prepaid Mobile,12,24-10-2020,19-10-2021,Yes,Not Renewed
CN005808,C0010438,PL017,Fiber Broadband,24,01-01-2014,22-12-2015,Yes,Renewed
CN005809,C0010441,PL005,Prepaid Mobile,12,12-07-2021,07-07-2022,Yes,Renewed
CN005810,C0010442,PL015,Fiber Broadband,12,25-03-2021,20-03-2022,Yes,Cancelled
CN005811,C0010443,PL007,Postpaid Mobile,12,07-10-2019,01-10-2020,No,Auto-Renewed
CN005812,C0010444,PL006,Prepaid Mobile,24,22-03-2023,11-03-2025,Yes,Renewed
CN005813,C0010445,PL008,Postpaid Mobile,24,20-02-2023,09-02-2025,No,Auto-Renewed
CN005814,C0010446,PL009,Postpaid Mobile,24,04-08-2017,25-07-2019,No,Auto-Renewed
CN005815,C0010448,PL024,IoT Solutions,18,19-02-2020,12-08-2021,Yes,Not Renewed
CN005816,C0010450,PL007,Postpaid Mobile,24,05-11-2024,26-10-2026,No,Not Renewed
CN005817,C0010452,PL016,Fiber Broadband,12,29-09-2017,24-09-2018,No,Cancelled
CN005818,C0010453,PL006,Prepaid Mobile,12,24-05-2016,19-05-2017,Yes,Auto-Renewed
CN005819,C0010454,PL010,Postpaid Mobile,12,07-08-2016,02-08-2017,Yes,Renewed
CN005820,C0010456,PL017,Fiber Broadband,12,12-02-2017,07-02-2018,Yes,Auto-Renewed
CN005821,C0010457,PL018,Fiber Broadband,24,01-01-2014,22-12-2015,Yes,Auto-Renewed
CN005822,C0010458,PL018,Fiber Broadband,18,09-08-2017,31-01-2019,No,Pending
CN005823,C0010460,PL006,Prepaid Mobile,24,01-01-2014,22-12-2015,No,Active
CN005824,C0010462,PL011,Postpaid Mobile,24,26-10-2025,16-10-2027,Yes,Auto-Renewed
CN005825,C0010464,PL005,Prepaid Mobile,12,31-10-2017,26-10-2018,No,Renewed
CN005826,C0010465,PL011,Postpaid Mobile,24,01-01-2014,22-12-2015,Yes,Active
CN005827,C0010467,PL018,Fiber Broadband,12,20-07-2023,14-07-2024,Yes,Pending
CN005828,C0010469,PL006,Prepaid Mobile,24,01-01-2014,22-12-2015,Yes,Pending
CN005829,C0010471,PL005,Prepaid Mobile,24,01-01-2014,22-12-2015,No,Active
CN005830,C0010472,PL008,Postpaid Mobile,12,10-08-2016,05-08-2017,Yes,Auto-Renewed
CN005831,C0010473,PL006,Prepaid Mobile,24,02-05-2023,21-04-2025,No,Auto-Renewed
CN005832,C0010474,PL025,Smart Home,12,23-05-2017,18-05-2018,Yes,Renewed
CN005833,C0010478,PL005,Prepaid Mobile,12,01-01-2014,27-12-2014,No,Auto-Renewed
CN005834,C0010479,PL007,Postpaid Mobile,12,01-03-2024,24-02-2025,Yes,Renewed
CN005835,C0010481,PL006,Prepaid Mobile,12,12-04-2015,06-04-2016,Yes,Active
CN005836,C0010485,PL022,Enterprise,12,26-07-2022,21-07-2023,Yes,Active
CN005837,C0010486,PL015,Fiber Broadband,24,01-01-2014,22-12-2015,Yes,Pending
CN005838,C0010491,PL015,Fiber Broadband,24,29-11-2014,18-11-2016,No,Active
CN005839,C0010492,PL018,Fiber Broadband,12,30-01-2021,25-01-2022,Yes,Renewed
CN005840,C0010493,PL018,Fiber Broadband,12,28-07-2020,23-07-2021,Yes,Auto-Renewed
CN005841,C0010494,PL025,Smart Home,24,07-05-2024,27-04-2026,No,Pending
CN005842,C0010495,PL007,Postpaid Mobile,12,05-01-2021,31-12-2021,Yes,Pending
CN005843,C0010496,PL010,Postpaid Mobile,12,05-08-2023,30-07-2024,Yes,Active
CN005844,C0010497,PL009,Postpaid Mobile,24,29-07-2022,18-07-2024,Yes,Renewed
CN005845,C0010503,PL005,Prepaid Mobile,18,01-01-2014,25-06-2015,No,Renewed
CN005846,C0010507,PL016,Fiber Broadband,12,30-01-2020,24-01-2021,Yes,Pending
CN005847,C0010509,PL005,Prepaid Mobile,12,25-03-2021,20-03-2022,Yes,Cancelled
CN005848,C0010510,PL017,Fiber Broadband,12,29-10-2025,24-10-2026,Yes,Not Renewed
CN005849,C0010511,PL006,Prepaid Mobile,36,01-01-2014,16-12-2016,No,Active
CN005850,C0010512,PL009,Postpaid Mobile,24,03-11-2023,23-10-2025,Yes,Not Renewed
CN005851,C0010515,PL016,Fiber Broadband,12,14-11-2015,08-11-2016,No,Renewed
CN005852,C0010518,PL022,Enterprise,36,27-10-2015,11-10-2018,Yes,Renewed
CN005853,C0010520,PL006,Prepaid Mobile,12,01-01-2014,27-12-2014,Yes,Not Renewed
CN005854,C0010521,PL024,IoT Solutions,12,22-11-2019,16-11-2020,Yes,Pending
CN005855,C0010523,PL016,Fiber Broadband,12,11-01-2014,06-01-2015,Yes,Cancelled
CN005856,C0010525,PL024,IoT Solutions,24,10-11-2025,31-10-2027,Yes,Auto-Renewed
CN005857,C0010528,PL007,Postpaid Mobile,12,04-05-2018,29-04-2019,No,Renewed
CN005858,C0010531,PL021,Enterprise,12,01-01-2014,27-12-2014,Yes,Renewed
CN005859,C0010533,PL016,Fiber Broadband,24,14-05-2014,03-05-2016,Yes,Renewed
CN005860,C0010536,PL006,Prepaid Mobile,12,01-01-2014,27-12-2014,Yes,Renewed
CN005861,C0010537,PL011,Postpaid Mobile,12,11-07-2014,06-07-2015,No,Auto-Renewed
CN005862,C0010538,PL008,Postpaid Mobile,18,09-10-2019,01-04-2021,No,Renewed
CN005863,C0010539,PL008,Postpaid Mobile,12,02-03-2023,25-02-2024,No,Active
CN005864,C0010542,PL024,IoT Solutions,24,24-06-2024,14-06-2026,No,Not Renewed
CN005865,C0010543,PL016,Fiber Broadband,12,01-01-2014,27-12-2014,No,Pending
CN005866,C0010544,PL005,Prepaid Mobile,12,01-01-2014,27-12-2014,No,Auto-Renewed
CN005867,C0010545,PL010,Postpaid Mobile,12,11-03-2020,06-03-2021,No,Pending
CN005868,C0010546,PL021,Enterprise,12,17-04-2019,11-04-2020,Yes,Auto-Renewed
CN005869,C0010547,PL015,Fiber Broadband,12,01-01-2014,27-12-2014,No,Active
CN005870,C0010549,PL024,IoT Solutions,12,05-10-2022,30-09-2023,Yes,Renewed
CN005871,C0010552,PL008,Postpaid Mobile,12,02-03-2016,25-02-2017,No,Renewed
CN005872,C0010553,PL021,Enterprise,24,20-05-2018,09-05-2020,No,Renewed
CN005873,C0010561,PL009,Postpaid Mobile,36,19-05-2024,04-05-2027,Yes,Renewed
CN005874,C0010562,PL006,Prepaid Mobile,12,01-01-2014,27-12-2014,No,Renewed
CN005875,C0010563,PL010,Postpaid Mobile,18,20-06-2022,12-12-2023,No,Active
CN005876,C0010565,PL009,Postpaid Mobile,12,16-10-2018,11-10-2019,No,Renewed
CN005877,C0010566,PL025,Smart Home,18,01-07-2019,22-12-2020,No,Renewed
CN005878,C0010568,PL015,Fiber Broadband,18,01-01-2014,25-06-2015,No,Not Renewed
CN005879,C0010570,PL010,Postpaid Mobile,24,01-01-2021,22-12-2022,Yes,Auto-Renewed
CN005880,C0010575,PL005,Prepaid Mobile,12,23-03-2016,18-03-2017,Yes,Renewed
CN005881,C0010576,PL022,Enterprise,36,01-01-2014,16-12-2016,No,Renewed
CN005882,C0010579,PL009,Postpaid Mobile,18,23-08-2020,14-02-2022,Yes,Renewed
CN005883,C0010581,PL006,Prepaid Mobile,36,14-07-2017,28-06-2020,Yes,Auto-Renewed
CN005884,C0010582,PL007,Postpaid Mobile,24,07-05-2016,27-04-2018,Yes,Not Renewed
CN005885,C0010584,PL005,Prepaid Mobile,24,16-02-2025,06-02-2027,Yes,Auto-Renewed
CN005886,C0010586,PL025,Smart Home,12,04-11-2021,30-10-2022,Yes,Active
CN005887,C0010588,PL018,Fiber Broadband,18,01-01-2014,25-06-2015,Yes,Auto-Renewed
CN005888,C0010590,PL010,Postpaid Mobile,12,02-05-2017,27-04-2018,Yes,Not Renewed
CN005889,C0010592,PL006,Prepaid Mobile,12,26-04-2022,21-04-2023,Yes,Active
CN005890,C0010594,PL023,IoT Solutions,36,27-08-2020,12-08-2023,Yes,Renewed
CN005891,C0010598,PL021,Enterprise,12,01-01-2014,27-12-2014,Yes,Active
CN005892,C0010600,PL022,Enterprise,12,01-01-2014,27-12-2014,Yes,Not Renewed
CN005893,C0010601,PL005,Prepaid Mobile,24,01-01-2014,22-12-2015,Yes,Active
CN005894,C0010604,PL005,Prepaid Mobile,36,19-05-2020,04-05-2023,No,Active
CN005895,C0010606,PL011,Postpaid Mobile,12,11-10-2024,06-10-2025,Yes,Auto-Renewed
CN005896,C0010607,PL011,Postpaid Mobile,12,14-12-2024,09-12-2025,No,Pending
CN005897,C0010609,PL025,Smart Home,12,24-04-2015,18-04-2016,No,Cancelled
CN005898,C0010615,PL023,IoT Solutions,24,29-12-2017,19-12-2019,No,Renewed
CN005899,C0010619,PL021,Enterprise,12,27-12-2017,22-12-2018,No,Renewed
CN005900,C0010620,PL010,Postpaid Mobile,12,16-09-2021,11-09-2022,Yes,Auto-Renewed
CN005901,C0010622,PL015,Fiber Broadband,18,09-01-2017,03-07-2018,Yes,Pending
CN005902,C0010623,PL024,IoT Solutions,24,07-01-2014,28-12-2015,Yes,Pending
CN005903,C0010624,PL006,Prepaid Mobile,24,16-07-2016,06-07-2018,Yes,Renewed
CN005904,C0010630,PL005,Prepaid Mobile,24,01-01-2014,22-12-2015,Yes,Auto-Renewed
CN005905,C0010631,PL006,Prepaid Mobile,36,27-01-2016,11-01-2019,Yes,Not Renewed
CN005906,C0010632,PL021,Enterprise,12,18-12-2014,13-12-2015,Yes,Pending
CN005907,C0010633,PL018,Fiber Broadband,24,01-01-2014,22-12-2015,No,Active
CN005908,C0010635,PL008,Postpaid Mobile,12,10-07-2015,04-07-2016,Yes,Pending
CN005909,C0010641,PL005,Prepaid Mobile,36,01-01-2014,16-12-2016,Yes,Active
CN005910,C0010642,PL006,Prepaid Mobile,18,16-03-2025,07-09-2026,No,Cancelled
CN005911,C0010647,PL017,Fiber Broadband,12,27-03-2024,22-03-2025,Yes,Renewed
CN005912,C0010649,PL024,IoT Solutions,12,19-06-2016,14-06-2017,Yes,Active
CN005913,C0010651,PL007,Postpaid Mobile,12,16-04-2016,11-04-2017,No,Auto-Renewed
CN005914,C0010652,PL024,IoT Solutions,12,01-03-2021,24-02-2022,Yes,Cancelled
CN005915,C0010654,PL025,Smart Home,24,26-11-2014,15-11-2016,Yes,Renewed
CN005916,C0010655,PL022,Enterprise,12,31-10-2018,26-10-2019,No,Renewed
CN005917,C0010656,PL015,Fiber Broadband,12,23-07-2021,18-07-2022,Yes,Renewed
CN005918,C0010657,PL018,Fiber Broadband,12,01-01-2014,27-12-2014,No,Renewed
CN005919,C0010660,PL007,Postpaid Mobile,24,02-06-2017,23-05-2019,Yes,Renewed
CN005920,C0010662,PL008,Postpaid Mobile,12,21-09-2016,16-09-2017,Yes,Renewed
CN005921,C0010663,PL021,Enterprise,12,01-01-2014,27-12-2014,No,Active
CN005922,C0010670,PL015,Fiber Broadband,36,01-01-2014,16-12-2016,No,Active
CN005923,C0010671,PL007,Postpaid Mobile,12,23-04-2023,17-04-2024,No,Renewed
CN005924,C0010672,PL007,Postpaid Mobile,12,11-03-2024,06-03-2025,No,Not Renewed
CN005925,C0010673,PL015,Fiber Broadband,12,28-04-2017,23-04-2018,No,Renewed
CN005926,C0010674,PL021,Enterprise,12,04-05-2015,28-04-2016,No,Renewed
CN005927,C0010675,PL010,Postpaid Mobile,36,31-10-2020,16-10-2023,Yes,Auto-Renewed
CN005928,C0010679,PL006,Prepaid Mobile,12,01-01-2014,27-12-2014,Yes,Renewed
CN005929,C0010680,PL022,Enterprise,24,23-02-2022,13-02-2024,No,Renewed
CN005930,C0010682,PL022,Enterprise,12,01-01-2014,27-12-2014,Yes,Renewed
CN005931,C0010684,PL005,Prepaid Mobile,12,18-06-2021,13-06-2022,No,Auto-Renewed
CN005932,C0010685,PL006,Prepaid Mobile,24,01-01-2014,22-12-2015,Yes,Pending
CN005933,C0010686,PL008,Postpaid Mobile,12,13-02-2018,08-02-2019,Yes,Renewed
CN005934,C0010690,PL006,Prepaid Mobile,12,07-02-2025,02-02-2026,Yes,Not Renewed
CN005935,C0010691,PL010,Postpaid Mobile,18,10-03-2021,01-09-2022,No,Renewed
CN005936,C0010692,PL008,Postpaid Mobile,36,21-06-2022,05-06-2025,No,Active
CN005937,C0010693,PL005,Prepaid Mobile,12,07-06-2018,02-06-2019,No,Auto-Renewed
CN005938,C0010694,PL007,Postpaid Mobile,18,06-11-2014,29-04-2016,No,Not Renewed
CN005939,C0010695,PL007,Postpaid Mobile,12,15-02-2020,09-02-2021,No,Auto-Renewed
CN005940,C0010699,PL008,Postpaid Mobile,36,25-05-2016,10-05-2019,Yes,Renewed
CN005941,C0010700,PL011,Postpaid Mobile,24,04-03-2019,21-02-2021,No,Pending
CN005942,C0010701,PL007,Postpaid Mobile,24,28-07-2023,17-07-2025,No,Cancelled
CN005943,C0010703,PL007,Postpaid Mobile,24,03-10-2017,23-09-2019,No,Not Renewed
CN005944,C0010704,PL009,Postpaid Mobile,36,01-08-2014,16-07-2017,No,Not Renewed
CN005945,C0010705,PL025,Smart Home,12,10-08-2020,05-08-2021,No,Renewed
CN005946,C0010707,PL011,Postpaid Mobile,12,01-01-2014,27-12-2014,Yes,Renewed
CN005947,C0010708,PL023,IoT Solutions,18,24-09-2019,17-03-2021,Yes,Auto-Renewed
CN005948,C0010709,PL008,Postpaid Mobile,12,10-04-2024,05-04-2025,Yes,Auto-Renewed
CN005949,C0010711,PL005,Prepaid Mobile,12,07-07-2018,02-07-2019,No,Cancelled
CN005950,C0010712,PL007,Postpaid Mobile,18,24-09-2016,18-03-2018,No,Renewed
CN005951,C0010713,PL007,Postpaid Mobile,18,15-05-2021,06-11-2022,No,Auto-Renewed
CN005952,C0010714,PL007,Postpaid Mobile,18,26-06-2025,18-12-2026,Yes,Active
CN005953,C0010715,PL016,Fiber Broadband,18,12-06-2025,04-12-2026,Yes,Renewed
CN005954,C0010719,PL005,Prepaid Mobile,12,11-07-2018,06-07-2019,Yes,Pending
CN005955,C0010720,PL022,Enterprise,24,05-02-2021,26-01-2023,No,Pending
CN005956,C0010722,PL006,Prepaid Mobile,24,01-01-2014,22-12-2015,Yes,Renewed
CN005957,C0010725,PL011,Postpaid Mobile,12,03-05-2024,28-04-2025,Yes,Renewed
CN005958,C0010728,PL006,Prepaid Mobile,12,10-05-2016,05-05-2017,No,Active
CN005959,C0010730,PL018,Fiber Broadband,24,03-01-2022,24-12-2023,Yes,Renewed
CN005960,C0010733,PL006,Prepaid Mobile,12,03-07-2017,28-06-2018,Yes,Pending
CN005961,C0010734,PL010,Postpaid Mobile,24,27-09-2025,17-09-2027,No,Renewed
CN005962,C0010736,PL024,IoT Solutions,12,23-05-2016,18-05-2017,Yes,Cancelled
CN005963,C0010737,PL007,Postpaid Mobile,12,16-02-2016,10-02-2017,Yes,Active
CN005964,C0010739,PL017,Fiber Broadband,12,26-08-2017,21-08-2018,Yes,Not Renewed
CN005965,C0010740,PL009,Postpaid Mobile,12,15-06-2025,10-06-2026,No,Renewed
CN005966,C0010741,PL018,Fiber Broadband,36,01-01-2014,16-12-2016,Yes,Active
CN005967,C0010742,PL006,Prepaid Mobile,24,01-01-2014,22-12-2015,No,Pending
CN005968,C0010743,PL017,Fiber Broadband,12,29-10-2016,24-10-2017,No,Auto-Renewed
CN005969,C0010744,PL009,Postpaid Mobile,18,16-02-2019,09-08-2020,Yes,Renewed
CN005970,C0010745,PL017,Fiber Broadband,12,27-03-2022,22-03-2023,No,Active
CN005971,C0010749,PL010,Postpaid Mobile,24,30-05-2018,19-05-2020,Yes,Pending
CN005972,C0010750,PL018,Fiber Broadband,24,22-05-2021,12-05-2023,No,Auto-Renewed
CN005973,C0010751,PL008,Postpaid Mobile,24,09-12-2018,28-11-2020,Yes,Auto-Renewed
CN005974,C0010752,PL006,Prepaid Mobile,24,01-01-2014,22-12-2015,Yes,Auto-Renewed
CN005975,C0010754,PL010,Postpaid Mobile,24,16-07-2021,06-07-2023,No,Pending
CN005976,C0010755,PL023,IoT Solutions,24,19-02-2019,08-02-2021,Yes,Pending
CN005977,C0010756,PL017,Fiber Broadband,36,13-02-2019,28-01-2022,No,Auto-Renewed
CN005978,C0010757,PL017,Fiber Broadband,36,01-01-2014,16-12-2016,No,Active
CN005979,C0010758,PL016,Fiber Broadband,24,31-12-2020,21-12-2022,Yes,Active
CN005980,C0010759,PL010,Postpaid Mobile,12,28-04-2021,23-04-2022,Yes,Cancelled
CN005981,C0010760,PL006,Prepaid Mobile,18,19-12-2017,12-06-2019,No,Active
CN005982,C0010761,PL011,Postpaid Mobile,24,01-01-2014,22-12-2015,No,Active
CN005983,C0010762,PL024,IoT Solutions,18,07-08-2014,29-01-2016,No,Auto-Renewed
CN005984,C0010767,PL006,Prepaid Mobile,36,13-02-2019,28-01-2022,Yes,Renewed
CN005985,C0010769,PL015,Fiber Broadband,12,20-09-2025,15-09-2026,Yes,Not Renewed
CN005986,C0010770,PL005,Prepaid Mobile,12,24-04-2023,18-04-2024,No,Not Renewed
CN005987,C0010772,PL022,Enterprise,36,01-01-2014,16-12-2016,Yes,Not Renewed
CN005988,C0010773,PL023,IoT Solutions,36,17-08-2017,01-08-2020,Yes,Renewed
CN005989,C0010776,PL006,Prepaid Mobile,24,21-12-2014,10-12-2016,No,Renewed
CN005990,C0010778,PL005,Prepaid Mobile,24,01-01-2014,22-12-2015,Yes,Auto-Renewed
CN005991,C0010780,PL011,Postpaid Mobile,12,01-01-2014,27-12-2014,Yes,Active
CN005992,C0010781,PL006,Prepaid Mobile,36,30-11-2024,15-11-2027,No,Pending
CN005993,C0010784,PL017,Fiber Broadband,18,12-08-2014,03-02-2016,Yes,Renewed
CN005994,C0010785,PL006,Prepaid Mobile,12,14-01-2020,08-01-2021,Yes,Pending
CN005995,C0010787,PL011,Postpaid Mobile,12,20-06-2019,14-06-2020,Yes,Renewed
CN005996,C0010789,PL016,Fiber Broadband,12,01-01-2014,27-12-2014,No,Renewed
CN005997,C0010790,PL011,Postpaid Mobile,18,01-01-2014,25-06-2015,Yes,Active
CN005998,C0010791,PL005,Prepaid Mobile,18,09-06-2018,01-12-2019,No,Pending
CN005999,C0010793,PL011,Postpaid Mobile,24,01-01-2014,22-12-2015,No,Renewed
CN006000,C0010794,PL021,Enterprise,12,03-04-2017,29-03-2018,No,Auto-Renewed
CN006001,C0010795,PL005,Prepaid Mobile,18,01-01-2014,25-06-2015,Yes,Auto-Renewed
CN006002,C0010801,PL009,Postpaid Mobile,36,09-07-2015,23-06-2018,Yes,Not Renewed
CN006003,C0010804,PL015,Fiber Broadband,36,01-01-2014,16-12-2016,Yes,Not Renewed
CN006004,C0010805,PL017,Fiber Broadband,12,08-02-2023,03-02-2024,Yes,Renewed
CN006005,C0010806,PL017,Fiber Broadband,24,01-01-2014,22-12-2015,No,Not Renewed
CN006006,C0010807,PL009,Postpaid Mobile,24,22-01-2025,12-01-2027,Yes,Renewed
CN006007,C0010809,PL022,Enterprise,24,01-01-2014,22-12-2015,No,Not Renewed
CN006008,C0010810,PL006,Prepaid Mobile,18,01-01-2014,25-06-2015,Yes,Renewed
CN006009,C0010812,PL008,Postpaid Mobile,18,04-04-2016,26-09-2017,No,Cancelled
CN006010,C0010818,PL016,Fiber Broadband,18,01-01-2014,25-06-2015,No,Active
CN006011,C0010823,PL006,Prepaid Mobile,12,14-03-2024,09-03-2025,Yes,Auto-Renewed
CN006012,C0010824,PL007,Postpaid Mobile,18,19-02-2020,12-08-2021,No,Pending
CN006013,C0010828,PL010,Postpaid Mobile,12,19-04-2017,14-04-2018,No,Auto-Renewed
CN006014,C0010829,PL008,Postpaid Mobile,18,08-06-2017,30-11-2018,Yes,Renewed
CN006015,C0010831,PL024,IoT Solutions,24,17-11-2017,07-11-2019,No,Renewed
CN006016,C0010832,PL021,Enterprise,18,01-01-2014,25-06-2015,No,Renewed
CN006017,C0010834,PL005,Prepaid Mobile,24,01-01-2014,22-12-2015,Yes,Auto-Renewed
CN006018,C0010835,PL008,Postpaid Mobile,36,19-02-2018,03-02-2021,Yes,Pending
CN006019,C0010836,PL006,Prepaid Mobile,24,01-01-2014,22-12-2015,Yes,Pending
CN006020,C0010837,PL009,Postpaid Mobile,24,24-09-2025,14-09-2027,No,Not Renewed
CN006021,C0010838,PL022,Enterprise,12,01-01-2014,27-12-2014,Yes,Renewed
CN006022,C0010841,PL017,Fiber Broadband,12,01-01-2014,27-12-2014,Yes,Renewed
CN006023,C0010844,PL010,Postpaid Mobile,36,13-11-2014,28-10-2017,Yes,Renewed
CN006024,C0010847,PL008,Postpaid Mobile,24,01-02-2022,22-01-2024,Yes,Renewed
CN006025,C0010848,PL006,Prepaid Mobile,24,01-01-2014,22-12-2015,Yes,Renewed
CN006026,C0010851,PL018,Fiber Broadband,12,01-01-2014,27-12-2014,Yes,Active
CN006027,C0010852,PL011,Postpaid Mobile,12,15-02-2025,10-02-2026,Yes,Renewed
CN006028,C0010856,PL011,Postpaid Mobile,12,26-03-2016,21-03-2017,Yes,Active
CN006029,C0010857,PL018,Fiber Broadband,18,06-08-2016,28-01-2018,Yes,Active
CN006030,C0010858,PL022,Enterprise,12,30-06-2016,25-06-2017,Yes,Renewed
CN006031,C0010859,PL006,Prepaid Mobile,24,01-01-2014,22-12-2015,No,Auto-Renewed
CN006032,C0010861,PL008,Postpaid Mobile,18,05-04-2014,27-09-2015,Yes,Active
CN006033,C0010863,PL011,Postpaid Mobile,18,11-05-2021,02-11-2022,Yes,Pending
CN006034,C0010865,PL025,Smart Home,12,17-11-2019,11-11-2020,Yes,Pending
CN006035,C0010867,PL015,Fiber Broadband,12,01-01-2014,27-12-2014,No,Renewed
CN006036,C0010869,PL025,Smart Home,12,18-08-2025,13-08-2026,No,Active
CN006037,C0010870,PL011,Postpaid Mobile,12,01-01-2014,27-12-2014,Yes,Active
CN006038,C0010871,PL011,Postpaid Mobile,12,10-01-2020,04-01-2021,Yes,Auto-Renewed
CN006039,C0010872,PL024,IoT Solutions,18,09-04-2018,01-10-2019,No,Renewed
CN006040,C0010874,PL008,Postpaid Mobile,24,22-12-2019,11-12-2021,Yes,Cancelled
CN006041,C0010877,PL005,Prepaid Mobile,12,01-01-2014,27-12-2014,No,Renewed
CN006042,C0010882,PL016,Fiber Broadband,24,01-01-2014,22-12-2015,No,Auto-Renewed
CN006043,C0010883,PL010,Postpaid Mobile,12,18-05-2022,13-05-2023,Yes,Renewed
CN006044,C0010885,PL011,Postpaid Mobile,12,01-01-2014,27-12-2014,Yes,Renewed
CN006045,C0010886,PL011,Postpaid Mobile,12,30-07-2017,25-07-2018,Yes,Auto-Renewed
CN006046,C0010887,PL009,Postpaid Mobile,24,11-10-2018,30-09-2020,Yes,Renewed
CN006047,C0010890,PL005,Prepaid Mobile,12,30-04-2014,25-04-2015,No,Pending
CN006048,C0010891,PL005,Prepaid Mobile,24,01-05-2025,21-04-2027,No,Cancelled
CN006049,C0010892,PL011,Postpaid Mobile,24,14-04-2017,04-04-2019,Yes,Renewed
CN006050,C0010893,PL009,Postpaid Mobile,24,02-04-2024,23-03-2026,No,Renewed
CN006051,C0010896,PL016,Fiber Broadband,24,01-01-2014,22-12-2015,No,Renewed
CN006052,C0010897,PL006,Prepaid Mobile,12,03-11-2018,29-10-2019,Yes,Cancelled
CN006053,C0010898,PL018,Fiber Broadband,24,25-05-2023,14-05-2025,No,Renewed
CN006054,C0010899,PL021,Enterprise,12,16-11-2024,11-11-2025,Yes,Renewed
CN006055,C0010902,PL005,Prepaid Mobile,24,27-09-2023,16-09-2025,No,Auto-Renewed
CN006056,C0010904,PL022,Enterprise,18,18-03-2017,09-09-2018,No,Renewed
CN006057,C0010905,PL005,Prepaid Mobile,12,20-09-2023,14-09-2024,Yes,Active
CN006058,C0010906,PL024,IoT Solutions,24,03-04-2019,23-03-2021,Yes,Cancelled
CN006059,C0010907,PL005,Prepaid Mobile,12,01-01-2014,27-12-2014,Yes,Renewed
CN006060,C0010909,PL005,Prepaid Mobile,36,26-10-2021,10-10-2024,No,Pending
CN006061,C0010911,PL006,Prepaid Mobile,24,30-12-2015,19-12-2017,Yes,Active
CN006062,C0010912,PL006,Prepaid Mobile,36,21-12-2025,05-12-2028,Yes,Pending
CN006063,C0010913,PL007,Postpaid Mobile,12,05-03-2023,28-02-2024,No,Cancelled
CN006064,C0010915,PL010,Postpaid Mobile,36,12-06-2016,28-05-2019,No,Pending
CN006065,C0010920,PL024,IoT Solutions,36,15-10-2019,29-09-2022,No,Active
CN006066,C0010921,PL006,Prepaid Mobile,12,16-11-2021,11-11-2022,No,Auto-Renewed
CN006067,C0010922,PL011,Postpaid Mobile,12,16-07-2016,11-07-2017,No,Pending
CN006068,C0010923,PL010,Postpaid Mobile,12,12-01-2019,07-01-2020,Yes,Active
CN006069,C0010925,PL006,Prepaid Mobile,18,01-01-2014,25-06-2015,No,Auto-Renewed
CN006070,C0010926,PL010,Postpaid Mobile,24,19-04-2017,09-04-2019,Yes,Renewed
CN006071,C0010927,PL006,Prepaid Mobile,24,01-01-2014,22-12-2015,No,Active
CN006072,C0010928,PL005,Prepaid Mobile,12,09-03-2019,03-03-2020,Yes,Pending
CN006073,C0010930,PL017,Fiber Broadband,24,01-01-2014,22-12-2015,No,Not Renewed
CN006074,C0010931,PL010,Postpaid Mobile,12,27-01-2020,21-01-2021,No,Pending
CN006075,C0010932,PL008,Postpaid Mobile,18,09-02-2015,02-08-2016,Yes,Renewed
CN006076,C0010933,PL021,Enterprise,12,01-01-2014,27-12-2014,Yes,Active
CN006077,C0010936,PL006,Prepaid Mobile,24,01-01-2014,22-12-2015,Yes,Active
CN006078,C0010938,PL011,Postpaid Mobile,12,27-12-2019,21-12-2020,Yes,Renewed
CN006079,C0010939,PL005,Prepaid Mobile,12,09-04-2014,04-04-2015,Yes,Pending
CN006080,C0010940,PL009,Postpaid Mobile,24,18-11-2025,08-11-2027,No,Renewed
CN006081,C0010941,PL015,Fiber Broadband,24,01-01-2014,22-12-2015,Yes,Cancelled
CN006082,C0010945,PL006,Prepaid Mobile,18,26-06-2025,18-12-2026,No,Cancelled
CN006083,C0010946,PL018,Fiber Broadband,24,09-11-2015,29-10-2017,No,Active
CN006084,C0010948,PL008,Postpaid Mobile,36,15-10-2022,29-09-2025,No,Renewed
CN006085,C0010950,PL005,Prepaid Mobile,12,01-01-2014,27-12-2014,Yes,Auto-Renewed
CN006086,C0010952,PL009,Postpaid Mobile,24,26-12-2021,16-12-2023,Yes,Renewed
CN006087,C0010953,PL009,Postpaid Mobile,24,02-03-2019,19-02-2021,No,Active
CN006088,C0010955,PL008,Postpaid Mobile,12,21-01-2015,16-01-2016,Yes,Not Renewed
CN006089,C0010956,PL010,Postpaid Mobile,24,16-05-2018,05-05-2020,No,Renewed
CN006090,C0010958,PL009,Postpaid Mobile,12,07-02-2016,01-02-2017,Yes,Renewed
CN006091,C0010960,PL005,Prepaid Mobile,36,01-09-2025,16-08-2028,Yes,Active
CN006092,C0010961,PL016,Fiber Broadband,36,01-01-2014,16-12-2016,Yes,Renewed
CN006093,C0010962,PL005,Prepaid Mobile,12,17-05-2022,12-05-2023,No,Renewed
CN006094,C0010964,PL008,Postpaid Mobile,12,14-12-2023,08-12-2024,Yes,Auto-Renewed
CN006095,C0010965,PL023,IoT Solutions,12,22-04-2014,17-04-2015,Yes,Pending
CN006096,C0010968,PL006,Prepaid Mobile,12,03-05-2014,28-04-2015,Yes,Pending
CN006097,C0010970,PL021,Enterprise,12,28-01-2016,22-01-2017,Yes,Active
CN006098,C0010971,PL022,Enterprise,12,01-01-2014,27-12-2014,No,Pending
CN006099,C0010972,PL018,Fiber Broadband,12,29-12-2022,24-12-2023,Yes,Auto-Renewed
CN006100,C0010973,PL005,Prepaid Mobile,18,01-01-2014,25-06-2015,No,Active
CN006101,C0010974,PL005,Prepaid Mobile,36,01-01-2014,16-12-2016,No,Renewed
CN006102,C0010975,PL011,Postpaid Mobile,24,26-10-2019,15-10-2021,No,Pending
CN006103,C0010977,PL007,Postpaid Mobile,24,11-04-2021,01-04-2023,Yes,Renewed
CN006104,C0010981,PL006,Prepaid Mobile,12,22-03-2023,16-03-2024,Yes,Renewed
CN006105,C0010982,PL010,Postpaid Mobile,12,19-10-2014,14-10-2015,No,Auto-Renewed
CN006106,C0010985,PL005,Prepaid Mobile,24,01-01-2020,21-12-2021,No,Renewed
CN006107,C0010987,PL005,Prepaid Mobile,12,07-02-2026,02-02-2027,Yes,Not Renewed
CN006108,C0010988,PL011,Postpaid Mobile,12,14-06-2017,09-06-2018,Yes,Pending
CN006109,C0010990,PL006,Prepaid Mobile,12,01-01-2014,27-12-2014,No,Renewed
CN006110,C0010994,PL007,Postpaid Mobile,24,01-06-2022,21-05-2024,No,Cancelled
CN006111,C0010995,PL017,Fiber Broadband,12,01-01-2014,27-12-2014,Yes,Pending
CN006112,C0010996,PL009,Postpaid Mobile,12,01-07-2017,26-06-2018,Yes,Renewed
CN006113,C0010998,PL005,Prepaid Mobile,18,01-01-2014,25-06-2015,Yes,Auto-Renewed
CN006114,C0011002,PL005,Prepaid Mobile,36,26-06-2021,10-06-2024,Yes,Auto-Renewed
CN006115,C0011004,PL006,Prepaid Mobile,36,01-01-2014,16-12-2016,No,Active
CN006116,C0011005,PL007,Postpaid Mobile,24,27-01-2020,16-01-2022,Yes,Renewed
CN006117,C0011008,PL022,Enterprise,12,08-06-2022,03-06-2023,No,Active
CN006118,C0011009,PL006,Prepaid Mobile,12,01-01-2014,27-12-2014,Yes,Renewed
CN006119,C0011011,PL009,Postpaid Mobile,24,18-08-2016,08-08-2018,Yes,Not Renewed
CN006120,C0011013,PL025,Smart Home,18,05-01-2023,28-06-2024,No,Active
CN006121,C0011014,PL010,Postpaid Mobile,12,15-03-2018,10-03-2019,No,Not Renewed
CN006122,C0011016,PL022,Enterprise,36,01-01-2014,16-12-2016,No,Auto-Renewed
CN006123,C0011022,PL006,Prepaid Mobile,12,22-04-2014,17-04-2015,Yes,Active
CN006124,C0011023,PL007,Postpaid Mobile,36,19-08-2017,03-08-2020,Yes,Auto-Renewed
CN006125,C0011028,PL016,Fiber Broadband,36,01-01-2014,16-12-2016,No,Renewed
CN006126,C0011029,PL005,Prepaid Mobile,18,01-01-2014,25-06-2015,No,Active
CN006127,C0011030,PL005,Prepaid Mobile,36,02-02-2016,17-01-2019,Yes,Renewed
CN006128,C0011032,PL016,Fiber Broadband,18,01-01-2014,25-06-2015,No,Not Renewed
CN006129,C0011033,PL005,Prepaid Mobile,24,01-01-2014,22-12-2015,Yes,Auto-Renewed
CN006130,C0011038,PL022,Enterprise,12,01-01-2014,27-12-2014,Yes,Renewed
CN006131,C0011042,PL022,Enterprise,12,01-01-2014,27-12-2014,Yes,Pending
CN006132,C0011044,PL008,Postpaid Mobile,24,08-07-2017,28-06-2019,Yes,Renewed
CN006133,C0011046,PL016,Fiber Broadband,12,01-01-2014,27-12-2014,Yes,Auto-Renewed
CN006134,C0011051,PL021,Enterprise,12,08-02-2026,03-02-2027,Yes,Auto-Renewed
CN006135,C0011054,PL006,Prepaid Mobile,12,16-03-2020,11-03-2021,No,Active
CN006136,C0011055,PL009,Postpaid Mobile,24,29-04-2016,19-04-2018,Yes,Auto-Renewed
CN006137,C0011056,PL010,Postpaid Mobile,12,11-10-2022,06-10-2023,No,Auto-Renewed
CN006138,C0011057,PL005,Prepaid Mobile,24,01-01-2014,22-12-2015,Yes,Renewed
CN006139,C0011058,PL006,Prepaid Mobile,12,11-01-2014,06-01-2015,No,Renewed
CN006140,C0011060,PL005,Prepaid Mobile,12,01-01-2014,27-12-2014,No,Renewed
CN006141,C0011062,PL025,Smart Home,12,18-03-2019,12-03-2020,No,Active
CN006142,C0011063,PL010,Postpaid Mobile,12,09-03-2020,04-03-2021,No,Renewed
CN006143,C0011064,PL010,Postpaid Mobile,36,12-10-2024,27-09-2027,Yes,Active
CN006144,C0011066,PL010,Postpaid Mobile,12,22-01-2014,17-01-2015,Yes,Renewed
CN006145,C0011068,PL021,Enterprise,12,01-01-2014,27-12-2014,Yes,Renewed
CN006146,C0011069,PL006,Prepaid Mobile,12,30-01-2021,25-01-2022,No,Renewed
CN006147,C0011074,PL005,Prepaid Mobile,18,17-05-2022,08-11-2023,No,Auto-Renewed
CN006148,C0011075,PL010,Postpaid Mobile,24,22-05-2020,12-05-2022,No,Pending
CN006149,C0011076,PL025,Smart Home,12,20-09-2023,14-09-2024,Yes,Auto-Renewed
CN006150,C0011077,PL023,IoT Solutions,24,18-12-2020,08-12-2022,Yes,Cancelled
CN006151,C0011079,PL010,Postpaid Mobile,12,14-05-2022,09-05-2023,No,Renewed
CN006152,C0011081,PL011,Postpaid Mobile,24,01-01-2014,22-12-2015,No,Auto-Renewed
CN006153,C0011083,PL018,Fiber Broadband,18,01-01-2014,25-06-2015,No,Auto-Renewed
CN006154,C0011085,PL022,Enterprise,12,01-01-2014,27-12-2014,Yes,Pending
CN006155,C0011086,PL015,Fiber Broadband,24,01-01-2014,22-12-2015,Yes,Renewed
CN006156,C0011087,PL006,Prepaid Mobile,24,30-05-2017,20-05-2019,Yes,Active
CN006157,C0011088,PL018,Fiber Broadband,12,01-01-2014,27-12-2014,Yes,Renewed
CN006158,C0011089,PL018,Fiber Broadband,12,01-01-2014,27-12-2014,Yes,Renewed
CN006159,C0011091,PL006,Prepaid Mobile,24,19-09-2024,09-09-2026,Yes,Pending
CN006160,C0011093,PL023,IoT Solutions,12,20-03-2014,15-03-2015,Yes,Auto-Renewed
CN006161,C0011094,PL015,Fiber Broadband,12,01-01-2014,27-12-2014,No,Pending
CN006162,C0011096,PL005,Prepaid Mobile,12,27-11-2021,22-11-2022,Yes,Renewed
CN006163,C0011097,PL005,Prepaid Mobile,12,23-02-2025,18-02-2026,No,Auto-Renewed
CN006164,C0011101,PL024,IoT Solutions,12,08-11-2022,03-11-2023,Yes,Active
CN006165,C0011106,PL022,Enterprise,12,05-03-2020,28-02-2021,Yes,Auto-Renewed
CN006166,C0011108,PL017,Fiber Broadband,18,17-05-2015,07-11-2016,Yes,Renewed
CN006167,C0011113,PL010,Postpaid Mobile,24,13-11-2019,02-11-2021,No,Active
CN006168,C0011114,PL021,Enterprise,12,01-01-2014,27-12-2014,No,Pending
CN006169,C0011115,PL010,Postpaid Mobile,12,09-03-2025,04-03-2026,No,Auto-Renewed
CN006170,C0011116,PL025,Smart Home,12,06-04-2015,31-03-2016,Yes,Auto-Renewed
CN006171,C0011117,PL009,Postpaid Mobile,12,09-09-2020,04-09-2021,No,Not Renewed
CN006172,C0011118,PL008,Postpaid Mobile,24,02-02-2022,23-01-2024,Yes,Renewed
CN006173,C0011119,PL008,Postpaid Mobile,12,06-11-2016,01-11-2017,Yes,Pending
CN006174,C0011121,PL007,Postpaid Mobile,36,05-05-2021,19-04-2024,Yes,Not Renewed
CN006175,C0011122,PL008,Postpaid Mobile,36,12-11-2015,27-10-2018,No,Not Renewed
CN006176,C0011124,PL006,Prepaid Mobile,12,21-10-2018,16-10-2019,No,Renewed
CN006177,C0011128,PL009,Postpaid Mobile,12,09-11-2023,03-11-2024,Yes,Auto-Renewed
CN006178,C0011129,PL007,Postpaid Mobile,12,17-01-2015,12-01-2016,No,Not Renewed
CN006179,C0011130,PL018,Fiber Broadband,24,28-12-2016,18-12-2018,Yes,Auto-Renewed
CN006180,C0011131,PL005,Prepaid Mobile,12,01-01-2014,27-12-2014,Yes,Renewed
CN006181,C0011132,PL009,Postpaid Mobile,12,07-04-2015,01-04-2016,Yes,Renewed
CN006182,C0011133,PL016,Fiber Broadband,12,05-12-2021,30-11-2022,No,Auto-Renewed
CN006183,C0011134,PL007,Postpaid Mobile,12,04-04-2025,30-03-2026,No,Renewed
CN006184,C0011136,PL010,Postpaid Mobile,18,30-09-2020,24-03-2022,Yes,Active
CN006185,C0011138,PL008,Postpaid Mobile,12,25-11-2016,20-11-2017,Yes,Active
CN006186,C0011142,PL017,Fiber Broadband,12,01-01-2014,27-12-2014,Yes,Renewed
CN006187,C0011144,PL011,Postpaid Mobile,12,01-01-2014,27-12-2014,Yes,Active
CN006188,C0011145,PL011,Postpaid Mobile,36,28-11-2018,12-11-2021,Yes,Active
CN006189,C0011147,PL009,Postpaid Mobile,36,03-11-2015,18-10-2018,No,Auto-Renewed
CN006190,C0011148,PL009,Postpaid Mobile,18,10-10-2020,03-04-2022,No,Cancelled
CN006191,C0011151,PL007,Postpaid Mobile,12,27-03-2023,21-03-2024,Yes,Auto-Renewed
CN006192,C0011153,PL006,Prepaid Mobile,24,01-01-2014,22-12-2015,Yes,Pending
CN006193,C0011154,PL008,Postpaid Mobile,24,27-08-2017,17-08-2019,No,Active
CN006194,C0011156,PL011,Postpaid Mobile,12,01-01-2014,27-12-2014,Yes,Renewed
CN006195,C0011157,PL008,Postpaid Mobile,12,30-05-2023,24-05-2024,Yes,Not Renewed
CN006196,C0011158,PL021,Enterprise,36,13-06-2025,28-05-2028,No,Renewed
CN006197,C0011159,PL005,Prepaid Mobile,12,01-01-2014,27-12-2014,No,Renewed
CN006198,C0011160,PL011,Postpaid Mobile,18,01-01-2014,25-06-2015,Yes,Renewed
CN006199,C0011163,PL005,Prepaid Mobile,12,01-01-2014,27-12-2014,Yes,Active
CN006200,C0011167,PL016,Fiber Broadband,12,01-01-2014,27-12-2014,Yes,Pending
CN006201,C0011169,PL007,Postpaid Mobile,12,18-08-2017,13-08-2018,No,Active
CN006202,C0011172,PL005,Prepaid Mobile,12,16-09-2021,11-09-2022,Yes,Renewed
CN006203,C0011173,PL025,Smart Home,12,16-10-2025,11-10-2026,No,Not Renewed
CN006204,C0011174,PL005,Prepaid Mobile,12,17-04-2014,12-04-2015,Yes,Not Renewed
CN006205,C0011175,PL005,Prepaid Mobile,24,01-01-2014,22-12-2015,Yes,Pending
CN006206,C0011178,PL010,Postpaid Mobile,18,03-01-2018,27-06-2019,Yes,Renewed
CN006207,C0011179,PL016,Fiber Broadband,18,01-01-2014,25-06-2015,Yes,Pending
CN006208,C0011180,PL016,Fiber Broadband,24,09-09-2019,29-08-2021,Yes,Not Renewed
CN006209,C0011181,PL011,Postpaid Mobile,36,01-01-2014,16-12-2016,Yes,Not Renewed
CN006210,C0011182,PL009,Postpaid Mobile,18,21-07-2023,11-01-2025,Yes,Not Renewed
CN006211,C0011184,PL017,Fiber Broadband,18,01-01-2014,25-06-2015,No,Active
CN006212,C0011186,PL015,Fiber Broadband,12,01-01-2014,27-12-2014,No,Auto-Renewed
CN006213,C0011189,PL009,Postpaid Mobile,18,18-10-2017,11-04-2019,No,Pending
CN006214,C0011191,PL006,Prepaid Mobile,24,01-01-2014,22-12-2015,No,Renewed
CN006215,C0011193,PL015,Fiber Broadband,24,19-12-2015,08-12-2017,Yes,Renewed
CN006216,C0011196,PL022,Enterprise,24,26-08-2016,16-08-2018,Yes,Auto-Renewed
CN006217,C0011198,PL025,Smart Home,24,02-07-2020,22-06-2022,Yes,Renewed
CN006218,C0011199,PL005,Prepaid Mobile,12,02-02-2021,28-01-2022,Yes,Auto-Renewed
CN006219,C0011201,PL009,Postpaid Mobile,18,25-10-2019,17-04-2021,Yes,Renewed
CN006220,C0011203,PL009,Postpaid Mobile,24,09-09-2020,30-08-2022,Yes,Not Renewed
CN006221,C0011204,PL016,Fiber Broadband,36,18-02-2015,02-02-2018,Yes,Renewed
CN006222,C0011206,PL009,Postpaid Mobile,12,12-04-2021,07-04-2022,No,Active
CN006223,C0011207,PL018,Fiber Broadband,12,01-01-2014,27-12-2014,No,Active
CN006224,C0011208,PL017,Fiber Broadband,12,17-03-2023,11-03-2024,No,Active
CN006225,C0011213,PL009,Postpaid Mobile,12,22-10-2019,16-10-2020,Yes,Pending
CN006226,C0011214,PL010,Postpaid Mobile,12,17-12-2019,11-12-2020,No,Renewed
CN006227,C0011215,PL016,Fiber Broadband,12,01-01-2014,27-12-2014,No,Auto-Renewed
CN006228,C0011217,PL005,Prepaid Mobile,24,31-01-2022,21-01-2024,No,Pending
CN006229,C0011218,PL006,Prepaid Mobile,18,27-01-2021,21-07-2022,Yes,Renewed
CN006230,C0011219,PL022,Enterprise,12,01-01-2014,27-12-2014,Yes,Renewed
CN006231,C0011221,PL005,Prepaid Mobile,12,01-01-2014,27-12-2014,No,Not Renewed
CN006232,C0011224,PL023,IoT Solutions,24,21-08-2025,11-08-2027,Yes,Cancelled
CN006233,C0011226,PL022,Enterprise,12,22-11-2022,17-11-2023,Yes,Active
CN006234,C0011227,PL023,IoT Solutions,24,29-07-2021,19-07-2023,No,Renewed
CN006235,C0011228,PL006,Prepaid Mobile,24,22-05-2024,12-05-2026,No,Not Renewed
CN006236,C0011229,PL016,Fiber Broadband,12,01-01-2014,27-12-2014,No,Renewed
CN006237,C0011230,PL015,Fiber Broadband,24,01-01-2014,22-12-2015,Yes,Auto-Renewed
CN006238,C0011232,PL006,Prepaid Mobile,12,27-07-2015,21-07-2016,No,Pending
CN006239,C0011234,PL011,Postpaid Mobile,12,28-04-2020,23-04-2021,Yes,Auto-Renewed
CN006240,C0011235,PL010,Postpaid Mobile,18,13-01-2016,06-07-2017,No,Auto-Renewed
CN006241,C0011237,PL007,Postpaid Mobile,18,27-11-2015,20-05-2017,Yes,Not Renewed
CN006242,C0011238,PL017,Fiber Broadband,24,22-05-2023,11-05-2025,Yes,Cancelled
CN006243,C0011239,PL010,Postpaid Mobile,24,17-07-2021,07-07-2023,Yes,Renewed
CN006244,C0011240,PL009,Postpaid Mobile,12,10-02-2026,05-02-2027,No,Not Renewed
CN006245,C0011242,PL009,Postpaid Mobile,18,26-05-2022,17-11-2023,Yes,Renewed
CN006246,C0011243,PL006,Prepaid Mobile,12,01-01-2014,27-12-2014,Yes,Renewed
CN006247,C0011245,PL005,Prepaid Mobile,18,21-09-2024,15-03-2026,No,Renewed
CN006248,C0011247,PL007,Postpaid Mobile,24,21-05-2018,10-05-2020,Yes,Renewed
CN006249,C0011248,PL005,Prepaid Mobile,12,13-04-2019,07-04-2020,Yes,Renewed
CN006250,C0011249,PL025,Smart Home,24,04-11-2019,24-10-2021,Yes,Auto-Renewed
CN006251,C0011250,PL007,Postpaid Mobile,24,11-09-2015,31-08-2017,No,Not Renewed
CN006252,C0011253,PL011,Postpaid Mobile,12,01-01-2014,27-12-2014,No,Active
CN006253,C0011258,PL007,Postpaid Mobile,24,28-12-2016,18-12-2018,No,Auto-Renewed
CN006254,C0011259,PL007,Postpaid Mobile,36,18-06-2023,02-06-2026,Yes,Cancelled
CN006255,C0011265,PL010,Postpaid Mobile,18,13-01-2021,07-07-2022,No,Renewed
CN006256,C0011266,PL006,Prepaid Mobile,12,01-01-2014,27-12-2014,No,Auto-Renewed
CN006257,C0011268,PL011,Postpaid Mobile,24,23-04-2021,13-04-2023,Yes,Active
CN006258,C0011270,PL007,Postpaid Mobile,18,29-08-2023,19-02-2025,Yes,Pending
CN006259,C0011271,PL005,Prepaid Mobile,24,24-10-2021,14-10-2023,No,Active
CN006260,C0011272,PL009,Postpaid Mobile,36,22-02-2023,06-02-2026,Yes,Active
CN006261,C0011274,PL016,Fiber Broadband,24,01-01-2014,22-12-2015,No,Renewed
CN006262,C0011276,PL006,Prepaid Mobile,18,28-06-2024,20-12-2025,Yes,Renewed
CN006263,C0011277,PL008,Postpaid Mobile,12,16-07-2023,10-07-2024,No,Not Renewed
CN006264,C0011278,PL015,Fiber Broadband,12,04-11-2025,30-10-2026,Yes,Renewed
CN006265,C0011280,PL006,Prepaid Mobile,24,01-01-2014,22-12-2015,Yes,Pending
CN006266,C0011283,PL017,Fiber Broadband,12,06-05-2018,01-05-2019,Yes,Active
CN006267,C0011285,PL015,Fiber Broadband,24,02-02-2026,23-01-2028,Yes,Not Renewed
CN006268,C0011286,PL011,Postpaid Mobile,12,01-01-2014,27-12-2014,Yes,Pending
CN006269,C0011288,PL011,Postpaid Mobile,24,22-01-2018,12-01-2020,Yes,Active
CN006270,C0011289,PL005,Prepaid Mobile,12,06-12-2018,01-12-2019,No,Pending
CN006271,C0011292,PL023,IoT Solutions,24,11-01-2020,31-12-2021,Yes,Not Renewed
CN006272,C0011294,PL008,Postpaid Mobile,24,08-05-2022,27-04-2024,Yes,Auto-Renewed
CN006273,C0011296,PL005,Prepaid Mobile,12,01-01-2014,27-12-2014,Yes,Renewed
CN006274,C0011297,PL016,Fiber Broadband,12,06-11-2020,01-11-2021,Yes,Renewed
CN006275,C0011298,PL006,Prepaid Mobile,12,06-03-2023,29-02-2024,Yes,Cancelled
CN006276,C0011300,PL005,Prepaid Mobile,24,10-04-2022,30-03-2024,Yes,Pending
CN006277,C0011304,PL008,Postpaid Mobile,36,24-11-2014,08-11-2017,No,Not Renewed
CN006278,C0011307,PL011,Postpaid Mobile,12,16-01-2021,11-01-2022,Yes,Auto-Renewed
CN006279,C0011308,PL010,Postpaid Mobile,12,22-05-2021,17-05-2022,Yes,Active
CN006280,C0011310,PL009,Postpaid Mobile,12,30-09-2021,25-09-2022,No,Cancelled
CN006281,C0011311,PL017,Fiber Broadband,12,01-01-2014,27-12-2014,No,Cancelled
CN006282,C0011312,PL007,Postpaid Mobile,18,31-01-2021,25-07-2022,Yes,Renewed
CN006283,C0011313,PL006,Prepaid Mobile,12,01-01-2014,27-12-2014,Yes,Renewed
CN006284,C0011315,PL005,Prepaid Mobile,12,01-01-2014,27-12-2014,Yes,Active
CN006285,C0011316,PL015,Fiber Broadband,12,06-07-2016,01-07-2017,No,Auto-Renewed
CN006286,C0011318,PL024,IoT Solutions,12,18-10-2017,13-10-2018,No,Renewed
CN006287,C0011319,PL008,Postpaid Mobile,24,17-05-2024,07-05-2026,Yes,Cancelled
CN006288,C0011321,PL007,Postpaid Mobile,12,21-01-2024,15-01-2025,Yes,Renewed
CN006289,C0011322,PL011,Postpaid Mobile,36,01-01-2014,16-12-2016,Yes,Active
CN006290,C0011326,PL010,Postpaid Mobile,24,17-01-2017,07-01-2019,Yes,Renewed
CN006291,C0011331,PL018,Fiber Broadband,24,01-01-2014,22-12-2015,No,Active
CN006292,C0011332,PL011,Postpaid Mobile,12,14-01-2022,09-01-2023,No,Auto-Renewed
CN006293,C0011333,PL009,Postpaid Mobile,18,23-12-2015,15-06-2017,No,Pending
CN006294,C0011334,PL006,Prepaid Mobile,24,01-01-2014,22-12-2015,Yes,Renewed
CN006295,C0011335,PL021,Enterprise,24,13-04-2022,02-04-2024,Yes,Renewed
CN006296,C0011336,PL006,Prepaid Mobile,12,01-01-2014,27-12-2014,No,Pending
CN006297,C0011337,PL005,Prepaid Mobile,12,01-01-2014,27-12-2014,Yes,Active
CN006298,C0011339,PL017,Fiber Broadband,12,01-01-2014,27-12-2014,No,Auto-Renewed
CN006299,C0011342,PL009,Postpaid Mobile,24,05-11-2019,25-10-2021,No,Auto-Renewed
CN006300,C0011345,PL024,IoT Solutions,24,22-01-2023,11-01-2025,No,Renewed
CN006301,C0011347,PL006,Prepaid Mobile,12,01-01-2014,27-12-2014,No,Active
CN006302,C0011348,PL025,Smart Home,12,09-11-2024,04-11-2025,Yes,Not Renewed
CN006303,C0011349,PL015,Fiber Broadband,24,10-03-2017,28-02-2019,No,Active
CN006304,C0011351,PL022,Enterprise,18,01-01-2014,25-06-2015,Yes,Renewed
CN006305,C0011354,PL015,Fiber Broadband,12,31-10-2016,26-10-2017,No,Renewed
CN006306,C0011355,PL010,Postpaid Mobile,12,22-09-2018,17-09-2019,No,Auto-Renewed
CN006307,C0011356,PL016,Fiber Broadband,12,01-01-2014,27-12-2014,Yes,Renewed
CN006308,C0011357,PL007,Postpaid Mobile,12,10-10-2018,05-10-2019,No,Not Renewed
CN006309,C0011360,PL007,Postpaid Mobile,18,02-06-2019,23-11-2020,Yes,Not Renewed
CN006310,C0011363,PL007,Postpaid Mobile,12,27-03-2014,22-03-2015,Yes,Pending
CN006311,C0011365,PL018,Fiber Broadband,12,19-10-2019,13-10-2020,Yes,Active
CN006312,C0011366,PL011,Postpaid Mobile,12,01-01-2014,27-12-2014,Yes,Renewed
CN006313,C0011370,PL010,Postpaid Mobile,12,25-10-2015,19-10-2016,Yes,Pending
CN006314,C0011371,PL006,Prepaid Mobile,12,15-05-2025,10-05-2026,Yes,Auto-Renewed
CN006315,C0011372,PL011,Postpaid Mobile,12,01-01-2014,27-12-2014,No,Renewed
CN006316,C0011373,PL023,IoT Solutions,18,24-11-2016,18-05-2018,No,Renewed
CN006317,C0011374,PL008,Postpaid Mobile,12,31-07-2020,26-07-2021,No,Pending
CN006318,C0011375,PL022,Enterprise,12,01-01-2014,27-12-2014,Yes,Active
CN006319,C0011376,PL005,Prepaid Mobile,24,21-03-2014,10-03-2016,No,Renewed
CN006320,C0011378,PL018,Fiber Broadband,12,16-11-2015,10-11-2016,No,Active
CN006321,C0011379,PL011,Postpaid Mobile,24,01-01-2014,22-12-2015,Yes,Pending
CN006322,C0011382,PL010,Postpaid Mobile,18,27-12-2018,19-06-2020,Yes,Pending
CN006323,C0011383,PL024,IoT Solutions,12,07-07-2021,02-07-2022,No,Not Renewed
CN006324,C0011384,PL007,Postpaid Mobile,24,03-04-2021,24-03-2023,Yes,Pending
CN006325,C0011385,PL010,Postpaid Mobile,12,20-01-2021,15-01-2022,No,Auto-Renewed
CN006326,C0011388,PL017,Fiber Broadband,24,01-01-2014,22-12-2015,Yes,Active
CN006327,C0011389,PL006,Prepaid Mobile,12,10-02-2021,05-02-2022,Yes,Renewed
CN006328,C0011390,PL011,Postpaid Mobile,12,13-09-2020,08-09-2021,No,Auto-Renewed
CN006329,C0011392,PL005,Prepaid Mobile,12,01-01-2014,27-12-2014,No,Auto-Renewed
CN006330,C0011394,PL017,Fiber Broadband,18,12-11-2025,06-05-2027,Yes,Active
CN006331,C0011396,PL021,Enterprise,18,01-03-2024,23-08-2025,No,Not Renewed
CN006332,C0011397,PL009,Postpaid Mobile,18,13-09-2024,07-03-2026,Yes,Active
CN006333,C0011398,PL010,Postpaid Mobile,12,05-02-2023,31-01-2024,No,Active
CN006334,C0011399,PL011,Postpaid Mobile,12,14-03-2021,09-03-2022,Yes,Pending
CN006335,C0011402,PL017,Fiber Broadband,12,21-01-2014,16-01-2015,Yes,Renewed
CN006336,C0011403,PL009,Postpaid Mobile,24,22-07-2019,11-07-2021,No,Renewed
CN006337,C0011404,PL005,Prepaid Mobile,24,01-05-2017,21-04-2019,Yes,Active
CN006338,C0011405,PL017,Fiber Broadband,12,01-01-2014,27-12-2014,No,Pending
CN006339,C0011406,PL005,Prepaid Mobile,36,04-08-2015,19-07-2018,Yes,Active
CN006340,C0011408,PL018,Fiber Broadband,18,06-12-2019,29-05-2021,No,Renewed
CN006341,C0011409,PL021,Enterprise,12,01-01-2014,27-12-2014,Yes,Auto-Renewed
CN006342,C0011411,PL005,Prepaid Mobile,12,21-09-2018,16-09-2019,No,Renewed
CN006343,C0011412,PL010,Postpaid Mobile,24,09-05-2023,28-04-2025,Yes,Not Renewed
CN006344,C0011414,PL007,Postpaid Mobile,18,19-04-2019,10-10-2020,No,Active
CN006345,C0011415,PL008,Postpaid Mobile,18,07-12-2020,31-05-2022,No,Renewed
CN006346,C0011416,PL006,Prepaid Mobile,18,01-01-2014,25-06-2015,Yes,Renewed
CN006347,C0011417,PL022,Enterprise,36,01-06-2020,17-05-2023,Yes,Renewed
CN006348,C0011418,PL007,Postpaid Mobile,24,03-11-2024,24-10-2026,No,Renewed
CN006349,C0011419,PL008,Postpaid Mobile,24,09-11-2020,30-10-2022,Yes,Not Renewed
CN006350,C0011422,PL008,Postpaid Mobile,12,08-09-2019,02-09-2020,Yes,Active
CN006351,C0011423,PL017,Fiber Broadband,18,12-11-2015,05-05-2017,No,Renewed
CN006352,C0011425,PL011,Postpaid Mobile,12,14-03-2022,09-03-2023,Yes,Auto-Renewed
CN006353,C0011426,PL009,Postpaid Mobile,18,25-06-2019,16-12-2020,No,Renewed
CN006354,C0011429,PL016,Fiber Broadband,36,24-05-2016,09-05-2019,No,Renewed
CN006355,C0011430,PL005,Prepaid Mobile,36,18-04-2015,02-04-2018,Yes,Not Renewed
CN006356,C0011437,PL016,Fiber Broadband,12,03-07-2020,28-06-2021,Yes,Renewed
CN006357,C0011440,PL010,Postpaid Mobile,24,13-10-2015,02-10-2017,No,Not Renewed
CN006358,C0011441,PL022,Enterprise,12,01-01-2014,27-12-2014,Yes,Auto-Renewed
CN006359,C0011443,PL007,Postpaid Mobile,12,11-10-2018,06-10-2019,No,Auto-Renewed
CN006360,C0011444,PL006,Prepaid Mobile,24,01-01-2014,22-12-2015,Yes,Renewed
CN006361,C0011445,PL009,Postpaid Mobile,18,10-12-2016,03-06-2018,Yes,Cancelled
CN006362,C0011452,PL009,Postpaid Mobile,12,02-03-2025,25-02-2026,Yes,Auto-Renewed
CN006363,C0011453,PL005,Prepaid Mobile,12,15-04-2022,10-04-2023,Yes,Auto-Renewed
CN006364,C0011454,PL016,Fiber Broadband,12,01-01-2014,27-12-2014,No,Pending
CN006365,C0011455,PL005,Prepaid Mobile,18,19-12-2014,11-06-2016,No,Renewed
CN006366,C0011458,PL007,Postpaid Mobile,24,21-05-2024,11-05-2026,Yes,Auto-Renewed
CN006367,C0011460,PL006,Prepaid Mobile,24,16-11-2015,05-11-2017,Yes,Pending
CN006368,C0011461,PL008,Postpaid Mobile,12,24-05-2023,18-05-2024,Yes,Renewed
CN006369,C0011463,PL010,Postpaid Mobile,12,04-10-2018,29-09-2019,No,Not Renewed
CN006370,C0011465,PL025,Smart Home,12,07-09-2017,02-09-2018,No,Not Renewed
CN006371,C0011466,PL021,Enterprise,12,17-04-2018,12-04-2019,No,Auto-Renewed
CN006372,C0011467,PL008,Postpaid Mobile,12,23-07-2014,18-07-2015,No,Renewed
CN006373,C0011468,PL006,Prepaid Mobile,12,16-06-2023,10-06-2024,No,Pending
CN006374,C0011470,PL022,Enterprise,24,01-01-2014,22-12-2015,No,Renewed
CN006375,C0011472,PL006,Prepaid Mobile,18,24-01-2017,18-07-2018,Yes,Renewed
CN006376,C0011473,PL017,Fiber Broadband,18,01-01-2014,25-06-2015,No,Auto-Renewed
CN006377,C0011474,PL010,Postpaid Mobile,18,08-09-2020,02-03-2022,Yes,Auto-Renewed
CN006378,C0011475,PL017,Fiber Broadband,18,01-01-2014,25-06-2015,No,Auto-Renewed
CN006379,C0011476,PL022,Enterprise,24,01-01-2014,22-12-2015,Yes,Active
CN006380,C0011478,PL011,Postpaid Mobile,12,06-12-2015,30-11-2016,Yes,Auto-Renewed
CN006381,C0011479,PL024,IoT Solutions,18,19-06-2025,11-12-2026,No,Active
CN006382,C0011481,PL006,Prepaid Mobile,12,14-03-2014,09-03-2015,Yes,Renewed
CN006383,C0011483,PL009,Postpaid Mobile,24,06-06-2014,26-05-2016,No,Renewed
CN006384,C0011485,PL025,Smart Home,12,26-11-2022,21-11-2023,No,Renewed
CN006385,C0011488,PL021,Enterprise,12,07-05-2022,02-05-2023,Yes,Renewed
CN006386,C0011489,PL011,Postpaid Mobile,36,29-06-2024,14-06-2027,No,Cancelled
CN006387,C0011490,PL006,Prepaid Mobile,36,06-03-2023,18-02-2026,No,Renewed
CN006388,C0011491,PL005,Prepaid Mobile,24,01-01-2014,22-12-2015,No,Renewed
CN006389,C0011494,PL008,Postpaid Mobile,12,06-11-2022,01-11-2023,Yes,Renewed
CN006390,C0011495,PL005,Prepaid Mobile,12,01-01-2014,27-12-2014,Yes,Renewed
CN006391,C0011496,PL011,Postpaid Mobile,12,05-07-2023,29-06-2024,Yes,Auto-Renewed
CN006392,C0011497,PL021,Enterprise,12,06-09-2019,31-08-2020,Yes,Renewed
CN006393,C0011499,PL009,Postpaid Mobile,12,12-01-2025,07-01-2026,No,Auto-Renewed
CN006394,C0011501,PL011,Postpaid Mobile,24,01-01-2014,22-12-2015,Yes,Auto-Renewed
CN006395,C0011502,PL005,Prepaid Mobile,18,22-09-2024,16-03-2026,No,Renewed
CN006396,C0011503,PL017,Fiber Broadband,18,10-06-2025,02-12-2026,No,Pending
CN006397,C0011504,PL007,Postpaid Mobile,36,27-04-2024,12-04-2027,No,Auto-Renewed
CN006398,C0011505,PL010,Postpaid Mobile,12,16-12-2023,10-12-2024,No,Renewed
CN006399,C0011509,PL016,Fiber Broadband,12,01-01-2014,27-12-2014,No,Not Renewed
CN006400,C0011513,PL022,Enterprise,12,01-01-2014,27-12-2014,No,Renewed
CN006401,C0011514,PL018,Fiber Broadband,12,04-04-2024,30-03-2025,Yes,Cancelled
CN006402,C0011516,PL025,Smart Home,18,13-07-2017,04-01-2019,Yes,Renewed
CN006403,C0011518,PL017,Fiber Broadband,12,01-01-2014,27-12-2014,No,Renewed
CN006404,C0011520,PL008,Postpaid Mobile,18,11-05-2016,02-11-2017,No,Active
CN006405,C0011521,PL008,Postpaid Mobile,12,05-11-2025,31-10-2026,Yes,Pending
CN006406,C0011522,PL007,Postpaid Mobile,12,12-09-2025,07-09-2026,Yes,Renewed
CN006407,C0011525,PL009,Postpaid Mobile,36,29-09-2019,13-09-2022,No,Active
CN006408,C0011527,PL018,Fiber Broadband,24,18-04-2025,08-04-2027,Yes,Auto-Renewed
CN006409,C0011531,PL008,Postpaid Mobile,12,02-12-2018,27-11-2019,Yes,Not Renewed
CN006410,C0011532,PL011,Postpaid Mobile,12,20-05-2021,15-05-2022,Yes,Renewed
CN006411,C0011533,PL010,Postpaid Mobile,12,21-04-2018,16-04-2019,No,Renewed
CN006412,C0011534,PL008,Postpaid Mobile,12,05-05-2019,29-04-2020,No,Renewed
CN006413,C0011535,PL007,Postpaid Mobile,12,01-02-2020,26-01-2021,No,Cancelled
CN006414,C0011536,PL007,Postpaid Mobile,18,31-12-2025,24-06-2027,Yes,Pending
CN006415,C0011537,PL024,IoT Solutions,36,23-01-2016,07-01-2019,Yes,Pending
CN006416,C0011539,PL016,Fiber Broadband,12,23-09-2023,17-09-2024,Yes,Pending
CN006417,C0011540,PL021,Enterprise,36,27-03-2015,11-03-2018,No,Auto-Renewed
CN006418,C0011543,PL023,IoT Solutions,12,21-06-2014,16-06-2015,No,Active
CN006419,C0011544,PL015,Fiber Broadband,18,17-11-2024,11-05-2026,Yes,Auto-Renewed
CN006420,C0011545,PL006,Prepaid Mobile,18,01-01-2014,25-06-2015,Yes,Renewed
CN006421,C0011546,PL018,Fiber Broadband,24,13-03-2018,02-03-2020,No,Auto-Renewed
CN006422,C0011547,PL022,Enterprise,12,01-01-2014,27-12-2014,Yes,Auto-Renewed
CN006423,C0011550,PL021,Enterprise,18,01-01-2014,25-06-2015,No,Active
CN006424,C0011552,PL011,Postpaid Mobile,24,02-08-2018,22-07-2020,Yes,Pending
CN006425,C0011553,PL021,Enterprise,12,01-01-2014,27-12-2014,Yes,Renewed
CN006426,C0011555,PL018,Fiber Broadband,24,01-01-2014,22-12-2015,Yes,Renewed
CN006427,C0011556,PL005,Prepaid Mobile,24,01-01-2014,22-12-2015,No,Auto-Renewed
CN006428,C0011557,PL015,Fiber Broadband,12,01-01-2014,27-12-2014,Yes,Active
CN006429,C0011558,PL011,Postpaid Mobile,24,23-04-2018,12-04-2020,No,Pending
CN006430,C0011562,PL015,Fiber Broadband,24,02-03-2014,20-02-2016,Yes,Renewed
CN006431,C0011564,PL005,Prepaid Mobile,36,19-07-2018,03-07-2021,No,Active
CN006432,C0011565,PL021,Enterprise,12,01-01-2014,27-12-2014,No,Auto-Renewed
CN006433,C0011566,PL007,Postpaid Mobile,24,20-05-2019,09-05-2021,No,Cancelled
CN006434,C0011567,PL022,Enterprise,12,01-01-2014,27-12-2014,No,Auto-Renewed
CN006435,C0011568,PL005,Prepaid Mobile,36,15-09-2023,30-08-2026,No,Not Renewed
CN006436,C0011570,PL009,Postpaid Mobile,18,27-08-2015,17-02-2017,No,Auto-Renewed
CN006437,C0011579,PL022,Enterprise,12,29-12-2018,24-12-2019,No,Renewed
CN006438,C0011580,PL021,Enterprise,24,10-06-2014,30-05-2016,Yes,Auto-Renewed
CN006439,C0011582,PL022,Enterprise,18,01-01-2014,25-06-2015,Yes,Pending
CN006440,C0011584,PL009,Postpaid Mobile,24,07-06-2016,28-05-2018,Yes,Renewed
CN006441,C0011585,PL010,Postpaid Mobile,24,20-08-2020,10-08-2022,Yes,Auto-Renewed
CN006442,C0011586,PL017,Fiber Broadband,24,05-10-2025,25-09-2027,Yes,Renewed
CN006443,C0011588,PL009,Postpaid Mobile,12,22-01-2024,16-01-2025,Yes,Cancelled
CN006444,C0011589,PL010,Postpaid Mobile,12,26-11-2023,20-11-2024,No,Renewed
CN006445,C0011590,PL021,Enterprise,24,05-12-2020,25-11-2022,No,Renewed
CN006446,C0011593,PL009,Postpaid Mobile,24,16-06-2024,06-06-2026,Yes,Not Renewed
CN006447,C0011596,PL017,Fiber Broadband,12,09-06-2018,04-06-2019,No,Renewed
CN006448,C0011597,PL011,Postpaid Mobile,36,05-03-2014,17-02-2017,No,Auto-Renewed
CN006449,C0011598,PL015,Fiber Broadband,18,22-09-2024,16-03-2026,No,Active
CN006450,C0011600,PL007,Postpaid Mobile,12,15-01-2016,09-01-2017,Yes,Renewed
CN006451,C0011602,PL007,Postpaid Mobile,12,06-10-2022,01-10-2023,No,Cancelled
CN006452,C0011605,PL011,Postpaid Mobile,12,23-01-2026,18-01-2027,Yes,Renewed
CN006453,C0011606,PL021,Enterprise,12,24-10-2025,19-10-2026,No,Not Renewed
CN006454,C0011608,PL009,Postpaid Mobile,18,22-09-2025,16-03-2027,No,Renewed
CN006455,C0011609,PL015,Fiber Broadband,24,01-01-2014,22-12-2015,No,Active
CN006456,C0011610,PL005,Prepaid Mobile,18,30-07-2021,21-01-2023,No,Renewed
CN006457,C0011614,PL006,Prepaid Mobile,12,01-10-2016,26-09-2017,No,Auto-Renewed
CN006458,C0011618,PL009,Postpaid Mobile,36,24-08-2023,08-08-2026,No,Renewed
CN006459,C0011619,PL021,Enterprise,12,01-01-2014,27-12-2014,No,Renewed
CN006460,C0011621,PL005,Prepaid Mobile,12,17-07-2018,12-07-2019,No,Not Renewed
CN006461,C0011622,PL005,Prepaid Mobile,24,30-04-2016,20-04-2018,Yes,Pending
CN006462,C0011624,PL005,Prepaid Mobile,24,17-01-2024,06-01-2026,No,Active
CN006463,C0011625,PL006,Prepaid Mobile,24,29-11-2016,19-11-2018,No,Auto-Renewed
CN006464,C0011627,PL022,Enterprise,12,01-01-2014,27-12-2014,Yes,Renewed
CN006465,C0011628,PL008,Postpaid Mobile,12,06-01-2024,31-12-2024,Yes,Auto-Renewed
CN006466,C0011629,PL015,Fiber Broadband,12,26-10-2019,20-10-2020,Yes,Auto-Renewed
CN006467,C0011630,PL007,Postpaid Mobile,24,26-06-2019,15-06-2021,No,Not Renewed
CN006468,C0011631,PL007,Postpaid Mobile,12,04-03-2025,27-02-2026,No,Renewed
CN006469,C0011633,PL007,Postpaid Mobile,24,29-04-2019,18-04-2021,Yes,Not Renewed
CN006470,C0011634,PL022,Enterprise,12,03-11-2020,29-10-2021,Yes,Renewed
CN006471,C0011635,PL025,Smart Home,12,20-02-2021,15-02-2022,Yes,Renewed
CN006472,C0011636,PL007,Postpaid Mobile,24,24-10-2020,14-10-2022,Yes,Not Renewed
CN006473,C0011638,PL015,Fiber Broadband,18,01-01-2014,25-06-2015,Yes,Renewed
CN006474,C0011639,PL005,Prepaid Mobile,18,26-02-2016,19-08-2017,Yes,Pending
CN006475,C0011642,PL006,Prepaid Mobile,12,22-03-2020,17-03-2021,No,Renewed
CN006476,C0011643,PL005,Prepaid Mobile,12,01-01-2014,27-12-2014,Yes,Renewed
CN006477,C0011646,PL009,Postpaid Mobile,12,01-10-2015,25-09-2016,Yes,Auto-Renewed
CN006478,C0011647,PL016,Fiber Broadband,36,06-09-2024,22-08-2027,Yes,Not Renewed
CN006479,C0011650,PL025,Smart Home,24,24-03-2025,14-03-2027,Yes,Renewed
CN006480,C0011653,PL016,Fiber Broadband,24,01-01-2014,22-12-2015,Yes,Active
CN006481,C0011654,PL022,Enterprise,12,05-12-2018,30-11-2019,No,Renewed
CN006482,C0011655,PL008,Postpaid Mobile,24,02-04-2017,23-03-2019,Yes,Renewed
CN006483,C0011656,PL005,Prepaid Mobile,12,23-08-2021,18-08-2022,No,Pending
CN006484,C0011661,PL007,Postpaid Mobile,24,21-11-2017,11-11-2019,Yes,Auto-Renewed
CN006485,C0011664,PL016,Fiber Broadband,12,01-01-2014,27-12-2014,No,Active
CN006486,C0011666,PL007,Postpaid Mobile,12,22-12-2017,17-12-2018,Yes,Renewed
CN006487,C0011667,PL006,Prepaid Mobile,18,07-08-2024,29-01-2026,No,Active
CN006488,C0011669,PL006,Prepaid Mobile,24,24-12-2016,14-12-2018,No,Active
CN006489,C0011670,PL005,Prepaid Mobile,18,01-01-2014,25-06-2015,No,Renewed
CN006490,C0011671,PL011,Postpaid Mobile,24,10-07-2019,29-06-2021,No,Active
CN006491,C0011672,PL010,Postpaid Mobile,36,23-01-2021,08-01-2024,No,Auto-Renewed
CN006492,C0011675,PL010,Postpaid Mobile,24,03-08-2025,24-07-2027,Yes,Auto-Renewed
CN006493,C0011676,PL006,Prepaid Mobile,24,28-01-2026,18-01-2028,Yes,Active
CN006494,C0011677,PL010,Postpaid Mobile,24,24-03-2021,14-03-2023,Yes,Renewed
CN006495,C0011678,PL010,Postpaid Mobile,36,08-07-2025,22-06-2028,No,Not Renewed
CN006496,C0011680,PL007,Postpaid Mobile,12,26-11-2018,21-11-2019,No,Active
CN006497,C0011682,PL021,Enterprise,12,20-04-2017,15-04-2018,No,Active
CN006498,C0011684,PL006,Prepaid Mobile,12,11-03-2025,06-03-2026,No,Renewed
CN006499,C0011685,PL006,Prepaid Mobile,18,01-01-2014,25-06-2015,No,Active
CN006500,C0011687,PL006,Prepaid Mobile,12,01-01-2014,27-12-2014,No,Pending
CN006501,C0011693,PL022,Enterprise,24,18-04-2021,08-04-2023,No,Active
CN006502,C0011694,PL015,Fiber Broadband,12,30-11-2020,25-11-2021,Yes,Renewed
CN006503,C0011695,PL011,Postpaid Mobile,18,02-07-2019,23-12-2020,Yes,Renewed
CN006504,C0011701,PL016,Fiber Broadband,12,01-01-2014,27-12-2014,No,Active
CN006505,C0011702,PL018,Fiber Broadband,18,01-03-2022,23-08-2023,Yes,Auto-Renewed
CN006506,C0011703,PL006,Prepaid Mobile,24,06-12-2019,25-11-2021,Yes,Renewed
CN006507,C0011704,PL008,Postpaid Mobile,12,26-03-2024,21-03-2025,No,Active
CN006508,C0011706,PL023,IoT Solutions,18,04-08-2017,26-01-2019,Yes,Renewed
CN006509,C0011709,PL006,Prepaid Mobile,18,27-05-2018,18-11-2019,Yes,Pending
CN006510,C0011712,PL011,Postpaid Mobile,36,01-01-2014,16-12-2016,No,Active
CN006511,C0011714,PL024,IoT Solutions,12,23-09-2015,17-09-2016,Yes,Pending
CN006512,C0011717,PL005,Prepaid Mobile,18,01-01-2014,25-06-2015,Yes,Not Renewed
CN006513,C0011718,PL011,Postpaid Mobile,12,28-07-2023,22-07-2024,No,Renewed
CN006514,C0011720,PL005,Prepaid Mobile,24,28-11-2025,18-11-2027,No,Renewed
CN006515,C0011721,PL016,Fiber Broadband,12,13-03-2017,08-03-2018,Yes,Renewed
CN006516,C0011722,PL011,Postpaid Mobile,12,10-02-2019,05-02-2020,No,Active
CN006517,C0011723,PL008,Postpaid Mobile,24,14-04-2017,04-04-2019,Yes,Renewed
CN006518,C0011724,PL007,Postpaid Mobile,24,10-05-2025,30-04-2027,Yes,Not Renewed
CN006519,C0011726,PL018,Fiber Broadband,36,28-07-2018,12-07-2021,Yes,Auto-Renewed
CN006520,C0011727,PL017,Fiber Broadband,12,01-09-2024,27-08-2025,Yes,Renewed
CN006521,C0011728,PL011,Postpaid Mobile,12,22-04-2016,17-04-2017,Yes,Auto-Renewed
CN006522,C0011729,PL015,Fiber Broadband,24,01-01-2014,22-12-2015,No,Active
CN006523,C0011730,PL018,Fiber Broadband,12,23-07-2023,17-07-2024,No,Renewed
CN006524,C0011732,PL005,Prepaid Mobile,24,20-01-2015,09-01-2017,No,Active
CN006525,C0011737,PL006,Prepaid Mobile,12,01-01-2014,27-12-2014,No,Renewed
CN006526,C0011738,PL009,Postpaid Mobile,12,04-05-2016,29-04-2017,Yes,Auto-Renewed
CN006527,C0011740,PL010,Postpaid Mobile,12,16-08-2018,11-08-2019,No,Renewed
CN006528,C0011741,PL011,Postpaid Mobile,12,10-06-2014,05-06-2015,Yes,Active
CN006529,C0011742,PL011,Postpaid Mobile,12,02-06-2025,28-05-2026,Yes,Not Renewed
CN006530,C0011745,PL008,Postpaid Mobile,36,05-03-2020,18-02-2023,Yes,Not Renewed
CN006531,C0011748,PL017,Fiber Broadband,36,01-01-2014,16-12-2016,Yes,Renewed
CN006532,C0011749,PL007,Postpaid Mobile,12,18-04-2015,12-04-2016,Yes,Cancelled
CN006533,C0011750,PL009,Postpaid Mobile,36,04-03-2019,16-02-2022,Yes,Renewed
CN006534,C0011753,PL017,Fiber Broadband,18,01-01-2014,25-06-2015,No,Renewed
CN006535,C0011754,PL009,Postpaid Mobile,18,30-05-2022,21-11-2023,Yes,Renewed
CN006536,C0011755,PL007,Postpaid Mobile,36,05-07-2021,19-06-2024,No,Renewed
CN006537,C0011756,PL016,Fiber Broadband,12,01-01-2014,27-12-2014,No,Auto-Renewed
CN006538,C0011757,PL022,Enterprise,18,22-05-2020,13-11-2021,No,Active
CN006539,C0011758,PL008,Postpaid Mobile,12,22-05-2017,17-05-2018,No,Renewed
CN006540,C0011761,PL018,Fiber Broadband,24,01-01-2014,22-12-2015,No,Active
CN006541,C0011764,PL006,Prepaid Mobile,12,28-03-2019,22-03-2020,Yes,Active
CN006542,C0011765,PL006,Prepaid Mobile,12,01-01-2014,27-12-2014,Yes,Active
CN006543,C0011766,PL016,Fiber Broadband,12,25-04-2021,20-04-2022,Yes,Cancelled
CN006544,C0011769,PL010,Postpaid Mobile,18,29-06-2022,21-12-2023,No,Auto-Renewed
CN006545,C0011773,PL005,Prepaid Mobile,18,22-07-2021,13-01-2023,No,Auto-Renewed
CN006546,C0011774,PL006,Prepaid Mobile,36,16-05-2016,01-05-2019,No,Renewed
CN006547,C0011777,PL010,Postpaid Mobile,12,01-10-2014,26-09-2015,Yes,Auto-Renewed
CN006548,C0011779,PL010,Postpaid Mobile,36,09-01-2015,24-12-2017,Yes,Auto-Renewed
CN006549,C0011780,PL011,Postpaid Mobile,36,18-05-2023,02-05-2026,No,Auto-Renewed
CN006550,C0011781,PL015,Fiber Broadband,24,01-01-2014,22-12-2015,No,Renewed
CN006551,C0011782,PL010,Postpaid Mobile,12,15-05-2019,09-05-2020,No,Renewed
CN006552,C0011786,PL006,Prepaid Mobile,12,29-12-2015,23-12-2016,Yes,Renewed
CN006553,C0011787,PL015,Fiber Broadband,12,01-01-2014,27-12-2014,Yes,Auto-Renewed
CN006554,C0011788,PL005,Prepaid Mobile,12,23-05-2022,18-05-2023,No,Pending
CN006555,C0011791,PL008,Postpaid Mobile,12,08-05-2015,02-05-2016,Yes,Renewed
CN006556,C0011793,PL016,Fiber Broadband,36,20-01-2021,05-01-2024,No,Renewed
CN006557,C0011794,PL011,Postpaid Mobile,18,15-05-2019,05-11-2020,No,Renewed
CN006558,C0011796,PL016,Fiber Broadband,12,10-03-2017,05-03-2018,No,Renewed
CN006559,C0011797,PL006,Prepaid Mobile,24,29-06-2018,18-06-2020,Yes,Active
CN006560,C0011798,PL007,Postpaid Mobile,24,14-02-2025,04-02-2027,Yes,Renewed
CN006561,C0011799,PL024,IoT Solutions,12,20-06-2019,14-06-2020,No,Active
CN006562,C0011800,PL008,Postpaid Mobile,12,20-07-2016,15-07-2017,Yes,Renewed
CN006563,C0011802,PL009,Postpaid Mobile,36,14-08-2021,29-07-2024,Yes,Renewed
CN006564,C0011804,PL006,Prepaid Mobile,18,01-01-2014,25-06-2015,Yes,Auto-Renewed
CN006565,C0011808,PL007,Postpaid Mobile,12,19-01-2015,14-01-2016,No,Renewed
CN006566,C0011809,PL015,Fiber Broadband,18,01-01-2014,25-06-2015,Yes,Not Renewed
CN006567,C0011810,PL009,Postpaid Mobile,24,05-02-2014,26-01-2016,Yes,Renewed
CN006568,C0011814,PL016,Fiber Broadband,24,01-01-2014,22-12-2015,Yes,Auto-Renewed
CN006569,C0011817,PL010,Postpaid Mobile,12,18-07-2016,13-07-2017,Yes,Pending
CN006570,C0011818,PL005,Prepaid Mobile,12,01-01-2014,27-12-2014,Yes,Renewed
CN006571,C0011819,PL006,Prepaid Mobile,36,30-10-2019,14-10-2022,No,Renewed
CN006572,C0011820,PL018,Fiber Broadband,18,06-05-2024,28-10-2025,No,Auto-Renewed
CN006573,C0011822,PL017,Fiber Broadband,36,04-04-2016,20-03-2019,Yes,Auto-Renewed
CN006574,C0011823,PL015,Fiber Broadband,12,01-01-2014,27-12-2014,Yes,Pending
CN006575,C0011825,PL007,Postpaid Mobile,24,15-02-2016,04-02-2018,No,Not Renewed
CN006576,C0011827,PL024,IoT Solutions,12,19-03-2019,13-03-2020,Yes,Renewed
CN006577,C0011828,PL006,Prepaid Mobile,24,29-12-2014,18-12-2016,No,Renewed
CN006578,C0011831,PL017,Fiber Broadband,24,03-05-2018,22-04-2020,No,Auto-Renewed
CN006579,C0011832,PL015,Fiber Broadband,12,28-07-2015,22-07-2016,No,Auto-Renewed
CN006580,C0011834,PL023,IoT Solutions,18,20-06-2018,12-12-2019,No,Not Renewed
CN006581,C0011837,PL011,Postpaid Mobile,18,08-05-2021,30-10-2022,No,Renewed
CN006582,C0011839,PL010,Postpaid Mobile,18,14-01-2017,08-07-2018,No,Pending
CN006583,C0011841,PL011,Postpaid Mobile,24,11-05-2022,30-04-2024,No,Pending
CN006584,C0011843,PL010,Postpaid Mobile,12,06-10-2022,01-10-2023,No,Active
CN006585,C0011844,PL009,Postpaid Mobile,12,21-01-2014,16-01-2015,Yes,Renewed
CN006586,C0011845,PL017,Fiber Broadband,12,02-08-2023,27-07-2024,Yes,Not Renewed
CN006587,C0011846,PL005,Prepaid Mobile,18,01-04-2014,23-09-2015,No,Renewed
CN006588,C0011847,PL005,Prepaid Mobile,36,26-08-2017,10-08-2020,No,Auto-Renewed
CN006589,C0011848,PL017,Fiber Broadband,18,29-12-2019,21-06-2021,No,Active
CN006590,C0011849,PL024,IoT Solutions,12,25-05-2021,20-05-2022,No,Active
CN006591,C0011850,PL005,Prepaid Mobile,12,07-10-2017,02-10-2018,Yes,Auto-Renewed
CN006592,C0011854,PL009,Postpaid Mobile,18,26-02-2025,20-08-2026,Yes,Not Renewed
CN006593,C0011855,PL009,Postpaid Mobile,12,22-11-2018,17-11-2019,Yes,Active
CN006594,C0011861,PL009,Postpaid Mobile,12,08-05-2015,02-05-2016,No,Renewed
CN006595,C0011862,PL006,Prepaid Mobile,12,01-01-2014,27-12-2014,Yes,Pending
CN006596,C0011864,PL015,Fiber Broadband,24,01-01-2014,22-12-2015,Yes,Not Renewed
CN006597,C0011868,PL018,Fiber Broadband,12,17-06-2017,12-06-2018,No,Renewed
CN006598,C0011869,PL021,Enterprise,12,01-01-2014,27-12-2014,Yes,Renewed
CN006599,C0011870,PL006,Prepaid Mobile,36,01-01-2014,16-12-2016,No,Renewed
CN006600,C0011871,PL006,Prepaid Mobile,36,22-09-2022,06-09-2025,Yes,Cancelled
CN006601,C0011872,PL006,Prepaid Mobile,24,28-12-2023,17-12-2025,Yes,Auto-Renewed
CN006602,C0011873,PL005,Prepaid Mobile,24,25-09-2022,14-09-2024,Yes,Renewed
CN006603,C0011875,PL006,Prepaid Mobile,36,17-02-2017,02-02-2020,No,Renewed
CN006604,C0011876,PL011,Postpaid Mobile,12,21-08-2025,16-08-2026,Yes,Auto-Renewed
CN006605,C0011877,PL006,Prepaid Mobile,12,20-02-2021,15-02-2022,Yes,Auto-Renewed
CN006606,C0011879,PL009,Postpaid Mobile,12,31-01-2024,25-01-2025,No,Active
CN006607,C0011880,PL023,IoT Solutions,24,04-09-2021,25-08-2023,Yes,Renewed
CN006608,C0011883,PL011,Postpaid Mobile,12,01-01-2014,27-12-2014,No,Cancelled
CN006609,C0011884,PL005,Prepaid Mobile,12,27-09-2015,21-09-2016,No,Renewed
CN006610,C0011885,PL017,Fiber Broadband,24,04-01-2024,24-12-2025,No,Renewed
CN006611,C0011887,PL008,Postpaid Mobile,36,21-11-2014,05-11-2017,Yes,Renewed
CN006612,C0011889,PL010,Postpaid Mobile,36,13-01-2026,28-12-2028,No,Renewed
CN006613,C0011891,PL022,Enterprise,12,01-01-2014,27-12-2014,No,Auto-Renewed
CN006614,C0011894,PL005,Prepaid Mobile,24,01-01-2014,22-12-2015,Yes,Pending
CN006615,C0011895,PL022,Enterprise,18,01-01-2014,25-06-2015,Yes,Active
CN006616,C0011896,PL005,Prepaid Mobile,24,24-10-2024,14-10-2026,No,Cancelled
CN006617,C0011898,PL011,Postpaid Mobile,24,21-09-2014,10-09-2016,No,Auto-Renewed
CN006618,C0011903,PL025,Smart Home,12,06-07-2014,01-07-2015,No,Pending
CN006619,C0011904,PL021,Enterprise,12,11-03-2017,06-03-2018,No,Renewed
CN006620,C0011905,PL005,Prepaid Mobile,18,01-12-2025,25-05-2027,No,Auto-Renewed
CN006621,C0011906,PL008,Postpaid Mobile,12,17-11-2021,12-11-2022,No,Not Renewed
CN006622,C0011908,PL021,Enterprise,24,22-05-2021,12-05-2023,No,Renewed
CN006623,C0011909,PL017,Fiber Broadband,18,01-01-2014,25-06-2015,Yes,Active
CN006624,C0011910,PL023,IoT Solutions,18,30-12-2014,22-06-2016,Yes,Not Renewed
CN006625,C0011911,PL008,Postpaid Mobile,12,04-01-2021,30-12-2021,Yes,Renewed
CN006626,C0011913,PL009,Postpaid Mobile,12,07-07-2025,02-07-2026,Yes,Auto-Renewed
CN006627,C0011915,PL017,Fiber Broadband,18,18-12-2020,11-06-2022,Yes,Not Renewed
CN006628,C0011916,PL011,Postpaid Mobile,12,01-01-2014,27-12-2014,No,Renewed
CN006629,C0011917,PL011,Postpaid Mobile,12,23-11-2019,17-11-2020,Yes,Pending
CN006630,C0011918,PL018,Fiber Broadband,24,01-01-2014,22-12-2015,Yes,Pending
CN006631,C0011919,PL007,Postpaid Mobile,12,17-07-2019,11-07-2020,Yes,Renewed
CN006632,C0011920,PL006,Prepaid Mobile,36,01-01-2014,16-12-2016,Yes,Renewed
CN006633,C0011921,PL008,Postpaid Mobile,18,30-07-2024,21-01-2026,No,Active
CN006634,C0011922,PL022,Enterprise,12,07-11-2023,01-11-2024,No,Pending
CN006635,C0011925,PL021,Enterprise,12,01-01-2014,27-12-2014,No,Renewed
CN006636,C0011926,PL007,Postpaid Mobile,12,29-12-2019,23-12-2020,No,Pending
CN006637,C0011927,PL009,Postpaid Mobile,18,25-05-2015,15-11-2016,No,Cancelled
CN006638,C0011928,PL005,Prepaid Mobile,36,01-01-2014,16-12-2016,Yes,Renewed
CN006639,C0011931,PL009,Postpaid Mobile,12,24-11-2025,19-11-2026,Yes,Pending
CN006640,C0011932,PL009,Postpaid Mobile,24,31-12-2018,20-12-2020,No,Not Renewed
CN006641,C0011936,PL018,Fiber Broadband,12,01-01-2014,27-12-2014,No,Active
CN006642,C0011939,PL006,Prepaid Mobile,24,22-05-2022,11-05-2024,No,Active
CN006643,C0011940,PL006,Prepaid Mobile,12,01-01-2014,27-12-2014,Yes,Renewed
CN006644,C0011941,PL010,Postpaid Mobile,12,23-10-2019,17-10-2020,Yes,Active
CN006645,C0011943,PL016,Fiber Broadband,12,28-05-2018,23-05-2019,Yes,Pending
CN006646,C0011945,PL006,Prepaid Mobile,24,01-01-2014,22-12-2015,No,Renewed
CN006647,C0011946,PL007,Postpaid Mobile,24,28-08-2017,18-08-2019,Yes,Renewed
CN006648,C0011947,PL007,Postpaid Mobile,12,11-08-2025,06-08-2026,No,Not Renewed
CN006649,C0011955,PL006,Prepaid Mobile,12,30-05-2022,25-05-2023,No,Renewed
CN006650,C0011958,PL024,IoT Solutions,24,15-09-2016,05-09-2018,Yes,Auto-Renewed
CN006651,C0011959,PL015,Fiber Broadband,24,17-02-2021,07-02-2023,Yes,Cancelled
CN006652,C0011962,PL023,IoT Solutions,36,26-03-2018,10-03-2021,Yes,Active
CN006653,C0011963,PL010,Postpaid Mobile,12,28-08-2020,23-08-2021,Yes,Pending
CN006654,C0011966,PL006,Prepaid Mobile,24,01-01-2014,22-12-2015,Yes,Renewed
CN006655,C0011973,PL009,Postpaid Mobile,24,04-11-2022,24-10-2024,No,Not Renewed
CN006656,C0011975,PL011,Postpaid Mobile,12,09-07-2020,04-07-2021,Yes,Auto-Renewed
CN006657,C0011977,PL007,Postpaid Mobile,12,16-03-2025,11-03-2026,No,Pending
CN006658,C0011978,PL005,Prepaid Mobile,18,12-02-2015,05-08-2016,Yes,Renewed
CN006659,C0011981,PL015,Fiber Broadband,12,28-11-2022,23-11-2023,Yes,Renewed
CN006660,C0011984,PL006,Prepaid Mobile,18,24-05-2021,15-11-2022,Yes,Active
CN006661,C0011986,PL008,Postpaid Mobile,36,21-01-2017,06-01-2020,Yes,Active
CN006662,C0011987,PL015,Fiber Broadband,24,01-01-2014,22-12-2015,No,Active
CN006663,C0011988,PL017,Fiber Broadband,18,01-01-2014,25-06-2015,No,Pending
CN006664,C0011989,PL006,Prepaid Mobile,36,27-07-2016,12-07-2019,No,Pending
CN006665,C0011991,PL010,Postpaid Mobile,12,20-12-2018,15-12-2019,No,Not Renewed
CN006666,C0011992,PL006,Prepaid Mobile,12,01-01-2014,27-12-2014,No,Renewed
CN006667,C0011994,PL007,Postpaid Mobile,18,21-10-2014,13-04-2016,Yes,Auto-Renewed
CN006668,C0011995,PL008,Postpaid Mobile,12,24-02-2021,19-02-2022,No,Active
CN006669,C0011996,PL015,Fiber Broadband,12,19-07-2015,13-07-2016,Yes,Not Renewed
CN006670,C0012000,PL005,Prepaid Mobile,12,25-04-2015,19-04-2016,Yes,Active
CN006671,C0012001,PL025,Smart Home,12,12-02-2022,07-02-2023,No,Renewed
CN006672,C0012002,PL006,Prepaid Mobile,12,22-01-2019,17-01-2020,Yes,Active
CN006673,C0012003,PL008,Postpaid Mobile,12,14-03-2019,08-03-2020,No,Renewed
CN006674,C0012004,PL025,Smart Home,12,16-07-2023,10-07-2024,Yes,Not Renewed
CN006675,C0012006,PL009,Postpaid Mobile,12,02-11-2015,27-10-2016,Yes,Pending
CN006676,C0012007,PL006,Prepaid Mobile,12,01-01-2014,27-12-2014,Yes,Renewed
CN006677,C0012008,PL006,Prepaid Mobile,12,01-01-2014,27-12-2014,Yes,Auto-Renewed
CN006678,C0012010,PL008,Postpaid Mobile,12,16-04-2020,11-04-2021,No,Auto-Renewed
CN006679,C0012012,PL018,Fiber Broadband,24,01-01-2014,22-12-2015,Yes,Renewed
CN006680,C0012018,PL010,Postpaid Mobile,12,05-03-2025,28-02-2026,Yes,Renewed
CN006681,C0012019,PL016,Fiber Broadband,24,01-01-2014,22-12-2015,Yes,Cancelled
CN006682,C0012021,PL006,Prepaid Mobile,12,11-08-2022,06-08-2023,Yes,Pending
CN006683,C0012024,PL016,Fiber Broadband,36,30-04-2014,14-04-2017,No,Not Renewed
CN006684,C0012026,PL021,Enterprise,18,29-08-2014,20-02-2016,Yes,Pending
CN006685,C0012028,PL006,Prepaid Mobile,24,01-01-2014,22-12-2015,No,Renewed
CN006686,C0012029,PL011,Postpaid Mobile,18,01-01-2014,25-06-2015,No,Auto-Renewed
CN006687,C0012030,PL005,Prepaid Mobile,18,11-03-2023,01-09-2024,Yes,Pending
CN006688,C0012032,PL010,Postpaid Mobile,24,08-05-2014,27-04-2016,Yes,Renewed
CN006689,C0012033,PL005,Prepaid Mobile,12,19-11-2019,13-11-2020,No,Renewed
CN006690,C0012034,PL006,Prepaid Mobile,12,23-04-2024,18-04-2025,Yes,Not Renewed
CN006691,C0012035,PL021,Enterprise,18,13-08-2021,04-02-2023,No,Active
CN006692,C0012036,PL022,Enterprise,12,18-05-2023,12-05-2024,Yes,Auto-Renewed
CN006693,C0012037,PL009,Postpaid Mobile,24,27-10-2022,16-10-2024,Yes,Active
CN006694,C0012038,PL017,Fiber Broadband,12,18-12-2021,13-12-2022,No,Auto-Renewed
CN006695,C0012041,PL010,Postpaid Mobile,24,23-09-2016,13-09-2018,Yes,Not Renewed
CN006696,C0012042,PL008,Postpaid Mobile,12,01-09-2019,26-08-2020,No,Renewed
CN006697,C0012045,PL008,Postpaid Mobile,12,29-07-2016,24-07-2017,Yes,Pending
CN006698,C0012048,PL022,Enterprise,36,01-01-2014,16-12-2016,No,Renewed
CN006699,C0012049,PL021,Enterprise,12,01-01-2014,27-12-2014,No,Active
CN006700,C0012052,PL021,Enterprise,12,15-11-2019,09-11-2020,No,Renewed
CN006701,C0012056,PL006,Prepaid Mobile,12,01-01-2014,27-12-2014,Yes,Renewed
CN006702,C0012058,PL015,Fiber Broadband,12,01-01-2014,27-12-2014,Yes,Not Renewed
CN006703,C0012059,PL016,Fiber Broadband,24,01-01-2014,22-12-2015,No,Renewed
CN006704,C0012065,PL010,Postpaid Mobile,36,29-11-2025,13-11-2028,No,Pending
CN006705,C0012066,PL006,Prepaid Mobile,12,01-01-2014,27-12-2014,No,Auto-Renewed
CN006706,C0012067,PL006,Prepaid Mobile,12,20-07-2025,15-07-2026,No,Pending
CN006707,C0012068,PL022,Enterprise,18,01-01-2014,25-06-2015,Yes,Active
CN006708,C0012069,PL010,Postpaid Mobile,24,26-11-2017,16-11-2019,No,Active
CN006709,C0012071,PL006,Prepaid Mobile,24,10-10-2016,30-09-2018,Yes,Active
CN006710,C0012075,PL005,Prepaid Mobile,36,22-12-2024,07-12-2027,Yes,Auto-Renewed
CN006711,C0012076,PL016,Fiber Broadband,24,21-02-2022,11-02-2024,No,Pending
CN006712,C0012079,PL024,IoT Solutions,12,07-02-2021,02-02-2022,No,Auto-Renewed
CN006713,C0012080,PL011,Postpaid Mobile,24,01-01-2014,22-12-2015,No,Active
CN006714,C0012083,PL021,Enterprise,12,01-01-2014,27-12-2014,Yes,Auto-Renewed
CN006715,C0012084,PL005,Prepaid Mobile,12,01-01-2014,27-12-2014,Yes,Auto-Renewed
CN006716,C0012085,PL017,Fiber Broadband,24,11-03-2020,01-03-2022,No,Active
CN006717,C0012086,PL016,Fiber Broadband,18,11-09-2015,04-03-2017,No,Active
CN006718,C0012087,PL010,Postpaid Mobile,18,06-05-2025,28-10-2026,No,Renewed
CN006719,C0012089,PL011,Postpaid Mobile,18,18-07-2025,09-01-2027,No,Auto-Renewed
CN006720,C0012091,PL010,Postpaid Mobile,12,21-06-2017,16-06-2018,No,Pending
CN006721,C0012092,PL011,Postpaid Mobile,24,30-05-2024,20-05-2026,No,Pending
CN006722,C0012093,PL007,Postpaid Mobile,24,02-05-2024,22-04-2026,Yes,Not Renewed
CN006723,C0012096,PL015,Fiber Broadband,12,03-10-2021,28-09-2022,No,Auto-Renewed
CN006724,C0012097,PL009,Postpaid Mobile,24,12-07-2018,01-07-2020,No,Auto-Renewed
CN006725,C0012101,PL011,Postpaid Mobile,18,09-07-2024,31-12-2025,Yes,Auto-Renewed
CN006726,C0012104,PL011,Postpaid Mobile,12,05-09-2016,31-08-2017,Yes,Renewed
CN006727,C0012107,PL005,Prepaid Mobile,12,01-01-2014,27-12-2014,No,Pending
CN006728,C0012108,PL015,Fiber Broadband,24,16-09-2020,06-09-2022,Yes,Auto-Renewed
CN006729,C0012110,PL015,Fiber Broadband,18,01-01-2014,25-06-2015,No,Renewed
CN006730,C0012111,PL011,Postpaid Mobile,18,12-04-2020,04-10-2021,No,Renewed
CN006731,C0012113,PL011,Postpaid Mobile,18,01-01-2017,25-06-2018,Yes,Active
CN006732,C0012114,PL017,Fiber Broadband,12,01-01-2014,27-12-2014,Yes,Renewed
CN006733,C0012115,PL006,Prepaid Mobile,12,12-10-2020,07-10-2021,Yes,Renewed
CN006734,C0012119,PL010,Postpaid Mobile,12,05-05-2016,30-04-2017,Yes,Auto-Renewed
CN006735,C0012120,PL011,Postpaid Mobile,18,02-02-2014,27-07-2015,Yes,Active
CN006736,C0012121,PL011,Postpaid Mobile,12,01-01-2014,27-12-2014,Yes,Pending
CN006737,C0012123,PL017,Fiber Broadband,12,15-06-2019,09-06-2020,Yes,Auto-Renewed
CN006738,C0012124,PL023,IoT Solutions,12,01-11-2015,26-10-2016,No,Active
CN006739,C0012127,PL018,Fiber Broadband,12,10-08-2020,05-08-2021,Yes,Auto-Renewed
CN006740,C0012128,PL007,Postpaid Mobile,24,03-11-2020,24-10-2022,No,Renewed
CN006741,C0012129,PL016,Fiber Broadband,24,19-11-2021,09-11-2023,No,Active
CN006742,C0012131,PL025,Smart Home,12,18-11-2019,12-11-2020,No,Active
CN006743,C0012132,PL007,Postpaid Mobile,24,14-01-2017,04-01-2019,Yes,Cancelled
CN006744,C0012135,PL017,Fiber Broadband,36,07-06-2020,23-05-2023,Yes,Renewed
CN006745,C0012136,PL015,Fiber Broadband,12,01-01-2014,27-12-2014,Yes,Active
CN006746,C0012137,PL005,Prepaid Mobile,18,22-05-2016,13-11-2017,Yes,Auto-Renewed
CN006747,C0012139,PL015,Fiber Broadband,24,29-12-2020,19-12-2022,Yes,Renewed
CN006748,C0012143,PL009,Postpaid Mobile,12,08-11-2019,02-11-2020,No,Pending
CN006749,C0012145,PL005,Prepaid Mobile,12,15-10-2024,10-10-2025,Yes,Active
CN006750,C0012148,PL005,Prepaid Mobile,12,16-02-2023,11-02-2024,No,Active
CN006751,C0012149,PL023,IoT Solutions,12,12-04-2015,06-04-2016,No,Pending
CN006752,C0012150,PL025,Smart Home,12,02-12-2025,27-11-2026,No,Not Renewed
CN006753,C0012152,PL006,Prepaid Mobile,36,01-01-2014,16-12-2016,Yes,Auto-Renewed
CN006754,C0012153,PL010,Postpaid Mobile,24,26-07-2025,16-07-2027,No,Renewed
CN006755,C0012154,PL005,Prepaid Mobile,18,01-01-2014,25-06-2015,Yes,Pending
CN006756,C0012158,PL005,Prepaid Mobile,18,22-09-2015,15-03-2017,No,Not Renewed
CN006757,C0012160,PL017,Fiber Broadband,12,01-01-2014,27-12-2014,Yes,Not Renewed
CN006758,C0012165,PL011,Postpaid Mobile,24,22-07-2025,12-07-2027,No,Auto-Renewed
CN006759,C0012166,PL016,Fiber Broadband,18,17-06-2018,09-12-2019,Yes,Renewed
CN006760,C0012168,PL005,Prepaid Mobile,12,01-01-2014,27-12-2014,No,Renewed
CN006761,C0012170,PL015,Fiber Broadband,24,01-01-2014,22-12-2015,No,Renewed
CN006762,C0012171,PL016,Fiber Broadband,24,01-01-2014,22-12-2015,No,Renewed
CN006763,C0012172,PL015,Fiber Broadband,18,14-05-2019,04-11-2020,No,Pending
CN006764,C0012173,PL011,Postpaid Mobile,12,16-08-2021,11-08-2022,No,Auto-Renewed
CN006765,C0012174,PL009,Postpaid Mobile,36,14-08-2017,29-07-2020,No,Cancelled
CN006766,C0012178,PL016,Fiber Broadband,24,26-02-2019,15-02-2021,No,Renewed
CN006767,C0012182,PL010,Postpaid Mobile,24,20-12-2025,10-12-2027,No,Renewed
CN006768,C0012183,PL025,Smart Home,12,21-11-2016,16-11-2017,Yes,Auto-Renewed
CN006769,C0012184,PL009,Postpaid Mobile,24,16-12-2020,06-12-2022,Yes,Renewed
CN006770,C0012185,PL017,Fiber Broadband,24,15-08-2024,05-08-2026,Yes,Pending
CN006771,C0012186,PL007,Postpaid Mobile,18,29-01-2021,23-07-2022,No,Cancelled
CN006772,C0012187,PL024,IoT Solutions,18,31-01-2018,25-07-2019,No,Auto-Renewed
CN006773,C0012189,PL015,Fiber Broadband,18,15-10-2024,08-04-2026,No,Not Renewed
CN006774,C0012192,PL007,Postpaid Mobile,12,18-07-2019,12-07-2020,Yes,Auto-Renewed
CN006775,C0012193,PL021,Enterprise,12,14-01-2018,09-01-2019,No,Renewed
CN006776,C0012194,PL006,Prepaid Mobile,12,01-01-2014,27-12-2014,No,Active
CN006777,C0012195,PL006,Prepaid Mobile,24,01-01-2014,22-12-2015,Yes,Pending
CN006778,C0012196,PL005,Prepaid Mobile,12,01-01-2014,27-12-2014,No,Renewed
CN006779,C0012197,PL011,Postpaid Mobile,36,16-01-2014,31-12-2016,Yes,Renewed
CN006780,C0012198,PL006,Prepaid Mobile,24,06-05-2014,25-04-2016,Yes,Renewed
CN006781,C0012199,PL010,Postpaid Mobile,24,06-03-2020,24-02-2022,Yes,Renewed
CN006782,C0012201,PL009,Postpaid Mobile,18,06-12-2025,30-05-2027,Yes,Not Renewed
CN006783,C0012204,PL017,Fiber Broadband,18,07-08-2015,28-01-2017,Yes,Renewed
CN006784,C0012208,PL005,Prepaid Mobile,12,11-04-2020,06-04-2021,Yes,Pending
CN006785,C0012209,PL008,Postpaid Mobile,24,10-11-2024,31-10-2026,No,Not Renewed
CN006786,C0012211,PL005,Prepaid Mobile,24,02-09-2016,23-08-2018,No,Active
CN006787,C0012213,PL015,Fiber Broadband,24,10-08-2017,31-07-2019,Yes,Active
CN006788,C0012214,PL024,IoT Solutions,18,01-12-2021,25-05-2023,No,Renewed
CN006789,C0012218,PL006,Prepaid Mobile,18,29-08-2024,20-02-2026,No,Not Renewed
CN006790,C0012223,PL006,Prepaid Mobile,12,30-12-2019,24-12-2020,No,Renewed
CN006791,C0012224,PL010,Postpaid Mobile,12,10-01-2025,05-01-2026,Yes,Active
CN006792,C0012225,PL011,Postpaid Mobile,18,17-11-2022,10-05-2024,Yes,Pending
CN006793,C0012228,PL006,Prepaid Mobile,12,01-01-2014,27-12-2014,No,Auto-Renewed
CN006794,C0012229,PL006,Prepaid Mobile,12,01-01-2014,27-12-2014,Yes,Pending
CN006795,C0012230,PL005,Prepaid Mobile,18,29-01-2024,22-07-2025,No,Cancelled
CN006796,C0012231,PL005,Prepaid Mobile,12,27-09-2020,22-09-2021,Yes,Not Renewed
CN006797,C0012232,PL023,IoT Solutions,24,30-01-2026,20-01-2028,No,Auto-Renewed
CN006798,C0012233,PL007,Postpaid Mobile,18,07-05-2019,28-10-2020,Yes,Renewed
CN006799,C0012235,PL016,Fiber Broadband,12,17-01-2026,12-01-2027,No,Active
CN006800,C0012239,PL023,IoT Solutions,24,16-07-2023,05-07-2025,Yes,Renewed
CN006801,C0012241,PL022,Enterprise,12,01-01-2014,27-12-2014,No,Renewed
CN006802,C0012243,PL006,Prepaid Mobile,24,26-06-2022,15-06-2024,Yes,Active
CN006803,C0012244,PL018,Fiber Broadband,12,03-03-2015,26-02-2016,Yes,Active
CN006804,C0012245,PL005,Prepaid Mobile,12,01-05-2021,26-04-2022,Yes,Auto-Renewed
CN006805,C0012246,PL011,Postpaid Mobile,24,05-04-2023,25-03-2025,No,Renewed
CN006806,C0012251,PL007,Postpaid Mobile,24,15-07-2023,04-07-2025,Yes,Renewed
CN006807,C0012252,PL005,Prepaid Mobile,36,01-01-2014,16-12-2016,No,Renewed
CN006808,C0012254,PL025,Smart Home,36,31-12-2020,16-12-2023,No,Not Renewed
CN006809,C0012256,PL021,Enterprise,12,14-10-2023,08-10-2024,No,Renewed
CN006810,C0012258,PL025,Smart Home,36,26-12-2025,10-12-2028,Yes,Renewed
CN006811,C0012264,PL008,Postpaid Mobile,12,01-12-2018,26-11-2019,Yes,Auto-Renewed
CN006812,C0012266,PL024,IoT Solutions,12,13-02-2016,07-02-2017,Yes,Renewed
CN006813,C0012268,PL011,Postpaid Mobile,18,18-12-2024,11-06-2026,Yes,Active
CN006814,C0012269,PL006,Prepaid Mobile,12,12-05-2022,07-05-2023,No,Active
CN006815,C0012270,PL009,Postpaid Mobile,12,20-09-2023,14-09-2024,Yes,Not Renewed
CN006816,C0012271,PL005,Prepaid Mobile,12,01-01-2014,27-12-2014,Yes,Auto-Renewed
CN006817,C0012272,PL023,IoT Solutions,18,15-02-2022,09-08-2023,No,Pending
CN006818,C0012273,PL016,Fiber Broadband,12,18-04-2021,13-04-2022,No,Active
CN006819,C0012278,PL006,Prepaid Mobile,24,09-01-2015,29-12-2016,Yes,Active
CN006820,C0012280,PL006,Prepaid Mobile,36,15-10-2020,30-09-2023,Yes,Renewed
CN006821,C0012281,PL005,Prepaid Mobile,12,21-12-2014,16-12-2015,No,Renewed
CN006822,C0012282,PL005,Prepaid Mobile,24,01-01-2014,22-12-2015,No,Auto-Renewed
CN006823,C0012283,PL010,Postpaid Mobile,24,02-01-2015,22-12-2016,No,Active
CN006824,C0012285,PL006,Prepaid Mobile,24,18-12-2014,07-12-2016,No,Auto-Renewed
CN006825,C0012286,PL010,Postpaid Mobile,24,27-12-2024,17-12-2026,No,Renewed
CN006826,C0012288,PL025,Smart Home,18,24-10-2020,17-04-2022,No,Auto-Renewed
CN006827,C0012289,PL005,Prepaid Mobile,24,22-01-2019,11-01-2021,Yes,Pending
CN006828,C0012290,PL005,Prepaid Mobile,12,12-05-2025,07-05-2026,No,Auto-Renewed
CN006829,C0012294,PL010,Postpaid Mobile,12,19-03-2025,14-03-2026,Yes,Pending
CN006830,C0012295,PL008,Postpaid Mobile,12,19-05-2016,14-05-2017,Yes,Not Renewed
CN006831,C0012297,PL009,Postpaid Mobile,18,11-06-2018,03-12-2019,Yes,Active
CN006832,C0012299,PL018,Fiber Broadband,36,01-01-2014,16-12-2016,Yes,Renewed
CN006833,C0012302,PL022,Enterprise,24,01-01-2014,22-12-2015,No,Renewed
CN006834,C0012303,PL006,Prepaid Mobile,12,13-09-2015,07-09-2016,Yes,Active
CN006835,C0012306,PL008,Postpaid Mobile,12,16-06-2017,11-06-2018,No,Pending
CN006836,C0012307,PL005,Prepaid Mobile,24,02-12-2020,22-11-2022,Yes,Renewed
CN006837,C0012308,PL016,Fiber Broadband,24,01-01-2014,22-12-2015,No,Active
CN006838,C0012312,PL018,Fiber Broadband,12,01-01-2014,27-12-2014,No,Auto-Renewed
CN006839,C0012313,PL009,Postpaid Mobile,36,27-11-2016,12-11-2019,Yes,Renewed
CN006840,C0012314,PL005,Prepaid Mobile,12,13-06-2023,07-06-2024,Yes,Renewed
CN006841,C0012316,PL018,Fiber Broadband,24,01-01-2014,22-12-2015,Yes,Active
CN006842,C0012317,PL021,Enterprise,12,01-01-2014,27-12-2014,Yes,Auto-Renewed
CN006843,C0012319,PL021,Enterprise,24,05-09-2021,26-08-2023,Yes,Renewed
CN006844,C0012322,PL010,Postpaid Mobile,24,15-09-2014,04-09-2016,No,Active
CN006845,C0012323,PL006,Prepaid Mobile,18,01-07-2015,22-12-2016,Yes,Active
CN006846,C0012326,PL018,Fiber Broadband,24,23-06-2016,13-06-2018,No,Not Renewed
CN006847,C0012327,PL021,Enterprise,24,01-01-2014,22-12-2015,Yes,Renewed
CN006848,C0012330,PL023,IoT Solutions,12,21-05-2017,16-05-2018,No,Renewed
CN006849,C0012331,PL021,Enterprise,24,16-12-2020,06-12-2022,Yes,Renewed
CN006850,C0012332,PL018,Fiber Broadband,18,22-07-2019,12-01-2021,Yes,Renewed
CN006851,C0012334,PL018,Fiber Broadband,12,01-02-2021,27-01-2022,Yes,Renewed
CN006852,C0012335,PL017,Fiber Broadband,12,01-01-2014,27-12-2014,Yes,Pending
CN006853,C0012336,PL011,Postpaid Mobile,12,01-01-2014,27-12-2014,Yes,Auto-Renewed
CN006854,C0012337,PL005,Prepaid Mobile,24,07-09-2016,28-08-2018,No,Auto-Renewed
CN006855,C0012338,PL005,Prepaid Mobile,12,18-06-2023,12-06-2024,No,Renewed
CN006856,C0012343,PL017,Fiber Broadband,12,18-12-2024,13-12-2025,No,Pending
CN006857,C0012344,PL006,Prepaid Mobile,24,27-01-2021,17-01-2023,No,Active
CN006858,C0012346,PL006,Prepaid Mobile,12,25-09-2018,20-09-2019,No,Auto-Renewed
CN006859,C0012348,PL021,Enterprise,18,01-01-2014,25-06-2015,Yes,Active
CN006860,C0012349,PL011,Postpaid Mobile,24,20-09-2025,10-09-2027,No,Renewed
CN006861,C0012350,PL005,Prepaid Mobile,12,11-04-2017,06-04-2018,Yes,Auto-Renewed
CN006862,C0012354,PL011,Postpaid Mobile,18,01-01-2014,25-06-2015,No,Renewed
CN006863,C0012355,PL011,Postpaid Mobile,12,01-01-2014,27-12-2014,Yes,Auto-Renewed
CN006864,C0012357,PL010,Postpaid Mobile,24,28-08-2025,18-08-2027,Yes,Not Renewed
CN006865,C0012358,PL007,Postpaid Mobile,12,07-07-2021,02-07-2022,No,Cancelled
CN006866,C0012361,PL005,Prepaid Mobile,18,30-08-2023,20-02-2025,Yes,Active
CN006867,C0012362,PL024,IoT Solutions,18,21-01-2014,15-07-2015,Yes,Active
CN006868,C0012364,PL011,Postpaid Mobile,12,01-01-2014,27-12-2014,No,Renewed
CN006869,C0012367,PL018,Fiber Broadband,12,25-05-2022,20-05-2023,Yes,Renewed
CN006870,C0012368,PL021,Enterprise,18,01-01-2014,25-06-2015,Yes,Pending
CN006871,C0012371,PL011,Postpaid Mobile,12,05-05-2014,30-04-2015,Yes,Auto-Renewed
CN006872,C0012373,PL008,Postpaid Mobile,12,26-11-2022,21-11-2023,Yes,Renewed
CN006873,C0012374,PL008,Postpaid Mobile,24,01-08-2017,22-07-2019,Yes,Active
CN006874,C0012375,PL021,Enterprise,24,10-04-2023,30-03-2025,No,Renewed
CN006875,C0012377,PL006,Prepaid Mobile,12,24-11-2021,19-11-2022,Yes,Active
CN006876,C0012378,PL016,Fiber Broadband,12,27-08-2023,21-08-2024,Yes,Renewed
CN006877,C0012379,PL017,Fiber Broadband,24,04-01-2020,24-12-2021,No,Auto-Renewed
CN006878,C0012380,PL015,Fiber Broadband,36,16-09-2021,31-08-2024,Yes,Auto-Renewed
CN006879,C0012381,PL005,Prepaid Mobile,12,01-01-2014,27-12-2014,Yes,Auto-Renewed
CN006880,C0012383,PL008,Postpaid Mobile,12,19-06-2018,14-06-2019,Yes,Active
CN006881,C0012384,PL008,Postpaid Mobile,12,07-11-2023,01-11-2024,Yes,Auto-Renewed
CN006882,C0012386,PL010,Postpaid Mobile,24,10-05-2022,29-04-2024,Yes,Renewed
CN006883,C0012387,PL008,Postpaid Mobile,18,02-10-2023,25-03-2025,No,Not Renewed
CN006884,C0012388,PL017,Fiber Broadband,12,01-01-2014,27-12-2014,No,Active
CN006885,C0012390,PL006,Prepaid Mobile,24,15-11-2022,04-11-2024,No,Renewed
CN006886,C0012391,PL017,Fiber Broadband,24,01-01-2014,22-12-2015,No,Auto-Renewed
CN006887,C0012393,PL005,Prepaid Mobile,18,15-10-2016,08-04-2018,No,Renewed
CN006888,C0012394,PL005,Prepaid Mobile,36,26-08-2023,10-08-2026,No,Pending
CN006889,C0012396,PL022,Enterprise,18,18-02-2016,11-08-2017,Yes,Renewed
CN006890,C0012397,PL005,Prepaid Mobile,12,01-01-2014,27-12-2014,Yes,Auto-Renewed
CN006891,C0012401,PL006,Prepaid Mobile,18,10-12-2021,03-06-2023,Yes,Renewed
CN006892,C0012403,PL023,IoT Solutions,18,27-10-2025,20-04-2027,Yes,Renewed
CN006893,C0012405,PL006,Prepaid Mobile,36,08-05-2016,23-04-2019,No,Renewed
CN006894,C0012406,PL005,Prepaid Mobile,36,01-01-2014,16-12-2016,Yes,Auto-Renewed
CN006895,C0012410,PL023,IoT Solutions,12,11-03-2017,06-03-2018,No,Auto-Renewed
CN006896,C0012411,PL017,Fiber Broadband,18,01-09-2021,23-02-2023,Yes,Renewed
CN006897,C0012412,PL018,Fiber Broadband,12,10-04-2015,04-04-2016,No,Renewed
CN006898,C0012413,PL005,Prepaid Mobile,24,21-06-2023,10-06-2025,Yes,Auto-Renewed
CN006899,C0012415,PL006,Prepaid Mobile,24,28-01-2015,17-01-2017,Yes,Auto-Renewed
CN006900,C0012417,PL011,Postpaid Mobile,36,29-10-2018,13-10-2021,No,Auto-Renewed
CN006901,C0012420,PL021,Enterprise,12,04-04-2019,29-03-2020,Yes,Cancelled
CN006902,C0012422,PL011,Postpaid Mobile,12,01-01-2014,27-12-2014,No,Auto-Renewed
CN006903,C0012423,PL005,Prepaid Mobile,18,17-06-2018,09-12-2019,No,Renewed
CN006904,C0012427,PL008,Postpaid Mobile,18,13-05-2014,04-11-2015,Yes,Pending
CN006905,C0012430,PL007,Postpaid Mobile,12,26-05-2023,20-05-2024,Yes,Pending
CN006906,C0012432,PL005,Prepaid Mobile,36,16-11-2015,31-10-2018,Yes,Auto-Renewed
CN006907,C0012433,PL006,Prepaid Mobile,24,16-11-2021,06-11-2023,Yes,Pending
CN006908,C0012434,PL009,Postpaid Mobile,12,13-08-2017,08-08-2018,Yes,Renewed
CN006909,C0012436,PL023,IoT Solutions,24,08-05-2025,28-04-2027,No,Auto-Renewed
CN006910,C0012437,PL006,Prepaid Mobile,12,22-09-2019,16-09-2020,No,Renewed
CN006911,C0012443,PL018,Fiber Broadband,24,11-12-2024,01-12-2026,Yes,Renewed
CN006912,C0012446,PL007,Postpaid Mobile,12,17-11-2017,12-11-2018,No,Pending
CN006913,C0012448,PL006,Prepaid Mobile,12,01-01-2014,27-12-2014,No,Renewed
CN006914,C0012453,PL005,Prepaid Mobile,24,07-02-2014,28-01-2016,Yes,Active
CN006915,C0012454,PL016,Fiber Broadband,36,06-01-2017,22-12-2019,No,Auto-Renewed
CN006916,C0012456,PL010,Postpaid Mobile,12,13-10-2021,08-10-2022,Yes,Active
CN006917,C0012458,PL010,Postpaid Mobile,12,04-04-2024,30-03-2025,No,Not Renewed
CN006918,C0012460,PL011,Postpaid Mobile,18,16-08-2019,06-02-2021,No,Auto-Renewed
CN006919,C0012461,PL005,Prepaid Mobile,12,01-01-2014,27-12-2014,Yes,Auto-Renewed
CN006920,C0012462,PL017,Fiber Broadband,24,23-04-2015,12-04-2017,No,Active
CN006921,C0012465,PL016,Fiber Broadband,12,01-01-2014,27-12-2014,No,Renewed
CN006922,C0012466,PL005,Prepaid Mobile,18,01-01-2014,25-06-2015,Yes,Auto-Renewed
CN006923,C0012470,PL006,Prepaid Mobile,36,27-03-2025,11-03-2028,No,Renewed
CN006924,C0012471,PL024,IoT Solutions,12,21-11-2018,16-11-2019,No,Auto-Renewed
CN006925,C0012472,PL025,Smart Home,12,15-06-2015,09-06-2016,No,Pending
CN006926,C0012473,PL010,Postpaid Mobile,18,09-03-2016,31-08-2017,Yes,Auto-Renewed
CN006927,C0012474,PL005,Prepaid Mobile,36,01-01-2014,16-12-2016,Yes,Renewed
CN006928,C0012475,PL006,Prepaid Mobile,12,01-01-2014,27-12-2014,Yes,Renewed
CN006929,C0012476,PL005,Prepaid Mobile,24,26-06-2024,16-06-2026,No,Auto-Renewed
CN006930,C0012477,PL006,Prepaid Mobile,24,01-01-2014,22-12-2015,Yes,Pending
CN006931,C0012478,PL025,Smart Home,12,03-12-2021,28-11-2022,Yes,Renewed
CN006932,C0012479,PL015,Fiber Broadband,24,09-11-2021,30-10-2023,No,Auto-Renewed
CN006933,C0012482,PL006,Prepaid Mobile,12,06-03-2024,01-03-2025,No,Renewed
CN006934,C0012483,PL006,Prepaid Mobile,12,24-03-2014,19-03-2015,No,Renewed
CN006935,C0012487,PL016,Fiber Broadband,12,10-10-2020,05-10-2021,Yes,Renewed
CN006936,C0012488,PL006,Prepaid Mobile,12,05-02-2026,31-01-2027,Yes,Auto-Renewed
CN006937,C0012489,PL005,Prepaid Mobile,18,09-05-2022,31-10-2023,Yes,Auto-Renewed
CN006938,C0012491,PL015,Fiber Broadband,12,30-11-2021,25-11-2022,Yes,Renewed
CN006939,C0012494,PL017,Fiber Broadband,36,19-11-2021,03-11-2024,No,Not Renewed
CN006940,C0012495,PL018,Fiber Broadband,12,01-01-2014,27-12-2014,No,Active
CN006941,C0012496,PL005,Prepaid Mobile,18,02-08-2015,23-01-2017,No,Active
CN006942,C0012497,PL006,Prepaid Mobile,12,01-01-2014,27-12-2014,Yes,Not Renewed
CN006943,C0012500,PL008,Postpaid Mobile,18,29-10-2022,21-04-2024,Yes,Active
CN006944,C0012501,PL017,Fiber Broadband,18,07-10-2020,31-03-2022,Yes,Renewed
CN006945,C0012504,PL025,Smart Home,12,08-11-2021,03-11-2022,Yes,Active
CN006946,C0012506,PL007,Postpaid Mobile,12,13-07-2022,08-07-2023,Yes,Auto-Renewed
CN006947,C0012507,PL009,Postpaid Mobile,24,04-10-2016,24-09-2018,No,Auto-Renewed
CN006948,C0012508,PL021,Enterprise,24,05-01-2017,26-12-2018,No,Pending
CN006949,C0012512,PL015,Fiber Broadband,12,01-01-2014,27-12-2014,Yes,Pending
CN006950,C0012515,PL011,Postpaid Mobile,18,08-12-2021,01-06-2023,Yes,Auto-Renewed
CN006951,C0012516,PL010,Postpaid Mobile,12,09-01-2026,04-01-2027,Yes,Not Renewed
CN006952,C0012517,PL010,Postpaid Mobile,24,01-04-2018,21-03-2020,Yes,Auto-Renewed
CN006953,C0012519,PL009,Postpaid Mobile,36,26-08-2016,11-08-2019,No,Cancelled
CN006954,C0012520,PL006,Prepaid Mobile,18,22-04-2015,13-10-2016,Yes,Auto-Renewed
CN006955,C0012522,PL015,Fiber Broadband,12,22-09-2019,16-09-2020,Yes,Auto-Renewed
CN006956,C0012523,PL015,Fiber Broadband,12,16-10-2025,11-10-2026,No,Renewed
CN006957,C0012524,PL011,Postpaid Mobile,12,24-05-2020,19-05-2021,Yes,Pending
CN006958,C0012526,PL016,Fiber Broadband,12,14-12-2018,09-12-2019,Yes,Active
CN006959,C0012528,PL008,Postpaid Mobile,12,28-06-2017,23-06-2018,No,Cancelled
CN006960,C0012529,PL007,Postpaid Mobile,18,05-08-2017,27-01-2019,Yes,Auto-Renewed
CN006961,C0012530,PL016,Fiber Broadband,36,19-12-2015,03-12-2018,No,Renewed
CN006962,C0012531,PL017,Fiber Broadband,24,01-01-2014,22-12-2015,No,Pending
CN006963,C0012532,PL018,Fiber Broadband,24,01-01-2014,22-12-2015,No,Renewed
CN006964,C0012535,PL021,Enterprise,24,01-01-2014,22-12-2015,Yes,Pending
CN006965,C0012537,PL005,Prepaid Mobile,12,08-09-2014,03-09-2015,No,Active
CN006966,C0012538,PL008,Postpaid Mobile,24,12-03-2018,01-03-2020,No,Not Renewed
CN006967,C0012540,PL005,Prepaid Mobile,36,26-09-2014,10-09-2017,Yes,Renewed
CN006968,C0012544,PL006,Prepaid Mobile,24,09-05-2023,28-04-2025,Yes,Active
CN006969,C0012545,PL009,Postpaid Mobile,12,12-09-2022,07-09-2023,No,Active
CN006970,C0012547,PL009,Postpaid Mobile,12,20-11-2023,14-11-2024,Yes,Cancelled
CN006971,C0012548,PL011,Postpaid Mobile,36,26-08-2025,10-08-2028,Yes,Renewed
CN006972,C0012550,PL009,Postpaid Mobile,24,05-07-2018,24-06-2020,Yes,Cancelled
CN006973,C0012551,PL006,Prepaid Mobile,24,02-04-2022,22-03-2024,Yes,Auto-Renewed
CN006974,C0012552,PL008,Postpaid Mobile,12,17-12-2024,12-12-2025,No,Not Renewed
CN006975,C0012553,PL005,Prepaid Mobile,12,01-01-2014,27-12-2014,No,Not Renewed
CN006976,C0012555,PL024,IoT Solutions,18,12-03-2018,03-09-2019,Yes,Pending
CN006977,C0012558,PL005,Prepaid Mobile,24,21-10-2018,10-10-2020,Yes,Renewed
CN006978,C0012559,PL005,Prepaid Mobile,12,14-11-2021,09-11-2022,No,Auto-Renewed
CN006979,C0012560,PL016,Fiber Broadband,18,07-08-2017,29-01-2019,Yes,Active
CN006980,C0012562,PL005,Prepaid Mobile,36,23-05-2019,07-05-2022,No,Renewed
CN006981,C0012563,PL016,Fiber Broadband,18,23-06-2019,14-12-2020,No,Renewed
CN006982,C0012564,PL009,Postpaid Mobile,12,25-09-2022,20-09-2023,No,Renewed
CN006983,C0012566,PL010,Postpaid Mobile,12,12-09-2021,07-09-2022,Yes,Pending
CN006984,C0012567,PL007,Postpaid Mobile,12,08-06-2015,02-06-2016,No,Pending
CN006985,C0012568,PL011,Postpaid Mobile,12,13-12-2016,08-12-2017,Yes,Renewed
CN006986,C0012569,PL017,Fiber Broadband,24,24-09-2025,14-09-2027,No,Renewed
CN006987,C0012571,PL011,Postpaid Mobile,12,15-06-2021,10-06-2022,No,Not Renewed
CN006988,C0012572,PL017,Fiber Broadband,18,06-03-2018,28-08-2019,Yes,Renewed
CN006989,C0012573,PL016,Fiber Broadband,12,31-10-2016,26-10-2017,No,Renewed
CN006990,C0012575,PL008,Postpaid Mobile,24,31-03-2014,20-03-2016,Yes,Cancelled
CN006991,C0012576,PL017,Fiber Broadband,12,08-03-2014,03-03-2015,Yes,Not Renewed
CN006992,C0012578,PL009,Postpaid Mobile,12,11-08-2019,05-08-2020,No,Renewed
CN006993,C0012581,PL015,Fiber Broadband,24,24-09-2020,14-09-2022,Yes,Auto-Renewed
CN006994,C0012583,PL010,Postpaid Mobile,18,26-07-2016,17-01-2018,Yes,Renewed
CN006995,C0012586,PL024,IoT Solutions,24,02-09-2020,23-08-2022,No,Renewed
CN006996,C0012589,PL008,Postpaid Mobile,12,29-04-2018,24-04-2019,Yes,Renewed
CN006997,C0012591,PL011,Postpaid Mobile,12,17-08-2014,12-08-2015,No,Pending
CN006998,C0012592,PL015,Fiber Broadband,12,20-08-2024,15-08-2025,No,Renewed
CN006999,C0012594,PL011,Postpaid Mobile,24,16-08-2024,06-08-2026,No,Auto-Renewed
CN007000,C0012595,PL005,Prepaid Mobile,24,19-03-2024,09-03-2026,No,Active
CN007001,C0012597,PL011,Postpaid Mobile,12,01-11-2018,27-10-2019,No,Active
CN007002,C0012599,PL022,Enterprise,24,12-04-2024,02-04-2026,No,Renewed
CN007003,C0012601,PL025,Smart Home,36,28-11-2017,12-11-2020,Yes,Renewed
CN007004,C0012602,PL009,Postpaid Mobile,24,01-02-2014,22-01-2016,No,Not Renewed
CN007005,C0012604,PL016,Fiber Broadband,12,24-09-2022,19-09-2023,No,Not Renewed
CN007006,C0012610,PL011,Postpaid Mobile,12,01-01-2014,27-12-2014,No,Auto-Renewed
CN007007,C0012613,PL005,Prepaid Mobile,24,21-06-2022,10-06-2024,No,Renewed
CN007008,C0012615,PL007,Postpaid Mobile,12,03-08-2015,28-07-2016,Yes,Renewed
CN007009,C0012616,PL016,Fiber Broadband,24,04-05-2024,24-04-2026,Yes,Active
CN007010,C0012618,PL022,Enterprise,12,16-05-2021,11-05-2022,No,Auto-Renewed
CN007011,C0012619,PL010,Postpaid Mobile,24,04-07-2019,23-06-2021,No,Active
CN007012,C0012621,PL022,Enterprise,24,01-01-2014,22-12-2015,No,Renewed
CN007013,C0012625,PL011,Postpaid Mobile,12,01-01-2014,27-12-2014,No,Renewed
CN007014,C0012626,PL010,Postpaid Mobile,36,18-03-2014,02-03-2017,Yes,Renewed
CN007015,C0012630,PL025,Smart Home,24,10-06-2015,30-05-2017,No,Renewed
CN007016,C0012634,PL024,IoT Solutions,12,25-08-2014,20-08-2015,No,Pending
CN007017,C0012635,PL023,IoT Solutions,24,17-01-2025,07-01-2027,Yes,Renewed
CN007018,C0012638,PL006,Prepaid Mobile,12,01-01-2014,27-12-2014,No,Renewed
CN007019,C0012640,PL006,Prepaid Mobile,24,01-01-2014,22-12-2015,No,Auto-Renewed
CN007020,C0012641,PL008,Postpaid Mobile,24,12-12-2014,01-12-2016,Yes,Renewed
CN007021,C0012642,PL018,Fiber Broadband,24,10-02-2022,31-01-2024,No,Auto-Renewed
CN007022,C0012644,PL017,Fiber Broadband,12,01-01-2014,27-12-2014,Yes,Renewed
CN007023,C0012646,PL018,Fiber Broadband,36,01-01-2014,16-12-2016,No,Renewed
CN007024,C0012648,PL005,Prepaid Mobile,12,02-08-2024,28-07-2025,Yes,Not Renewed
CN007025,C0012649,PL006,Prepaid Mobile,24,01-01-2014,22-12-2015,Yes,Active
CN007026,C0012651,PL011,Postpaid Mobile,36,10-02-2015,25-01-2018,No,Renewed
CN007027,C0012652,PL006,Prepaid Mobile,24,01-01-2014,22-12-2015,No,Auto-Renewed
CN007028,C0012654,PL006,Prepaid Mobile,24,14-03-2018,03-03-2020,Yes,Auto-Renewed
CN007029,C0012656,PL018,Fiber Broadband,24,01-01-2014,22-12-2015,Yes,Active
CN007030,C0012657,PL018,Fiber Broadband,36,21-12-2021,05-12-2024,Yes,Renewed
CN007031,C0012659,PL007,Postpaid Mobile,12,12-01-2023,07-01-2024,Yes,Renewed
CN007032,C0012661,PL010,Postpaid Mobile,24,26-09-2022,15-09-2024,Yes,Cancelled
CN007033,C0012662,PL008,Postpaid Mobile,18,19-05-2016,10-11-2017,No,Active
CN007034,C0012663,PL023,IoT Solutions,24,14-08-2021,04-08-2023,No,Renewed
CN007035,C0012666,PL025,Smart Home,12,20-01-2024,14-01-2025,No,Not Renewed
CN007036,C0012667,PL022,Enterprise,18,02-02-2015,26-07-2016,Yes,Auto-Renewed
CN007037,C0012669,PL009,Postpaid Mobile,24,23-06-2022,12-06-2024,Yes,Pending
CN007038,C0012670,PL009,Postpaid Mobile,18,26-11-2021,20-05-2023,Yes,Auto-Renewed
CN007039,C0012671,PL018,Fiber Broadband,12,01-01-2014,27-12-2014,Yes,Auto-Renewed
CN007040,C0012677,PL018,Fiber Broadband,18,20-04-2017,12-10-2018,Yes,Renewed
CN007041,C0012678,PL010,Postpaid Mobile,12,12-08-2015,06-08-2016,No,Renewed
CN007042,C0012679,PL005,Prepaid Mobile,18,01-01-2014,25-06-2015,Yes,Auto-Renewed
CN007043,C0012680,PL005,Prepaid Mobile,18,01-01-2014,25-06-2015,Yes,Pending
CN007044,C0012682,PL025,Smart Home,36,29-09-2018,13-09-2021,No,Renewed
CN007045,C0012683,PL008,Postpaid Mobile,12,08-10-2018,03-10-2019,Yes,Auto-Renewed
CN007046,C0012686,PL005,Prepaid Mobile,12,03-09-2016,29-08-2017,Yes,Cancelled
CN007047,C0012687,PL025,Smart Home,12,03-05-2023,27-04-2024,No,Cancelled
CN007048,C0012689,PL011,Postpaid Mobile,12,26-09-2016,21-09-2017,No,Renewed
CN007049,C0012692,PL008,Postpaid Mobile,12,16-01-2014,11-01-2015,Yes,Active
CN007050,C0012694,PL011,Postpaid Mobile,36,01-01-2014,16-12-2016,No,Not Renewed
CN007051,C0012695,PL009,Postpaid Mobile,18,07-12-2017,31-05-2019,Yes,Active
CN007052,C0012696,PL009,Postpaid Mobile,12,26-01-2018,21-01-2019,No,Active
CN007053,C0012697,PL025,Smart Home,18,28-02-2022,22-08-2023,Yes,Auto-Renewed
CN007054,C0012698,PL015,Fiber Broadband,24,23-08-2022,12-08-2024,No,Renewed
CN007055,C0012699,PL016,Fiber Broadband,24,03-10-2025,23-09-2027,Yes,Active
CN007056,C0012701,PL018,Fiber Broadband,12,01-01-2014,27-12-2014,No,Renewed
CN007057,C0012702,PL010,Postpaid Mobile,12,18-09-2025,13-09-2026,Yes,Not Renewed
CN007058,C0012703,PL016,Fiber Broadband,18,03-01-2019,26-06-2020,No,Auto-Renewed
CN007059,C0012704,PL015,Fiber Broadband,12,05-11-2020,31-10-2021,Yes,Not Renewed
CN007060,C0012707,PL007,Postpaid Mobile,24,18-01-2026,08-01-2028,No,Active
CN007061,C0012708,PL005,Prepaid Mobile,12,05-12-2018,30-11-2019,No,Renewed
CN007062,C0012709,PL015,Fiber Broadband,18,07-01-2026,01-07-2027,No,Not Renewed
CN007063,C0012713,PL006,Prepaid Mobile,36,01-01-2014,16-12-2016,Yes,Active
CN007064,C0012714,PL009,Postpaid Mobile,18,12-06-2016,04-12-2017,No,Pending
CN007065,C0012716,PL017,Fiber Broadband,36,01-01-2014,16-12-2016,Yes,Renewed
CN007066,C0012718,PL016,Fiber Broadband,36,01-01-2014,16-12-2016,Yes,Renewed
CN007067,C0012720,PL008,Postpaid Mobile,18,11-03-2023,01-09-2024,Yes,Auto-Renewed
CN007068,C0012721,PL010,Postpaid Mobile,12,16-02-2016,10-02-2017,No,Pending
CN007069,C0012723,PL006,Prepaid Mobile,12,03-01-2017,29-12-2017,Yes,Active
CN007070,C0012726,PL011,Postpaid Mobile,12,01-01-2014,27-12-2014,Yes,Auto-Renewed
CN007071,C0012727,PL006,Prepaid Mobile,12,01-04-2016,27-03-2017,No,Pending
CN007072,C0012729,PL005,Prepaid Mobile,36,01-01-2014,16-12-2016,Yes,Pending
CN007073,C0012731,PL011,Postpaid Mobile,24,21-10-2015,10-10-2017,Yes,Auto-Renewed
CN007074,C0012732,PL024,IoT Solutions,12,04-12-2014,29-11-2015,Yes,Auto-Renewed
CN007075,C0012733,PL008,Postpaid Mobile,12,17-12-2023,11-12-2024,No,Active
CN007076,C0012734,PL017,Fiber Broadband,12,20-04-2025,15-04-2026,No,Active
CN007077,C0012735,PL005,Prepaid Mobile,24,04-10-2014,23-09-2016,Yes,Active
CN007078,C0012739,PL010,Postpaid Mobile,36,17-03-2019,01-03-2022,Yes,Not Renewed
CN007079,C0012742,PL007,Postpaid Mobile,24,12-01-2021,02-01-2023,No,Auto-Renewed
CN007080,C0012743,PL021,Enterprise,24,01-01-2014,22-12-2015,No,Renewed
CN007081,C0012744,PL024,IoT Solutions,18,18-05-2022,09-11-2023,Yes,Active
CN007082,C0012745,PL009,Postpaid Mobile,18,31-01-2014,25-07-2015,Yes,Pending
CN007083,C0012748,PL006,Prepaid Mobile,12,10-06-2022,05-06-2023,Yes,Pending
CN007084,C0012750,PL021,Enterprise,18,01-01-2014,25-06-2015,Yes,Renewed
CN007085,C0012752,PL005,Prepaid Mobile,12,09-01-2018,04-01-2019,Yes,Auto-Renewed
CN007086,C0012753,PL017,Fiber Broadband,12,02-06-2018,28-05-2019,Yes,Active
CN007087,C0012754,PL022,Enterprise,36,01-01-2014,16-12-2016,Yes,Renewed
CN007088,C0012757,PL017,Fiber Broadband,24,19-11-2024,09-11-2026,Yes,Renewed
CN007089,C0012761,PL010,Postpaid Mobile,18,08-06-2023,29-11-2024,No,Not Renewed
CN007090,C0012764,PL006,Prepaid Mobile,12,01-01-2014,27-12-2014,Yes,Auto-Renewed
CN007091,C0012765,PL009,Postpaid Mobile,24,28-11-2020,18-11-2022,Yes,Auto-Renewed
CN007092,C0012766,PL015,Fiber Broadband,18,01-01-2014,25-06-2015,Yes,Pending
CN007093,C0012767,PL017,Fiber Broadband,36,01-01-2014,16-12-2016,Yes,Auto-Renewed
CN007094,C0012768,PL015,Fiber Broadband,18,29-06-2015,20-12-2016,No,Cancelled
CN007095,C0012771,PL008,Postpaid Mobile,24,05-05-2018,24-04-2020,Yes,Auto-Renewed
CN007096,C0012772,PL011,Postpaid Mobile,12,11-12-2020,06-12-2021,Yes,Pending
CN007097,C0012774,PL024,IoT Solutions,12,14-01-2019,09-01-2020,Yes,Pending
CN007098,C0012775,PL006,Prepaid Mobile,12,23-06-2021,18-06-2022,Yes,Auto-Renewed
CN007099,C0012776,PL009,Postpaid Mobile,12,31-07-2022,26-07-2023,Yes,Active
CN007100,C0012777,PL022,Enterprise,18,23-04-2024,15-10-2025,Yes,Auto-Renewed
CN007101,C0012780,PL011,Postpaid Mobile,18,01-01-2014,25-06-2015,Yes,Auto-Renewed
CN007102,C0012781,PL010,Postpaid Mobile,24,05-09-2014,25-08-2016,Yes,Renewed
CN007103,C0012782,PL005,Prepaid Mobile,24,29-04-2023,18-04-2025,No,Not Renewed
CN007104,C0012783,PL005,Prepaid Mobile,12,01-01-2014,27-12-2014,Yes,Pending
CN007105,C0012784,PL015,Fiber Broadband,12,01-01-2014,27-12-2014,No,Auto-Renewed
CN007106,C0012788,PL005,Prepaid Mobile,18,18-04-2023,09-10-2024,Yes,Not Renewed
CN007107,C0012789,PL006,Prepaid Mobile,12,11-09-2025,06-09-2026,Yes,Renewed
CN007108,C0012790,PL005,Prepaid Mobile,24,14-11-2016,04-11-2018,No,Renewed
CN007109,C0012795,PL009,Postpaid Mobile,24,24-07-2021,14-07-2023,No,Active
CN007110,C0012796,PL009,Postpaid Mobile,12,31-03-2022,26-03-2023,Yes,Renewed
CN007111,C0012797,PL021,Enterprise,24,01-01-2014,22-12-2015,No,Renewed
CN007112,C0012801,PL011,Postpaid Mobile,18,01-01-2014,25-06-2015,No,Renewed
CN007113,C0012804,PL024,IoT Solutions,12,16-11-2021,11-11-2022,Yes,Auto-Renewed
CN007114,C0012805,PL017,Fiber Broadband,12,14-03-2024,09-03-2025,Yes,Not Renewed
CN007115,C0012806,PL017,Fiber Broadband,12,23-10-2017,18-10-2018,Yes,Active
CN007116,C0012808,PL018,Fiber Broadband,24,01-01-2014,22-12-2015,No,Auto-Renewed
CN007117,C0012810,PL006,Prepaid Mobile,18,24-02-2024,17-08-2025,Yes,Renewed
CN007118,C0012813,PL006,Prepaid Mobile,12,07-09-2016,02-09-2017,No,Active
CN007119,C0012814,PL024,IoT Solutions,12,17-05-2019,11-05-2020,Yes,Pending
CN007120,C0012816,PL005,Prepaid Mobile,12,03-05-2014,28-04-2015,No,Not Renewed
CN007121,C0012818,PL009,Postpaid Mobile,24,25-07-2024,15-07-2026,Yes,Not Renewed
CN007122,C0012819,PL022,Enterprise,18,09-04-2019,30-09-2020,No,Pending
CN007123,C0012825,PL006,Prepaid Mobile,24,14-03-2014,03-03-2016,Yes,Active
CN007124,C0012827,PL017,Fiber Broadband,18,20-02-2022,14-08-2023,No,Cancelled
CN007125,C0012828,PL006,Prepaid Mobile,12,01-01-2014,27-12-2014,Yes,Pending
CN007126,C0012829,PL025,Smart Home,12,22-01-2026,17-01-2027,No,Auto-Renewed
CN007127,C0012830,PL005,Prepaid Mobile,12,01-01-2014,27-12-2014,No,Renewed
CN007128,C0012831,PL005,Prepaid Mobile,18,18-09-2014,11-03-2016,No,Cancelled
CN007129,C0012832,PL007,Postpaid Mobile,12,11-08-2023,05-08-2024,Yes,Cancelled
CN007130,C0012834,PL016,Fiber Broadband,18,01-01-2014,25-06-2015,Yes,Not Renewed
CN007131,C0012835,PL016,Fiber Broadband,12,15-01-2016,09-01-2017,No,Auto-Renewed
CN007132,C0012836,PL015,Fiber Broadband,12,01-01-2014,27-12-2014,Yes,Auto-Renewed
CN007133,C0012837,PL006,Prepaid Mobile,24,04-04-2023,24-03-2025,No,Auto-Renewed
CN007134,C0012838,PL011,Postpaid Mobile,12,01-01-2014,27-12-2014,Yes,Pending
CN007135,C0012840,PL005,Prepaid Mobile,12,06-04-2015,31-03-2016,No,Renewed
CN007136,C0012841,PL006,Prepaid Mobile,12,04-02-2018,30-01-2019,No,Renewed
CN007137,C0012842,PL006,Prepaid Mobile,12,05-04-2019,30-03-2020,No,Renewed
CN007138,C0012843,PL011,Postpaid Mobile,18,28-06-2017,20-12-2018,Yes,Active
CN007139,C0012844,PL021,Enterprise,12,01-01-2014,27-12-2014,Yes,Pending
CN007140,C0012845,PL018,Fiber Broadband,36,27-07-2018,11-07-2021,No,Active
CN007141,C0012847,PL005,Prepaid Mobile,24,12-12-2016,02-12-2018,Yes,Renewed
CN007142,C0012848,PL009,Postpaid Mobile,18,28-12-2020,21-06-2022,No,Active
CN007143,C0012849,PL021,Enterprise,18,01-01-2014,25-06-2015,Yes,Renewed
CN007144,C0012851,PL005,Prepaid Mobile,12,15-06-2021,10-06-2022,No,Renewed
CN007145,C0012852,PL016,Fiber Broadband,24,01-01-2014,22-12-2015,Yes,Not Renewed
CN007146,C0012853,PL008,Postpaid Mobile,12,04-09-2021,30-08-2022,Yes,Not Renewed
CN007147,C0012854,PL022,Enterprise,24,01-01-2014,22-12-2015,No,Active
CN007148,C0012855,PL021,Enterprise,18,06-02-2024,30-07-2025,No,Active
CN007149,C0012857,PL021,Enterprise,24,03-03-2019,20-02-2021,Yes,Active
CN007150,C0012858,PL006,Prepaid Mobile,12,01-01-2014,27-12-2014,No,Renewed
CN007151,C0012860,PL006,Prepaid Mobile,24,10-04-2022,30-03-2024,Yes,Pending
CN007152,C0012861,PL016,Fiber Broadband,36,01-01-2014,16-12-2016,Yes,Pending
CN007153,C0012865,PL008,Postpaid Mobile,12,09-06-2018,04-06-2019,No,Renewed
CN007154,C0012869,PL016,Fiber Broadband,24,16-06-2019,05-06-2021,No,Auto-Renewed
CN007155,C0012870,PL006,Prepaid Mobile,18,09-07-2025,31-12-2026,Yes,Pending
CN007156,C0012873,PL006,Prepaid Mobile,12,02-12-2018,27-11-2019,Yes,Pending
CN007157,C0012875,PL008,Postpaid Mobile,24,06-04-2023,26-03-2025,Yes,Active
CN007158,C0012877,PL006,Prepaid Mobile,12,04-05-2025,29-04-2026,No,Not Renewed
CN007159,C0012878,PL018,Fiber Broadband,36,01-01-2014,16-12-2016,Yes,Renewed
CN007160,C0012880,PL005,Prepaid Mobile,12,01-01-2014,27-12-2014,Yes,Renewed
CN007161,C0012883,PL010,Postpaid Mobile,36,04-12-2020,19-11-2023,Yes,Renewed
CN007162,C0012884,PL006,Prepaid Mobile,18,01-01-2014,25-06-2015,No,Auto-Renewed
CN007163,C0012888,PL008,Postpaid Mobile,12,19-07-2014,14-07-2015,No,Renewed
CN007164,C0012890,PL007,Postpaid Mobile,12,07-12-2025,02-12-2026,No,Renewed
CN007165,C0012891,PL008,Postpaid Mobile,12,14-10-2018,09-10-2019,Yes,Renewed
CN007166,C0012893,PL007,Postpaid Mobile,24,12-04-2016,02-04-2018,Yes,Auto-Renewed
CN007167,C0012894,PL010,Postpaid Mobile,24,07-02-2021,28-01-2023,No,Active
CN007168,C0012896,PL025,Smart Home,24,26-06-2021,16-06-2023,No,Auto-Renewed
CN007169,C0012897,PL005,Prepaid Mobile,12,10-09-2014,05-09-2015,Yes,Active
CN007170,C0012898,PL021,Enterprise,24,30-11-2025,20-11-2027,Yes,Active
CN007171,C0012900,PL008,Postpaid Mobile,12,09-03-2017,04-03-2018,No,Not Renewed
CN007172,C0012902,PL005,Prepaid Mobile,12,01-01-2014,27-12-2014,No,Active
CN007173,C0012903,PL005,Prepaid Mobile,18,01-01-2014,25-06-2015,No,Renewed
CN007174,C0012904,PL005,Prepaid Mobile,12,01-01-2014,27-12-2014,Yes,Active
CN007175,C0012905,PL017,Fiber Broadband,12,01-01-2014,27-12-2014,Yes,Auto-Renewed
CN007176,C0012906,PL006,Prepaid Mobile,12,23-04-2022,18-04-2023,No,Auto-Renewed
CN007177,C0012909,PL005,Prepaid Mobile,36,01-01-2014,16-12-2016,No,Auto-Renewed
CN007178,C0012911,PL005,Prepaid Mobile,12,01-01-2014,27-12-2014,Yes,Renewed
CN007179,C0012913,PL005,Prepaid Mobile,24,01-01-2014,22-12-2015,Yes,Auto-Renewed
CN007180,C0012916,PL007,Postpaid Mobile,24,17-07-2014,06-07-2016,Yes,Pending
CN007181,C0012917,PL011,Postpaid Mobile,24,26-08-2022,15-08-2024,No,Renewed
CN007182,C0012919,PL016,Fiber Broadband,24,19-08-2023,08-08-2025,Yes,Cancelled
CN007183,C0012922,PL021,Enterprise,12,08-08-2024,03-08-2025,No,Renewed
CN007184,C0012923,PL022,Enterprise,18,28-05-2019,18-11-2020,Yes,Renewed
CN007185,C0012925,PL006,Prepaid Mobile,18,27-12-2017,20-06-2019,No,Renewed
CN007186,C0012926,PL007,Postpaid Mobile,12,08-06-2018,03-06-2019,Yes,Renewed
CN007187,C0012927,PL008,Postpaid Mobile,12,07-11-2020,02-11-2021,No,Active
CN007188,C0012930,PL017,Fiber Broadband,36,27-11-2016,12-11-2019,Yes,Pending
CN007189,C0012932,PL009,Postpaid Mobile,12,23-05-2021,18-05-2022,Yes,Active
CN007190,C0012934,PL007,Postpaid Mobile,18,18-01-2021,12-07-2022,Yes,Active
CN007191,C0012935,PL006,Prepaid Mobile,24,01-01-2014,22-12-2015,Yes,Pending
CN007192,C0012938,PL015,Fiber Broadband,18,01-01-2014,25-06-2015,No,Pending
CN007193,C0012939,PL010,Postpaid Mobile,36,12-07-2014,26-06-2017,No,Renewed
CN007194,C0012940,PL009,Postpaid Mobile,12,29-09-2016,24-09-2017,Yes,Auto-Renewed
CN007195,C0012941,PL010,Postpaid Mobile,12,17-03-2024,12-03-2025,Yes,Auto-Renewed
CN007196,C0012943,PL011,Postpaid Mobile,24,31-12-2016,21-12-2018,Yes,Renewed
CN007197,C0012944,PL006,Prepaid Mobile,12,08-10-2014,03-10-2015,Yes,Renewed
CN007198,C0012945,PL009,Postpaid Mobile,12,17-12-2023,11-12-2024,No,Not Renewed
CN007199,C0012946,PL024,IoT Solutions,12,15-04-2021,10-04-2022,No,Pending
CN007200,C0012952,PL018,Fiber Broadband,24,02-08-2017,23-07-2019,No,Active
CN007201,C0012954,PL005,Prepaid Mobile,12,06-11-2023,31-10-2024,Yes,Auto-Renewed
CN007202,C0012955,PL021,Enterprise,36,01-01-2014,16-12-2016,No,Auto-Renewed
CN007203,C0012958,PL008,Postpaid Mobile,12,16-02-2026,11-02-2027,Yes,Active
CN007204,C0012959,PL011,Postpaid Mobile,12,01-01-2014,27-12-2014,No,Renewed
CN007205,C0012960,PL007,Postpaid Mobile,12,11-07-2024,06-07-2025,Yes,Auto-Renewed
CN007206,C0012961,PL006,Prepaid Mobile,12,19-01-2014,14-01-2015,No,Renewed
CN007207,C0012963,PL010,Postpaid Mobile,24,23-09-2024,13-09-2026,Yes,Active
CN007208,C0012964,PL008,Postpaid Mobile,12,22-08-2019,16-08-2020,No,Renewed
CN007209,C0012965,PL009,Postpaid Mobile,12,03-01-2020,28-12-2020,Yes,Auto-Renewed
CN007210,C0012966,PL005,Prepaid Mobile,18,17-09-2025,11-03-2027,No,Active
CN007211,C0012972,PL021,Enterprise,36,20-07-2025,04-07-2028,No,Active
CN007212,C0012973,PL022,Enterprise,24,08-08-2024,29-07-2026,Yes,Active
CN007213,C0012974,PL017,Fiber Broadband,24,01-01-2014,22-12-2015,Yes,Not Renewed
CN007214,C0012976,PL006,Prepaid Mobile,12,09-07-2021,04-07-2022,Yes,Pending
CN007215,C0012977,PL007,Postpaid Mobile,24,12-08-2025,02-08-2027,Yes,Cancelled
CN007216,C0012979,PL017,Fiber Broadband,24,01-01-2014,22-12-2015,No,Auto-Renewed
CN007217,C0012980,PL006,Prepaid Mobile,12,26-03-2017,21-03-2018,Yes,Renewed
CN007218,C0012981,PL016,Fiber Broadband,24,23-11-2023,12-11-2025,Yes,Active
CN007219,C0012982,PL008,Postpaid Mobile,12,20-01-2015,15-01-2016,Yes,Auto-Renewed
CN007220,C0012983,PL022,Enterprise,12,30-09-2018,25-09-2019,Yes,Renewed
CN007221,C0012984,PL005,Prepaid Mobile,24,06-01-2018,27-12-2019,No,Pending
CN007222,C0012987,PL024,IoT Solutions,12,14-06-2015,08-06-2016,Yes,Pending
CN007223,C0012989,PL009,Postpaid Mobile,12,18-04-2016,13-04-2017,Yes,Active
CN007224,C0012990,PL022,Enterprise,36,06-09-2018,21-08-2021,Yes,Auto-Renewed
CN007225,C0012992,PL005,Prepaid Mobile,12,25-01-2018,20-01-2019,No,Renewed
CN007226,C0012994,PL005,Prepaid Mobile,24,01-08-2016,22-07-2018,Yes,Pending
CN007227,C0013000,PL006,Prepaid Mobile,36,19-12-2018,03-12-2021,No,Renewed
CN007228,C0013002,PL023,IoT Solutions,36,05-09-2014,20-08-2017,No,Renewed
CN007229,C0013003,PL005,Prepaid Mobile,18,01-01-2014,25-06-2015,Yes,Active
CN007230,C0013007,PL011,Postpaid Mobile,12,01-01-2014,27-12-2014,No,Active
CN007231,C0013008,PL005,Prepaid Mobile,12,01-01-2014,27-12-2014,Yes,Active
CN007232,C0013010,PL017,Fiber Broadband,12,14-12-2018,09-12-2019,No,Pending
CN007233,C0013011,PL011,Postpaid Mobile,36,01-01-2014,16-12-2016,Yes,Not Renewed
CN007234,C0013012,PL023,IoT Solutions,18,08-02-2017,02-08-2018,No,Cancelled
CN007235,C0013015,PL010,Postpaid Mobile,12,10-10-2017,05-10-2018,No,Not Renewed
CN007236,C0013016,PL005,Prepaid Mobile,12,08-01-2021,03-01-2022,Yes,Renewed
CN007237,C0013018,PL008,Postpaid Mobile,12,26-12-2023,20-12-2024,Yes,Auto-Renewed
CN007238,C0013022,PL009,Postpaid Mobile,12,27-10-2016,22-10-2017,Yes,Not Renewed
CN007239,C0013025,PL016,Fiber Broadband,24,18-08-2015,07-08-2017,No,Pending
CN007240,C0013026,PL017,Fiber Broadband,24,01-01-2014,22-12-2015,Yes,Auto-Renewed
CN007241,C0013027,PL010,Postpaid Mobile,36,22-04-2015,06-04-2018,No,Renewed
CN007242,C0013028,PL021,Enterprise,24,03-12-2022,22-11-2024,No,Not Renewed
CN007243,C0013029,PL022,Enterprise,36,12-05-2019,26-04-2022,Yes,Renewed
CN007244,C0013030,PL008,Postpaid Mobile,24,30-04-2022,19-04-2024,Yes,Auto-Renewed
CN007245,C0013031,PL007,Postpaid Mobile,12,30-03-2020,25-03-2021,Yes,Renewed
CN007246,C0013032,PL007,Postpaid Mobile,36,14-01-2019,29-12-2021,No,Pending
CN007247,C0013034,PL011,Postpaid Mobile,18,18-05-2023,08-11-2024,Yes,Not Renewed
CN007248,C0013035,PL008,Postpaid Mobile,12,10-05-2022,05-05-2023,No,Cancelled
CN007249,C0013037,PL021,Enterprise,12,01-01-2014,27-12-2014,No,Renewed
CN007250,C0013038,PL011,Postpaid Mobile,12,12-11-2025,07-11-2026,Yes,Renewed
CN007251,C0013040,PL005,Prepaid Mobile,18,19-03-2015,09-09-2016,Yes,Renewed
CN007252,C0013043,PL005,Prepaid Mobile,12,19-03-2017,14-03-2018,No,Active
CN007253,C0013046,PL017,Fiber Broadband,12,20-07-2015,14-07-2016,No,Auto-Renewed
CN007254,C0013049,PL007,Postpaid Mobile,24,14-08-2014,03-08-2016,Yes,Active
CN007255,C0013050,PL005,Prepaid Mobile,24,01-01-2014,22-12-2015,Yes,Active
CN007256,C0013052,PL011,Postpaid Mobile,24,01-01-2014,22-12-2015,No,Auto-Renewed
CN007257,C0013054,PL009,Postpaid Mobile,24,30-10-2019,19-10-2021,No,Auto-Renewed
CN007258,C0013056,PL010,Postpaid Mobile,12,30-05-2019,24-05-2020,Yes,Pending
CN007259,C0013058,PL005,Prepaid Mobile,12,15-09-2016,10-09-2017,Yes,Pending
CN007260,C0013059,PL011,Postpaid Mobile,12,03-12-2022,28-11-2023,No,Renewed
CN007261,C0013060,PL008,Postpaid Mobile,12,21-07-2016,16-07-2017,No,Renewed
CN007262,C0013061,PL015,Fiber Broadband,24,19-07-2021,09-07-2023,No,Pending
CN007263,C0013065,PL023,IoT Solutions,24,31-12-2017,21-12-2019,No,Active
CN007264,C0013066,PL005,Prepaid Mobile,24,15-10-2020,05-10-2022,No,Not Renewed
CN007265,C0013067,PL015,Fiber Broadband,24,23-06-2021,13-06-2023,Yes,Not Renewed
CN007266,C0013068,PL006,Prepaid Mobile,18,01-01-2023,24-06-2024,No,Pending
CN007267,C0013069,PL010,Postpaid Mobile,12,07-12-2019,01-12-2020,Yes,Renewed
CN007268,C0013070,PL006,Prepaid Mobile,12,01-01-2014,27-12-2014,Yes,Renewed
CN007269,C0013071,PL016,Fiber Broadband,24,02-03-2014,20-02-2016,Yes,Active
CN007270,C0013072,PL016,Fiber Broadband,24,26-05-2023,15-05-2025,Yes,Renewed
CN007271,C0013073,PL006,Prepaid Mobile,24,01-01-2014,22-12-2015,No,Auto-Renewed
CN007272,C0013075,PL015,Fiber Broadband,18,01-01-2014,25-06-2015,No,Pending
CN007273,C0013078,PL005,Prepaid Mobile,12,15-01-2020,09-01-2021,Yes,Active
CN007274,C0013079,PL008,Postpaid Mobile,12,07-02-2022,02-02-2023,Yes,Renewed
CN007275,C0013080,PL024,IoT Solutions,18,24-04-2016,16-10-2017,No,Active
CN007276,C0013082,PL025,Smart Home,36,06-06-2022,21-05-2025,Yes,Not Renewed
CN007277,C0013084,PL016,Fiber Broadband,24,03-07-2020,23-06-2022,Yes,Auto-Renewed
CN007278,C0013086,PL009,Postpaid Mobile,12,06-06-2015,31-05-2016,Yes,Active
CN007279,C0013088,PL005,Prepaid Mobile,36,03-05-2019,17-04-2022,No,Active
CN007280,C0013089,PL007,Postpaid Mobile,18,01-01-2021,25-06-2022,Yes,Renewed
CN007281,C0013091,PL022,Enterprise,12,01-01-2014,27-12-2014,No,Active
CN007282,C0013092,PL011,Postpaid Mobile,12,01-01-2014,27-12-2014,Yes,Auto-Renewed
CN007283,C0013093,PL009,Postpaid Mobile,18,09-02-2021,03-08-2022,No,Auto-Renewed
CN007284,C0013096,PL018,Fiber Broadband,24,01-01-2014,22-12-2015,Yes,Renewed
CN007285,C0013097,PL006,Prepaid Mobile,18,29-12-2016,22-06-2018,Yes,Renewed
CN007286,C0013098,PL016,Fiber Broadband,12,31-10-2021,26-10-2022,Yes,Renewed
CN007287,C0013102,PL007,Postpaid Mobile,24,06-11-2024,27-10-2026,No,Not Renewed
CN007288,C0013103,PL011,Postpaid Mobile,24,01-01-2014,22-12-2015,Yes,Renewed
CN007289,C0013105,PL017,Fiber Broadband,12,01-01-2014,27-12-2014,No,Auto-Renewed
CN007290,C0013106,PL009,Postpaid Mobile,36,10-05-2014,24-04-2017,No,Pending
CN007291,C0013108,PL006,Prepaid Mobile,24,25-09-2019,14-09-2021,No,Renewed
CN007292,C0013110,PL005,Prepaid Mobile,24,20-07-2025,10-07-2027,Yes,Renewed
CN007293,C0013112,PL010,Postpaid Mobile,12,17-04-2022,12-04-2023,No,Renewed
CN007294,C0013115,PL022,Enterprise,12,02-10-2014,27-09-2015,Yes,Pending
CN007295,C0013117,PL005,Prepaid Mobile,18,27-09-2019,20-03-2021,Yes,Auto-Renewed
CN007296,C0013118,PL021,Enterprise,12,01-01-2014,27-12-2014,No,Renewed
CN007297,C0013119,PL018,Fiber Broadband,12,17-02-2021,12-02-2022,Yes,Renewed
CN007298,C0013120,PL005,Prepaid Mobile,12,05-10-2023,29-09-2024,No,Renewed
CN007299,C0013121,PL011,Postpaid Mobile,12,01-01-2014,27-12-2014,No,Renewed
CN007300,C0013124,PL008,Postpaid Mobile,12,29-12-2014,24-12-2015,No,Renewed
CN007301,C0013125,PL005,Prepaid Mobile,24,28-09-2023,17-09-2025,Yes,Auto-Renewed
CN007302,C0013126,PL018,Fiber Broadband,24,01-01-2014,22-12-2015,No,Renewed
CN007303,C0013127,PL016,Fiber Broadband,24,29-10-2019,18-10-2021,Yes,Auto-Renewed
CN007304,C0013128,PL006,Prepaid Mobile,36,02-04-2024,18-03-2027,No,Active
CN007305,C0013136,PL008,Postpaid Mobile,18,03-02-2026,28-07-2027,No,Not Renewed
CN007306,C0013138,PL006,Prepaid Mobile,12,26-01-2023,21-01-2024,Yes,Renewed
CN007307,C0013139,PL007,Postpaid Mobile,12,04-03-2023,27-02-2024,Yes,Pending
CN007308,C0013140,PL005,Prepaid Mobile,12,03-01-2022,29-12-2022,Yes,Renewed
CN007309,C0013141,PL005,Prepaid Mobile,24,31-01-2016,20-01-2018,No,Active
CN007310,C0013143,PL015,Fiber Broadband,24,03-06-2016,24-05-2018,Yes,Renewed
CN007311,C0013144,PL006,Prepaid Mobile,18,01-01-2014,25-06-2015,Yes,Renewed
CN007312,C0013147,PL015,Fiber Broadband,24,01-01-2014,22-12-2015,No,Auto-Renewed
CN007313,C0013148,PL024,IoT Solutions,24,18-01-2020,07-01-2022,Yes,Renewed
CN007314,C0013150,PL016,Fiber Broadband,24,27-02-2020,16-02-2022,No,Renewed
CN007315,C0013152,PL005,Prepaid Mobile,24,02-08-2025,23-07-2027,Yes,Renewed
CN007316,C0013154,PL007,Postpaid Mobile,12,27-09-2015,21-09-2016,Yes,Renewed
CN007317,C0013157,PL011,Postpaid Mobile,18,01-01-2014,25-06-2015,Yes,Pending
CN007318,C0013158,PL011,Postpaid Mobile,24,01-01-2014,22-12-2015,Yes,Pending
CN007319,C0013159,PL007,Postpaid Mobile,12,05-02-2026,31-01-2027,Yes,Renewed
CN007320,C0013161,PL005,Prepaid Mobile,12,25-07-2018,20-07-2019,Yes,Active
CN007321,C0013163,PL006,Prepaid Mobile,24,07-01-2024,27-12-2025,No,Renewed
CN007322,C0013165,PL006,Prepaid Mobile,12,27-04-2017,22-04-2018,Yes,Auto-Renewed
CN007323,C0013166,PL006,Prepaid Mobile,24,01-01-2014,22-12-2015,Yes,Renewed
CN007324,C0013167,PL005,Prepaid Mobile,12,13-06-2024,08-06-2025,No,Not Renewed
CN007325,C0013168,PL022,Enterprise,12,01-01-2014,27-12-2014,Yes,Active
CN007326,C0013169,PL006,Prepaid Mobile,24,22-09-2015,11-09-2017,Yes,Not Renewed
CN007327,C0013172,PL018,Fiber Broadband,24,12-06-2022,01-06-2024,Yes,Renewed
CN007328,C0013177,PL011,Postpaid Mobile,12,15-07-2015,09-07-2016,No,Renewed
CN007329,C0013178,PL007,Postpaid Mobile,12,14-12-2016,09-12-2017,Yes,Active
CN007330,C0013183,PL016,Fiber Broadband,12,13-03-2020,08-03-2021,Yes,Auto-Renewed
CN007331,C0013184,PL006,Prepaid Mobile,24,01-01-2014,22-12-2015,No,Renewed
CN007332,C0013187,PL021,Enterprise,24,01-01-2014,22-12-2015,Yes,Auto-Renewed
CN007333,C0013190,PL022,Enterprise,12,01-01-2014,27-12-2014,No,Auto-Renewed
CN007334,C0013192,PL022,Enterprise,24,11-08-2019,31-07-2021,No,Pending
CN007335,C0013193,PL009,Postpaid Mobile,18,29-06-2016,21-12-2017,Yes,Pending
CN007336,C0013194,PL017,Fiber Broadband,12,09-01-2022,04-01-2023,No,Pending
CN007337,C0013195,PL007,Postpaid Mobile,24,05-06-2024,26-05-2026,No,Pending
CN007338,C0013197,PL007,Postpaid Mobile,18,13-06-2025,05-12-2026,Yes,Active
CN007339,C0013199,PL017,Fiber Broadband,12,03-03-2016,26-02-2017,Yes,Auto-Renewed
CN007340,C0013200,PL016,Fiber Broadband,24,13-10-2024,03-10-2026,No,Not Renewed
CN007341,C0013201,PL011,Postpaid Mobile,36,01-08-2017,16-07-2020,Yes,Active
CN007342,C0013202,PL011,Postpaid Mobile,12,01-01-2014,27-12-2014,Yes,Pending
CN007343,C0013203,PL006,Prepaid Mobile,12,15-07-2015,09-07-2016,No,Renewed
CN007344,C0013204,PL009,Postpaid Mobile,24,27-03-2015,16-03-2017,No,Auto-Renewed
CN007345,C0013210,PL006,Prepaid Mobile,24,18-10-2018,07-10-2020,Yes,Renewed
CN007346,C0013212,PL018,Fiber Broadband,24,01-01-2014,22-12-2015,Yes,Renewed
CN007347,C0013214,PL006,Prepaid Mobile,12,01-01-2014,27-12-2014,Yes,Auto-Renewed
CN007348,C0013216,PL017,Fiber Broadband,24,01-01-2014,22-12-2015,Yes,Not Renewed
CN007349,C0013219,PL006,Prepaid Mobile,36,19-12-2017,03-12-2020,No,Active
CN007350,C0013220,PL010,Postpaid Mobile,12,10-10-2017,05-10-2018,Yes,Auto-Renewed
CN007351,C0013222,PL015,Fiber Broadband,36,01-01-2014,16-12-2016,Yes,Active
CN007352,C0013223,PL005,Prepaid Mobile,24,01-10-2016,21-09-2018,No,Pending
CN007353,C0013225,PL017,Fiber Broadband,24,01-01-2014,22-12-2015,No,Pending
CN007354,C0013226,PL016,Fiber Broadband,18,16-09-2025,10-03-2027,Yes,Cancelled
CN007355,C0013228,PL005,Prepaid Mobile,36,26-10-2020,11-10-2023,Yes,Renewed
CN007356,C0013229,PL006,Prepaid Mobile,12,13-10-2022,08-10-2023,No,Pending
CN007357,C0013230,PL011,Postpaid Mobile,12,22-05-2023,16-05-2024,Yes,Renewed
CN007358,C0013231,PL024,IoT Solutions,12,21-07-2025,16-07-2026,No,Renewed
CN007359,C0013233,PL018,Fiber Broadband,36,15-06-2019,30-05-2022,No,Auto-Renewed
CN007360,C0013234,PL011,Postpaid Mobile,24,01-01-2014,22-12-2015,No,Auto-Renewed
CN007361,C0013236,PL006,Prepaid Mobile,12,01-11-2014,27-10-2015,Yes,Pending
CN007362,C0013237,PL006,Prepaid Mobile,18,01-01-2014,25-06-2015,Yes,Active
CN007363,C0013240,PL017,Fiber Broadband,12,15-05-2025,10-05-2026,No,Auto-Renewed
CN007364,C0013241,PL008,Postpaid Mobile,24,05-06-2021,26-05-2023,Yes,Not Renewed
CN007365,C0013242,PL010,Postpaid Mobile,36,22-12-2020,07-12-2023,No,Renewed
CN007366,C0013244,PL006,Prepaid Mobile,12,05-12-2020,30-11-2021,Yes,Pending
CN007367,C0013249,PL021,Enterprise,12,01-01-2014,27-12-2014,Yes,Auto-Renewed
CN007368,C0013250,PL011,Postpaid Mobile,12,01-01-2014,27-12-2014,Yes,Pending
CN007369,C0013253,PL016,Fiber Broadband,12,01-01-2014,27-12-2014,No,Not Renewed
CN007370,C0013254,PL025,Smart Home,12,25-10-2017,20-10-2018,Yes,Renewed
CN007371,C0013257,PL018,Fiber Broadband,12,25-11-2025,20-11-2026,No,Pending
CN007372,C0013261,PL011,Postpaid Mobile,24,14-08-2016,04-08-2018,Yes,Active
CN007373,C0013262,PL006,Prepaid Mobile,12,06-01-2021,01-01-2022,No,Auto-Renewed
CN007374,C0013263,PL009,Postpaid Mobile,24,08-09-2023,28-08-2025,Yes,Active
CN007375,C0013264,PL005,Prepaid Mobile,12,24-03-2022,19-03-2023,No,Not Renewed
CN007376,C0013266,PL006,Prepaid Mobile,18,02-12-2014,25-05-2016,No,Auto-Renewed
CN007377,C0013269,PL025,Smart Home,12,14-06-2016,09-06-2017,No,Auto-Renewed
CN007378,C0013270,PL022,Enterprise,36,01-01-2014,16-12-2016,Yes,Renewed
CN007379,C0013272,PL008,Postpaid Mobile,18,13-04-2024,05-10-2025,Yes,Not Renewed
CN007380,C0013273,PL008,Postpaid Mobile,24,24-09-2014,13-09-2016,No,Renewed
CN007381,C0013275,PL016,Fiber Broadband,24,10-09-2017,31-08-2019,No,Pending
CN007382,C0013276,PL018,Fiber Broadband,36,15-12-2016,30-11-2019,No,Renewed
CN007383,C0013277,PL010,Postpaid Mobile,12,15-06-2020,10-06-2021,Yes,Not Renewed
CN007384,C0013282,PL023,IoT Solutions,12,13-07-2021,08-07-2022,Yes,Auto-Renewed
CN007385,C0013283,PL021,Enterprise,12,01-01-2023,27-12-2023,No,Renewed
CN007386,C0013285,PL005,Prepaid Mobile,12,08-06-2022,03-06-2023,No,Active
CN007387,C0013286,PL006,Prepaid Mobile,12,22-11-2020,17-11-2021,No,Auto-Renewed
CN007388,C0013288,PL011,Postpaid Mobile,12,01-01-2014,27-12-2014,No,Active
CN007389,C0013289,PL021,Enterprise,12,01-01-2014,27-12-2014,Yes,Renewed
CN007390,C0013291,PL022,Enterprise,12,30-01-2022,25-01-2023,Yes,Renewed
CN007391,C0013293,PL017,Fiber Broadband,36,21-03-2020,06-03-2023,Yes,Auto-Renewed
CN007392,C0013295,PL008,Postpaid Mobile,18,09-01-2016,02-07-2017,No,Renewed
CN007393,C0013296,PL015,Fiber Broadband,12,19-05-2020,14-05-2021,Yes,Cancelled
CN007394,C0013298,PL006,Prepaid Mobile,12,01-01-2014,27-12-2014,No,Renewed
CN007395,C0013299,PL023,IoT Solutions,18,16-10-2015,08-04-2017,Yes,Renewed
CN007396,C0013301,PL008,Postpaid Mobile,12,06-02-2019,01-02-2020,No,Renewed
CN007397,C0013302,PL015,Fiber Broadband,24,01-01-2014,22-12-2015,Yes,Renewed
CN007398,C0013304,PL008,Postpaid Mobile,12,11-06-2018,06-06-2019,No,Renewed
CN007399,C0013307,PL022,Enterprise,12,01-01-2014,27-12-2014,No,Pending
CN007400,C0013309,PL025,Smart Home,12,06-11-2022,01-11-2023,No,Not Renewed
CN007401,C0013310,PL008,Postpaid Mobile,12,29-10-2023,23-10-2024,No,Cancelled
CN007402,C0013311,PL007,Postpaid Mobile,12,13-06-2023,07-06-2024,Yes,Cancelled
CN007403,C0013312,PL010,Postpaid Mobile,12,12-04-2018,07-04-2019,Yes,Active
CN007404,C0013313,PL017,Fiber Broadband,12,10-08-2023,04-08-2024,Yes,Active
CN007405,C0013314,PL017,Fiber Broadband,12,22-05-2015,16-05-2016,Yes,Auto-Renewed
CN007406,C0013315,PL009,Postpaid Mobile,12,10-06-2020,05-06-2021,Yes,Auto-Renewed
CN007407,C0013316,PL005,Prepaid Mobile,12,09-11-2022,04-11-2023,Yes,Renewed
CN007408,C0013317,PL005,Prepaid Mobile,12,14-07-2022,09-07-2023,Yes,Cancelled
CN007409,C0013318,PL006,Prepaid Mobile,18,01-01-2014,25-06-2015,No,Pending
CN007410,C0013319,PL015,Fiber Broadband,24,01-01-2014,22-12-2015,No,Renewed
CN007411,C0013321,PL005,Prepaid Mobile,12,01-01-2014,27-12-2014,Yes,Renewed
CN007412,C0013323,PL006,Prepaid Mobile,24,06-01-2025,27-12-2026,Yes,Renewed
CN007413,C0013325,PL007,Postpaid Mobile,12,09-05-2019,03-05-2020,No,Renewed
CN007414,C0013326,PL011,Postpaid Mobile,12,01-01-2014,27-12-2014,Yes,Auto-Renewed
CN007415,C0013331,PL005,Prepaid Mobile,24,10-10-2016,30-09-2018,Yes,Renewed
CN007416,C0013332,PL007,Postpaid Mobile,18,12-10-2015,04-04-2017,Yes,Renewed
CN007417,C0013336,PL007,Postpaid Mobile,36,16-03-2020,01-03-2023,Yes,Renewed
CN007418,C0013339,PL005,Prepaid Mobile,24,01-01-2014,22-12-2015,Yes,Renewed
CN007419,C0013342,PL005,Prepaid Mobile,12,01-01-2014,27-12-2014,Yes,Pending
CN007420,C0013343,PL005,Prepaid Mobile,12,01-01-2014,27-12-2014,No,Pending
CN007421,C0013346,PL005,Prepaid Mobile,18,01-07-2018,23-12-2019,Yes,Renewed
CN007422,C0013350,PL016,Fiber Broadband,24,04-08-2017,25-07-2019,Yes,Renewed
CN007423,C0013351,PL009,Postpaid Mobile,12,25-06-2020,20-06-2021,Yes,Pending
CN007424,C0013353,PL023,IoT Solutions,24,20-06-2018,09-06-2020,No,Pending
CN007425,C0013354,PL010,Postpaid Mobile,36,27-06-2019,11-06-2022,Yes,Auto-Renewed
CN007426,C0013355,PL024,IoT Solutions,12,26-07-2015,20-07-2016,No,Auto-Renewed
CN007427,C0013356,PL005,Prepaid Mobile,12,01-01-2014,27-12-2014,No,Not Renewed
CN007428,C0013359,PL010,Postpaid Mobile,18,30-11-2015,23-05-2017,Yes,Renewed
CN007429,C0013360,PL005,Prepaid Mobile,12,26-10-2018,21-10-2019,No,Renewed
CN007430,C0013362,PL022,Enterprise,12,21-10-2023,15-10-2024,Yes,Auto-Renewed
CN007431,C0013364,PL006,Prepaid Mobile,24,29-12-2015,18-12-2017,No,Active
CN007432,C0013366,PL024,IoT Solutions,18,25-05-2023,15-11-2024,Yes,Renewed
CN007433,C0013369,PL017,Fiber Broadband,24,01-01-2014,22-12-2015,Yes,Active
CN007434,C0013370,PL016,Fiber Broadband,36,01-01-2014,16-12-2016,Yes,Active
CN007435,C0013372,PL005,Prepaid Mobile,12,31-08-2017,26-08-2018,Yes,Auto-Renewed
CN007436,C0013375,PL009,Postpaid Mobile,12,12-01-2016,06-01-2017,No,Renewed
CN007437,C0013376,PL017,Fiber Broadband,12,06-05-2014,01-05-2015,No,Renewed
CN007438,C0013377,PL005,Prepaid Mobile,12,01-01-2014,27-12-2014,No,Renewed
CN007439,C0013378,PL009,Postpaid Mobile,12,06-07-2021,01-07-2022,Yes,Auto-Renewed
CN007440,C0013382,PL018,Fiber Broadband,24,01-01-2014,22-12-2015,No,Active
CN007441,C0013388,PL010,Postpaid Mobile,12,20-11-2018,15-11-2019,Yes,Not Renewed
CN007442,C0013392,PL010,Postpaid Mobile,12,21-03-2024,16-03-2025,Yes,Cancelled
CN007443,C0013393,PL010,Postpaid Mobile,12,05-07-2017,30-06-2018,Yes,Active
CN007444,C0013394,PL006,Prepaid Mobile,24,20-11-2015,09-11-2017,Yes,Active
CN007445,C0013396,PL011,Postpaid Mobile,24,01-01-2014,22-12-2015,No,Active
CN007446,C0013399,PL021,Enterprise,12,24-10-2023,18-10-2024,Yes,Pending
CN007447,C0013400,PL009,Postpaid Mobile,12,24-07-2017,19-07-2018,No,Pending
CN007448,C0013403,PL015,Fiber Broadband,12,01-01-2014,27-12-2014,No,Auto-Renewed
CN007449,C0013405,PL006,Prepaid Mobile,18,01-01-2014,25-06-2015,Yes,Pending
CN007450,C0013410,PL007,Postpaid Mobile,18,16-12-2024,09-06-2026,No,Not Renewed
CN007451,C0013413,PL018,Fiber Broadband,24,01-01-2014,22-12-2015,No,Not Renewed
CN007452,C0013414,PL011,Postpaid Mobile,24,07-08-2020,28-07-2022,Yes,Renewed
CN007453,C0013415,PL017,Fiber Broadband,36,01-01-2014,16-12-2016,No,Auto-Renewed
CN007454,C0013416,PL025,Smart Home,24,02-09-2025,23-08-2027,Yes,Auto-Renewed
CN007455,C0013418,PL006,Prepaid Mobile,12,17-01-2018,12-01-2019,No,Not Renewed
CN007456,C0013420,PL021,Enterprise,12,24-06-2019,18-06-2020,No,Renewed
CN007457,C0013421,PL005,Prepaid Mobile,36,01-01-2014,16-12-2016,No,Renewed
CN007458,C0013422,PL018,Fiber Broadband,18,29-09-2014,22-03-2016,Yes,Active
CN007459,C0013423,PL005,Prepaid Mobile,18,01-01-2014,25-06-2015,No,Renewed
CN007460,C0013424,PL017,Fiber Broadband,12,01-01-2014,27-12-2014,Yes,Cancelled
CN007461,C0013425,PL005,Prepaid Mobile,24,21-06-2018,10-06-2020,Yes,Active
CN007462,C0013427,PL009,Postpaid Mobile,12,22-04-2020,17-04-2021,Yes,Auto-Renewed
CN007463,C0013428,PL010,Postpaid Mobile,36,22-12-2020,07-12-2023,No,Active
CN007464,C0013431,PL017,Fiber Broadband,18,07-01-2026,01-07-2027,No,Not Renewed
CN007465,C0013432,PL006,Prepaid Mobile,12,01-01-2014,27-12-2014,Yes,Auto-Renewed
CN007466,C0013433,PL010,Postpaid Mobile,12,03-03-2022,26-02-2023,Yes,Auto-Renewed
CN007467,C0013434,PL006,Prepaid Mobile,12,01-01-2014,27-12-2014,No,Auto-Renewed
CN007468,C0013435,PL006,Prepaid Mobile,12,15-06-2024,10-06-2025,Yes,Cancelled
CN007469,C0013439,PL016,Fiber Broadband,12,08-12-2023,02-12-2024,No,Renewed
CN007470,C0013441,PL010,Postpaid Mobile,12,13-03-2020,08-03-2021,No,Not Renewed
CN007471,C0013442,PL023,IoT Solutions,12,01-11-2019,26-10-2020,No,Auto-Renewed
CN007472,C0013443,PL021,Enterprise,12,01-01-2014,27-12-2014,Yes,Pending
CN007473,C0013445,PL005,Prepaid Mobile,24,01-01-2014,22-12-2015,Yes,Auto-Renewed
CN007474,C0013447,PL006,Prepaid Mobile,12,01-01-2014,27-12-2014,No,Renewed
CN007475,C0013448,PL023,IoT Solutions,12,02-12-2017,27-11-2018,No,Pending
CN007476,C0013452,PL010,Postpaid Mobile,18,09-02-2024,02-08-2025,No,Pending
CN007477,C0013453,PL011,Postpaid Mobile,12,19-07-2020,14-07-2021,Yes,Pending
CN007478,C0013455,PL006,Prepaid Mobile,12,09-12-2023,03-12-2024,No,Active
CN007479,C0013457,PL025,Smart Home,24,03-10-2019,22-09-2021,No,Active
CN007480,C0013459,PL005,Prepaid Mobile,18,02-06-2018,24-11-2019,Yes,Not Renewed
CN007481,C0013460,PL015,Fiber Broadband,12,01-01-2014,27-12-2014,No,Active
CN007482,C0013464,PL006,Prepaid Mobile,24,27-09-2020,17-09-2022,No,Active
CN007483,C0013465,PL008,Postpaid Mobile,12,31-10-2019,25-10-2020,No,Auto-Renewed
CN007484,C0013467,PL017,Fiber Broadband,12,16-10-2015,10-10-2016,Yes,Renewed
CN007485,C0013469,PL022,Enterprise,36,18-06-2017,02-06-2020,No,Pending
CN007486,C0013470,PL005,Prepaid Mobile,24,12-03-2023,01-03-2025,Yes,Not Renewed
CN007487,C0013473,PL016,Fiber Broadband,12,21-12-2017,16-12-2018,Yes,Renewed
CN007488,C0013474,PL007,Postpaid Mobile,12,16-12-2020,11-12-2021,No,Renewed
CN007489,C0013476,PL018,Fiber Broadband,24,01-01-2014,22-12-2015,No,Auto-Renewed
CN007490,C0013477,PL022,Enterprise,12,13-11-2017,08-11-2018,No,Active
CN007491,C0013479,PL008,Postpaid Mobile,24,03-02-2023,23-01-2025,Yes,Pending
CN007492,C0013481,PL015,Fiber Broadband,12,17-06-2024,12-06-2025,No,Cancelled
CN007493,C0013482,PL005,Prepaid Mobile,12,11-03-2020,06-03-2021,Yes,Auto-Renewed
CN007494,C0013487,PL010,Postpaid Mobile,12,28-02-2021,23-02-2022,No,Renewed
CN007495,C0013488,PL022,Enterprise,24,14-01-2021,04-01-2023,Yes,Auto-Renewed
CN007496,C0013490,PL009,Postpaid Mobile,12,31-12-2025,26-12-2026,No,Cancelled
CN007497,C0013491,PL018,Fiber Broadband,24,23-08-2014,12-08-2016,Yes,Auto-Renewed
CN007498,C0013492,PL007,Postpaid Mobile,24,31-01-2021,21-01-2023,No,Auto-Renewed
CN007499,C0013493,PL006,Prepaid Mobile,12,01-01-2014,27-12-2014,Yes,Renewed
CN007500,C0013494,PL022,Enterprise,36,06-04-2020,22-03-2023,Yes,Auto-Renewed
CN007501,C0013495,PL005,Prepaid Mobile,12,27-05-2021,22-05-2022,No,Renewed
CN007502,C0013496,PL025,Smart Home,12,19-08-2015,13-08-2016,Yes,Auto-Renewed
CN007503,C0013497,PL011,Postpaid Mobile,12,27-07-2016,22-07-2017,Yes,Active
CN007504,C0013498,PL006,Prepaid Mobile,24,24-03-2019,13-03-2021,Yes,Auto-Renewed
CN007505,C0013499,PL018,Fiber Broadband,12,01-01-2014,27-12-2014,Yes,Renewed
CN007506,C0013503,PL017,Fiber Broadband,12,01-01-2014,27-12-2014,No,Renewed
CN007507,C0013505,PL022,Enterprise,12,03-09-2017,29-08-2018,No,Renewed
CN007508,C0013506,PL009,Postpaid Mobile,36,16-07-2024,01-07-2027,Yes,Cancelled
CN007509,C0013507,PL008,Postpaid Mobile,24,28-05-2023,17-05-2025,Yes,Renewed
CN007510,C0013510,PL005,Prepaid Mobile,12,01-01-2014,27-12-2014,No,Auto-Renewed
CN007511,C0013511,PL006,Prepaid Mobile,12,29-08-2017,24-08-2018,No,Renewed
CN007512,C0013514,PL017,Fiber Broadband,24,01-01-2014,22-12-2015,Yes,Active
CN007513,C0013515,PL005,Prepaid Mobile,12,01-01-2014,27-12-2014,Yes,Auto-Renewed
CN007514,C0013519,PL016,Fiber Broadband,24,01-01-2014,22-12-2015,No,Auto-Renewed
CN007515,C0013520,PL011,Postpaid Mobile,12,04-06-2019,29-05-2020,Yes,Renewed
CN007516,C0013522,PL011,Postpaid Mobile,24,24-09-2017,14-09-2019,Yes,Renewed
CN007517,C0013524,PL023,IoT Solutions,12,20-05-2023,14-05-2024,Yes,Not Renewed
CN007518,C0013528,PL006,Prepaid Mobile,24,01-01-2014,22-12-2015,No,Renewed
CN007519,C0013529,PL009,Postpaid Mobile,12,22-06-2021,17-06-2022,Yes,Renewed
CN007520,C0013530,PL006,Prepaid Mobile,24,01-01-2014,22-12-2015,No,Active
CN007521,C0013532,PL015,Fiber Broadband,24,01-01-2014,22-12-2015,Yes,Pending
CN007522,C0013533,PL010,Postpaid Mobile,12,30-07-2017,25-07-2018,Yes,Renewed
CN007523,C0013534,PL024,IoT Solutions,12,20-04-2024,15-04-2025,Yes,Renewed
CN007524,C0013538,PL018,Fiber Broadband,18,16-08-2021,07-02-2023,Yes,Active
CN007525,C0013540,PL011,Postpaid Mobile,36,17-06-2020,02-06-2023,Yes,Renewed
CN007526,C0013546,PL006,Prepaid Mobile,36,18-04-2024,03-04-2027,Yes,Cancelled
CN007527,C0013547,PL010,Postpaid Mobile,24,21-05-2017,11-05-2019,Yes,Renewed
CN007528,C0013548,PL007,Postpaid Mobile,12,19-03-2016,14-03-2017,No,Renewed
CN007529,C0013552,PL016,Fiber Broadband,12,12-12-2023,06-12-2024,No,Renewed
CN007530,C0013553,PL010,Postpaid Mobile,24,19-07-2015,08-07-2017,Yes,Pending
CN007531,C0013555,PL009,Postpaid Mobile,12,18-04-2019,12-04-2020,No,Auto-Renewed
CN007532,C0013557,PL006,Prepaid Mobile,24,16-02-2023,05-02-2025,No,Auto-Renewed
CN007533,C0013560,PL016,Fiber Broadband,18,01-01-2014,25-06-2015,No,Active
CN007534,C0013561,PL006,Prepaid Mobile,24,24-09-2016,14-09-2018,No,Renewed
CN007535,C0013563,PL010,Postpaid Mobile,12,12-01-2022,07-01-2023,Yes,Renewed
CN007536,C0013564,PL018,Fiber Broadband,36,01-01-2014,16-12-2016,Yes,Renewed
CN007537,C0013565,PL007,Postpaid Mobile,36,27-05-2025,11-05-2028,No,Renewed
CN007538,C0013566,PL022,Enterprise,12,03-02-2024,28-01-2025,No,Renewed
CN007539,C0013567,PL005,Prepaid Mobile,12,22-11-2025,17-11-2026,Yes,Auto-Renewed
CN007540,C0013568,PL009,Postpaid Mobile,12,14-03-2018,09-03-2019,Yes,Pending
CN007541,C0013572,PL006,Prepaid Mobile,18,01-01-2014,25-06-2015,No,Auto-Renewed
CN007542,C0013575,PL011,Postpaid Mobile,24,30-07-2022,19-07-2024,No,Not Renewed
CN007543,C0013577,PL017,Fiber Broadband,24,16-10-2023,05-10-2025,No,Pending
CN007544,C0013578,PL006,Prepaid Mobile,24,13-05-2014,02-05-2016,No,Renewed
CN007545,C0013580,PL008,Postpaid Mobile,18,19-11-2025,13-05-2027,Yes,Active
CN007546,C0013585,PL017,Fiber Broadband,12,01-01-2014,27-12-2014,No,Auto-Renewed
CN007547,C0013592,PL010,Postpaid Mobile,12,28-09-2020,23-09-2021,No,Not Renewed
CN007548,C0013594,PL022,Enterprise,18,01-01-2014,25-06-2015,Yes,Active
CN007549,C0013595,PL010,Postpaid Mobile,24,08-02-2022,29-01-2024,No,Active
CN007550,C0013597,PL010,Postpaid Mobile,24,24-04-2024,14-04-2026,No,Not Renewed
CN007551,C0013600,PL015,Fiber Broadband,12,10-06-2021,05-06-2022,Yes,Auto-Renewed
CN007552,C0013603,PL006,Prepaid Mobile,12,01-01-2014,27-12-2014,Yes,Cancelled
CN007553,C0013605,PL011,Postpaid Mobile,36,01-01-2014,16-12-2016,No,Renewed
CN007554,C0013606,PL006,Prepaid Mobile,12,16-03-2017,11-03-2018,Yes,Pending
CN007555,C0013608,PL009,Postpaid Mobile,12,05-03-2016,28-02-2017,No,Renewed
CN007556,C0013611,PL021,Enterprise,12,03-07-2014,28-06-2015,No,Auto-Renewed
CN007557,C0013613,PL017,Fiber Broadband,24,03-11-2018,23-10-2020,Yes,Renewed
CN007558,C0013616,PL023,IoT Solutions,24,19-09-2014,08-09-2016,Yes,Auto-Renewed
CN007559,C0013618,PL005,Prepaid Mobile,12,07-11-2022,02-11-2023,No,Renewed
CN007560,C0013619,PL006,Prepaid Mobile,36,01-01-2014,16-12-2016,Yes,Renewed
CN007561,C0013621,PL006,Prepaid Mobile,36,01-01-2014,16-12-2016,No,Auto-Renewed
CN007562,C0013622,PL025,Smart Home,24,09-09-2015,29-08-2017,Yes,Not Renewed
CN007563,C0013623,PL016,Fiber Broadband,24,03-12-2023,22-11-2025,No,Not Renewed
CN007564,C0013624,PL016,Fiber Broadband,12,01-01-2014,27-12-2014,Yes,Active
CN007565,C0013625,PL021,Enterprise,18,20-04-2022,12-10-2023,Yes,Renewed
CN007566,C0013627,PL016,Fiber Broadband,18,01-01-2014,25-06-2015,No,Renewed
CN007567,C0013631,PL010,Postpaid Mobile,24,12-09-2016,02-09-2018,No,Active
CN007568,C0013633,PL015,Fiber Broadband,12,06-03-2015,29-02-2016,No,Auto-Renewed
CN007569,C0013635,PL015,Fiber Broadband,12,17-07-2020,12-07-2021,No,Renewed
CN007570,C0013637,PL006,Prepaid Mobile,36,16-10-2018,30-09-2021,No,Renewed
CN007571,C0013639,PL025,Smart Home,12,26-08-2023,20-08-2024,Yes,Renewed
CN007572,C0013640,PL005,Prepaid Mobile,12,16-12-2018,11-12-2019,Yes,Auto-Renewed
CN007573,C0013642,PL006,Prepaid Mobile,18,01-01-2014,25-06-2015,Yes,Renewed
CN007574,C0013647,PL010,Postpaid Mobile,24,02-12-2015,21-11-2017,No,Active
CN007575,C0013648,PL021,Enterprise,24,24-05-2018,13-05-2020,Yes,Not Renewed
CN007576,C0013649,PL006,Prepaid Mobile,12,21-03-2024,16-03-2025,Yes,Not Renewed
CN007577,C0013650,PL011,Postpaid Mobile,12,13-03-2016,08-03-2017,Yes,Cancelled
CN007578,C0013652,PL006,Prepaid Mobile,24,01-01-2014,22-12-2015,Yes,Not Renewed
CN007579,C0013653,PL023,IoT Solutions,12,22-10-2018,17-10-2019,Yes,Pending
CN007580,C0013654,PL024,IoT Solutions,24,10-12-2024,30-11-2026,Yes,Renewed
CN007581,C0013655,PL025,Smart Home,24,24-12-2021,14-12-2023,Yes,Auto-Renewed
CN007582,C0013656,PL006,Prepaid Mobile,12,05-09-2020,31-08-2021,Yes,Active
CN007583,C0013657,PL017,Fiber Broadband,12,14-06-2020,09-06-2021,Yes,Cancelled
CN007584,C0013659,PL005,Prepaid Mobile,12,01-01-2014,27-12-2014,Yes,Auto-Renewed
CN007585,C0013660,PL010,Postpaid Mobile,12,23-01-2016,17-01-2017,No,Renewed
CN007586,C0013662,PL011,Postpaid Mobile,24,23-08-2022,12-08-2024,No,Auto-Renewed
CN007587,C0013663,PL023,IoT Solutions,12,24-10-2016,19-10-2017,Yes,Cancelled
CN007588,C0013664,PL016,Fiber Broadband,18,01-01-2014,25-06-2015,No,Active
CN007589,C0013666,PL007,Postpaid Mobile,24,22-02-2020,11-02-2022,Yes,Renewed
CN007590,C0013669,PL009,Postpaid Mobile,12,09-04-2021,04-04-2022,Yes,Auto-Renewed
CN007591,C0013671,PL005,Prepaid Mobile,12,01-01-2014,27-12-2014,Yes,Auto-Renewed
CN007592,C0013673,PL017,Fiber Broadband,24,01-01-2023,21-12-2024,Yes,Not Renewed
CN007593,C0013676,PL009,Postpaid Mobile,24,14-09-2021,04-09-2023,Yes,Auto-Renewed
CN007594,C0013678,PL016,Fiber Broadband,12,31-10-2014,26-10-2015,No,Auto-Renewed
CN007595,C0013679,PL008,Postpaid Mobile,12,13-04-2017,08-04-2018,Yes,Renewed
CN007596,C0013681,PL011,Postpaid Mobile,12,01-01-2014,27-12-2014,No,Auto-Renewed
CN007597,C0013682,PL024,IoT Solutions,12,10-12-2019,04-12-2020,Yes,Not Renewed
CN007598,C0013683,PL010,Postpaid Mobile,12,20-10-2016,15-10-2017,Yes,Auto-Renewed
CN007599,C0013687,PL017,Fiber Broadband,12,16-10-2025,11-10-2026,No,Renewed
CN007600,C0013688,PL015,Fiber Broadband,24,01-01-2014,22-12-2015,Yes,Pending
CN007601,C0013690,PL008,Postpaid Mobile,36,07-06-2016,23-05-2019,Yes,Auto-Renewed
CN007602,C0013700,PL005,Prepaid Mobile,24,21-12-2016,11-12-2018,No,Renewed
CN007603,C0013702,PL006,Prepaid Mobile,12,25-04-2025,20-04-2026,No,Renewed
CN007604,C0013703,PL006,Prepaid Mobile,12,01-01-2014,27-12-2014,No,Pending
CN007605,C0013704,PL007,Postpaid Mobile,12,29-01-2021,24-01-2022,No,Not Renewed
CN007606,C0013705,PL006,Prepaid Mobile,24,05-12-2019,24-11-2021,Yes,Active
CN007607,C0013706,PL008,Postpaid Mobile,12,06-05-2021,01-05-2022,No,Active
CN007608,C0013708,PL022,Enterprise,12,18-02-2019,13-02-2020,Yes,Renewed
CN007609,C0013709,PL022,Enterprise,12,14-04-2014,09-04-2015,Yes,Pending
CN007610,C0013711,PL010,Postpaid Mobile,24,22-05-2019,11-05-2021,Yes,Auto-Renewed
CN007611,C0013712,PL011,Postpaid Mobile,12,27-03-2018,22-03-2019,No,Renewed
CN007612,C0013713,PL021,Enterprise,24,07-08-2014,27-07-2016,No,Renewed
CN007613,C0013714,PL017,Fiber Broadband,12,12-05-2021,07-05-2022,Yes,Pending
CN007614,C0013717,PL008,Postpaid Mobile,18,02-12-2024,26-05-2026,Yes,Renewed
CN007615,C0013719,PL022,Enterprise,24,24-02-2025,14-02-2027,No,Not Renewed
CN007616,C0013721,PL005,Prepaid Mobile,24,18-08-2019,07-08-2021,No,Renewed
CN007617,C0013722,PL006,Prepaid Mobile,12,01-01-2014,27-12-2014,Yes,Renewed
CN007618,C0013723,PL023,IoT Solutions,12,19-01-2024,13-01-2025,Yes,Not Renewed
CN007619,C0013724,PL006,Prepaid Mobile,12,01-01-2014,27-12-2014,No,Renewed
CN007620,C0013726,PL021,Enterprise,24,13-12-2021,03-12-2023,No,Auto-Renewed
CN007621,C0013732,PL017,Fiber Broadband,12,14-05-2014,09-05-2015,No,Auto-Renewed
CN007622,C0013735,PL011,Postpaid Mobile,24,01-01-2014,22-12-2015,Yes,Pending
CN007623,C0013738,PL011,Postpaid Mobile,18,03-01-2014,27-06-2015,Yes,Renewed
CN007624,C0013740,PL015,Fiber Broadband,12,28-04-2019,22-04-2020,No,Active
CN007625,C0013742,PL009,Postpaid Mobile,24,20-02-2024,09-02-2026,No,Not Renewed
CN007626,C0013744,PL008,Postpaid Mobile,12,08-02-2014,03-02-2015,Yes,Renewed
CN007627,C0013745,PL011,Postpaid Mobile,12,22-09-2024,17-09-2025,Yes,Renewed
CN007628,C0013746,PL008,Postpaid Mobile,24,16-02-2014,06-02-2016,Yes,Active
CN007629,C0013747,PL016,Fiber Broadband,36,18-07-2023,02-07-2026,Yes,Not Renewed
CN007630,C0013748,PL005,Prepaid Mobile,12,05-10-2017,30-09-2018,Yes,Auto-Renewed
CN007631,C0013749,PL008,Postpaid Mobile,24,04-12-2014,23-11-2016,Yes,Active
CN007632,C0013751,PL017,Fiber Broadband,24,08-03-2016,26-02-2018,No,Renewed
CN007633,C0013753,PL006,Prepaid Mobile,24,01-01-2014,22-12-2015,Yes,Renewed
CN007634,C0013754,PL006,Prepaid Mobile,12,27-11-2017,22-11-2018,Yes,Pending
CN007635,C0013755,PL005,Prepaid Mobile,36,01-01-2014,16-12-2016,Yes,Pending
CN007636,C0013757,PL023,IoT Solutions,24,16-04-2016,06-04-2018,No,Renewed
CN007637,C0013758,PL022,Enterprise,24,27-03-2021,17-03-2023,No,Auto-Renewed
CN007638,C0013762,PL017,Fiber Broadband,18,01-01-2014,25-06-2015,Yes,Auto-Renewed
CN007639,C0013764,PL025,Smart Home,12,17-10-2015,11-10-2016,No,Renewed
CN007640,C0013766,PL015,Fiber Broadband,18,13-06-2022,05-12-2023,Yes,Pending
CN007641,C0013767,PL005,Prepaid Mobile,12,18-03-2016,13-03-2017,No,Pending
CN007642,C0013768,PL006,Prepaid Mobile,24,01-01-2014,22-12-2015,Yes,Renewed
CN007643,C0013772,PL007,Postpaid Mobile,18,04-02-2015,28-07-2016,Yes,Renewed
CN007644,C0013773,PL018,Fiber Broadband,12,06-03-2020,01-03-2021,Yes,Cancelled
CN007645,C0013774,PL011,Postpaid Mobile,12,13-02-2019,08-02-2020,Yes,Renewed
CN007646,C0013775,PL006,Prepaid Mobile,18,07-07-2025,29-12-2026,Yes,Renewed
CN007647,C0013778,PL006,Prepaid Mobile,24,01-01-2014,22-12-2015,Yes,Auto-Renewed
CN007648,C0013779,PL005,Prepaid Mobile,12,08-12-2024,03-12-2025,Yes,Renewed
CN007649,C0013780,PL005,Prepaid Mobile,18,01-01-2014,25-06-2015,Yes,Renewed
CN007650,C0013781,PL016,Fiber Broadband,12,01-01-2014,27-12-2014,No,Active
CN007651,C0013782,PL022,Enterprise,24,01-01-2014,22-12-2015,Yes,Auto-Renewed
CN007652,C0013783,PL015,Fiber Broadband,24,20-04-2018,09-04-2020,No,Not Renewed
CN007653,C0013784,PL017,Fiber Broadband,36,21-06-2021,05-06-2024,Yes,Pending
CN007654,C0013785,PL017,Fiber Broadband,36,15-11-2022,30-10-2025,Yes,Active
CN007655,C0013786,PL005,Prepaid Mobile,36,12-02-2021,28-01-2024,No,Cancelled
CN007656,C0013787,PL011,Postpaid Mobile,12,24-03-2021,19-03-2022,No,Auto-Renewed
CN007657,C0013788,PL005,Prepaid Mobile,12,09-05-2017,04-05-2018,Yes,Pending
CN007658,C0013790,PL017,Fiber Broadband,12,03-12-2022,28-11-2023,No,Pending
CN007659,C0013799,PL010,Postpaid Mobile,12,08-09-2018,03-09-2019,Yes,Active
CN007660,C0013800,PL006,Prepaid Mobile,36,17-12-2022,01-12-2025,No,Active
CN007661,C0013801,PL017,Fiber Broadband,12,25-01-2023,20-01-2024,Yes,Renewed
CN007662,C0013802,PL006,Prepaid Mobile,24,02-08-2014,22-07-2016,Yes,Auto-Renewed
CN007663,C0013803,PL010,Postpaid Mobile,12,25-07-2014,20-07-2015,No,Renewed
CN007664,C0013806,PL005,Prepaid Mobile,24,01-01-2014,22-12-2015,Yes,Auto-Renewed
CN007665,C0013807,PL009,Postpaid Mobile,18,05-11-2021,29-04-2023,No,Pending
CN007666,C0013808,PL005,Prepaid Mobile,18,28-09-2019,21-03-2021,Yes,Auto-Renewed
CN007667,C0013809,PL015,Fiber Broadband,24,14-08-2016,04-08-2018,Yes,Renewed
CN007668,C0013810,PL005,Prepaid Mobile,36,28-06-2018,12-06-2021,Yes,Cancelled
CN007669,C0013811,PL023,IoT Solutions,18,23-10-2019,15-04-2021,No,Auto-Renewed
CN007670,C0013812,PL022,Enterprise,18,01-01-2014,25-06-2015,Yes,Auto-Renewed
CN007671,C0013814,PL023,IoT Solutions,12,01-11-2016,27-10-2017,Yes,Renewed
CN007672,C0013817,PL010,Postpaid Mobile,18,14-04-2018,06-10-2019,Yes,Renewed
CN007673,C0013819,PL016,Fiber Broadband,12,06-08-2023,31-07-2024,Yes,Not Renewed
CN007674,C0013820,PL008,Postpaid Mobile,24,21-11-2025,11-11-2027,No,Renewed
CN007675,C0013822,PL005,Prepaid Mobile,24,23-01-2023,12-01-2025,Yes,Auto-Renewed
CN007676,C0013823,PL015,Fiber Broadband,18,09-11-2024,03-05-2026,Yes,Auto-Renewed
CN007677,C0013825,PL010,Postpaid Mobile,24,05-06-2014,25-05-2016,Yes,Renewed
CN007678,C0013827,PL009,Postpaid Mobile,12,15-09-2019,09-09-2020,No,Auto-Renewed
CN007679,C0013828,PL005,Prepaid Mobile,12,26-02-2024,20-02-2025,Yes,Pending
CN007680,C0013829,PL006,Prepaid Mobile,12,11-10-2021,06-10-2022,Yes,Renewed
CN007681,C0013830,PL005,Prepaid Mobile,12,24-02-2016,18-02-2017,No,Not Renewed
CN007682,C0013832,PL005,Prepaid Mobile,24,01-01-2014,22-12-2015,No,Pending
CN007683,C0013836,PL006,Prepaid Mobile,12,12-02-2022,07-02-2023,Yes,Renewed
CN007684,C0013838,PL006,Prepaid Mobile,18,01-01-2014,25-06-2015,No,Active
CN007685,C0013839,PL006,Prepaid Mobile,12,30-04-2015,24-04-2016,No,Auto-Renewed
CN007686,C0013841,PL021,Enterprise,12,05-08-2018,31-07-2019,Yes,Auto-Renewed
CN007687,C0013843,PL007,Postpaid Mobile,12,08-07-2023,02-07-2024,No,Not Renewed
CN007688,C0013846,PL006,Prepaid Mobile,12,16-03-2021,11-03-2022,No,Renewed
CN007689,C0013847,PL011,Postpaid Mobile,36,01-01-2014,16-12-2016,Yes,Auto-Renewed
CN007690,C0013849,PL015,Fiber Broadband,24,01-01-2014,22-12-2015,Yes,Cancelled
CN007691,C0013850,PL009,Postpaid Mobile,12,30-07-2022,25-07-2023,Yes,Renewed
CN007692,C0013851,PL024,IoT Solutions,36,11-01-2018,26-12-2020,Yes,Pending
CN007693,C0013853,PL005,Prepaid Mobile,12,29-08-2014,24-08-2015,No,Auto-Renewed
CN007694,C0013855,PL006,Prepaid Mobile,18,01-01-2014,25-06-2015,No,Active
CN007695,C0013856,PL005,Prepaid Mobile,36,09-06-2015,24-05-2018,No,Cancelled
CN007696,C0013858,PL009,Postpaid Mobile,18,18-12-2016,11-06-2018,No,Auto-Renewed
CN007697,C0013859,PL008,Postpaid Mobile,24,18-11-2023,07-11-2025,Yes,Active
CN007698,C0013860,PL018,Fiber Broadband,12,26-02-2021,21-02-2022,Yes,Renewed
CN007699,C0013863,PL022,Enterprise,36,22-07-2022,06-07-2025,Yes,Active
CN007700,C0013865,PL011,Postpaid Mobile,12,22-05-2024,17-05-2025,Yes,Pending
CN007701,C0013866,PL010,Postpaid Mobile,36,12-06-2014,27-05-2017,Yes,Pending
CN007702,C0013867,PL018,Fiber Broadband,12,01-01-2014,27-12-2014,No,Auto-Renewed
CN007703,C0013868,PL025,Smart Home,24,08-10-2020,28-09-2022,No,Renewed
CN007704,C0013869,PL017,Fiber Broadband,36,01-01-2014,16-12-2016,No,Not Renewed
CN007705,C0013870,PL005,Prepaid Mobile,36,07-12-2020,22-11-2023,No,Pending
CN007706,C0013872,PL005,Prepaid Mobile,12,01-01-2014,27-12-2014,Yes,Active
CN007707,C0013873,PL015,Fiber Broadband,12,16-12-2019,10-12-2020,No,Renewed
CN007708,C0013874,PL018,Fiber Broadband,18,05-06-2018,27-11-2019,Yes,Active
CN007709,C0013876,PL006,Prepaid Mobile,12,01-01-2014,27-12-2014,No,Renewed
CN007710,C0013877,PL009,Postpaid Mobile,12,11-01-2026,06-01-2027,No,Auto-Renewed
CN007711,C0013879,PL008,Postpaid Mobile,24,20-11-2015,09-11-2017,Yes,Renewed
CN007712,C0013880,PL017,Fiber Broadband,12,24-02-2023,19-02-2024,No,Auto-Renewed
CN007713,C0013881,PL010,Postpaid Mobile,12,22-04-2014,17-04-2015,Yes,Not Renewed
CN007714,C0013883,PL005,Prepaid Mobile,18,19-09-2021,13-03-2023,Yes,Auto-Renewed
CN007715,C0013885,PL022,Enterprise,12,06-09-2021,01-09-2022,Yes,Renewed
CN007716,C0013888,PL007,Postpaid Mobile,18,31-10-2023,23-04-2025,No,Active
CN007717,C0013889,PL010,Postpaid Mobile,24,21-03-2015,10-03-2017,Yes,Pending
CN007718,C0013890,PL018,Fiber Broadband,12,23-06-2016,18-06-2017,Yes,Active
CN007719,C0013891,PL009,Postpaid Mobile,24,06-08-2022,26-07-2024,No,Renewed
CN007720,C0013893,PL006,Prepaid Mobile,12,12-02-2022,07-02-2023,No,Not Renewed
CN007721,C0013896,PL005,Prepaid Mobile,12,21-02-2018,16-02-2019,Yes,Renewed
CN007722,C0013898,PL007,Postpaid Mobile,12,11-03-2015,05-03-2016,No,Auto-Renewed
CN007723,C0013906,PL005,Prepaid Mobile,36,01-01-2014,16-12-2016,No,Pending
CN007724,C0013907,PL006,Prepaid Mobile,12,01-01-2014,27-12-2014,No,Not Renewed
CN007725,C0013909,PL010,Postpaid Mobile,24,24-05-2021,14-05-2023,No,Not Renewed
CN007726,C0013911,PL024,IoT Solutions,24,29-06-2020,19-06-2022,No,Auto-Renewed
CN007727,C0013912,PL021,Enterprise,24,04-05-2019,23-04-2021,No,Renewed
CN007728,C0013913,PL011,Postpaid Mobile,12,01-01-2014,27-12-2014,Yes,Renewed
CN007729,C0013914,PL011,Postpaid Mobile,12,26-02-2021,21-02-2022,No,Renewed
CN007730,C0013915,PL008,Postpaid Mobile,12,14-05-2015,08-05-2016,No,Not Renewed
CN007731,C0013916,PL016,Fiber Broadband,12,22-06-2017,17-06-2018,Yes,Renewed
CN007732,C0013917,PL005,Prepaid Mobile,12,06-05-2021,01-05-2022,Yes,Renewed
CN007733,C0013918,PL011,Postpaid Mobile,24,05-09-2017,26-08-2019,Yes,Active
CN007734,C0013920,PL016,Fiber Broadband,12,01-01-2014,27-12-2014,No,Pending
CN007735,C0013921,PL006,Prepaid Mobile,18,04-06-2014,26-11-2015,Yes,Auto-Renewed
CN007736,C0013923,PL005,Prepaid Mobile,12,13-02-2020,07-02-2021,Yes,Renewed
CN007737,C0013924,PL011,Postpaid Mobile,36,01-01-2014,16-12-2016,Yes,Auto-Renewed
CN007738,C0013925,PL018,Fiber Broadband,18,29-12-2025,22-06-2027,No,Not Renewed
CN007739,C0013927,PL006,Prepaid Mobile,24,01-01-2014,22-12-2015,No,Auto-Renewed
CN007740,C0013928,PL021,Enterprise,36,01-01-2014,16-12-2016,Yes,Active
CN007741,C0013929,PL008,Postpaid Mobile,24,19-04-2015,08-04-2017,Yes,Not Renewed
CN007742,C0013930,PL008,Postpaid Mobile,12,27-12-2024,22-12-2025,No,Not Renewed
CN007743,C0013932,PL011,Postpaid Mobile,12,19-10-2023,13-10-2024,Yes,Auto-Renewed
CN007744,C0013933,PL005,Prepaid Mobile,12,01-01-2014,27-12-2014,Yes,Auto-Renewed
CN007745,C0013942,PL017,Fiber Broadband,18,09-01-2024,02-07-2025,No,Cancelled
CN007746,C0013946,PL010,Postpaid Mobile,24,27-06-2016,17-06-2018,No,Pending
CN007747,C0013948,PL018,Fiber Broadband,18,14-01-2026,08-07-2027,No,Not Renewed
CN007748,C0013949,PL006,Prepaid Mobile,12,10-05-2016,05-05-2017,No,Auto-Renewed
CN007749,C0013950,PL005,Prepaid Mobile,18,05-08-2020,27-01-2022,Yes,Auto-Renewed
CN007750,C0013951,PL008,Postpaid Mobile,18,17-02-2022,11-08-2023,Yes,Renewed
CN007751,C0013953,PL025,Smart Home,18,24-12-2014,16-06-2016,No,Pending
CN007752,C0013955,PL018,Fiber Broadband,24,30-10-2025,20-10-2027,No,Renewed
CN007753,C0013956,PL005,Prepaid Mobile,36,01-01-2014,16-12-2016,Yes,Auto-Renewed
CN007754,C0013959,PL006,Prepaid Mobile,18,30-07-2016,21-01-2018,Yes,Renewed
CN007755,C0013960,PL023,IoT Solutions,12,04-06-2017,30-05-2018,No,Renewed
CN007756,C0013961,PL023,IoT Solutions,24,12-07-2025,02-07-2027,No,Not Renewed
CN007757,C0013962,PL005,Prepaid Mobile,12,01-01-2014,27-12-2014,No,Auto-Renewed
CN007758,C0013963,PL009,Postpaid Mobile,12,15-01-2019,10-01-2020,Yes,Renewed
CN007759,C0013964,PL025,Smart Home,18,31-03-2023,21-09-2024,Yes,Active
CN007760,C0013966,PL005,Prepaid Mobile,12,11-09-2023,05-09-2024,Yes,Active
CN007761,C0013967,PL008,Postpaid Mobile,12,29-01-2026,24-01-2027,No,Active
CN007762,C0013968,PL011,Postpaid Mobile,24,01-01-2014,22-12-2015,No,Auto-Renewed
CN007763,C0013969,PL005,Prepaid Mobile,12,04-02-2019,30-01-2020,No,Active
CN007764,C0013970,PL007,Postpaid Mobile,24,20-08-2025,10-08-2027,Yes,Renewed
CN007765,C0013972,PL011,Postpaid Mobile,18,06-09-2020,28-02-2022,No,Renewed
CN007766,C0013976,PL018,Fiber Broadband,24,01-01-2014,22-12-2015,Yes,Renewed
CN007767,C0013977,PL022,Enterprise,12,01-01-2014,27-12-2014,No,Cancelled
CN007768,C0013978,PL008,Postpaid Mobile,12,05-12-2015,29-11-2016,Yes,Renewed
CN007769,C0013982,PL006,Prepaid Mobile,24,01-01-2014,22-12-2015,Yes,Auto-Renewed
CN007770,C0013983,PL017,Fiber Broadband,12,21-10-2015,15-10-2016,Yes,Auto-Renewed
CN007771,C0013984,PL016,Fiber Broadband,12,29-08-2017,24-08-2018,No,Not Renewed
CN007772,C0013986,PL023,IoT Solutions,12,11-02-2016,05-02-2017,No,Not Renewed
CN007773,C0013987,PL006,Prepaid Mobile,12,13-08-2019,07-08-2020,No,Active
CN007774,C0013990,PL011,Postpaid Mobile,36,08-07-2020,23-06-2023,No,Renewed
CN007775,C0013995,PL005,Prepaid Mobile,36,01-01-2014,16-12-2016,No,Renewed
CN007776,C0013996,PL016,Fiber Broadband,12,10-03-2014,05-03-2015,Yes,Renewed
CN007777,C0013998,PL007,Postpaid Mobile,36,07-04-2017,22-03-2020,Yes,Active
CN007778,C0013999,PL011,Postpaid Mobile,12,04-08-2020,30-07-2021,Yes,Auto-Renewed
CN007779,C0014002,PL022,Enterprise,12,06-04-2015,31-03-2016,Yes,Auto-Renewed
CN007780,C0014003,PL023,IoT Solutions,18,13-12-2025,06-06-2027,Yes,Pending
CN007781,C0014005,PL009,Postpaid Mobile,36,31-07-2016,16-07-2019,No,Pending
CN007782,C0014007,PL010,Postpaid Mobile,12,13-07-2017,08-07-2018,Yes,Renewed
CN007783,C0014008,PL010,Postpaid Mobile,12,05-01-2014,31-12-2014,No,Pending
CN007784,C0014009,PL018,Fiber Broadband,12,30-09-2020,25-09-2021,No,Renewed
CN007785,C0014011,PL006,Prepaid Mobile,12,01-01-2014,27-12-2014,No,Renewed
CN007786,C0014012,PL017,Fiber Broadband,24,01-01-2014,22-12-2015,No,Renewed
CN007787,C0014013,PL009,Postpaid Mobile,12,19-09-2015,13-09-2016,No,Renewed
CN007788,C0014014,PL006,Prepaid Mobile,12,01-01-2014,27-12-2014,Yes,Auto-Renewed
CN007789,C0014015,PL006,Prepaid Mobile,18,01-01-2014,25-06-2015,Yes,Renewed
CN007790,C0014021,PL005,Prepaid Mobile,12,28-10-2014,23-10-2015,No,Active
CN007791,C0014022,PL021,Enterprise,12,01-01-2014,27-12-2014,Yes,Renewed
CN007792,C0014023,PL010,Postpaid Mobile,12,09-03-2020,04-03-2021,Yes,Not Renewed
CN007793,C0014025,PL017,Fiber Broadband,36,13-10-2015,27-09-2018,Yes,Auto-Renewed
CN007794,C0014028,PL006,Prepaid Mobile,18,01-01-2014,25-06-2015,No,Renewed
CN007795,C0014029,PL005,Prepaid Mobile,12,01-01-2014,27-12-2014,Yes,Active
CN007796,C0014032,PL015,Fiber Broadband,12,15-03-2023,09-03-2024,No,Renewed
CN007797,C0014033,PL017,Fiber Broadband,18,01-01-2014,25-06-2015,No,Auto-Renewed
CN007798,C0014034,PL017,Fiber Broadband,18,01-01-2014,25-06-2015,No,Not Renewed
CN007799,C0014035,PL015,Fiber Broadband,36,25-12-2023,09-12-2026,No,Renewed
CN007800,C0014037,PL007,Postpaid Mobile,24,18-05-2015,07-05-2017,Yes,Active
CN007801,C0014038,PL009,Postpaid Mobile,12,21-12-2015,15-12-2016,Yes,Renewed
CN007802,C0014039,PL007,Postpaid Mobile,24,08-02-2025,29-01-2027,No,Renewed
CN007803,C0014042,PL008,Postpaid Mobile,12,23-12-2022,18-12-2023,No,Auto-Renewed
CN007804,C0014043,PL006,Prepaid Mobile,12,10-08-2021,05-08-2022,Yes,Pending
CN007805,C0014044,PL016,Fiber Broadband,12,22-05-2025,17-05-2026,No,Pending
CN007806,C0014046,PL015,Fiber Broadband,36,01-01-2014,16-12-2016,Yes,Renewed
CN007807,C0014047,PL017,Fiber Broadband,12,01-01-2014,27-12-2014,No,Auto-Renewed
CN007808,C0014048,PL007,Postpaid Mobile,36,01-04-2018,16-03-2021,No,Renewed
CN007809,C0014049,PL018,Fiber Broadband,24,16-02-2023,05-02-2025,No,Renewed
CN007810,C0014050,PL008,Postpaid Mobile,12,26-09-2023,20-09-2024,Yes,Auto-Renewed
CN007811,C0014053,PL007,Postpaid Mobile,18,23-02-2025,17-08-2026,Yes,Renewed
CN007812,C0014057,PL021,Enterprise,12,18-06-2025,13-06-2026,Yes,Auto-Renewed
CN007813,C0014058,PL021,Enterprise,18,29-05-2017,20-11-2018,No,Auto-Renewed
CN007814,C0014059,PL005,Prepaid Mobile,18,01-01-2014,25-06-2015,Yes,Active
CN007815,C0014060,PL006,Prepaid Mobile,24,30-03-2017,20-03-2019,Yes,Renewed
CN007816,C0014061,PL018,Fiber Broadband,12,20-03-2025,15-03-2026,No,Renewed
CN007817,C0014062,PL015,Fiber Broadband,24,05-06-2025,26-05-2027,Yes,Active
CN007818,C0014063,PL006,Prepaid Mobile,12,28-11-2024,23-11-2025,No,Auto-Renewed
CN007819,C0014064,PL006,Prepaid Mobile,24,03-09-2021,24-08-2023,Yes,Pending
CN007820,C0014066,PL011,Postpaid Mobile,12,01-02-2018,27-01-2019,Yes,Pending
CN007821,C0014069,PL008,Postpaid Mobile,12,24-06-2019,18-06-2020,Yes,Not Renewed
CN007822,C0014073,PL010,Postpaid Mobile,12,26-09-2020,21-09-2021,Yes,Pending
CN007823,C0014074,PL005,Prepaid Mobile,12,01-01-2014,27-12-2014,Yes,Auto-Renewed
CN007824,C0014075,PL025,Smart Home,18,25-02-2024,18-08-2025,No,Not Renewed
CN007825,C0014076,PL017,Fiber Broadband,36,01-01-2014,16-12-2016,No,Active
CN007826,C0014080,PL007,Postpaid Mobile,18,07-08-2014,29-01-2016,Yes,Renewed
CN007827,C0014082,PL017,Fiber Broadband,12,01-01-2014,27-12-2014,Yes,Renewed
CN007828,C0014083,PL007,Postpaid Mobile,12,20-05-2015,14-05-2016,Yes,Active
CN007829,C0014086,PL015,Fiber Broadband,12,11-09-2022,06-09-2023,Yes,Auto-Renewed
CN007830,C0014089,PL006,Prepaid Mobile,36,01-01-2014,16-12-2016,Yes,Pending
CN007831,C0014090,PL023,IoT Solutions,12,17-09-2022,12-09-2023,No,Active
CN007832,C0014091,PL016,Fiber Broadband,24,12-02-2022,02-02-2024,Yes,Renewed
CN007833,C0014092,PL018,Fiber Broadband,24,19-03-2024,09-03-2026,No,Active
CN007834,C0014093,PL009,Postpaid Mobile,18,17-10-2015,09-04-2017,No,Active
CN007835,C0014096,PL009,Postpaid Mobile,36,13-05-2020,28-04-2023,No,Pending
CN007836,C0014098,PL006,Prepaid Mobile,12,22-11-2016,17-11-2017,No,Active
CN007837,C0014103,PL009,Postpaid Mobile,24,12-09-2018,01-09-2020,Yes,Active
CN007838,C0014105,PL009,Postpaid Mobile,12,24-08-2021,19-08-2022,Yes,Active
CN007839,C0014106,PL023,IoT Solutions,12,08-05-2020,03-05-2021,Yes,Active
CN007840,C0014107,PL006,Prepaid Mobile,12,29-10-2021,24-10-2022,No,Renewed
CN007841,C0014108,PL005,Prepaid Mobile,12,02-06-2018,28-05-2019,Yes,Pending
CN007842,C0014111,PL006,Prepaid Mobile,24,01-01-2014,22-12-2015,Yes,Renewed
CN007843,C0014114,PL009,Postpaid Mobile,24,16-06-2020,06-06-2022,No,Auto-Renewed
CN007844,C0014115,PL008,Postpaid Mobile,12,20-03-2024,15-03-2025,No,Not Renewed
CN007845,C0014117,PL016,Fiber Broadband,24,01-01-2014,22-12-2015,Yes,Pending
CN007846,C0014118,PL025,Smart Home,18,14-08-2021,05-02-2023,Yes,Not Renewed
CN007847,C0014119,PL011,Postpaid Mobile,24,01-01-2014,22-12-2015,Yes,Auto-Renewed
CN007848,C0014121,PL006,Prepaid Mobile,12,01-01-2014,27-12-2014,No,Active
CN007849,C0014122,PL008,Postpaid Mobile,12,12-08-2023,06-08-2024,No,Auto-Renewed
CN007850,C0014123,PL007,Postpaid Mobile,18,04-09-2020,26-02-2022,No,Auto-Renewed
CN007851,C0014124,PL010,Postpaid Mobile,24,25-02-2025,15-02-2027,No,Renewed
CN007852,C0014126,PL006,Prepaid Mobile,18,17-09-2018,10-03-2020,No,Auto-Renewed
CN007853,C0014127,PL005,Prepaid Mobile,12,01-01-2014,27-12-2014,Yes,Active
CN007854,C0014129,PL005,Prepaid Mobile,36,22-01-2020,06-01-2023,No,Renewed
CN007855,C0014132,PL022,Enterprise,12,25-12-2023,19-12-2024,No,Active
CN007856,C0014135,PL008,Postpaid Mobile,12,01-02-2020,26-01-2021,Yes,Cancelled
CN007857,C0014139,PL008,Postpaid Mobile,24,02-12-2017,22-11-2019,Yes,Auto-Renewed
CN007858,C0014141,PL006,Prepaid Mobile,36,30-12-2025,14-12-2028,Yes,Active
CN007859,C0014142,PL017,Fiber Broadband,12,09-02-2017,04-02-2018,Yes,Auto-Renewed
CN007860,C0014143,PL010,Postpaid Mobile,12,16-12-2016,11-12-2017,No,Renewed
CN007861,C0014145,PL011,Postpaid Mobile,12,01-01-2014,27-12-2014,No,Auto-Renewed
CN007862,C0014146,PL009,Postpaid Mobile,18,12-07-2018,03-01-2020,Yes,Active
CN007863,C0014148,PL005,Prepaid Mobile,12,01-01-2014,27-12-2014,Yes,Renewed
CN007864,C0014153,PL006,Prepaid Mobile,12,16-05-2017,11-05-2018,Yes,Pending
CN007865,C0014154,PL006,Prepaid Mobile,12,28-05-2023,22-05-2024,No,Active
CN007866,C0014155,PL009,Postpaid Mobile,24,14-12-2015,03-12-2017,Yes,Auto-Renewed
CN007867,C0014156,PL024,IoT Solutions,18,13-11-2025,07-05-2027,No,Pending
CN007868,C0014157,PL025,Smart Home,24,15-06-2020,05-06-2022,Yes,Cancelled
CN007869,C0014158,PL010,Postpaid Mobile,24,27-02-2014,17-02-2016,No,Renewed
CN007870,C0014159,PL010,Postpaid Mobile,12,15-05-2015,09-05-2016,Yes,Renewed
CN007871,C0014160,PL006,Prepaid Mobile,24,01-01-2014,22-12-2015,No,Pending
CN007872,C0014161,PL009,Postpaid Mobile,36,29-08-2025,13-08-2028,Yes,Renewed
CN007873,C0014162,PL006,Prepaid Mobile,24,14-04-2018,03-04-2020,Yes,Pending
CN007874,C0014163,PL010,Postpaid Mobile,18,21-04-2021,13-10-2022,Yes,Renewed
CN007875,C0014165,PL006,Prepaid Mobile,18,20-08-2021,11-02-2023,No,Active
CN007876,C0014168,PL017,Fiber Broadband,12,28-06-2024,23-06-2025,Yes,Not Renewed
CN007877,C0014170,PL010,Postpaid Mobile,12,27-06-2022,22-06-2023,No,Auto-Renewed
CN007878,C0014171,PL011,Postpaid Mobile,12,13-02-2016,07-02-2017,Yes,Active
CN007879,C0014172,PL007,Postpaid Mobile,12,27-03-2020,22-03-2021,Yes,Renewed
CN007880,C0014173,PL008,Postpaid Mobile,36,03-10-2015,17-09-2018,Yes,Auto-Renewed
CN007881,C0014174,PL010,Postpaid Mobile,12,22-02-2015,17-02-2016,Yes,Pending
CN007882,C0014177,PL017,Fiber Broadband,24,01-01-2014,22-12-2015,Yes,Renewed
CN007883,C0014178,PL005,Prepaid Mobile,24,31-08-2019,20-08-2021,Yes,Renewed
CN007884,C0014179,PL007,Postpaid Mobile,12,29-07-2014,24-07-2015,No,Renewed
CN007885,C0014181,PL005,Prepaid Mobile,36,21-10-2020,06-10-2023,Yes,Auto-Renewed
CN007886,C0014184,PL016,Fiber Broadband,12,21-10-2021,16-10-2022,No,Active
CN007887,C0014187,PL008,Postpaid Mobile,36,29-10-2019,13-10-2022,No,Pending
CN007888,C0014188,PL008,Postpaid Mobile,12,22-01-2024,16-01-2025,No,Cancelled
CN007889,C0014189,PL005,Prepaid Mobile,12,01-01-2014,27-12-2014,No,Active
CN007890,C0014191,PL022,Enterprise,12,29-12-2015,23-12-2016,Yes,Renewed
CN007891,C0014192,PL005,Prepaid Mobile,12,20-07-2014,15-07-2015,Yes,Pending
CN007892,C0014193,PL006,Prepaid Mobile,12,20-04-2021,15-04-2022,No,Pending
CN007893,C0014195,PL023,IoT Solutions,12,31-05-2016,26-05-2017,No,Active
CN007894,C0014197,PL007,Postpaid Mobile,12,11-11-2021,06-11-2022,No,Renewed
CN007895,C0014202,PL006,Prepaid Mobile,36,24-11-2024,09-11-2027,No,Renewed
CN007896,C0014205,PL008,Postpaid Mobile,24,14-11-2022,03-11-2024,No,Not Renewed
CN007897,C0014207,PL015,Fiber Broadband,12,01-01-2014,27-12-2014,Yes,Not Renewed
CN007898,C0014209,PL007,Postpaid Mobile,36,04-11-2025,19-10-2028,No,Auto-Renewed
CN007899,C0014210,PL006,Prepaid Mobile,36,01-01-2014,16-12-2016,Yes,Auto-Renewed
CN007900,C0014211,PL010,Postpaid Mobile,12,17-09-2014,12-09-2015,No,Renewed
CN007901,C0014215,PL010,Postpaid Mobile,18,06-07-2023,27-12-2024,No,Not Renewed
CN007902,C0014216,PL005,Prepaid Mobile,36,26-04-2019,10-04-2022,No,Pending
CN007903,C0014217,PL016,Fiber Broadband,12,28-04-2023,22-04-2024,Yes,Auto-Renewed
CN007904,C0014218,PL024,IoT Solutions,12,04-02-2023,30-01-2024,Yes,Renewed
CN007905,C0014222,PL006,Prepaid Mobile,12,01-01-2014,27-12-2014,No,Renewed
CN007906,C0014223,PL018,Fiber Broadband,12,31-10-2015,25-10-2016,No,Not Renewed
CN007907,C0014224,PL015,Fiber Broadband,12,05-03-2015,28-02-2016,No,Pending
CN007908,C0014225,PL015,Fiber Broadband,12,17-06-2016,12-06-2017,Yes,Auto-Renewed
CN007909,C0014226,PL018,Fiber Broadband,18,01-01-2014,25-06-2015,No,Not Renewed
CN007910,C0014229,PL017,Fiber Broadband,36,22-01-2016,06-01-2019,No,Renewed
CN007911,C0014231,PL008,Postpaid Mobile,24,10-12-2019,29-11-2021,Yes,Renewed
CN007912,C0014232,PL009,Postpaid Mobile,24,09-10-2022,28-09-2024,No,Renewed
CN007913,C0014236,PL025,Smart Home,36,03-11-2023,18-10-2026,Yes,Not Renewed
CN007914,C0014237,PL023,IoT Solutions,36,21-12-2022,05-12-2025,Yes,Renewed
CN007915,C0014238,PL016,Fiber Broadband,24,01-01-2014,22-12-2015,No,Active
CN007916,C0014239,PL008,Postpaid Mobile,12,24-03-2020,19-03-2021,No,Auto-Renewed
CN007917,C0014241,PL024,IoT Solutions,24,15-02-2015,04-02-2017,Yes,Renewed
CN007918,C0014242,PL022,Enterprise,12,01-01-2014,27-12-2014,No,Renewed
CN007919,C0014243,PL006,Prepaid Mobile,12,01-01-2014,27-12-2014,Yes,Renewed
CN007920,C0014244,PL005,Prepaid Mobile,36,27-09-2024,12-09-2027,No,Renewed
CN007921,C0014245,PL006,Prepaid Mobile,24,01-01-2014,22-12-2015,Yes,Active
CN007922,C0014246,PL008,Postpaid Mobile,24,08-08-2020,29-07-2022,Yes,Renewed
CN007923,C0014247,PL009,Postpaid Mobile,12,01-03-2017,24-02-2018,No,Renewed
CN007924,C0014249,PL021,Enterprise,24,25-04-2024,15-04-2026,No,Renewed
CN007925,C0014250,PL018,Fiber Broadband,12,01-01-2014,27-12-2014,Yes,Pending
CN007926,C0014251,PL017,Fiber Broadband,24,25-06-2016,15-06-2018,No,Renewed
CN007927,C0014253,PL005,Prepaid Mobile,12,01-11-2014,27-10-2015,Yes,Auto-Renewed
CN007928,C0014257,PL011,Postpaid Mobile,12,28-11-2025,23-11-2026,Yes,Auto-Renewed
CN007929,C0014258,PL015,Fiber Broadband,24,06-03-2020,24-02-2022,Yes,Renewed
CN007930,C0014260,PL018,Fiber Broadband,24,01-01-2014,22-12-2015,No,Pending
CN007931,C0014263,PL015,Fiber Broadband,18,01-01-2014,25-06-2015,Yes,Pending
CN007932,C0014264,PL005,Prepaid Mobile,12,24-09-2020,19-09-2021,No,Renewed
CN007933,C0014266,PL005,Prepaid Mobile,12,25-09-2019,19-09-2020,Yes,Auto-Renewed
CN007934,C0014267,PL005,Prepaid Mobile,12,05-06-2018,31-05-2019,Yes,Auto-Renewed
CN007935,C0014272,PL005,Prepaid Mobile,12,28-06-2018,23-06-2019,No,Pending
CN007936,C0014274,PL005,Prepaid Mobile,12,18-09-2014,13-09-2015,No,Auto-Renewed
CN007937,C0014277,PL005,Prepaid Mobile,36,15-08-2022,30-07-2025,Yes,Pending
CN007938,C0014278,PL006,Prepaid Mobile,18,01-01-2014,25-06-2015,Yes,Auto-Renewed
CN007939,C0014279,PL018,Fiber Broadband,12,01-01-2014,27-12-2014,No,Renewed
CN007940,C0014281,PL018,Fiber Broadband,36,01-01-2014,16-12-2016,Yes,Active
CN007941,C0014283,PL006,Prepaid Mobile,18,01-01-2014,25-06-2015,No,Auto-Renewed
CN007942,C0014286,PL005,Prepaid Mobile,12,02-08-2022,28-07-2023,Yes,Renewed
CN007943,C0014288,PL008,Postpaid Mobile,18,07-01-2023,30-06-2024,Yes,Renewed
CN007944,C0014289,PL010,Postpaid Mobile,12,25-12-2022,20-12-2023,Yes,Not Renewed
CN007945,C0014291,PL007,Postpaid Mobile,12,27-12-2018,22-12-2019,Yes,Auto-Renewed
CN007946,C0014292,PL015,Fiber Broadband,12,01-01-2014,27-12-2014,No,Active
CN007947,C0014293,PL015,Fiber Broadband,18,17-10-2023,09-04-2025,Yes,Cancelled
CN007948,C0014296,PL011,Postpaid Mobile,12,01-01-2014,27-12-2014,No,Renewed
CN007949,C0014298,PL008,Postpaid Mobile,18,27-03-2017,18-09-2018,No,Not Renewed
CN007950,C0014299,PL022,Enterprise,12,04-05-2022,29-04-2023,Yes,Renewed
CN007951,C0014300,PL008,Postpaid Mobile,36,08-07-2023,22-06-2026,No,Not Renewed
CN007952,C0014301,PL021,Enterprise,18,01-01-2014,25-06-2015,Yes,Renewed
CN007953,C0014302,PL007,Postpaid Mobile,36,01-08-2015,16-07-2018,Yes,Renewed
CN007954,C0014303,PL025,Smart Home,12,06-07-2015,30-06-2016,No,Auto-Renewed
CN007955,C0014304,PL016,Fiber Broadband,24,14-05-2014,03-05-2016,No,Renewed
CN007956,C0014306,PL018,Fiber Broadband,24,01-01-2014,22-12-2015,Yes,Active
CN007957,C0014307,PL010,Postpaid Mobile,12,10-09-2016,05-09-2017,Yes,Auto-Renewed
CN007958,C0014308,PL018,Fiber Broadband,24,17-07-2021,07-07-2023,No,Renewed
CN007959,C0014311,PL017,Fiber Broadband,18,01-11-2020,25-04-2022,Yes,Cancelled
CN007960,C0014312,PL005,Prepaid Mobile,24,01-01-2014,22-12-2015,No,Auto-Renewed
CN007961,C0014313,PL021,Enterprise,24,01-01-2014,22-12-2015,Yes,Renewed
CN007962,C0014315,PL022,Enterprise,24,04-08-2017,25-07-2019,No,Not Renewed
CN007963,C0014317,PL005,Prepaid Mobile,12,01-01-2014,27-12-2014,No,Renewed
CN007964,C0014318,PL010,Postpaid Mobile,36,15-12-2023,29-11-2026,Yes,Auto-Renewed
CN007965,C0014319,PL009,Postpaid Mobile,12,19-03-2024,14-03-2025,No,Auto-Renewed
CN007966,C0014321,PL006,Prepaid Mobile,18,08-09-2019,01-03-2021,No,Renewed
CN007967,C0014326,PL015,Fiber Broadband,24,06-06-2017,27-05-2019,No,Auto-Renewed
CN007968,C0014327,PL015,Fiber Broadband,12,24-03-2022,19-03-2023,Yes,Pending
CN007969,C0014331,PL017,Fiber Broadband,36,04-04-2016,20-03-2019,Yes,Active
CN007970,C0014333,PL007,Postpaid Mobile,12,17-11-2025,12-11-2026,Yes,Auto-Renewed
CN007971,C0014335,PL009,Postpaid Mobile,18,24-07-2019,14-01-2021,No,Not Renewed
CN007972,C0014336,PL016,Fiber Broadband,12,31-10-2017,26-10-2018,Yes,Active
CN007973,C0014338,PL008,Postpaid Mobile,12,13-03-2016,08-03-2017,No,Active
CN007974,C0014339,PL008,Postpaid Mobile,24,08-01-2016,28-12-2017,Yes,Auto-Renewed
CN007975,C0014340,PL007,Postpaid Mobile,18,07-07-2025,29-12-2026,Yes,Renewed
CN007976,C0014343,PL006,Prepaid Mobile,24,01-01-2014,22-12-2015,Yes,Auto-Renewed
CN007977,C0014346,PL009,Postpaid Mobile,24,24-01-2017,14-01-2019,No,Not Renewed
CN007978,C0014347,PL022,Enterprise,18,01-01-2014,25-06-2015,Yes,Auto-Renewed
CN007979,C0014348,PL011,Postpaid Mobile,24,01-01-2014,22-12-2015,Yes,Pending
CN007980,C0014350,PL024,IoT Solutions,24,03-10-2022,22-09-2024,Yes,Not Renewed
CN007981,C0014351,PL024,IoT Solutions,18,23-03-2019,13-09-2020,No,Renewed
CN007982,C0014354,PL021,Enterprise,24,12-02-2019,01-02-2021,Yes,Renewed
CN007983,C0014355,PL017,Fiber Broadband,12,07-01-2022,02-01-2023,Yes,Active
CN007984,C0014356,PL010,Postpaid Mobile,24,05-08-2024,26-07-2026,Yes,Renewed
CN007985,C0014357,PL008,Postpaid Mobile,24,02-12-2025,22-11-2027,Yes,Not Renewed
CN007986,C0014361,PL006,Prepaid Mobile,24,05-08-2020,26-07-2022,No,Renewed
CN007987,C0014363,PL006,Prepaid Mobile,24,01-01-2014,22-12-2015,Yes,Active
CN007988,C0014364,PL022,Enterprise,12,22-04-2016,17-04-2017,Yes,Renewed
CN007989,C0014365,PL011,Postpaid Mobile,12,21-05-2017,16-05-2018,Yes,Renewed
CN007990,C0014367,PL007,Postpaid Mobile,36,07-03-2018,19-02-2021,Yes,Renewed
CN007991,C0014369,PL007,Postpaid Mobile,12,03-06-2018,29-05-2019,Yes,Active
CN007992,C0014371,PL007,Postpaid Mobile,24,26-03-2020,16-03-2022,Yes,Auto-Renewed
CN007993,C0014372,PL017,Fiber Broadband,12,19-10-2023,13-10-2024,No,Cancelled
CN007994,C0014376,PL007,Postpaid Mobile,18,19-08-2025,10-02-2027,No,Not Renewed
CN007995,C0014377,PL018,Fiber Broadband,12,09-01-2026,04-01-2027,No,Pending
CN007996,C0014378,PL017,Fiber Broadband,18,28-06-2022,20-12-2023,Yes,Auto-Renewed
CN007997,C0014379,PL005,Prepaid Mobile,24,08-08-2015,28-07-2017,No,Renewed
CN007998,C0014381,PL007,Postpaid Mobile,12,24-10-2018,19-10-2019,Yes,Auto-Renewed
CN007999,C0014382,PL009,Postpaid Mobile,24,28-04-2019,17-04-2021,Yes,Auto-Renewed
CN008000,C0014384,PL015,Fiber Broadband,24,16-05-2017,06-05-2019,No,Not Renewed
CN008001,C0014385,PL011,Postpaid Mobile,24,01-01-2014,22-12-2015,No,Renewed
CN008002,C0014386,PL009,Postpaid Mobile,12,09-10-2018,04-10-2019,Yes,Auto-Renewed
CN008003,C0014389,PL018,Fiber Broadband,24,01-01-2014,22-12-2015,Yes,Active
CN008004,C0014392,PL016,Fiber Broadband,12,27-06-2016,22-06-2017,No,Active
CN008005,C0014393,PL005,Prepaid Mobile,12,01-01-2014,27-12-2014,No,Pending
CN008006,C0014394,PL021,Enterprise,36,25-08-2014,09-08-2017,No,Active
CN008007,C0014397,PL006,Prepaid Mobile,18,01-01-2014,25-06-2015,Yes,Renewed
CN008008,C0014398,PL008,Postpaid Mobile,12,24-11-2017,19-11-2018,Yes,Pending
CN008009,C0014400,PL006,Prepaid Mobile,18,01-01-2014,25-06-2015,Yes,Pending
CN008010,C0014401,PL016,Fiber Broadband,12,01-01-2014,27-12-2014,No,Active
CN008011,C0014402,PL007,Postpaid Mobile,24,12-02-2023,01-02-2025,No,Not Renewed
CN008012,C0014404,PL011,Postpaid Mobile,12,13-04-2025,08-04-2026,No,Auto-Renewed
CN008013,C0014405,PL023,IoT Solutions,24,25-05-2020,15-05-2022,No,Renewed
CN008014,C0014406,PL017,Fiber Broadband,12,01-01-2014,27-12-2014,No,Auto-Renewed
CN008015,C0014407,PL018,Fiber Broadband,12,01-01-2014,27-12-2014,No,Renewed
CN008016,C0014408,PL008,Postpaid Mobile,12,29-03-2022,24-03-2023,No,Active
CN008017,C0014410,PL021,Enterprise,24,01-11-2020,22-10-2022,Yes,Auto-Renewed
CN008018,C0014412,PL006,Prepaid Mobile,12,01-01-2014,27-12-2014,No,Pending
CN008019,C0014413,PL011,Postpaid Mobile,12,01-01-2014,27-12-2014,Yes,Renewed
CN008020,C0014414,PL025,Smart Home,18,01-01-2019,24-06-2020,No,Cancelled
CN008021,C0014415,PL008,Postpaid Mobile,36,22-11-2025,06-11-2028,Yes,Active
CN008022,C0014416,PL010,Postpaid Mobile,24,09-02-2026,30-01-2028,No,Cancelled
CN008023,C0014418,PL024,IoT Solutions,12,05-11-2018,31-10-2019,Yes,Active
CN008024,C0014419,PL005,Prepaid Mobile,12,04-04-2017,30-03-2018,No,Auto-Renewed
CN008025,C0014420,PL022,Enterprise,24,07-02-2018,28-01-2020,No,Renewed
CN008026,C0014423,PL008,Postpaid Mobile,12,02-10-2017,27-09-2018,Yes,Active
CN008027,C0014424,PL025,Smart Home,36,07-10-2022,21-09-2025,Yes,Renewed
CN008028,C0014425,PL005,Prepaid Mobile,12,16-08-2019,10-08-2020,Yes,Not Renewed
CN008029,C0014429,PL017,Fiber Broadband,12,01-01-2014,27-12-2014,No,Renewed
CN008030,C0014431,PL005,Prepaid Mobile,24,01-01-2014,22-12-2015,No,Active
CN008031,C0014432,PL025,Smart Home,12,20-10-2024,15-10-2025,Yes,Renewed
CN008032,C0014434,PL006,Prepaid Mobile,24,12-04-2025,02-04-2027,Yes,Auto-Renewed
CN008033,C0014435,PL007,Postpaid Mobile,18,04-08-2023,25-01-2025,No,Renewed
CN008034,C0014440,PL009,Postpaid Mobile,12,29-07-2015,23-07-2016,Yes,Renewed
CN008035,C0014443,PL015,Fiber Broadband,24,29-10-2014,18-10-2016,Yes,Renewed
CN008036,C0014446,PL008,Postpaid Mobile,12,02-07-2021,27-06-2022,Yes,Renewed
CN008037,C0014448,PL009,Postpaid Mobile,12,27-01-2016,21-01-2017,Yes,Renewed
CN008038,C0014449,PL025,Smart Home,12,20-04-2020,15-04-2021,No,Not Renewed
CN008039,C0014453,PL024,IoT Solutions,12,23-01-2018,18-01-2019,No,Auto-Renewed
CN008040,C0014454,PL016,Fiber Broadband,24,01-01-2014,22-12-2015,No,Renewed
CN008041,C0014455,PL008,Postpaid Mobile,24,23-12-2017,13-12-2019,Yes,Auto-Renewed
CN008042,C0014457,PL018,Fiber Broadband,12,01-01-2014,27-12-2014,Yes,Not Renewed
CN008043,C0014459,PL009,Postpaid Mobile,24,30-07-2019,19-07-2021,No,Not Renewed
CN008044,C0014465,PL005,Prepaid Mobile,24,06-11-2022,26-10-2024,Yes,Active
CN008045,C0014466,PL006,Prepaid Mobile,12,01-01-2014,27-12-2014,Yes,Active
CN008046,C0014467,PL006,Prepaid Mobile,12,01-01-2014,27-12-2014,Yes,Renewed
CN008047,C0014468,PL005,Prepaid Mobile,36,06-07-2017,20-06-2020,Yes,Active
CN008048,C0014469,PL023,IoT Solutions,24,06-09-2019,26-08-2021,Yes,Not Renewed
CN008049,C0014470,PL006,Prepaid Mobile,24,31-01-2022,21-01-2024,Yes,Auto-Renewed
CN008050,C0014472,PL006,Prepaid Mobile,18,06-05-2018,28-10-2019,Yes,Pending
CN008051,C0014477,PL008,Postpaid Mobile,12,10-05-2021,05-05-2022,Yes,Auto-Renewed
CN008052,C0014481,PL005,Prepaid Mobile,18,01-01-2014,25-06-2015,No,Renewed
CN008053,C0014482,PL018,Fiber Broadband,24,28-06-2015,17-06-2017,Yes,Renewed
CN008054,C0014483,PL017,Fiber Broadband,24,01-01-2014,22-12-2015,No,Auto-Renewed
CN008055,C0014486,PL005,Prepaid Mobile,18,01-01-2014,25-06-2015,No,Renewed
CN008056,C0014488,PL005,Prepaid Mobile,12,26-12-2024,21-12-2025,Yes,Renewed
CN008057,C0014489,PL006,Prepaid Mobile,18,01-01-2014,25-06-2015,Yes,Active
CN008058,C0014490,PL005,Prepaid Mobile,12,01-01-2014,27-12-2014,No,Cancelled
CN008059,C0014492,PL006,Prepaid Mobile,24,01-01-2014,22-12-2015,Yes,Renewed
CN008060,C0014496,PL022,Enterprise,24,20-07-2021,10-07-2023,No,Renewed
CN008061,C0014498,PL016,Fiber Broadband,24,01-01-2014,22-12-2015,No,Renewed
CN008062,C0014499,PL008,Postpaid Mobile,24,25-09-2014,14-09-2016,No,Cancelled
CN008063,C0014501,PL009,Postpaid Mobile,24,12-10-2024,02-10-2026,No,Renewed
CN008064,C0014503,PL009,Postpaid Mobile,24,16-06-2024,06-06-2026,No,Pending
CN008065,C0014504,PL005,Prepaid Mobile,12,07-02-2014,02-02-2015,No,Renewed
CN008066,C0014510,PL009,Postpaid Mobile,18,18-01-2016,11-07-2017,Yes,Active
CN008067,C0014511,PL005,Prepaid Mobile,12,01-01-2014,27-12-2014,Yes,Renewed
CN008068,C0014512,PL016,Fiber Broadband,12,01-01-2014,27-12-2014,Yes,Active
CN008069,C0014513,PL008,Postpaid Mobile,24,08-03-2024,26-02-2026,Yes,Auto-Renewed
CN008070,C0014514,PL008,Postpaid Mobile,12,25-10-2016,20-10-2017,Yes,Pending
CN008071,C0014515,PL007,Postpaid Mobile,12,06-08-2023,31-07-2024,Yes,Not Renewed
CN008072,C0014516,PL015,Fiber Broadband,36,01-01-2014,16-12-2016,No,Renewed
CN008073,C0014517,PL009,Postpaid Mobile,12,11-12-2018,06-12-2019,Yes,Renewed
CN008074,C0014520,PL005,Prepaid Mobile,24,23-04-2014,12-04-2016,Yes,Renewed
CN008075,C0014521,PL011,Postpaid Mobile,12,18-04-2023,12-04-2024,No,Active
CN008076,C0014522,PL021,Enterprise,36,03-02-2023,18-01-2026,Yes,Renewed
CN008077,C0014524,PL015,Fiber Broadband,24,08-12-2021,28-11-2023,No,Renewed
CN008078,C0014525,PL015,Fiber Broadband,12,01-01-2014,27-12-2014,No,Auto-Renewed
CN008079,C0014526,PL021,Enterprise,18,27-09-2023,20-03-2025,No,Active
CN008080,C0014527,PL009,Postpaid Mobile,24,06-05-2023,25-04-2025,Yes,Auto-Renewed
CN008081,C0014529,PL018,Fiber Broadband,12,19-03-2025,14-03-2026,No,Active
CN008082,C0014531,PL018,Fiber Broadband,12,15-04-2024,10-04-2025,No,Renewed
CN008083,C0014532,PL008,Postpaid Mobile,24,20-11-2025,10-11-2027,Yes,Not Renewed
CN008084,C0014533,PL021,Enterprise,12,01-01-2014,27-12-2014,Yes,Pending
CN008085,C0014534,PL015,Fiber Broadband,24,23-08-2021,13-08-2023,Yes,Auto-Renewed
CN008086,C0014536,PL015,Fiber Broadband,18,04-08-2018,26-01-2020,No,Renewed
CN008087,C0014538,PL017,Fiber Broadband,36,01-01-2014,16-12-2016,Yes,Cancelled
CN008088,C0014540,PL009,Postpaid Mobile,24,01-07-2020,21-06-2022,No,Active
CN008089,C0014543,PL015,Fiber Broadband,18,20-07-2018,11-01-2020,Yes,Renewed
CN008090,C0014547,PL010,Postpaid Mobile,24,20-10-2016,10-10-2018,Yes,Renewed
CN008091,C0014550,PL015,Fiber Broadband,18,02-02-2018,27-07-2019,No,Renewed
CN008092,C0014551,PL005,Prepaid Mobile,12,01-01-2014,27-12-2014,Yes,Renewed
CN008093,C0014552,PL005,Prepaid Mobile,24,30-03-2022,19-03-2024,No,Renewed
CN008094,C0014553,PL016,Fiber Broadband,12,25-01-2023,20-01-2024,No,Active
CN008095,C0014554,PL018,Fiber Broadband,24,01-01-2014,22-12-2015,Yes,Auto-Renewed
CN008096,C0014555,PL005,Prepaid Mobile,24,01-01-2014,22-12-2015,No,Auto-Renewed
CN008097,C0014556,PL011,Postpaid Mobile,18,01-01-2014,25-06-2015,No,Renewed
CN008098,C0014557,PL010,Postpaid Mobile,12,01-01-2023,27-12-2023,Yes,Renewed
CN008099,C0014558,PL008,Postpaid Mobile,18,25-02-2023,18-08-2024,No,Pending
CN008100,C0014559,PL006,Prepaid Mobile,24,09-03-2021,27-02-2023,Yes,Auto-Renewed
CN008101,C0014561,PL015,Fiber Broadband,12,06-11-2022,01-11-2023,Yes,Pending
CN008102,C0014562,PL015,Fiber Broadband,12,26-08-2023,20-08-2024,No,Cancelled
CN008103,C0014563,PL006,Prepaid Mobile,12,11-03-2014,06-03-2015,Yes,Active
CN008104,C0014566,PL005,Prepaid Mobile,24,30-11-2016,20-11-2018,Yes,Active
CN008105,C0014567,PL005,Prepaid Mobile,18,01-01-2014,25-06-2015,Yes,Auto-Renewed
CN008106,C0014568,PL008,Postpaid Mobile,18,22-08-2017,13-02-2019,Yes,Auto-Renewed
CN008107,C0014571,PL005,Prepaid Mobile,18,27-12-2015,19-06-2017,No,Pending
CN008108,C0014572,PL011,Postpaid Mobile,12,01-01-2014,27-12-2014,No,Renewed
CN008109,C0014574,PL008,Postpaid Mobile,12,26-02-2021,21-02-2022,Yes,Renewed
CN008110,C0014576,PL006,Prepaid Mobile,12,02-02-2021,28-01-2022,Yes,Renewed
CN008111,C0014578,PL021,Enterprise,12,01-01-2014,27-12-2014,No,Auto-Renewed
CN008112,C0014579,PL007,Postpaid Mobile,12,18-01-2022,13-01-2023,Yes,Renewed
CN008113,C0014580,PL007,Postpaid Mobile,24,16-05-2025,06-05-2027,No,Pending
CN008114,C0014584,PL016,Fiber Broadband,12,16-09-2024,11-09-2025,Yes,Not Renewed
CN008115,C0014585,PL005,Prepaid Mobile,24,18-04-2022,07-04-2024,Yes,Auto-Renewed
CN008116,C0014587,PL021,Enterprise,12,01-01-2014,27-12-2014,Yes,Renewed
CN008117,C0014591,PL016,Fiber Broadband,24,11-08-2023,31-07-2025,No,Renewed
CN008118,C0014593,PL006,Prepaid Mobile,24,01-01-2014,22-12-2015,Yes,Pending
CN008119,C0014594,PL005,Prepaid Mobile,24,12-08-2016,02-08-2018,No,Cancelled
CN008120,C0014596,PL021,Enterprise,12,01-11-2014,27-10-2015,No,Pending
CN008121,C0014603,PL018,Fiber Broadband,24,13-10-2023,02-10-2025,No,Auto-Renewed
CN008122,C0014605,PL005,Prepaid Mobile,24,01-01-2014,22-12-2015,No,Active
CN008123,C0014606,PL025,Smart Home,24,21-04-2025,11-04-2027,No,Pending
CN008124,C0014610,PL016,Fiber Broadband,18,28-09-2019,21-03-2021,Yes,Renewed
CN008125,C0014611,PL006,Prepaid Mobile,18,01-01-2014,25-06-2015,Yes,Auto-Renewed
CN008126,C0014612,PL008,Postpaid Mobile,24,08-02-2026,29-01-2028,Yes,Renewed
CN008127,C0014614,PL022,Enterprise,12,01-01-2014,27-12-2014,Yes,Pending
CN008128,C0014615,PL008,Postpaid Mobile,18,15-06-2024,07-12-2025,Yes,Auto-Renewed
CN008129,C0014616,PL007,Postpaid Mobile,12,08-10-2022,03-10-2023,No,Active
CN008130,C0014617,PL006,Prepaid Mobile,12,25-09-2025,20-09-2026,Yes,Not Renewed
CN008131,C0014620,PL005,Prepaid Mobile,24,16-12-2021,06-12-2023,No,Auto-Renewed
CN008132,C0014621,PL007,Postpaid Mobile,12,27-09-2015,21-09-2016,Yes,Renewed
CN008133,C0014622,PL015,Fiber Broadband,24,18-08-2018,07-08-2020,No,Not Renewed
CN008134,C0014625,PL008,Postpaid Mobile,12,30-06-2018,25-06-2019,Yes,Pending
CN008135,C0014626,PL022,Enterprise,36,24-11-2015,08-11-2018,No,Active
CN008136,C0014627,PL017,Fiber Broadband,12,10-06-2017,05-06-2018,Yes,Pending
CN008137,C0014630,PL011,Postpaid Mobile,24,01-01-2014,22-12-2015,No,Pending
CN008138,C0014631,PL006,Prepaid Mobile,12,29-03-2015,23-03-2016,Yes,Auto-Renewed
CN008139,C0014632,PL008,Postpaid Mobile,12,09-11-2021,04-11-2022,Yes,Cancelled
CN008140,C0014633,PL011,Postpaid Mobile,12,01-01-2014,27-12-2014,No,Renewed
CN008141,C0014635,PL007,Postpaid Mobile,24,26-04-2025,16-04-2027,No,Auto-Renewed
CN008142,C0014637,PL009,Postpaid Mobile,18,31-12-2022,23-06-2024,Yes,Pending
CN008143,C0014641,PL009,Postpaid Mobile,24,15-05-2020,05-05-2022,No,Renewed
CN008144,C0014645,PL006,Prepaid Mobile,18,03-01-2015,26-06-2016,No,Pending
CN008145,C0014646,PL018,Fiber Broadband,36,01-01-2014,16-12-2016,Yes,Renewed
CN008146,C0014648,PL022,Enterprise,12,01-01-2014,27-12-2014,No,Pending
CN008147,C0014654,PL023,IoT Solutions,12,16-09-2020,11-09-2021,Yes,Active
CN008148,C0014655,PL005,Prepaid Mobile,24,01-01-2014,22-12-2015,No,Auto-Renewed
CN008149,C0014657,PL015,Fiber Broadband,36,18-04-2024,03-04-2027,No,Renewed
CN008150,C0014659,PL010,Postpaid Mobile,12,04-10-2023,28-09-2024,No,Auto-Renewed
CN008151,C0014661,PL005,Prepaid Mobile,12,02-04-2024,28-03-2025,No,Cancelled
CN008152,C0014664,PL016,Fiber Broadband,24,11-06-2023,31-05-2025,No,Not Renewed
CN008153,C0014665,PL005,Prepaid Mobile,12,01-01-2014,27-12-2014,No,Cancelled
CN008154,C0014666,PL009,Postpaid Mobile,24,16-11-2025,06-11-2027,Yes,Renewed
CN008155,C0014668,PL022,Enterprise,12,25-06-2017,20-06-2018,No,Renewed
CN008156,C0014669,PL018,Fiber Broadband,24,01-01-2014,22-12-2015,Yes,Auto-Renewed
CN008157,C0014672,PL005,Prepaid Mobile,12,14-02-2024,08-02-2025,Yes,Auto-Renewed
CN008158,C0014675,PL021,Enterprise,24,18-09-2016,08-09-2018,Yes,Renewed
CN008159,C0014676,PL007,Postpaid Mobile,12,11-04-2025,06-04-2026,No,Cancelled
CN008160,C0014677,PL025,Smart Home,18,31-10-2023,23-04-2025,Yes,Renewed
CN008161,C0014681,PL021,Enterprise,12,22-10-2025,17-10-2026,No,Not Renewed
CN008162,C0014682,PL017,Fiber Broadband,24,19-09-2019,08-09-2021,No,Not Renewed
CN008163,C0014683,PL005,Prepaid Mobile,18,01-01-2014,25-06-2015,Yes,Pending
CN008164,C0014684,PL023,IoT Solutions,12,28-10-2014,23-10-2015,No,Active
CN008165,C0014687,PL011,Postpaid Mobile,12,01-01-2014,27-12-2014,Yes,Renewed
CN008166,C0014688,PL016,Fiber Broadband,12,16-11-2020,11-11-2021,Yes,Renewed
CN008167,C0014690,PL005,Prepaid Mobile,24,25-06-2021,15-06-2023,No,Renewed
CN008168,C0014691,PL025,Smart Home,12,18-04-2022,13-04-2023,No,Renewed
CN008169,C0014693,PL006,Prepaid Mobile,18,01-01-2014,25-06-2015,No,Auto-Renewed
CN008170,C0014697,PL009,Postpaid Mobile,12,09-05-2016,04-05-2017,No,Pending
CN008171,C0014699,PL011,Postpaid Mobile,18,11-11-2020,05-05-2022,Yes,Active
CN008172,C0014700,PL024,IoT Solutions,12,13-01-2023,08-01-2024,Yes,Renewed
CN008173,C0014701,PL005,Prepaid Mobile,24,25-04-2022,14-04-2024,Yes,Active
CN008174,C0014703,PL005,Prepaid Mobile,24,09-08-2020,30-07-2022,Yes,Renewed
CN008175,C0014704,PL006,Prepaid Mobile,24,26-10-2017,16-10-2019,Yes,Renewed
CN008176,C0014705,PL007,Postpaid Mobile,18,05-05-2018,27-10-2019,No,Renewed
CN008177,C0014706,PL024,IoT Solutions,12,12-09-2016,07-09-2017,No,Renewed
CN008178,C0014707,PL022,Enterprise,36,01-01-2014,16-12-2016,Yes,Auto-Renewed
CN008179,C0014708,PL021,Enterprise,24,01-01-2014,22-12-2015,No,Renewed
CN008180,C0014709,PL008,Postpaid Mobile,24,16-07-2019,05-07-2021,Yes,Renewed
CN008181,C0014710,PL011,Postpaid Mobile,18,17-07-2017,08-01-2019,No,Auto-Renewed
CN008182,C0014712,PL009,Postpaid Mobile,36,10-05-2018,24-04-2021,No,Renewed
CN008183,C0014713,PL007,Postpaid Mobile,24,18-11-2019,07-11-2021,Yes,Pending
CN008184,C0014714,PL016,Fiber Broadband,12,17-09-2023,11-09-2024,Yes,Renewed
CN008185,C0014717,PL009,Postpaid Mobile,12,21-08-2019,15-08-2020,Yes,Active
CN008186,C0014719,PL022,Enterprise,24,01-01-2014,22-12-2015,Yes,Active
CN008187,C0014724,PL011,Postpaid Mobile,24,01-01-2014,22-12-2015,No,Renewed
CN008188,C0014726,PL010,Postpaid Mobile,12,02-12-2021,27-11-2022,No,Cancelled
CN008189,C0014728,PL005,Prepaid Mobile,12,01-01-2014,27-12-2014,Yes,Renewed
CN008190,C0014729,PL008,Postpaid Mobile,18,02-03-2015,23-08-2016,Yes,Not Renewed
CN008191,C0014730,PL017,Fiber Broadband,12,01-01-2014,27-12-2014,No,Auto-Renewed
CN008192,C0014733,PL017,Fiber Broadband,24,01-01-2014,22-12-2015,Yes,Pending
CN008193,C0014734,PL007,Postpaid Mobile,24,21-10-2025,11-10-2027,Yes,Not Renewed
CN008194,C0014737,PL007,Postpaid Mobile,18,17-09-2022,10-03-2024,No,Pending
CN008195,C0014741,PL016,Fiber Broadband,36,01-01-2014,16-12-2016,No,Renewed
CN008196,C0014743,PL016,Fiber Broadband,24,03-11-2017,24-10-2019,Yes,Pending
CN008197,C0014745,PL005,Prepaid Mobile,24,01-01-2014,22-12-2015,No,Renewed
CN008198,C0014747,PL006,Prepaid Mobile,12,22-06-2016,17-06-2017,Yes,Pending
CN008199,C0014748,PL010,Postpaid Mobile,12,31-07-2024,26-07-2025,No,Renewed
CN008200,C0014749,PL016,Fiber Broadband,24,28-06-2019,17-06-2021,Yes,Renewed
CN008201,C0014752,PL015,Fiber Broadband,12,01-01-2014,27-12-2014,No,Cancelled
CN008202,C0014753,PL005,Prepaid Mobile,12,23-10-2017,18-10-2018,Yes,Renewed
CN008203,C0014754,PL011,Postpaid Mobile,12,19-12-2022,14-12-2023,No,Renewed
CN008204,C0014755,PL007,Postpaid Mobile,12,20-12-2017,15-12-2018,No,Pending
CN008205,C0014758,PL006,Prepaid Mobile,24,25-05-2024,15-05-2026,No,Auto-Renewed
CN008206,C0014760,PL010,Postpaid Mobile,18,19-07-2015,09-01-2017,No,Renewed
CN008207,C0014761,PL006,Prepaid Mobile,24,18-02-2025,08-02-2027,Yes,Renewed
CN008208,C0014762,PL016,Fiber Broadband,24,26-03-2020,16-03-2022,Yes,Renewed
CN008209,C0014766,PL025,Smart Home,18,23-03-2018,14-09-2019,Yes,Pending
CN008210,C0014768,PL011,Postpaid Mobile,12,01-01-2014,27-12-2014,No,Pending
CN008211,C0014769,PL005,Prepaid Mobile,18,16-10-2023,08-04-2025,No,Auto-Renewed
CN008212,C0014771,PL005,Prepaid Mobile,12,04-11-2019,29-10-2020,Yes,Renewed
CN008213,C0014772,PL007,Postpaid Mobile,12,07-03-2025,02-03-2026,Yes,Auto-Renewed
CN008214,C0014773,PL008,Postpaid Mobile,18,13-03-2022,04-09-2023,No,Pending
CN008215,C0014774,PL005,Prepaid Mobile,18,15-06-2018,07-12-2019,Yes,Renewed
CN008216,C0014776,PL008,Postpaid Mobile,12,17-10-2016,12-10-2017,Yes,Pending
CN008217,C0014777,PL017,Fiber Broadband,12,01-01-2014,27-12-2014,Yes,Auto-Renewed
CN008218,C0014778,PL006,Prepaid Mobile,12,21-12-2024,16-12-2025,Yes,Auto-Renewed
CN008219,C0014779,PL010,Postpaid Mobile,12,03-12-2018,28-11-2019,No,Auto-Renewed
CN008220,C0014785,PL006,Prepaid Mobile,24,21-10-2016,11-10-2018,No,Auto-Renewed
CN008221,C0014786,PL005,Prepaid Mobile,12,14-01-2017,09-01-2018,No,Renewed
CN008222,C0014787,PL010,Postpaid Mobile,12,13-12-2024,08-12-2025,No,Pending
CN008223,C0014788,PL011,Postpaid Mobile,18,01-01-2014,25-06-2015,No,Auto-Renewed
CN008224,C0014789,PL018,Fiber Broadband,24,11-07-2024,01-07-2026,Yes,Renewed
CN008225,C0014792,PL023,IoT Solutions,12,08-08-2014,03-08-2015,No,Renewed
CN008226,C0014793,PL017,Fiber Broadband,24,07-02-2014,28-01-2016,No,Renewed
CN008227,C0014794,PL006,Prepaid Mobile,12,25-01-2020,19-01-2021,Yes,Active
CN008228,C0014795,PL015,Fiber Broadband,12,01-01-2014,27-12-2014,Yes,Auto-Renewed
CN008229,C0014797,PL016,Fiber Broadband,24,08-09-2019,28-08-2021,No,Auto-Renewed
CN008230,C0014798,PL018,Fiber Broadband,12,21-08-2018,16-08-2019,Yes,Renewed
CN008231,C0014799,PL016,Fiber Broadband,12,11-07-2014,06-07-2015,Yes,Renewed
CN008232,C0014803,PL007,Postpaid Mobile,24,28-09-2020,18-09-2022,Yes,Renewed
CN008233,C0014805,PL015,Fiber Broadband,12,01-01-2014,27-12-2014,Yes,Renewed
CN008234,C0014806,PL016,Fiber Broadband,12,01-01-2014,27-12-2014,Yes,Active
CN008235,C0014807,PL025,Smart Home,12,20-09-2019,14-09-2020,Yes,Auto-Renewed
CN008236,C0014809,PL022,Enterprise,12,01-01-2014,27-12-2014,Yes,Renewed
CN008237,C0014810,PL015,Fiber Broadband,12,01-01-2014,27-12-2014,No,Renewed
CN008238,C0014811,PL024,IoT Solutions,24,24-07-2021,14-07-2023,Yes,Active
CN008239,C0014812,PL017,Fiber Broadband,36,17-04-2024,02-04-2027,Yes,Not Renewed
CN008240,C0014813,PL024,IoT Solutions,24,29-12-2022,18-12-2024,Yes,Renewed
CN008241,C0014816,PL018,Fiber Broadband,12,01-01-2014,27-12-2014,Yes,Renewed
CN008242,C0014818,PL007,Postpaid Mobile,24,29-05-2020,19-05-2022,Yes,Renewed
CN008243,C0014820,PL006,Prepaid Mobile,24,27-09-2017,17-09-2019,Yes,Auto-Renewed
CN008244,C0014821,PL005,Prepaid Mobile,24,26-06-2014,15-06-2016,No,Auto-Renewed
CN008245,C0014824,PL005,Prepaid Mobile,12,01-01-2014,27-12-2014,Yes,Renewed
CN008246,C0014826,PL008,Postpaid Mobile,12,28-01-2016,22-01-2017,Yes,Renewed
CN008247,C0014827,PL005,Prepaid Mobile,18,27-05-2017,18-11-2018,Yes,Pending
CN008248,C0014828,PL005,Prepaid Mobile,24,01-01-2014,22-12-2015,No,Renewed
CN008249,C0014831,PL010,Postpaid Mobile,18,05-10-2019,28-03-2021,Yes,Pending
CN008250,C0014833,PL025,Smart Home,12,20-01-2021,15-01-2022,No,Auto-Renewed
CN008251,C0014834,PL025,Smart Home,18,04-07-2016,26-12-2017,No,Pending
CN008252,C0014835,PL008,Postpaid Mobile,24,31-05-2020,21-05-2022,Yes,Pending
CN008253,C0014836,PL008,Postpaid Mobile,24,11-01-2021,01-01-2023,Yes,Auto-Renewed
CN008254,C0014838,PL021,Enterprise,24,26-09-2014,15-09-2016,No,Active
CN008255,C0014840,PL005,Prepaid Mobile,18,05-05-2014,27-10-2015,Yes,Renewed
CN008256,C0014841,PL006,Prepaid Mobile,24,25-07-2019,14-07-2021,Yes,Pending
CN008257,C0014843,PL008,Postpaid Mobile,24,27-01-2026,17-01-2028,No,Renewed
CN008258,C0014844,PL015,Fiber Broadband,12,01-01-2014,27-12-2014,Yes,Renewed
CN008259,C0014845,PL015,Fiber Broadband,12,08-02-2020,02-02-2021,Yes,Active
CN008260,C0014849,PL016,Fiber Broadband,12,01-01-2014,27-12-2014,Yes,Renewed
CN008261,C0014850,PL009,Postpaid Mobile,12,31-10-2021,26-10-2022,No,Active
CN008262,C0014851,PL007,Postpaid Mobile,12,23-01-2016,17-01-2017,Yes,Cancelled
CN008263,C0014852,PL007,Postpaid Mobile,24,09-08-2018,29-07-2020,No,Cancelled
CN008264,C0014853,PL006,Prepaid Mobile,24,26-04-2021,16-04-2023,No,Active
CN008265,C0014854,PL018,Fiber Broadband,12,01-01-2014,27-12-2014,Yes,Pending
CN008266,C0014856,PL017,Fiber Broadband,12,01-01-2014,27-12-2014,No,Renewed
CN008267,C0014862,PL025,Smart Home,12,16-06-2016,11-06-2017,Yes,Auto-Renewed
CN008268,C0014863,PL022,Enterprise,12,01-01-2014,27-12-2014,No,Active
CN008269,C0014864,PL015,Fiber Broadband,24,31-03-2023,20-03-2025,Yes,Auto-Renewed
CN008270,C0014867,PL025,Smart Home,12,29-03-2022,24-03-2023,Yes,Pending
CN008271,C0014869,PL005,Prepaid Mobile,24,01-01-2014,22-12-2015,No,Renewed
CN008272,C0014870,PL006,Prepaid Mobile,12,01-01-2014,27-12-2014,Yes,Pending
CN008273,C0014871,PL006,Prepaid Mobile,12,01-01-2014,27-12-2014,Yes,Pending
CN008274,C0014874,PL021,Enterprise,24,17-09-2019,06-09-2021,Yes,Active
CN008275,C0014875,PL006,Prepaid Mobile,24,13-05-2020,03-05-2022,Yes,Auto-Renewed
CN008276,C0014877,PL007,Postpaid Mobile,24,30-11-2025,20-11-2027,Yes,Not Renewed
CN008277,C0014881,PL025,Smart Home,24,08-11-2019,28-10-2021,No,Pending
CN008278,C0014883,PL015,Fiber Broadband,12,05-06-2021,31-05-2022,Yes,Renewed
CN008279,C0014887,PL009,Postpaid Mobile,12,04-02-2017,30-01-2018,Yes,Renewed
CN008280,C0014889,PL015,Fiber Broadband,24,01-01-2014,22-12-2015,Yes,Auto-Renewed
CN008281,C0014891,PL015,Fiber Broadband,24,16-08-2015,05-08-2017,No,Not Renewed
CN008282,C0014894,PL011,Postpaid Mobile,12,01-01-2014,27-12-2014,Yes,Active
CN008283,C0014896,PL006,Prepaid Mobile,24,27-07-2014,16-07-2016,No,Auto-Renewed
CN008284,C0014897,PL025,Smart Home,12,24-01-2025,19-01-2026,No,Renewed
CN008285,C0014898,PL011,Postpaid Mobile,36,14-03-2021,27-02-2024,Yes,Renewed
CN008286,C0014899,PL010,Postpaid Mobile,24,13-06-2015,02-06-2017,Yes,Auto-Renewed
CN008287,C0014900,PL009,Postpaid Mobile,12,08-11-2025,03-11-2026,Yes,Not Renewed
CN008288,C0014903,PL011,Postpaid Mobile,12,28-04-2015,22-04-2016,Yes,Auto-Renewed
CN008289,C0014905,PL011,Postpaid Mobile,24,14-12-2021,04-12-2023,No,Renewed
CN008290,C0014907,PL008,Postpaid Mobile,36,11-07-2015,25-06-2018,No,Renewed
CN008291,C0014909,PL006,Prepaid Mobile,18,01-01-2014,25-06-2015,Yes,Renewed
CN008292,C0014910,PL007,Postpaid Mobile,24,17-05-2023,06-05-2025,No,Pending
CN008293,C0014912,PL024,IoT Solutions,12,07-02-2019,02-02-2020,No,Auto-Renewed
CN008294,C0014913,PL017,Fiber Broadband,12,01-01-2014,27-12-2014,No,Auto-Renewed
CN008295,C0014914,PL015,Fiber Broadband,36,01-01-2014,16-12-2016,No,Active
CN008296,C0014915,PL011,Postpaid Mobile,24,05-09-2018,25-08-2020,Yes,Renewed
CN008297,C0014919,PL009,Postpaid Mobile,12,02-07-2021,27-06-2022,No,Pending
CN008298,C0014920,PL015,Fiber Broadband,12,13-12-2024,08-12-2025,Yes,Pending
CN008299,C0014924,PL006,Prepaid Mobile,12,02-09-2020,28-08-2021,Yes,Active
CN008300,C0014926,PL005,Prepaid Mobile,12,01-01-2014,27-12-2014,Yes,Auto-Renewed
CN008301,C0014929,PL009,Postpaid Mobile,36,09-12-2024,24-11-2027,No,Pending
CN008302,C0014931,PL018,Fiber Broadband,12,17-07-2022,12-07-2023,No,Renewed
CN008303,C0014932,PL009,Postpaid Mobile,12,17-01-2024,11-01-2025,Yes,Pending
CN008304,C0014933,PL006,Prepaid Mobile,18,01-01-2014,25-06-2015,No,Renewed
CN008305,C0014936,PL016,Fiber Broadband,12,23-02-2018,18-02-2019,Yes,Pending
CN008306,C0014937,PL009,Postpaid Mobile,24,09-04-2024,30-03-2026,No,Pending
CN008307,C0014938,PL018,Fiber Broadband,18,21-02-2022,15-08-2023,Yes,Pending
CN008308,C0014939,PL005,Prepaid Mobile,36,01-01-2014,16-12-2016,Yes,Renewed
CN008309,C0014941,PL005,Prepaid Mobile,12,11-12-2023,05-12-2024,No,Renewed
CN008310,C0014942,PL010,Postpaid Mobile,24,08-05-2018,27-04-2020,No,Pending
CN008311,C0014943,PL017,Fiber Broadband,18,26-02-2024,19-08-2025,Yes,Renewed
CN008312,C0014944,PL009,Postpaid Mobile,12,28-03-2018,23-03-2019,Yes,Auto-Renewed
CN008313,C0014947,PL011,Postpaid Mobile,18,19-06-2016,11-12-2017,No,Auto-Renewed
CN008314,C0014948,PL005,Prepaid Mobile,24,10-10-2015,29-09-2017,Yes,Active
CN008315,C0014950,PL005,Prepaid Mobile,12,14-01-2016,08-01-2017,No,Auto-Renewed
CN008316,C0014951,PL017,Fiber Broadband,12,05-09-2016,31-08-2017,No,Auto-Renewed
CN008317,C0014952,PL008,Postpaid Mobile,18,13-01-2017,07-07-2018,Yes,Renewed
CN008318,C0014954,PL025,Smart Home,12,10-12-2017,05-12-2018,Yes,Not Renewed
CN008319,C0014955,PL006,Prepaid Mobile,24,07-08-2021,28-07-2023,Yes,Auto-Renewed
CN008320,C0014956,PL016,Fiber Broadband,24,10-10-2025,30-09-2027,Yes,Renewed
CN008321,C0014957,PL006,Prepaid Mobile,36,19-12-2022,03-12-2025,No,Pending
CN008322,C0014959,PL005,Prepaid Mobile,12,01-01-2014,27-12-2014,Yes,Renewed
CN008323,C0014960,PL025,Smart Home,12,14-01-2022,09-01-2023,No,Not Renewed
CN008324,C0014961,PL011,Postpaid Mobile,18,01-01-2014,25-06-2015,Yes,Renewed
CN008325,C0014963,PL018,Fiber Broadband,12,01-01-2014,27-12-2014,Yes,Renewed
CN008326,C0014966,PL011,Postpaid Mobile,36,12-11-2024,28-10-2027,No,Auto-Renewed
CN008327,C0014968,PL011,Postpaid Mobile,12,01-12-2025,26-11-2026,Yes,Auto-Renewed
CN008328,C0014970,PL005,Prepaid Mobile,24,01-01-2014,22-12-2015,No,Renewed
CN008329,C0014971,PL011,Postpaid Mobile,18,01-01-2014,25-06-2015,No,Auto-Renewed
CN008330,C0014972,PL006,Prepaid Mobile,12,17-11-2017,12-11-2018,No,Active
CN008331,C0014975,PL022,Enterprise,12,01-01-2014,27-12-2014,No,Active
CN008332,C0014978,PL007,Postpaid Mobile,12,09-05-2024,04-05-2025,No,Renewed
CN008333,C0014981,PL005,Prepaid Mobile,12,01-01-2014,27-12-2014,No,Active
CN008334,C0014983,PL007,Postpaid Mobile,12,24-09-2018,19-09-2019,No,Renewed
CN008335,C0014984,PL007,Postpaid Mobile,12,01-08-2016,27-07-2017,No,Renewed
CN008336,C0014986,PL007,Postpaid Mobile,12,08-01-2014,03-01-2015,No,Not Renewed
CN008337,C0014990,PL016,Fiber Broadband,24,14-01-2026,04-01-2028,No,Renewed
CN008338,C0014991,PL005,Prepaid Mobile,36,12-07-2017,26-06-2020,Yes,Auto-Renewed
CN008339,C0014993,PL011,Postpaid Mobile,24,31-12-2016,21-12-2018,No,Auto-Renewed
CN008340,C0014998,PL005,Prepaid Mobile,24,14-03-2025,04-03-2027,No,Active
CN008341,C0015002,PL021,Enterprise,24,05-06-2024,26-05-2026,No,Cancelled
CN008342,C0015003,PL006,Prepaid Mobile,18,01-01-2014,25-06-2015,Yes,Active
CN008343,C0015004,PL010,Postpaid Mobile,12,18-07-2023,12-07-2024,Yes,Not Renewed
CN008344,C0015006,PL006,Prepaid Mobile,12,25-07-2024,20-07-2025,Yes,Active
CN008345,C0015007,PL006,Prepaid Mobile,12,02-01-2023,28-12-2023,Yes,Renewed
CN008346,C0015008,PL008,Postpaid Mobile,18,08-10-2022,31-03-2024,Yes,Renewed
CN008347,C0015009,PL006,Prepaid Mobile,24,04-12-2023,23-11-2025,No,Auto-Renewed
CN008348,C0015013,PL009,Postpaid Mobile,24,27-03-2015,16-03-2017,No,Pending
CN008349,C0015015,PL006,Prepaid Mobile,24,01-02-2018,22-01-2020,No,Renewed
CN008350,C0015016,PL005,Prepaid Mobile,12,01-01-2014,27-12-2014,No,Renewed
CN008351,C0015017,PL005,Prepaid Mobile,12,02-04-2018,28-03-2019,Yes,Active
CN008352,C0015018,PL010,Postpaid Mobile,24,26-04-2017,16-04-2019,Yes,Renewed
CN008353,C0015021,PL008,Postpaid Mobile,12,23-01-2017,18-01-2018,No,Renewed
CN008354,C0015022,PL006,Prepaid Mobile,24,12-08-2017,02-08-2019,Yes,Pending
CN008355,C0015025,PL006,Prepaid Mobile,24,16-01-2018,06-01-2020,Yes,Active
CN008356,C0015027,PL009,Postpaid Mobile,24,27-04-2014,16-04-2016,No,Active
CN008357,C0015028,PL016,Fiber Broadband,24,21-08-2023,10-08-2025,Yes,Auto-Renewed
CN008358,C0015033,PL009,Postpaid Mobile,24,11-11-2014,31-10-2016,Yes,Renewed
CN008359,C0015036,PL006,Prepaid Mobile,24,01-01-2014,22-12-2015,Yes,Renewed
CN008360,C0015037,PL006,Prepaid Mobile,12,04-04-2021,30-03-2022,Yes,Renewed
CN008361,C0015038,PL005,Prepaid Mobile,12,01-01-2014,27-12-2014,Yes,Renewed
CN008362,C0015040,PL010,Postpaid Mobile,12,25-02-2024,19-02-2025,No,Not Renewed
CN008363,C0015041,PL021,Enterprise,36,01-01-2014,16-12-2016,Yes,Renewed
CN008364,C0015042,PL008,Postpaid Mobile,12,11-06-2018,06-06-2019,Yes,Active
CN008365,C0015043,PL017,Fiber Broadband,24,12-06-2014,01-06-2016,Yes,Auto-Renewed
CN008366,C0015044,PL007,Postpaid Mobile,18,09-12-2024,02-06-2026,No,Not Renewed
CN008367,C0015047,PL008,Postpaid Mobile,24,20-08-2016,10-08-2018,Yes,Not Renewed
CN008368,C0015048,PL022,Enterprise,36,06-12-2021,20-11-2024,Yes,Not Renewed
CN008369,C0015050,PL006,Prepaid Mobile,12,01-01-2014,27-12-2014,Yes,Auto-Renewed
CN008370,C0015051,PL005,Prepaid Mobile,12,16-07-2016,11-07-2017,No,Auto-Renewed
CN008371,C0015052,PL021,Enterprise,12,01-01-2014,27-12-2014,No,Auto-Renewed
CN008372,C0015054,PL010,Postpaid Mobile,12,29-05-2018,24-05-2019,Yes,Pending
CN008373,C0015055,PL011,Postpaid Mobile,24,01-01-2014,22-12-2015,No,Pending
CN008374,C0015056,PL011,Postpaid Mobile,12,01-01-2014,27-12-2014,No,Pending
CN008375,C0015057,PL008,Postpaid Mobile,24,03-12-2023,22-11-2025,Yes,Renewed
CN008376,C0015059,PL021,Enterprise,24,25-05-2020,15-05-2022,Yes,Renewed
CN008377,C0015060,PL016,Fiber Broadband,24,09-09-2025,30-08-2027,Yes,Active
CN008378,C0015062,PL007,Postpaid Mobile,24,12-06-2023,01-06-2025,No,Renewed
CN008379,C0015064,PL005,Prepaid Mobile,24,01-01-2014,22-12-2015,Yes,Renewed
CN008380,C0015066,PL006,Prepaid Mobile,18,06-07-2014,28-12-2015,No,Renewed
CN008381,C0015068,PL010,Postpaid Mobile,24,24-08-2023,13-08-2025,No,Renewed
CN008382,C0015071,PL006,Prepaid Mobile,24,17-05-2019,06-05-2021,Yes,Auto-Renewed
CN008383,C0015074,PL016,Fiber Broadband,24,21-09-2024,11-09-2026,Yes,Cancelled
CN008384,C0015076,PL010,Postpaid Mobile,12,16-02-2023,11-02-2024,Yes,Auto-Renewed
CN008385,C0015081,PL005,Prepaid Mobile,24,20-02-2018,10-02-2020,No,Pending
CN008386,C0015084,PL006,Prepaid Mobile,18,01-01-2014,25-06-2015,No,Pending
CN008387,C0015085,PL006,Prepaid Mobile,12,25-03-2018,20-03-2019,Yes,Pending
CN008388,C0015087,PL007,Postpaid Mobile,12,15-04-2020,10-04-2021,Yes,Auto-Renewed
CN008389,C0015088,PL011,Postpaid Mobile,12,05-11-2020,31-10-2021,Yes,Renewed
CN008390,C0015090,PL018,Fiber Broadband,36,01-01-2014,16-12-2016,Yes,Pending
CN008391,C0015092,PL016,Fiber Broadband,12,28-05-2022,23-05-2023,Yes,Active
CN008392,C0015093,PL021,Enterprise,24,05-09-2018,25-08-2020,No,Auto-Renewed
CN008393,C0015094,PL005,Prepaid Mobile,12,03-04-2014,29-03-2015,Yes,Renewed
CN008394,C0015095,PL011,Postpaid Mobile,12,03-11-2018,29-10-2019,No,Active
CN008395,C0015098,PL018,Fiber Broadband,18,25-04-2022,17-10-2023,Yes,Renewed
CN008396,C0015099,PL007,Postpaid Mobile,24,29-01-2020,18-01-2022,No,Auto-Renewed
CN008397,C0015100,PL009,Postpaid Mobile,24,20-04-2015,09-04-2017,Yes,Pending
CN008398,C0015102,PL023,IoT Solutions,24,02-07-2016,22-06-2018,Yes,Auto-Renewed
CN008399,C0015103,PL006,Prepaid Mobile,12,28-05-2019,22-05-2020,Yes,Active
CN008400,C0015109,PL005,Prepaid Mobile,36,01-01-2014,16-12-2016,Yes,Renewed
CN008401,C0015110,PL009,Postpaid Mobile,12,02-05-2025,27-04-2026,Yes,Renewed
CN008402,C0015111,PL008,Postpaid Mobile,36,12-11-2024,28-10-2027,Yes,Not Renewed
CN008403,C0015112,PL017,Fiber Broadband,18,01-01-2014,25-06-2015,Yes,Renewed
CN008404,C0015113,PL006,Prepaid Mobile,12,01-01-2014,27-12-2014,No,Renewed
CN008405,C0015114,PL017,Fiber Broadband,24,28-06-2016,18-06-2018,Yes,Active
CN008406,C0015116,PL015,Fiber Broadband,12,01-01-2014,27-12-2014,No,Renewed
CN008407,C0015117,PL023,IoT Solutions,24,24-06-2021,14-06-2023,No,Renewed
CN008408,C0015118,PL009,Postpaid Mobile,24,03-05-2021,23-04-2023,Yes,Pending
CN008409,C0015119,PL015,Fiber Broadband,18,26-02-2015,19-08-2016,No,Renewed
CN008410,C0015120,PL011,Postpaid Mobile,12,14-11-2021,09-11-2022,Yes,Renewed
CN008411,C0015122,PL023,IoT Solutions,36,05-07-2017,19-06-2020,Yes,Pending
CN008412,C0015124,PL008,Postpaid Mobile,24,10-01-2021,31-12-2022,Yes,Active
CN008413,C0015126,PL024,IoT Solutions,12,02-12-2022,27-11-2023,Yes,Active
CN008414,C0015129,PL025,Smart Home,24,24-01-2016,13-01-2018,No,Cancelled
CN008415,C0015130,PL018,Fiber Broadband,12,01-01-2014,27-12-2014,No,Renewed
CN008416,C0015131,PL005,Prepaid Mobile,12,24-03-2018,19-03-2019,No,Pending
CN008417,C0015132,PL023,IoT Solutions,18,18-09-2022,11-03-2024,Yes,Active
CN008418,C0015133,PL025,Smart Home,24,08-09-2021,29-08-2023,No,Not Renewed
CN008419,C0015134,PL006,Prepaid Mobile,24,29-06-2015,18-06-2017,Yes,Active
CN008420,C0015136,PL021,Enterprise,36,07-04-2014,22-03-2017,No,Active
CN008421,C0015138,PL016,Fiber Broadband,24,01-01-2014,22-12-2015,Yes,Active
CN008422,C0015139,PL024,IoT Solutions,24,03-08-2021,24-07-2023,Yes,Pending
CN008423,C0015148,PL018,Fiber Broadband,36,01-01-2014,16-12-2016,Yes,Renewed
CN008424,C0015150,PL025,Smart Home,18,23-05-2020,14-11-2021,No,Active
CN008425,C0015152,PL017,Fiber Broadband,12,01-01-2014,27-12-2014,Yes,Pending
CN008426,C0015155,PL010,Postpaid Mobile,18,11-05-2015,01-11-2016,Yes,Active
CN008427,C0015156,PL023,IoT Solutions,18,18-07-2017,09-01-2019,No,Renewed
CN008428,C0015157,PL005,Prepaid Mobile,12,13-03-2024,08-03-2025,Yes,Auto-Renewed
CN008429,C0015158,PL016,Fiber Broadband,36,03-02-2024,18-01-2027,No,Pending
CN008430,C0015159,PL009,Postpaid Mobile,24,28-08-2019,17-08-2021,No,Renewed
CN008431,C0015161,PL007,Postpaid Mobile,18,21-07-2018,12-01-2020,Yes,Renewed
CN008432,C0015162,PL008,Postpaid Mobile,12,11-04-2021,06-04-2022,Yes,Renewed
CN008433,C0015164,PL015,Fiber Broadband,24,01-01-2014,22-12-2015,Yes,Cancelled
CN008434,C0015168,PL006,Prepaid Mobile,36,12-08-2017,27-07-2020,No,Renewed
CN008435,C0015169,PL010,Postpaid Mobile,12,04-04-2022,30-03-2023,Yes,Pending
CN008436,C0015170,PL008,Postpaid Mobile,12,06-09-2017,01-09-2018,Yes,Not Renewed
CN008437,C0015172,PL011,Postpaid Mobile,12,27-01-2017,22-01-2018,No,Renewed
CN008438,C0015173,PL007,Postpaid Mobile,24,22-05-2015,11-05-2017,No,Auto-Renewed
CN008439,C0015174,PL015,Fiber Broadband,24,01-01-2014,22-12-2015,No,Pending
CN008440,C0015175,PL011,Postpaid Mobile,18,01-01-2014,25-06-2015,No,Renewed
CN008441,C0015177,PL006,Prepaid Mobile,36,01-01-2014,16-12-2016,No,Active
CN008442,C0015179,PL025,Smart Home,24,13-12-2016,03-12-2018,No,Active
CN008443,C0015180,PL005,Prepaid Mobile,36,01-01-2014,16-12-2016,No,Active
CN008444,C0015181,PL023,IoT Solutions,12,02-10-2021,27-09-2022,Yes,Renewed
CN008445,C0015183,PL009,Postpaid Mobile,12,22-03-2025,17-03-2026,No,Not Renewed
CN008446,C0015184,PL021,Enterprise,12,27-09-2017,22-09-2018,No,Renewed
CN008447,C0015185,PL015,Fiber Broadband,24,01-01-2014,22-12-2015,Yes,Active
CN008448,C0015187,PL005,Prepaid Mobile,36,15-10-2020,30-09-2023,No,Auto-Renewed
CN008449,C0015190,PL023,IoT Solutions,18,23-09-2017,17-03-2019,Yes,Not Renewed
CN008450,C0015193,PL023,IoT Solutions,12,13-04-2014,08-04-2015,Yes,Auto-Renewed
CN008451,C0015195,PL018,Fiber Broadband,12,15-12-2020,10-12-2021,Yes,Pending
CN008452,C0015196,PL009,Postpaid Mobile,12,15-05-2014,10-05-2015,No,Not Renewed
CN008453,C0015198,PL007,Postpaid Mobile,12,01-07-2023,25-06-2024,Yes,Active
CN008454,C0015200,PL005,Prepaid Mobile,12,01-01-2014,27-12-2014,No,Auto-Renewed
CN008455,C0015201,PL017,Fiber Broadband,18,19-11-2024,13-05-2026,No,Active
CN008456,C0015202,PL010,Postpaid Mobile,12,26-08-2014,21-08-2015,Yes,Renewed
CN008457,C0015205,PL011,Postpaid Mobile,18,01-01-2014,25-06-2015,Yes,Auto-Renewed
CN008458,C0015206,PL018,Fiber Broadband,24,01-01-2014,22-12-2015,No,Renewed
CN008459,C0015207,PL009,Postpaid Mobile,24,08-04-2019,28-03-2021,No,Renewed
CN008460,C0015211,PL016,Fiber Broadband,12,22-01-2016,16-01-2017,No,Pending
CN008461,C0015212,PL011,Postpaid Mobile,12,01-01-2014,27-12-2014,No,Auto-Renewed
CN008462,C0015219,PL008,Postpaid Mobile,12,22-10-2022,17-10-2023,No,Renewed
CN008463,C0015220,PL016,Fiber Broadband,24,01-01-2014,22-12-2015,No,Active
CN008464,C0015222,PL009,Postpaid Mobile,18,02-06-2022,24-11-2023,Yes,Not Renewed
CN008465,C0015223,PL018,Fiber Broadband,24,01-01-2014,22-12-2015,Yes,Renewed
CN008466,C0015225,PL022,Enterprise,18,30-04-2014,22-10-2015,No,Active
CN008467,C0015227,PL011,Postpaid Mobile,12,24-11-2018,19-11-2019,Yes,Renewed
CN008468,C0015228,PL008,Postpaid Mobile,18,26-01-2018,20-07-2019,Yes,Renewed
CN008469,C0015229,PL009,Postpaid Mobile,36,23-10-2022,07-10-2025,No,Not Renewed
CN008470,C0015230,PL010,Postpaid Mobile,12,07-11-2014,02-11-2015,No,Renewed
CN008471,C0015232,PL005,Prepaid Mobile,18,12-09-2025,06-03-2027,Yes,Not Renewed
CN008472,C0015234,PL011,Postpaid Mobile,12,13-01-2014,08-01-2015,Yes,Renewed
CN008473,C0015235,PL005,Prepaid Mobile,36,01-01-2014,16-12-2016,Yes,Renewed
CN008474,C0015236,PL010,Postpaid Mobile,18,21-05-2017,12-11-2018,No,Renewed
CN008475,C0015237,PL009,Postpaid Mobile,12,12-02-2016,06-02-2017,No,Not Renewed
CN008476,C0015238,PL007,Postpaid Mobile,18,20-09-2015,13-03-2017,Yes,Renewed
CN008477,C0015240,PL011,Postpaid Mobile,36,08-10-2023,22-09-2026,No,Pending
CN008478,C0015241,PL009,Postpaid Mobile,12,19-02-2020,13-02-2021,Yes,Renewed
CN008479,C0015242,PL006,Prepaid Mobile,18,18-02-2016,11-08-2017,No,Auto-Renewed
CN008480,C0015248,PL010,Postpaid Mobile,24,05-06-2017,26-05-2019,Yes,Cancelled
CN008481,C0015250,PL006,Prepaid Mobile,12,03-07-2017,28-06-2018,No,Renewed
CN008482,C0015251,PL005,Prepaid Mobile,12,06-01-2021,01-01-2022,No,Active
CN008483,C0015255,PL021,Enterprise,36,01-01-2014,16-12-2016,Yes,Active
CN008484,C0015256,PL007,Postpaid Mobile,18,31-05-2015,21-11-2016,No,Not Renewed
CN008485,C0015257,PL006,Prepaid Mobile,12,20-09-2019,14-09-2020,Yes,Renewed
CN008486,C0015261,PL010,Postpaid Mobile,12,21-02-2015,16-02-2016,Yes,Auto-Renewed
CN008487,C0015262,PL006,Prepaid Mobile,36,18-04-2015,02-04-2018,Yes,Auto-Renewed
CN008488,C0015264,PL006,Prepaid Mobile,12,13-12-2015,07-12-2016,Yes,Renewed
CN008489,C0015266,PL015,Fiber Broadband,24,18-02-2024,07-02-2026,No,Auto-Renewed
CN008490,C0015270,PL022,Enterprise,24,11-11-2022,31-10-2024,No,Auto-Renewed
CN008491,C0015271,PL021,Enterprise,12,01-01-2020,26-12-2020,No,Renewed
CN008492,C0015272,PL005,Prepaid Mobile,24,01-01-2014,22-12-2015,No,Renewed
CN008493,C0015273,PL021,Enterprise,24,01-01-2014,22-12-2015,Yes,Auto-Renewed
CN008494,C0015274,PL017,Fiber Broadband,36,01-01-2014,16-12-2016,Yes,Auto-Renewed
CN008495,C0015276,PL025,Smart Home,12,05-08-2016,31-07-2017,Yes,Auto-Renewed
CN008496,C0015280,PL010,Postpaid Mobile,36,04-11-2017,19-10-2020,Yes,Auto-Renewed
CN008497,C0015281,PL018,Fiber Broadband,12,01-01-2014,27-12-2014,No,Active
CN008498,C0015282,PL005,Prepaid Mobile,24,22-09-2024,12-09-2026,No,Active
CN008499,C0015283,PL006,Prepaid Mobile,18,04-04-2023,25-09-2024,Yes,Auto-Renewed
CN008500,C0015286,PL005,Prepaid Mobile,36,05-10-2022,19-09-2025,No,Active
CN008501,C0015287,PL006,Prepaid Mobile,36,26-01-2026,10-01-2029,No,Renewed
CN008502,C0015289,PL011,Postpaid Mobile,24,07-07-2019,26-06-2021,No,Renewed
CN008503,C0015290,PL007,Postpaid Mobile,24,23-03-2022,12-03-2024,No,Pending
CN008504,C0015292,PL022,Enterprise,12,06-06-2020,01-06-2021,No,Renewed
CN008505,C0015293,PL005,Prepaid Mobile,24,01-01-2014,22-12-2015,Yes,Auto-Renewed
CN008506,C0015295,PL006,Prepaid Mobile,24,01-01-2014,22-12-2015,No,Renewed
CN008507,C0015297,PL016,Fiber Broadband,12,24-02-2020,18-02-2021,Yes,Renewed
CN008508,C0015299,PL022,Enterprise,24,30-12-2023,19-12-2025,Yes,Pending
CN008509,C0015300,PL010,Postpaid Mobile,12,03-02-2017,29-01-2018,Yes,Active
CN008510,C0015301,PL010,Postpaid Mobile,24,26-04-2020,16-04-2022,No,Renewed
CN008511,C0015302,PL008,Postpaid Mobile,12,04-02-2026,30-01-2027,Yes,Pending
CN008512,C0015304,PL008,Postpaid Mobile,24,27-08-2017,17-08-2019,Yes,Cancelled
CN008513,C0015305,PL010,Postpaid Mobile,12,24-01-2020,18-01-2021,No,Pending
CN008514,C0015306,PL005,Prepaid Mobile,24,01-01-2014,22-12-2015,No,Renewed
CN008515,C0015309,PL023,IoT Solutions,24,24-08-2021,14-08-2023,Yes,Renewed
CN008516,C0015310,PL016,Fiber Broadband,12,24-05-2021,19-05-2022,No,Not Renewed
CN008517,C0015313,PL008,Postpaid Mobile,12,21-03-2015,15-03-2016,Yes,Auto-Renewed
CN008518,C0015314,PL010,Postpaid Mobile,12,25-06-2019,19-06-2020,Yes,Renewed
CN008519,C0015317,PL010,Postpaid Mobile,24,30-07-2015,19-07-2017,Yes,Renewed
CN008520,C0015318,PL008,Postpaid Mobile,12,10-08-2016,05-08-2017,No,Renewed
CN008521,C0015319,PL022,Enterprise,12,08-02-2022,03-02-2023,No,Renewed
CN008522,C0015320,PL006,Prepaid Mobile,18,27-11-2015,20-05-2017,Yes,Auto-Renewed
CN008523,C0015321,PL017,Fiber Broadband,12,01-01-2014,27-12-2014,No,Active
CN008524,C0015322,PL006,Prepaid Mobile,18,23-12-2017,16-06-2019,Yes,Pending
CN008525,C0015324,PL025,Smart Home,12,03-06-2016,29-05-2017,Yes,Pending
CN008526,C0015326,PL005,Prepaid Mobile,24,09-01-2023,29-12-2024,Yes,Auto-Renewed
CN008527,C0015328,PL007,Postpaid Mobile,12,19-01-2021,14-01-2022,Yes,Auto-Renewed
CN008528,C0015330,PL011,Postpaid Mobile,24,01-01-2014,22-12-2015,Yes,Auto-Renewed
CN008529,C0015334,PL010,Postpaid Mobile,12,05-01-2019,31-12-2019,Yes,Auto-Renewed
CN008530,C0015335,PL025,Smart Home,24,12-02-2015,01-02-2017,Yes,Renewed
CN008531,C0015339,PL005,Prepaid Mobile,18,28-01-2024,21-07-2025,Yes,Auto-Renewed
CN008532,C0015340,PL015,Fiber Broadband,12,01-01-2014,27-12-2014,No,Renewed
CN008533,C0015342,PL022,Enterprise,12,02-12-2024,27-11-2025,Yes,Active
CN008534,C0015343,PL006,Prepaid Mobile,12,01-01-2014,27-12-2014,No,Active
CN008535,C0015346,PL009,Postpaid Mobile,24,11-09-2024,01-09-2026,No,Auto-Renewed
CN008536,C0015348,PL011,Postpaid Mobile,18,01-01-2014,25-06-2015,Yes,Not Renewed
CN008537,C0015349,PL010,Postpaid Mobile,24,08-12-2021,28-11-2023,No,Renewed
CN008538,C0015350,PL018,Fiber Broadband,12,01-01-2014,27-12-2014,Yes,Active
CN008539,C0015352,PL018,Fiber Broadband,12,13-05-2017,08-05-2018,Yes,Renewed
CN008540,C0015353,PL016,Fiber Broadband,24,10-10-2021,30-09-2023,No,Renewed
CN008541,C0015355,PL006,Prepaid Mobile,12,01-01-2014,27-12-2014,Yes,Renewed
CN008542,C0015356,PL024,IoT Solutions,18,24-02-2026,18-08-2027,Yes,Active
CN008543,C0015358,PL011,Postpaid Mobile,12,09-05-2018,04-05-2019,Yes,Active
CN008544,C0015359,PL007,Postpaid Mobile,12,18-11-2014,13-11-2015,No,Active
CN008545,C0015360,PL025,Smart Home,12,03-11-2022,29-10-2023,No,Renewed
CN008546,C0015361,PL005,Prepaid Mobile,12,01-01-2014,27-12-2014,No,Auto-Renewed
CN008547,C0015362,PL005,Prepaid Mobile,12,01-01-2014,27-12-2014,Yes,Active
CN008548,C0015366,PL021,Enterprise,12,31-07-2019,25-07-2020,No,Auto-Renewed
CN008549,C0015367,PL010,Postpaid Mobile,24,09-03-2021,27-02-2023,Yes,Auto-Renewed
CN008550,C0015368,PL015,Fiber Broadband,36,18-06-2022,02-06-2025,Yes,Not Renewed
CN008551,C0015369,PL011,Postpaid Mobile,24,20-11-2022,09-11-2024,No,Active
CN008552,C0015374,PL006,Prepaid Mobile,12,01-01-2014,27-12-2014,Yes,Renewed
CN008553,C0015376,PL006,Prepaid Mobile,12,01-01-2014,27-12-2014,Yes,Renewed
CN008554,C0015377,PL007,Postpaid Mobile,24,13-11-2020,03-11-2022,Yes,Cancelled
CN008555,C0015380,PL007,Postpaid Mobile,36,11-08-2024,27-07-2027,Yes,Pending
CN008556,C0015384,PL010,Postpaid Mobile,36,19-08-2017,03-08-2020,No,Auto-Renewed
CN008557,C0015387,PL011,Postpaid Mobile,18,01-01-2014,25-06-2015,No,Renewed
CN008558,C0015390,PL005,Prepaid Mobile,12,05-08-2018,31-07-2019,Yes,Auto-Renewed
CN008559,C0015391,PL025,Smart Home,12,20-01-2018,15-01-2019,Yes,Pending
CN008560,C0015394,PL022,Enterprise,12,01-01-2014,27-12-2014,No,Auto-Renewed
CN008561,C0015395,PL007,Postpaid Mobile,18,23-05-2017,14-11-2018,Yes,Not Renewed
CN008562,C0015398,PL009,Postpaid Mobile,24,27-02-2023,16-02-2025,No,Renewed
CN008563,C0015399,PL023,IoT Solutions,18,08-12-2025,01-06-2027,No,Cancelled
CN008564,C0015401,PL007,Postpaid Mobile,12,17-07-2016,12-07-2017,Yes,Auto-Renewed
CN008565,C0015402,PL010,Postpaid Mobile,36,23-06-2021,07-06-2024,Yes,Renewed
CN008566,C0015404,PL009,Postpaid Mobile,12,07-11-2019,01-11-2020,Yes,Renewed
CN008567,C0015405,PL015,Fiber Broadband,12,26-03-2016,21-03-2017,Yes,Auto-Renewed
CN008568,C0015406,PL006,Prepaid Mobile,12,01-01-2014,27-12-2014,Yes,Auto-Renewed
CN008569,C0015408,PL009,Postpaid Mobile,18,04-05-2023,25-10-2024,Yes,Not Renewed
CN008570,C0015411,PL022,Enterprise,12,15-08-2022,10-08-2023,No,Active
CN008571,C0015412,PL017,Fiber Broadband,24,01-01-2014,22-12-2015,Yes,Renewed
CN008572,C0015414,PL007,Postpaid Mobile,24,07-05-2019,26-04-2021,Yes,Not Renewed
CN008573,C0015416,PL010,Postpaid Mobile,12,22-12-2024,17-12-2025,Yes,Not Renewed
CN008574,C0015417,PL018,Fiber Broadband,12,01-01-2014,27-12-2014,Yes,Auto-Renewed
CN008575,C0015418,PL005,Prepaid Mobile,12,22-09-2025,17-09-2026,No,Auto-Renewed
CN008576,C0015421,PL006,Prepaid Mobile,36,27-09-2017,11-09-2020,Yes,Pending
CN008577,C0015423,PL005,Prepaid Mobile,18,01-01-2014,25-06-2015,Yes,Renewed
CN008578,C0015424,PL018,Fiber Broadband,24,06-06-2016,27-05-2018,No,Active
CN008579,C0015425,PL024,IoT Solutions,12,20-12-2018,15-12-2019,Yes,Active
CN008580,C0015426,PL011,Postpaid Mobile,18,15-08-2015,05-02-2017,No,Renewed
CN008581,C0015427,PL016,Fiber Broadband,12,03-09-2020,29-08-2021,No,Renewed
CN008582,C0015431,PL018,Fiber Broadband,24,09-05-2023,28-04-2025,No,Active
CN008583,C0015432,PL022,Enterprise,24,03-01-2022,24-12-2023,Yes,Renewed
CN008584,C0015435,PL025,Smart Home,24,04-02-2015,24-01-2017,No,Not Renewed
CN008585,C0015437,PL005,Prepaid Mobile,24,14-02-2014,04-02-2016,Yes,Renewed
CN008586,C0015440,PL011,Postpaid Mobile,12,24-06-2025,19-06-2026,No,Cancelled
CN008587,C0015441,PL016,Fiber Broadband,24,01-01-2014,22-12-2015,No,Auto-Renewed
CN008588,C0015442,PL006,Prepaid Mobile,24,05-07-2023,24-06-2025,Yes,Renewed
CN008589,C0015444,PL006,Prepaid Mobile,12,01-01-2014,27-12-2014,Yes,Active
CN008590,C0015446,PL005,Prepaid Mobile,12,01-01-2014,27-12-2014,No,Pending
CN008591,C0015447,PL021,Enterprise,18,01-01-2014,25-06-2015,No,Renewed
CN008592,C0015449,PL008,Postpaid Mobile,12,01-02-2016,26-01-2017,No,Cancelled
CN008593,C0015450,PL010,Postpaid Mobile,24,26-12-2023,15-12-2025,Yes,Renewed
CN008594,C0015451,PL025,Smart Home,24,19-03-2019,08-03-2021,No,Auto-Renewed
CN008595,C0015453,PL025,Smart Home,18,05-07-2018,27-12-2019,Yes,Cancelled
CN008596,C0015454,PL006,Prepaid Mobile,12,13-03-2016,08-03-2017,No,Not Renewed
CN008597,C0015456,PL008,Postpaid Mobile,24,26-10-2018,15-10-2020,Yes,Renewed
CN008598,C0015457,PL011,Postpaid Mobile,24,01-01-2014,22-12-2015,No,Auto-Renewed
CN008599,C0015459,PL011,Postpaid Mobile,24,08-08-2019,28-07-2021,No,Renewed
CN008600,C0015462,PL016,Fiber Broadband,12,23-07-2025,18-07-2026,Yes,Renewed
CN008601,C0015463,PL017,Fiber Broadband,24,01-01-2014,22-12-2015,No,Not Renewed
CN008602,C0015467,PL016,Fiber Broadband,18,01-01-2014,25-06-2015,No,Renewed
CN008603,C0015468,PL011,Postpaid Mobile,12,07-08-2024,02-08-2025,No,Renewed
CN008604,C0015469,PL017,Fiber Broadband,12,01-01-2014,27-12-2014,Yes,Auto-Renewed
CN008605,C0015470,PL008,Postpaid Mobile,24,04-07-2019,23-06-2021,Yes,Cancelled
CN008606,C0015473,PL009,Postpaid Mobile,24,03-09-2017,24-08-2019,No,Auto-Renewed
CN008607,C0015476,PL022,Enterprise,24,01-01-2014,22-12-2015,No,Auto-Renewed
CN008608,C0015479,PL025,Smart Home,12,27-04-2018,22-04-2019,Yes,Auto-Renewed
CN008609,C0015480,PL006,Prepaid Mobile,24,10-06-2019,30-05-2021,Yes,Not Renewed
CN008610,C0015483,PL015,Fiber Broadband,12,18-10-2018,13-10-2019,No,Active
CN008611,C0015485,PL009,Postpaid Mobile,12,13-02-2018,08-02-2019,No,Pending
CN008612,C0015486,PL015,Fiber Broadband,12,17-11-2014,12-11-2015,Yes,Renewed
CN008613,C0015487,PL018,Fiber Broadband,36,01-04-2015,16-03-2018,No,Renewed
CN008614,C0015491,PL017,Fiber Broadband,12,19-01-2022,14-01-2023,No,Cancelled
CN008615,C0015494,PL008,Postpaid Mobile,24,06-06-2024,27-05-2026,Yes,Active
CN008616,C0015495,PL007,Postpaid Mobile,12,10-12-2014,05-12-2015,No,Pending
CN008617,C0015496,PL023,IoT Solutions,24,08-02-2014,29-01-2016,No,Renewed
CN008618,C0015498,PL005,Prepaid Mobile,12,26-07-2022,21-07-2023,No,Active
CN008619,C0015499,PL023,IoT Solutions,12,15-06-2016,10-06-2017,No,Renewed
CN008620,C0015501,PL007,Postpaid Mobile,18,18-02-2015,11-08-2016,Yes,Renewed
CN008621,C0015506,PL017,Fiber Broadband,24,14-10-2023,03-10-2025,Yes,Not Renewed
CN008622,C0015507,PL009,Postpaid Mobile,24,12-11-2025,02-11-2027,No,Not Renewed
CN008623,C0015509,PL015,Fiber Broadband,24,01-01-2014,22-12-2015,Yes,Active
CN008624,C0015511,PL005,Prepaid Mobile,12,04-05-2015,28-04-2016,No,Renewed
CN008625,C0015512,PL017,Fiber Broadband,12,21-01-2024,15-01-2025,Yes,Renewed
CN008626,C0015514,PL010,Postpaid Mobile,12,26-08-2014,21-08-2015,No,Auto-Renewed
CN008627,C0015516,PL005,Prepaid Mobile,36,03-05-2022,17-04-2025,Yes,Renewed
CN008628,C0015518,PL008,Postpaid Mobile,12,28-01-2021,23-01-2022,Yes,Not Renewed
CN008629,C0015521,PL010,Postpaid Mobile,12,12-03-2024,07-03-2025,No,Cancelled
CN008630,C0015522,PL008,Postpaid Mobile,12,30-04-2024,25-04-2025,Yes,Cancelled
CN008631,C0015523,PL009,Postpaid Mobile,12,16-07-2016,11-07-2017,Yes,Renewed
CN008632,C0015525,PL011,Postpaid Mobile,12,15-07-2024,10-07-2025,No,Renewed
CN008633,C0015527,PL006,Prepaid Mobile,24,29-05-2017,19-05-2019,Yes,Auto-Renewed
CN008634,C0015528,PL022,Enterprise,24,01-01-2014,22-12-2015,Yes,Active
CN008635,C0015529,PL022,Enterprise,24,03-10-2024,23-09-2026,Yes,Not Renewed
CN008636,C0015531,PL006,Prepaid Mobile,18,13-02-2024,06-08-2025,Yes,Active
CN008637,C0015535,PL018,Fiber Broadband,12,05-08-2021,31-07-2022,Yes,Active
CN008638,C0015538,PL008,Postpaid Mobile,18,27-12-2018,19-06-2020,Yes,Auto-Renewed
CN008639,C0015540,PL023,IoT Solutions,12,28-01-2017,23-01-2018,No,Active
CN008640,C0015541,PL010,Postpaid Mobile,12,30-10-2016,25-10-2017,Yes,Not Renewed
CN008641,C0015542,PL016,Fiber Broadband,24,01-01-2014,22-12-2015,No,Renewed
CN008642,C0015543,PL011,Postpaid Mobile,18,13-12-2015,05-06-2017,Yes,Renewed
CN008643,C0015544,PL024,IoT Solutions,12,25-03-2018,20-03-2019,Yes,Not Renewed
CN008644,C0015545,PL021,Enterprise,24,20-04-2017,10-04-2019,No,Renewed
CN008645,C0015546,PL016,Fiber Broadband,24,01-01-2014,22-12-2015,Yes,Not Renewed
CN008646,C0015548,PL025,Smart Home,24,29-06-2022,18-06-2024,Yes,Renewed
CN008647,C0015550,PL016,Fiber Broadband,12,01-01-2014,27-12-2014,Yes,Auto-Renewed
CN008648,C0015553,PL025,Smart Home,24,23-11-2017,13-11-2019,No,Renewed
CN008649,C0015554,PL010,Postpaid Mobile,36,19-01-2018,03-01-2021,Yes,Renewed
CN008650,C0015555,PL021,Enterprise,12,16-10-2025,11-10-2026,Yes,Pending
CN008651,C0015556,PL010,Postpaid Mobile,12,29-12-2024,24-12-2025,Yes,Active
CN008652,C0015557,PL005,Prepaid Mobile,24,06-07-2017,26-06-2019,Yes,Renewed
CN008653,C0015558,PL010,Postpaid Mobile,12,15-08-2023,09-08-2024,Yes,Active
CN008654,C0015559,PL008,Postpaid Mobile,36,23-07-2017,07-07-2020,No,Active
CN008655,C0015560,PL023,IoT Solutions,36,13-08-2025,28-07-2028,Yes,Renewed
CN008656,C0015561,PL005,Prepaid Mobile,18,14-12-2018,06-06-2020,No,Pending
CN008657,C0015563,PL018,Fiber Broadband,12,09-08-2017,04-08-2018,Yes,Active
CN008658,C0015564,PL008,Postpaid Mobile,12,10-12-2019,04-12-2020,No,Not Renewed
CN008659,C0015565,PL009,Postpaid Mobile,12,19-11-2022,14-11-2023,Yes,Active
CN008660,C0015566,PL022,Enterprise,36,01-01-2014,16-12-2016,Yes,Renewed
CN008661,C0015567,PL024,IoT Solutions,24,10-05-2014,29-04-2016,No,Pending
CN008662,C0015568,PL008,Postpaid Mobile,12,16-01-2015,11-01-2016,No,Pending
CN008663,C0015569,PL006,Prepaid Mobile,18,18-07-2019,08-01-2021,Yes,Auto-Renewed
CN008664,C0015574,PL008,Postpaid Mobile,12,31-10-2022,26-10-2023,Yes,Renewed
CN008665,C0015576,PL009,Postpaid Mobile,24,23-09-2016,13-09-2018,Yes,Renewed
CN008666,C0015582,PL009,Postpaid Mobile,18,07-06-2019,28-11-2020,No,Not Renewed
CN008667,C0015584,PL018,Fiber Broadband,18,20-04-2017,12-10-2018,Yes,Renewed
CN008668,C0015585,PL010,Postpaid Mobile,24,07-06-2025,28-05-2027,Yes,Active
CN008669,C0015586,PL025,Smart Home,24,03-06-2023,23-05-2025,Yes,Auto-Renewed
CN008670,C0015590,PL022,Enterprise,24,01-01-2014,22-12-2015,No,Renewed
CN008671,C0015591,PL022,Enterprise,12,05-08-2025,31-07-2026,No,Renewed
CN008672,C0015592,PL005,Prepaid Mobile,12,15-06-2015,09-06-2016,Yes,Renewed
CN008673,C0015594,PL005,Prepaid Mobile,18,27-09-2019,20-03-2021,No,Auto-Renewed
CN008674,C0015598,PL015,Fiber Broadband,36,01-01-2014,16-12-2016,Yes,Pending
CN008675,C0015599,PL005,Prepaid Mobile,12,01-01-2014,27-12-2014,Yes,Auto-Renewed
CN008676,C0015600,PL005,Prepaid Mobile,24,28-03-2022,17-03-2024,Yes,Auto-Renewed
CN008677,C0015602,PL011,Postpaid Mobile,24,01-01-2014,22-12-2015,No,Pending
CN008678,C0015603,PL011,Postpaid Mobile,12,01-01-2014,27-12-2014,Yes,Active
CN008679,C0015604,PL006,Prepaid Mobile,12,23-02-2014,18-02-2015,No,Auto-Renewed
CN008680,C0015605,PL010,Postpaid Mobile,24,07-04-2019,27-03-2021,No,Cancelled
CN008681,C0015606,PL006,Prepaid Mobile,18,22-03-2021,13-09-2022,No,Renewed
CN008682,C0015607,PL005,Prepaid Mobile,36,01-01-2014,16-12-2016,Yes,Auto-Renewed
CN008683,C0015608,PL011,Postpaid Mobile,12,13-06-2024,08-06-2025,No,Renewed
CN008684,C0015610,PL023,IoT Solutions,12,08-07-2018,03-07-2019,No,Auto-Renewed
CN008685,C0015611,PL005,Prepaid Mobile,12,23-10-2016,18-10-2017,No,Renewed
CN008686,C0015612,PL009,Postpaid Mobile,18,01-12-2023,24-05-2025,No,Renewed
CN008687,C0015613,PL008,Postpaid Mobile,24,24-08-2014,13-08-2016,No,Renewed
CN008688,C0015614,PL005,Prepaid Mobile,24,24-03-2018,13-03-2020,Yes,Auto-Renewed
CN008689,C0015615,PL018,Fiber Broadband,18,28-09-2019,21-03-2021,No,Renewed
CN008690,C0015617,PL011,Postpaid Mobile,12,01-01-2014,27-12-2014,Yes,Auto-Renewed
CN008691,C0015618,PL005,Prepaid Mobile,12,04-11-2015,29-10-2016,Yes,Active
CN008692,C0015620,PL018,Fiber Broadband,12,11-05-2021,06-05-2022,Yes,Renewed
CN008693,C0015621,PL006,Prepaid Mobile,12,01-01-2014,27-12-2014,Yes,Auto-Renewed
CN008694,C0015622,PL025,Smart Home,12,31-05-2020,26-05-2021,Yes,Renewed
CN008695,C0015623,PL016,Fiber Broadband,12,01-01-2014,27-12-2014,Yes,Auto-Renewed
CN008696,C0015625,PL005,Prepaid Mobile,12,12-06-2017,07-06-2018,Yes,Auto-Renewed
CN008697,C0015626,PL005,Prepaid Mobile,24,01-01-2014,22-12-2015,No,Pending
CN008698,C0015628,PL009,Postpaid Mobile,12,27-01-2014,22-01-2015,No,Renewed
CN008699,C0015629,PL018,Fiber Broadband,24,01-01-2014,22-12-2015,No,Active
CN008700,C0015630,PL010,Postpaid Mobile,18,13-05-2014,04-11-2015,No,Not Renewed
CN008701,C0015635,PL023,IoT Solutions,24,18-04-2025,08-04-2027,No,Renewed
CN008702,C0015636,PL017,Fiber Broadband,12,01-01-2014,27-12-2014,No,Active
CN008703,C0015637,PL009,Postpaid Mobile,18,12-11-2016,06-05-2018,Yes,Pending
CN008704,C0015638,PL024,IoT Solutions,24,04-05-2017,24-04-2019,Yes,Renewed
CN008705,C0015639,PL006,Prepaid Mobile,12,26-02-2021,21-02-2022,Yes,Pending
CN008706,C0015641,PL007,Postpaid Mobile,12,04-02-2018,30-01-2019,Yes,Pending
CN008707,C0015643,PL018,Fiber Broadband,12,01-01-2014,27-12-2014,No,Active
CN008708,C0015645,PL009,Postpaid Mobile,12,26-04-2020,21-04-2021,Yes,Pending
CN008709,C0015646,PL005,Prepaid Mobile,12,01-01-2014,27-12-2014,No,Active
CN008710,C0015648,PL024,IoT Solutions,12,17-01-2024,11-01-2025,No,Renewed
CN008711,C0015649,PL011,Postpaid Mobile,12,17-04-2020,12-04-2021,No,Renewed
CN008712,C0015650,PL016,Fiber Broadband,12,01-01-2014,27-12-2014,Yes,Auto-Renewed
CN008713,C0015651,PL005,Prepaid Mobile,24,08-01-2015,28-12-2016,No,Renewed
CN008714,C0015654,PL011,Postpaid Mobile,12,23-06-2021,18-06-2022,Yes,Active
CN008715,C0015655,PL005,Prepaid Mobile,18,01-01-2014,25-06-2015,Yes,Pending
CN008716,C0015656,PL018,Fiber Broadband,24,01-01-2014,22-12-2015,No,Active
CN008717,C0015657,PL022,Enterprise,12,01-01-2014,27-12-2014,Yes,Renewed
CN008718,C0015660,PL008,Postpaid Mobile,24,30-04-2021,20-04-2023,Yes,Pending
CN008719,C0015661,PL021,Enterprise,24,01-01-2014,22-12-2015,Yes,Active
CN008720,C0015663,PL016,Fiber Broadband,12,01-01-2014,27-12-2014,No,Auto-Renewed
CN008721,C0015664,PL008,Postpaid Mobile,24,21-02-2024,10-02-2026,No,Active
CN008722,C0015668,PL018,Fiber Broadband,18,12-02-2018,06-08-2019,No,Pending
CN008723,C0015669,PL017,Fiber Broadband,12,03-05-2024,28-04-2025,No,Not Renewed
CN008724,C0015670,PL011,Postpaid Mobile,12,01-01-2014,27-12-2014,No,Active
CN008725,C0015671,PL006,Prepaid Mobile,24,01-01-2014,22-12-2015,Yes,Pending
CN008726,C0015674,PL006,Prepaid Mobile,18,24-02-2023,17-08-2024,No,Renewed
CN008727,C0015676,PL015,Fiber Broadband,12,20-07-2024,15-07-2025,Yes,Renewed
CN008728,C0015678,PL018,Fiber Broadband,12,07-07-2015,01-07-2016,Yes,Pending
CN008729,C0015680,PL010,Postpaid Mobile,18,21-06-2022,13-12-2023,No,Auto-Renewed
CN008730,C0015681,PL008,Postpaid Mobile,12,21-12-2017,16-12-2018,Yes,Auto-Renewed
CN008731,C0015682,PL009,Postpaid Mobile,12,11-04-2022,06-04-2023,Yes,Auto-Renewed
CN008732,C0015684,PL018,Fiber Broadband,12,14-07-2017,09-07-2018,No,Not Renewed
CN008733,C0015685,PL005,Prepaid Mobile,24,09-01-2025,30-12-2026,No,Pending
CN008734,C0015687,PL018,Fiber Broadband,24,09-11-2021,30-10-2023,Yes,Pending
CN008735,C0015688,PL005,Prepaid Mobile,12,16-03-2017,11-03-2018,No,Active
CN008736,C0015690,PL007,Postpaid Mobile,36,05-03-2018,17-02-2021,No,Cancelled
CN008737,C0015692,PL017,Fiber Broadband,12,28-02-2022,23-02-2023,No,Renewed
CN008738,C0015694,PL025,Smart Home,12,15-05-2023,09-05-2024,No,Renewed
CN008739,C0015695,PL006,Prepaid Mobile,24,01-01-2015,21-12-2016,Yes,Renewed
CN008740,C0015696,PL023,IoT Solutions,12,20-02-2016,14-02-2017,Yes,Renewed
CN008741,C0015698,PL009,Postpaid Mobile,36,19-02-2015,03-02-2018,No,Active
CN008742,C0015699,PL015,Fiber Broadband,12,26-01-2020,20-01-2021,Yes,Active
CN008743,C0015700,PL021,Enterprise,24,01-01-2014,22-12-2015,No,Active
CN008744,C0015701,PL010,Postpaid Mobile,24,17-09-2024,07-09-2026,Yes,Cancelled
CN008745,C0015702,PL005,Prepaid Mobile,18,01-05-2021,23-10-2022,No,Renewed
CN008746,C0015703,PL022,Enterprise,36,05-10-2025,19-09-2028,No,Auto-Renewed
CN008747,C0015704,PL008,Postpaid Mobile,24,08-04-2015,28-03-2017,Yes,Renewed
CN008748,C0015709,PL015,Fiber Broadband,36,01-01-2014,16-12-2016,No,Renewed
CN008749,C0015716,PL007,Postpaid Mobile,12,07-01-2025,02-01-2026,Yes,Renewed
CN008750,C0015718,PL006,Prepaid Mobile,12,15-12-2016,10-12-2017,No,Renewed
CN008751,C0015719,PL011,Postpaid Mobile,24,01-01-2014,22-12-2015,No,Renewed
CN008752,C0015720,PL016,Fiber Broadband,12,01-01-2014,27-12-2014,No,Auto-Renewed
CN008753,C0015721,PL005,Prepaid Mobile,12,05-12-2016,30-11-2017,Yes,Active
CN008754,C0015724,PL022,Enterprise,12,10-02-2023,05-02-2024,No,Renewed
CN008755,C0015726,PL006,Prepaid Mobile,18,21-12-2022,13-06-2024,No,Renewed
CN008756,C0015727,PL006,Prepaid Mobile,12,16-01-2018,11-01-2019,No,Not Renewed
CN008757,C0015728,PL005,Prepaid Mobile,24,25-02-2015,14-02-2017,No,Auto-Renewed
CN008758,C0015729,PL006,Prepaid Mobile,12,20-07-2017,15-07-2018,No,Renewed
CN008759,C0015730,PL018,Fiber Broadband,18,15-02-2025,09-08-2026,No,Active
CN008760,C0015733,PL016,Fiber Broadband,24,12-05-2015,01-05-2017,No,Auto-Renewed
CN008761,C0015735,PL009,Postpaid Mobile,36,01-12-2017,15-11-2020,Yes,Active
CN008762,C0015736,PL005,Prepaid Mobile,12,25-11-2014,20-11-2015,Yes,Renewed
CN008763,C0015737,PL007,Postpaid Mobile,24,10-08-2025,31-07-2027,Yes,Renewed
CN008764,C0015738,PL021,Enterprise,12,01-01-2014,27-12-2014,Yes,Active
CN008765,C0015739,PL007,Postpaid Mobile,18,02-11-2017,26-04-2019,No,Pending
CN008766,C0015740,PL009,Postpaid Mobile,12,31-10-2025,26-10-2026,Yes,Pending
CN008767,C0015742,PL007,Postpaid Mobile,24,20-08-2019,09-08-2021,Yes,Auto-Renewed
CN008768,C0015743,PL005,Prepaid Mobile,12,19-09-2017,14-09-2018,Yes,Renewed
CN008769,C0015744,PL022,Enterprise,12,03-03-2016,26-02-2017,No,Pending
CN008770,C0015745,PL022,Enterprise,18,01-01-2014,25-06-2015,No,Renewed
CN008771,C0015747,PL011,Postpaid Mobile,18,31-05-2022,22-11-2023,Yes,Auto-Renewed
CN008772,C0015748,PL009,Postpaid Mobile,12,24-09-2025,19-09-2026,Yes,Cancelled
CN008773,C0015750,PL024,IoT Solutions,12,23-08-2025,18-08-2026,Yes,Pending
CN008774,C0015751,PL011,Postpaid Mobile,24,24-08-2015,13-08-2017,Yes,Active
CN008775,C0015752,PL017,Fiber Broadband,12,16-12-2020,11-12-2021,No,Active
CN008776,C0015754,PL008,Postpaid Mobile,18,10-05-2023,31-10-2024,Yes,Renewed
CN008777,C0015757,PL009,Postpaid Mobile,24,17-11-2016,07-11-2018,No,Renewed
CN008778,C0015758,PL005,Prepaid Mobile,18,10-02-2016,03-08-2017,Yes,Auto-Renewed
CN008779,C0015760,PL018,Fiber Broadband,24,01-01-2014,22-12-2015,No,Renewed
CN008780,C0015763,PL005,Prepaid Mobile,12,15-06-2022,10-06-2023,No,Renewed
CN008781,C0015767,PL010,Postpaid Mobile,12,02-12-2017,27-11-2018,Yes,Renewed
CN008782,C0015768,PL010,Postpaid Mobile,18,17-01-2026,11-07-2027,Yes,Active
CN008783,C0015769,PL009,Postpaid Mobile,12,03-06-2021,29-05-2022,No,Pending
CN008784,C0015770,PL009,Postpaid Mobile,12,26-02-2015,21-02-2016,No,Active
CN008785,C0015771,PL009,Postpaid Mobile,18,27-04-2017,19-10-2018,Yes,Renewed
CN008786,C0015772,PL009,Postpaid Mobile,24,19-08-2019,08-08-2021,No,Active
CN008787,C0015776,PL021,Enterprise,18,01-01-2014,25-06-2015,No,Auto-Renewed
CN008788,C0015777,PL021,Enterprise,12,09-11-2018,04-11-2019,No,Renewed
CN008789,C0015778,PL015,Fiber Broadband,36,01-01-2014,16-12-2016,No,Not Renewed
CN008790,C0015779,PL017,Fiber Broadband,12,17-02-2014,12-02-2015,No,Renewed
CN008791,C0015780,PL018,Fiber Broadband,24,01-01-2014,22-12-2015,No,Active
CN008792,C0015782,PL011,Postpaid Mobile,36,17-07-2024,02-07-2027,No,Renewed
CN008793,C0015783,PL011,Postpaid Mobile,12,22-12-2021,17-12-2022,No,Pending
CN008794,C0015784,PL006,Prepaid Mobile,12,01-01-2014,27-12-2014,No,Auto-Renewed
CN008795,C0015787,PL009,Postpaid Mobile,24,23-07-2025,13-07-2027,Yes,Cancelled
CN008796,C0015789,PL008,Postpaid Mobile,12,29-09-2020,24-09-2021,No,Renewed
CN008797,C0015790,PL008,Postpaid Mobile,12,05-02-2016,30-01-2017,Yes,Renewed
CN008798,C0015791,PL005,Prepaid Mobile,36,25-08-2014,09-08-2017,No,Active
CN008799,C0015792,PL022,Enterprise,12,01-01-2014,27-12-2014,Yes,Renewed
CN008800,C0015793,PL021,Enterprise,12,22-04-2016,17-04-2017,No,Auto-Renewed
CN008801,C0015794,PL006,Prepaid Mobile,12,17-09-2015,11-09-2016,Yes,Renewed
CN008802,C0015795,PL007,Postpaid Mobile,18,30-12-2018,22-06-2020,Yes,Renewed
CN008803,C0015798,PL006,Prepaid Mobile,18,02-02-2020,26-07-2021,Yes,Renewed
CN008804,C0015800,PL022,Enterprise,12,01-01-2014,27-12-2014,Yes,Active
CN008805,C0015801,PL011,Postpaid Mobile,12,01-01-2014,27-12-2014,Yes,Auto-Renewed
CN008806,C0015803,PL011,Postpaid Mobile,12,18-02-2021,13-02-2022,No,Renewed
CN008807,C0015805,PL018,Fiber Broadband,18,01-01-2014,25-06-2015,No,Active
CN008808,C0015806,PL018,Fiber Broadband,24,19-05-2017,09-05-2019,Yes,Renewed
CN008809,C0015807,PL011,Postpaid Mobile,12,10-10-2014,05-10-2015,Yes,Auto-Renewed
CN008810,C0015810,PL009,Postpaid Mobile,36,26-02-2017,11-02-2020,Yes,Not Renewed
CN008811,C0015812,PL011,Postpaid Mobile,12,07-02-2019,02-02-2020,No,Renewed
CN008812,C0015814,PL007,Postpaid Mobile,24,03-07-2019,22-06-2021,No,Auto-Renewed
CN008813,C0015815,PL005,Prepaid Mobile,12,26-06-2015,20-06-2016,Yes,Active
CN008814,C0015816,PL005,Prepaid Mobile,12,29-08-2020,24-08-2021,Yes,Renewed
CN008815,C0015817,PL017,Fiber Broadband,36,01-01-2014,16-12-2016,Yes,Auto-Renewed
CN008816,C0015824,PL022,Enterprise,24,08-12-2023,27-11-2025,No,Auto-Renewed
CN008817,C0015825,PL021,Enterprise,24,29-04-2025,19-04-2027,No,Renewed
CN008818,C0015826,PL009,Postpaid Mobile,18,20-10-2015,12-04-2017,No,Auto-Renewed
CN008819,C0015827,PL025,Smart Home,12,06-06-2025,01-06-2026,No,Not Renewed
CN008820,C0015830,PL006,Prepaid Mobile,12,01-01-2014,27-12-2014,No,Pending
CN008821,C0015831,PL011,Postpaid Mobile,12,01-01-2014,27-12-2014,No,Active
CN008822,C0015835,PL011,Postpaid Mobile,24,01-01-2014,22-12-2015,Yes,Not Renewed
CN008823,C0015836,PL021,Enterprise,18,01-01-2014,25-06-2015,Yes,Auto-Renewed
CN008824,C0015837,PL006,Prepaid Mobile,12,13-02-2025,08-02-2026,Yes,Active
CN008825,C0015838,PL025,Smart Home,24,25-10-2018,14-10-2020,Yes,Not Renewed
CN008826,C0015840,PL009,Postpaid Mobile,36,30-03-2025,14-03-2028,No,Active
CN008827,C0015842,PL007,Postpaid Mobile,36,07-08-2023,22-07-2026,Yes,Active
CN008828,C0015845,PL009,Postpaid Mobile,12,06-10-2021,01-10-2022,No,Renewed
CN008829,C0015846,PL015,Fiber Broadband,24,27-01-2016,16-01-2018,No,Renewed
CN008830,C0015850,PL005,Prepaid Mobile,12,06-09-2022,01-09-2023,Yes,Renewed
CN008831,C0015851,PL011,Postpaid Mobile,24,04-04-2023,24-03-2025,Yes,Active
CN008832,C0015852,PL007,Postpaid Mobile,24,21-03-2015,10-03-2017,Yes,Not Renewed
CN008833,C0015853,PL015,Fiber Broadband,24,01-01-2014,22-12-2015,No,Active
CN008834,C0015856,PL007,Postpaid Mobile,24,29-12-2024,19-12-2026,No,Active
CN008835,C0015858,PL010,Postpaid Mobile,18,08-02-2024,01-08-2025,No,Renewed
CN008836,C0015861,PL011,Postpaid Mobile,12,01-01-2014,27-12-2014,No,Renewed
CN008837,C0015863,PL010,Postpaid Mobile,12,15-01-2024,09-01-2025,Yes,Cancelled
CN008838,C0015864,PL007,Postpaid Mobile,36,14-06-2023,29-05-2026,Yes,Not Renewed
CN008839,C0015865,PL009,Postpaid Mobile,36,03-06-2021,18-05-2024,No,Renewed
CN008840,C0015866,PL006,Prepaid Mobile,18,06-01-2018,30-06-2019,No,Pending
CN008841,C0015867,PL006,Prepaid Mobile,12,01-06-2015,26-05-2016,Yes,Pending
CN008842,C0015868,PL006,Prepaid Mobile,24,21-01-2017,11-01-2019,No,Active
CN008843,C0015870,PL016,Fiber Broadband,12,01-09-2018,27-08-2019,No,Auto-Renewed
CN008844,C0015871,PL007,Postpaid Mobile,24,03-09-2015,23-08-2017,Yes,Not Renewed
CN008845,C0015873,PL006,Prepaid Mobile,12,05-12-2019,29-11-2020,No,Renewed
CN008846,C0015875,PL005,Prepaid Mobile,12,01-01-2014,27-12-2014,No,Active
CN008847,C0015877,PL008,Postpaid Mobile,12,30-03-2018,25-03-2019,No,Renewed
CN008848,C0015878,PL021,Enterprise,12,07-07-2022,02-07-2023,No,Renewed
CN008849,C0015879,PL008,Postpaid Mobile,12,04-06-2020,30-05-2021,Yes,Renewed
CN008850,C0015883,PL015,Fiber Broadband,18,01-01-2014,25-06-2015,Yes,Renewed
CN008851,C0015884,PL005,Prepaid Mobile,12,26-08-2017,21-08-2018,Yes,Auto-Renewed
CN008852,C0015885,PL005,Prepaid Mobile,12,01-01-2014,27-12-2014,Yes,Auto-Renewed
CN008853,C0015886,PL006,Prepaid Mobile,12,01-01-2014,27-12-2014,No,Pending
CN008854,C0015887,PL010,Postpaid Mobile,12,17-12-2024,12-12-2025,No,Auto-Renewed
CN008855,C0015890,PL011,Postpaid Mobile,12,01-01-2014,27-12-2014,No,Pending
CN008856,C0015891,PL023,IoT Solutions,12,01-01-2025,27-12-2025,No,Cancelled
CN008857,C0015893,PL007,Postpaid Mobile,12,12-08-2022,07-08-2023,Yes,Renewed
CN008858,C0015895,PL011,Postpaid Mobile,12,04-03-2022,27-02-2023,No,Renewed
CN008859,C0015897,PL016,Fiber Broadband,12,01-01-2014,27-12-2014,Yes,Auto-Renewed
CN008860,C0015903,PL011,Postpaid Mobile,24,01-01-2014,22-12-2015,Yes,Renewed
CN008861,C0015905,PL017,Fiber Broadband,24,06-10-2019,25-09-2021,No,Active
CN008862,C0015907,PL008,Postpaid Mobile,36,24-07-2022,08-07-2025,No,Renewed
CN008863,C0015915,PL005,Prepaid Mobile,24,27-05-2014,16-05-2016,No,Active
CN008864,C0015918,PL005,Prepaid Mobile,24,01-01-2014,22-12-2015,No,Auto-Renewed
CN008865,C0015919,PL005,Prepaid Mobile,12,19-03-2018,14-03-2019,No,Cancelled
CN008866,C0015925,PL008,Postpaid Mobile,12,26-09-2014,21-09-2015,Yes,Active
CN008867,C0015926,PL018,Fiber Broadband,12,26-10-2017,21-10-2018,No,Active
CN008868,C0015927,PL025,Smart Home,12,15-10-2024,10-10-2025,Yes,Renewed
CN008869,C0015928,PL008,Postpaid Mobile,12,22-08-2025,17-08-2026,Yes,Active
CN008870,C0015930,PL024,IoT Solutions,12,11-10-2017,06-10-2018,No,Not Renewed
CN008871,C0015931,PL025,Smart Home,18,11-09-2018,04-03-2020,No,Renewed
CN008872,C0015932,PL017,Fiber Broadband,24,01-01-2014,22-12-2015,Yes,Renewed
CN008873,C0015933,PL021,Enterprise,24,01-01-2014,22-12-2015,Yes,Active
CN008874,C0015934,PL006,Prepaid Mobile,18,21-06-2021,13-12-2022,Yes,Renewed
CN008875,C0015936,PL010,Postpaid Mobile,12,07-08-2024,02-08-2025,No,Not Renewed
CN008876,C0015937,PL005,Prepaid Mobile,24,31-12-2017,21-12-2019,Yes,Active
CN008877,C0015938,PL006,Prepaid Mobile,12,01-01-2014,27-12-2014,Yes,Renewed
CN008878,C0015939,PL023,IoT Solutions,12,22-04-2018,17-04-2019,No,Renewed
CN008879,C0015940,PL005,Prepaid Mobile,36,01-01-2014,16-12-2016,Yes,Active
CN008880,C0015942,PL016,Fiber Broadband,12,28-04-2023,22-04-2024,No,Active
CN008881,C0015945,PL010,Postpaid Mobile,24,11-07-2015,30-06-2017,Yes,Active
CN008882,C0015948,PL022,Enterprise,24,17-05-2014,06-05-2016,No,Renewed
CN008883,C0015953,PL008,Postpaid Mobile,18,21-01-2022,15-07-2023,Yes,Active
CN008884,C0015956,PL005,Prepaid Mobile,24,13-02-2025,03-02-2027,No,Auto-Renewed
CN008885,C0015957,PL015,Fiber Broadband,12,13-12-2022,08-12-2023,Yes,Auto-Renewed
CN008886,C0015958,PL005,Prepaid Mobile,12,01-01-2014,27-12-2014,Yes,Auto-Renewed
CN008887,C0015959,PL010,Postpaid Mobile,24,03-09-2019,23-08-2021,No,Not Renewed
CN008888,C0015960,PL016,Fiber Broadband,24,16-07-2017,06-07-2019,No,Not Renewed
CN008889,C0015961,PL009,Postpaid Mobile,24,22-10-2020,12-10-2022,Yes,Pending
CN008890,C0015962,PL007,Postpaid Mobile,24,24-06-2022,13-06-2024,Yes,Pending
CN008891,C0015963,PL010,Postpaid Mobile,12,16-10-2024,11-10-2025,Yes,Renewed
CN008892,C0015964,PL006,Prepaid Mobile,12,26-10-2025,21-10-2026,No,Renewed
CN008893,C0015965,PL006,Prepaid Mobile,18,20-11-2022,13-05-2024,Yes,Auto-Renewed
CN008894,C0015967,PL007,Postpaid Mobile,24,21-12-2015,10-12-2017,Yes,Auto-Renewed
CN008895,C0015973,PL006,Prepaid Mobile,24,11-11-2021,01-11-2023,Yes,Renewed
CN008896,C0015974,PL021,Enterprise,12,01-01-2014,27-12-2014,No,Auto-Renewed
CN008897,C0015976,PL006,Prepaid Mobile,12,17-01-2017,12-01-2018,No,Renewed
CN008898,C0015977,PL006,Prepaid Mobile,12,22-12-2025,17-12-2026,No,Cancelled
CN008899,C0015978,PL006,Prepaid Mobile,24,19-04-2017,09-04-2019,No,Active
CN008900,C0015979,PL025,Smart Home,12,18-08-2025,13-08-2026,Yes,Cancelled
CN008901,C0015980,PL006,Prepaid Mobile,12,26-06-2025,21-06-2026,No,Auto-Renewed
CN008902,C0015981,PL025,Smart Home,12,18-04-2021,13-04-2022,No,Not Renewed
CN008903,C0015983,PL022,Enterprise,12,24-06-2023,18-06-2024,No,Auto-Renewed
CN008904,C0015989,PL015,Fiber Broadband,12,30-11-2024,25-11-2025,No,Cancelled
CN008905,C0015991,PL017,Fiber Broadband,12,01-01-2014,27-12-2014,No,Pending
CN008906,C0015993,PL006,Prepaid Mobile,12,13-03-2021,08-03-2022,No,Auto-Renewed
CN008907,C0015994,PL005,Prepaid Mobile,12,01-01-2014,27-12-2014,Yes,Renewed
CN008908,C0015995,PL008,Postpaid Mobile,12,18-06-2014,13-06-2015,Yes,Cancelled
CN008909,C0015996,PL017,Fiber Broadband,12,18-06-2023,12-06-2024,Yes,Cancelled
CN008910,C0015997,PL005,Prepaid Mobile,18,21-08-2019,11-02-2021,Yes,Active
CN008911,C0015999,PL010,Postpaid Mobile,12,26-12-2024,21-12-2025,Yes,Renewed
CN008912,C0016001,PL005,Prepaid Mobile,18,02-12-2018,25-05-2020,No,Auto-Renewed
CN008913,C0016002,PL006,Prepaid Mobile,12,30-03-2018,25-03-2019,No,Renewed
CN008914,C0016004,PL006,Prepaid Mobile,12,01-01-2014,27-12-2014,No,Renewed
CN008915,C0016006,PL010,Postpaid Mobile,12,31-03-2023,25-03-2024,Yes,Cancelled
CN008916,C0016007,PL023,IoT Solutions,24,15-10-2020,05-10-2022,No,Pending
CN008917,C0016008,PL006,Prepaid Mobile,18,07-01-2022,01-07-2023,Yes,Renewed
CN008918,C0016009,PL009,Postpaid Mobile,36,06-10-2015,20-09-2018,Yes,Auto-Renewed
CN008919,C0016014,PL024,IoT Solutions,12,13-03-2024,08-03-2025,Yes,Pending
CN008920,C0016016,PL025,Smart Home,18,28-10-2020,21-04-2022,Yes,Pending
CN008921,C0016017,PL008,Postpaid Mobile,12,30-08-2023,24-08-2024,No,Renewed
CN008922,C0016018,PL009,Postpaid Mobile,12,06-01-2016,31-12-2016,Yes,Renewed
CN008923,C0016019,PL005,Prepaid Mobile,24,02-08-2017,23-07-2019,No,Renewed
CN008924,C0016020,PL006,Prepaid Mobile,36,06-04-2015,21-03-2018,No,Pending
CN008925,C0016022,PL006,Prepaid Mobile,24,03-03-2021,21-02-2023,Yes,Auto-Renewed
CN008926,C0016024,PL023,IoT Solutions,12,02-05-2014,27-04-2015,No,Auto-Renewed
CN008927,C0016025,PL023,IoT Solutions,24,20-11-2022,09-11-2024,Yes,Auto-Renewed
CN008928,C0016027,PL017,Fiber Broadband,12,03-09-2024,29-08-2025,Yes,Auto-Renewed
CN008929,C0016028,PL006,Prepaid Mobile,12,01-01-2014,27-12-2014,Yes,Renewed
CN008930,C0016030,PL008,Postpaid Mobile,24,07-12-2020,27-11-2022,No,Active
CN008931,C0016031,PL018,Fiber Broadband,36,27-07-2017,11-07-2020,Yes,Active
CN008932,C0016032,PL007,Postpaid Mobile,24,23-11-2014,12-11-2016,Yes,Renewed
CN008933,C0016033,PL021,Enterprise,24,01-01-2014,22-12-2015,Yes,Renewed
CN008934,C0016036,PL021,Enterprise,24,01-01-2014,22-12-2015,Yes,Renewed
CN008935,C0016039,PL011,Postpaid Mobile,12,01-01-2014,27-12-2014,Yes,Active
CN008936,C0016040,PL005,Prepaid Mobile,12,16-08-2024,11-08-2025,No,Renewed
CN008937,C0016041,PL006,Prepaid Mobile,12,11-12-2021,06-12-2022,Yes,Active
CN008938,C0016042,PL006,Prepaid Mobile,24,01-01-2014,22-12-2015,No,Renewed
CN008939,C0016043,PL008,Postpaid Mobile,24,29-11-2024,19-11-2026,Yes,Renewed
CN008940,C0016044,PL005,Prepaid Mobile,12,01-01-2014,27-12-2014,No,Auto-Renewed
CN008941,C0016045,PL008,Postpaid Mobile,24,23-01-2017,13-01-2019,Yes,Active
CN008942,C0016046,PL009,Postpaid Mobile,12,02-02-2014,28-01-2015,Yes,Renewed
CN008943,C0016047,PL022,Enterprise,18,12-10-2014,04-04-2016,No,Renewed
CN008944,C0016050,PL006,Prepaid Mobile,12,10-06-2014,05-06-2015,Yes,Auto-Renewed
CN008945,C0016052,PL011,Postpaid Mobile,36,24-10-2015,08-10-2018,Yes,Renewed
CN008946,C0016053,PL021,Enterprise,12,03-08-2019,28-07-2020,Yes,Auto-Renewed
CN008947,C0016054,PL008,Postpaid Mobile,24,20-07-2016,10-07-2018,Yes,Auto-Renewed
CN008948,C0016056,PL006,Prepaid Mobile,24,20-04-2016,10-04-2018,No,Renewed
CN008949,C0016058,PL005,Prepaid Mobile,12,01-01-2014,27-12-2014,No,Auto-Renewed
CN008950,C0016059,PL009,Postpaid Mobile,12,12-04-2017,07-04-2018,No,Pending
CN008951,C0016060,PL005,Prepaid Mobile,12,14-01-2023,09-01-2024,Yes,Active
CN008952,C0016061,PL015,Fiber Broadband,12,01-01-2014,27-12-2014,No,Active
CN008953,C0016062,PL009,Postpaid Mobile,12,22-12-2022,17-12-2023,Yes,Not Renewed
CN008954,C0016064,PL018,Fiber Broadband,12,25-06-2018,20-06-2019,No,Active
CN008955,C0016065,PL018,Fiber Broadband,12,06-04-2017,01-04-2018,Yes,Renewed
CN008956,C0016067,PL007,Postpaid Mobile,24,04-05-2017,24-04-2019,No,Not Renewed
CN008957,C0016069,PL005,Prepaid Mobile,36,25-09-2023,09-09-2026,No,Pending
CN008958,C0016070,PL005,Prepaid Mobile,12,01-01-2014,27-12-2014,No,Auto-Renewed
CN008959,C0016071,PL005,Prepaid Mobile,12,01-01-2014,27-12-2014,No,Renewed
CN008960,C0016074,PL016,Fiber Broadband,18,09-03-2015,30-08-2016,Yes,Pending
CN008961,C0016075,PL005,Prepaid Mobile,12,19-10-2021,14-10-2022,No,Renewed
CN008962,C0016076,PL017,Fiber Broadband,24,20-03-2023,09-03-2025,No,Renewed
CN008963,C0016078,PL010,Postpaid Mobile,12,30-10-2014,25-10-2015,No,Active
CN008964,C0016079,PL011,Postpaid Mobile,24,18-06-2014,07-06-2016,No,Active
CN008965,C0016080,PL007,Postpaid Mobile,12,25-07-2014,20-07-2015,Yes,Renewed
CN008966,C0016081,PL005,Prepaid Mobile,12,21-03-2020,16-03-2021,Yes,Renewed
CN008967,C0016082,PL021,Enterprise,18,01-01-2014,25-06-2015,Yes,Renewed
CN008968,C0016085,PL017,Fiber Broadband,12,01-01-2014,27-12-2014,Yes,Renewed
CN008969,C0016088,PL015,Fiber Broadband,12,25-01-2023,20-01-2024,Yes,Active
CN008970,C0016089,PL006,Prepaid Mobile,24,01-01-2014,22-12-2015,No,Pending
CN008971,C0016091,PL005,Prepaid Mobile,18,26-12-2018,18-06-2020,No,Pending
CN008972,C0016092,PL010,Postpaid Mobile,24,01-01-2024,21-12-2025,Yes,Renewed
CN008973,C0016094,PL009,Postpaid Mobile,12,22-03-2023,16-03-2024,Yes,Renewed
CN008974,C0016095,PL008,Postpaid Mobile,24,26-03-2018,15-03-2020,Yes,Renewed
CN008975,C0016096,PL011,Postpaid Mobile,18,29-11-2016,23-05-2018,No,Pending
CN008976,C0016100,PL006,Prepaid Mobile,12,01-01-2014,27-12-2014,Yes,Auto-Renewed
CN008977,C0016101,PL008,Postpaid Mobile,18,30-01-2021,24-07-2022,No,Cancelled
CN008978,C0016104,PL011,Postpaid Mobile,12,23-12-2014,18-12-2015,No,Pending
CN008979,C0016108,PL017,Fiber Broadband,12,07-06-2019,01-06-2020,No,Renewed
CN008980,C0016113,PL008,Postpaid Mobile,24,25-02-2019,14-02-2021,No,Auto-Renewed
CN008981,C0016115,PL007,Postpaid Mobile,12,09-07-2018,04-07-2019,Yes,Cancelled
CN008982,C0016116,PL008,Postpaid Mobile,18,17-02-2014,11-08-2015,No,Renewed
CN008983,C0016120,PL023,IoT Solutions,36,21-07-2016,06-07-2019,No,Renewed
CN008984,C0016121,PL007,Postpaid Mobile,24,15-01-2017,05-01-2019,No,Active
CN008985,C0016122,PL022,Enterprise,18,14-04-2021,06-10-2022,Yes,Auto-Renewed
CN008986,C0016123,PL017,Fiber Broadband,12,14-07-2016,09-07-2017,Yes,Active
CN008987,C0016125,PL024,IoT Solutions,12,10-12-2023,04-12-2024,Yes,Renewed
CN008988,C0016127,PL009,Postpaid Mobile,12,05-11-2020,31-10-2021,No,Auto-Renewed
CN008989,C0016129,PL010,Postpaid Mobile,24,13-01-2025,03-01-2027,No,Auto-Renewed
CN008990,C0016131,PL025,Smart Home,36,02-12-2017,16-11-2020,Yes,Pending
CN008991,C0016133,PL008,Postpaid Mobile,24,23-05-2015,12-05-2017,Yes,Cancelled
CN008992,C0016134,PL007,Postpaid Mobile,36,19-06-2015,03-06-2018,No,Pending
CN008993,C0016135,PL024,IoT Solutions,12,02-08-2023,27-07-2024,No,Auto-Renewed
CN008994,C0016136,PL021,Enterprise,24,01-01-2014,22-12-2015,No,Renewed
CN008995,C0016138,PL022,Enterprise,12,22-07-2015,16-07-2016,No,Pending
CN008996,C0016139,PL010,Postpaid Mobile,12,08-04-2017,03-04-2018,No,Renewed
CN008997,C0016140,PL025,Smart Home,24,21-05-2024,11-05-2026,No,Not Renewed
CN008998,C0016141,PL011,Postpaid Mobile,24,01-01-2014,22-12-2015,Yes,Renewed
CN008999,C0016143,PL022,Enterprise,18,01-01-2014,25-06-2015,Yes,Active
CN009000,C0016146,PL024,IoT Solutions,18,25-01-2017,19-07-2018,Yes,Not Renewed
CN009001,C0016147,PL005,Prepaid Mobile,12,21-09-2021,16-09-2022,Yes,Active
CN009002,C0016148,PL011,Postpaid Mobile,24,03-02-2020,23-01-2022,Yes,Auto-Renewed
CN009003,C0016154,PL015,Fiber Broadband,12,07-02-2014,02-02-2015,No,Not Renewed
CN009004,C0016155,PL009,Postpaid Mobile,36,27-11-2020,12-11-2023,Yes,Auto-Renewed
CN009005,C0016156,PL024,IoT Solutions,18,15-12-2020,08-06-2022,No,Not Renewed
CN009006,C0016157,PL007,Postpaid Mobile,36,08-07-2024,23-06-2027,Yes,Cancelled
CN009007,C0016159,PL006,Prepaid Mobile,18,21-02-2020,14-08-2021,No,Pending
CN009008,C0016161,PL024,IoT Solutions,12,26-06-2020,21-06-2021,No,Renewed
CN009009,C0016162,PL017,Fiber Broadband,24,01-01-2014,22-12-2015,Yes,Active
CN009010,C0016164,PL010,Postpaid Mobile,12,25-01-2018,20-01-2019,No,Not Renewed
CN009011,C0016165,PL016,Fiber Broadband,24,01-01-2014,22-12-2015,Yes,Active
CN009012,C0016167,PL017,Fiber Broadband,18,01-01-2014,25-06-2015,No,Cancelled
CN009013,C0016168,PL011,Postpaid Mobile,12,01-01-2014,27-12-2014,Yes,Auto-Renewed
CN009014,C0016169,PL023,IoT Solutions,12,05-04-2021,31-03-2022,Yes,Auto-Renewed
CN009015,C0016170,PL018,Fiber Broadband,12,14-04-2021,09-04-2022,Yes,Renewed
CN009016,C0016172,PL006,Prepaid Mobile,12,01-01-2014,27-12-2014,No,Renewed
CN009017,C0016173,PL008,Postpaid Mobile,12,20-07-2023,14-07-2024,Yes,Renewed
CN009018,C0016174,PL005,Prepaid Mobile,12,27-12-2021,22-12-2022,No,Active
CN009019,C0016176,PL007,Postpaid Mobile,24,18-10-2022,07-10-2024,No,Auto-Renewed
CN009020,C0016177,PL006,Prepaid Mobile,12,26-02-2017,21-02-2018,Yes,Renewed
CN009021,C0016178,PL011,Postpaid Mobile,12,09-11-2018,04-11-2019,Yes,Renewed
CN009022,C0016179,PL006,Prepaid Mobile,12,01-01-2014,27-12-2014,Yes,Auto-Renewed
CN009023,C0016180,PL011,Postpaid Mobile,12,25-01-2014,20-01-2015,No,Auto-Renewed
CN009024,C0016183,PL016,Fiber Broadband,24,09-07-2015,28-06-2017,No,Pending
CN009025,C0016184,PL025,Smart Home,36,27-01-2020,11-01-2023,No,Renewed
CN009026,C0016188,PL007,Postpaid Mobile,24,24-06-2019,13-06-2021,No,Auto-Renewed
CN009027,C0016189,PL011,Postpaid Mobile,18,01-01-2014,25-06-2015,No,Renewed
CN009028,C0016191,PL006,Prepaid Mobile,18,03-03-2018,25-08-2019,No,Active
CN009029,C0016198,PL008,Postpaid Mobile,18,14-12-2024,07-06-2026,No,Auto-Renewed
CN009030,C0016200,PL009,Postpaid Mobile,36,20-04-2014,04-04-2017,Yes,Renewed
CN009031,C0016204,PL009,Postpaid Mobile,18,07-02-2022,01-08-2023,Yes,Auto-Renewed
CN009032,C0016205,PL006,Prepaid Mobile,24,16-11-2015,05-11-2017,Yes,Renewed
CN009033,C0016206,PL005,Prepaid Mobile,18,01-01-2014,25-06-2015,No,Active
CN009034,C0016207,PL007,Postpaid Mobile,36,19-11-2016,04-11-2019,No,Active
CN009035,C0016209,PL024,IoT Solutions,12,25-12-2016,20-12-2017,No,Renewed
CN009036,C0016212,PL008,Postpaid Mobile,12,08-04-2022,03-04-2023,Yes,Renewed
CN009037,C0016216,PL005,Prepaid Mobile,12,08-03-2017,03-03-2018,No,Renewed
CN009038,C0016221,PL008,Postpaid Mobile,12,02-05-2024,27-04-2025,No,Renewed
CN009039,C0016222,PL007,Postpaid Mobile,36,09-11-2018,24-10-2021,No,Active
CN009040,C0016224,PL005,Prepaid Mobile,18,09-05-2014,31-10-2015,No,Renewed
CN009041,C0016226,PL005,Prepaid Mobile,36,01-01-2014,16-12-2016,No,Auto-Renewed
CN009042,C0016231,PL011,Postpaid Mobile,12,01-01-2014,27-12-2014,Yes,Auto-Renewed
CN009043,C0016232,PL006,Prepaid Mobile,18,21-12-2022,13-06-2024,No,Renewed
CN009044,C0016233,PL005,Prepaid Mobile,24,01-01-2014,22-12-2015,Yes,Renewed
CN009045,C0016234,PL017,Fiber Broadband,18,01-01-2014,25-06-2015,No,Active
CN009046,C0016236,PL010,Postpaid Mobile,24,28-07-2016,18-07-2018,Yes,Pending
CN009047,C0016237,PL017,Fiber Broadband,12,21-04-2022,16-04-2023,No,Renewed
CN009048,C0016238,PL017,Fiber Broadband,24,25-07-2015,14-07-2017,Yes,Renewed
CN009049,C0016240,PL007,Postpaid Mobile,12,30-09-2019,24-09-2020,Yes,Pending
CN009050,C0016242,PL005,Prepaid Mobile,18,11-01-2025,05-07-2026,No,Auto-Renewed
CN009051,C0016244,PL005,Prepaid Mobile,18,21-05-2020,12-11-2021,Yes,Not Renewed
CN009052,C0016247,PL016,Fiber Broadband,36,14-01-2021,30-12-2023,No,Auto-Renewed
CN009053,C0016248,PL025,Smart Home,18,20-12-2023,12-06-2025,Yes,Renewed
CN009054,C0016250,PL023,IoT Solutions,12,31-07-2019,25-07-2020,No,Active
CN009055,C0016251,PL009,Postpaid Mobile,12,01-09-2016,27-08-2017,Yes,Pending
CN009056,C0016253,PL015,Fiber Broadband,24,01-01-2014,22-12-2015,No,Not Renewed
CN009057,C0016255,PL006,Prepaid Mobile,12,04-09-2019,29-08-2020,Yes,Pending
CN009058,C0016256,PL010,Postpaid Mobile,24,10-10-2016,30-09-2018,No,Renewed
CN009059,C0016257,PL011,Postpaid Mobile,24,01-01-2014,22-12-2015,No,Renewed
CN009060,C0016258,PL017,Fiber Broadband,24,23-02-2015,12-02-2017,No,Auto-Renewed
CN009061,C0016259,PL017,Fiber Broadband,12,03-11-2025,29-10-2026,Yes,Cancelled
CN009062,C0016261,PL022,Enterprise,24,30-04-2016,20-04-2018,No,Active
CN009063,C0016262,PL006,Prepaid Mobile,12,22-09-2024,17-09-2025,Yes,Pending
CN009064,C0016263,PL010,Postpaid Mobile,18,31-03-2022,22-09-2023,No,Renewed
CN009065,C0016264,PL009,Postpaid Mobile,24,23-01-2017,13-01-2019,No,Renewed
CN009066,C0016265,PL025,Smart Home,12,24-03-2025,19-03-2026,Yes,Auto-Renewed
CN009067,C0016268,PL005,Prepaid Mobile,12,01-01-2014,27-12-2014,Yes,Renewed
CN009068,C0016269,PL010,Postpaid Mobile,18,25-12-2014,17-06-2016,No,Renewed
CN009069,C0016270,PL017,Fiber Broadband,12,17-02-2021,12-02-2022,No,Auto-Renewed
CN009070,C0016271,PL009,Postpaid Mobile,36,15-05-2020,30-04-2023,Yes,Cancelled
CN009071,C0016272,PL018,Fiber Broadband,12,11-03-2017,06-03-2018,No,Active
CN009072,C0016273,PL009,Postpaid Mobile,24,11-10-2023,30-09-2025,Yes,Auto-Renewed
CN009073,C0016276,PL018,Fiber Broadband,12,26-12-2024,21-12-2025,No,Renewed
CN009074,C0016278,PL022,Enterprise,24,01-01-2014,22-12-2015,Yes,Active
CN009075,C0016282,PL005,Prepaid Mobile,24,13-09-2014,02-09-2016,No,Renewed
CN009076,C0016283,PL006,Prepaid Mobile,12,01-01-2014,27-12-2014,Yes,Auto-Renewed
CN009077,C0016287,PL018,Fiber Broadband,18,13-01-2017,07-07-2018,No,Auto-Renewed
CN009078,C0016288,PL010,Postpaid Mobile,18,08-02-2016,01-08-2017,No,Cancelled
CN009079,C0016289,PL008,Postpaid Mobile,12,10-04-2018,05-04-2019,No,Renewed
CN009080,C0016291,PL015,Fiber Broadband,24,16-12-2021,06-12-2023,No,Auto-Renewed
CN009081,C0016292,PL023,IoT Solutions,12,31-01-2023,26-01-2024,No,Renewed
CN009082,C0016294,PL010,Postpaid Mobile,24,31-10-2018,20-10-2020,No,Active
CN009083,C0016295,PL023,IoT Solutions,24,07-07-2017,27-06-2019,Yes,Auto-Renewed
CN009084,C0016297,PL015,Fiber Broadband,12,01-01-2014,27-12-2014,No,Auto-Renewed
CN009085,C0016303,PL016,Fiber Broadband,12,01-01-2014,27-12-2014,No,Active
CN009086,C0016304,PL016,Fiber Broadband,24,01-01-2014,22-12-2015,Yes,Active
CN009087,C0016306,PL006,Prepaid Mobile,24,01-01-2014,22-12-2015,Yes,Renewed
CN009088,C0016307,PL011,Postpaid Mobile,36,01-01-2014,16-12-2016,No,Renewed
CN009089,C0016312,PL024,IoT Solutions,24,26-08-2023,15-08-2025,No,Not Renewed
CN009090,C0016313,PL025,Smart Home,18,30-03-2023,20-09-2024,No,Cancelled
CN009091,C0016314,PL009,Postpaid Mobile,36,03-01-2025,19-12-2027,No,Pending
CN009092,C0016320,PL011,Postpaid Mobile,24,01-01-2014,22-12-2015,Yes,Active
CN009093,C0016323,PL005,Prepaid Mobile,12,22-10-2023,16-10-2024,No,Active
CN009094,C0016324,PL007,Postpaid Mobile,36,03-07-2021,17-06-2024,No,Renewed
CN009095,C0016327,PL007,Postpaid Mobile,18,08-09-2016,02-03-2018,Yes,Active
CN009096,C0016329,PL006,Prepaid Mobile,24,01-01-2014,22-12-2015,Yes,Active
CN009097,C0016331,PL007,Postpaid Mobile,24,23-04-2015,12-04-2017,No,Cancelled
CN009098,C0016333,PL021,Enterprise,12,29-06-2022,24-06-2023,No,Renewed
CN009099,C0016335,PL015,Fiber Broadband,24,01-01-2014,22-12-2015,No,Pending
CN009100,C0016340,PL023,IoT Solutions,24,02-10-2020,22-09-2022,No,Active
CN009101,C0016341,PL007,Postpaid Mobile,24,09-03-2015,26-02-2017,Yes,Renewed
CN009102,C0016344,PL005,Prepaid Mobile,18,01-01-2014,25-06-2015,No,Auto-Renewed
CN009103,C0016345,PL009,Postpaid Mobile,18,05-01-2022,29-06-2023,No,Auto-Renewed
CN009104,C0016346,PL011,Postpaid Mobile,24,30-07-2020,20-07-2022,No,Auto-Renewed
CN009105,C0016347,PL018,Fiber Broadband,24,10-07-2022,29-06-2024,No,Renewed
CN009106,C0016348,PL021,Enterprise,24,25-09-2018,14-09-2020,No,Auto-Renewed
CN009107,C0016349,PL011,Postpaid Mobile,12,08-08-2024,03-08-2025,Yes,Renewed
CN009108,C0016350,PL008,Postpaid Mobile,12,11-07-2022,06-07-2023,No,Auto-Renewed
CN009109,C0016351,PL021,Enterprise,24,25-07-2025,15-07-2027,Yes,Not Renewed
CN009110,C0016353,PL015,Fiber Broadband,12,06-11-2015,31-10-2016,Yes,Renewed
CN009111,C0016354,PL018,Fiber Broadband,12,10-11-2016,05-11-2017,Yes,Auto-Renewed
CN009112,C0016355,PL023,IoT Solutions,12,07-12-2014,02-12-2015,Yes,Pending
CN009113,C0016356,PL005,Prepaid Mobile,24,22-03-2020,12-03-2022,No,Renewed
CN009114,C0016357,PL025,Smart Home,12,05-01-2025,31-12-2025,No,Pending
CN009115,C0016358,PL024,IoT Solutions,12,22-01-2015,17-01-2016,No,Active
CN009116,C0016360,PL015,Fiber Broadband,12,01-01-2014,27-12-2014,Yes,Renewed
CN009117,C0016361,PL007,Postpaid Mobile,24,03-04-2018,23-03-2020,No,Renewed
CN009118,C0016367,PL022,Enterprise,36,30-03-2025,14-03-2028,Yes,Active
CN009119,C0016368,PL006,Prepaid Mobile,24,13-07-2016,03-07-2018,No,Renewed
CN009120,C0016369,PL005,Prepaid Mobile,12,09-07-2017,04-07-2018,No,Renewed
CN009121,C0016371,PL005,Prepaid Mobile,12,28-07-2019,22-07-2020,Yes,Auto-Renewed
CN009122,C0016372,PL005,Prepaid Mobile,18,01-01-2014,25-06-2015,Yes,Active
CN009123,C0016373,PL024,IoT Solutions,24,05-09-2017,26-08-2019,No,Active
CN009124,C0016374,PL018,Fiber Broadband,24,01-01-2014,22-12-2015,Yes,Active
CN009125,C0016375,PL016,Fiber Broadband,12,01-01-2014,27-12-2014,No,Not Renewed
CN009126,C0016376,PL018,Fiber Broadband,12,16-10-2020,11-10-2021,Yes,Active
CN009127,C0016380,PL011,Postpaid Mobile,12,01-01-2014,27-12-2014,No,Renewed
CN009128,C0016382,PL023,IoT Solutions,12,11-04-2017,06-04-2018,Yes,Not Renewed
CN009129,C0016383,PL006,Prepaid Mobile,12,01-01-2014,27-12-2014,Yes,Active
CN009130,C0016384,PL006,Prepaid Mobile,36,17-01-2016,01-01-2019,No,Auto-Renewed
CN009131,C0016385,PL009,Postpaid Mobile,12,09-05-2025,04-05-2026,Yes,Auto-Renewed
CN009132,C0016386,PL010,Postpaid Mobile,18,12-10-2023,04-04-2025,Yes,Renewed
CN009133,C0016389,PL011,Postpaid Mobile,18,15-04-2018,07-10-2019,Yes,Renewed
CN009134,C0016390,PL009,Postpaid Mobile,18,09-11-2022,02-05-2024,Yes,Active
CN009135,C0016391,PL006,Prepaid Mobile,24,09-06-2015,29-05-2017,No,Renewed
CN009136,C0016392,PL010,Postpaid Mobile,12,14-03-2025,09-03-2026,Yes,Cancelled
CN009137,C0016395,PL005,Prepaid Mobile,24,12-02-2016,01-02-2018,No,Not Renewed
CN009138,C0016396,PL022,Enterprise,24,01-01-2014,22-12-2015,No,Pending
CN009139,C0016397,PL021,Enterprise,12,10-06-2018,05-06-2019,Yes,Pending
CN009140,C0016398,PL006,Prepaid Mobile,18,06-06-2014,28-11-2015,Yes,Auto-Renewed
CN009141,C0016400,PL018,Fiber Broadband,12,01-01-2014,27-12-2014,Yes,Auto-Renewed
CN009142,C0016401,PL015,Fiber Broadband,18,20-04-2022,12-10-2023,No,Not Renewed
CN009143,C0016402,PL011,Postpaid Mobile,36,13-05-2020,28-04-2023,Yes,Active
CN009144,C0016403,PL009,Postpaid Mobile,24,08-04-2020,29-03-2022,No,Renewed
CN009145,C0016405,PL010,Postpaid Mobile,12,07-07-2025,02-07-2026,Yes,Auto-Renewed
CN009146,C0016408,PL015,Fiber Broadband,18,01-01-2014,25-06-2015,Yes,Active
CN009147,C0016410,PL009,Postpaid Mobile,18,29-04-2025,21-10-2026,No,Not Renewed
CN009148,C0016411,PL009,Postpaid Mobile,12,20-12-2015,14-12-2016,No,Not Renewed
CN009149,C0016412,PL010,Postpaid Mobile,24,26-09-2019,15-09-2021,Yes,Active
CN009150,C0016413,PL005,Prepaid Mobile,12,25-11-2015,19-11-2016,Yes,Renewed
CN009151,C0016414,PL010,Postpaid Mobile,12,12-06-2019,06-06-2020,Yes,Not Renewed
CN009152,C0016415,PL006,Prepaid Mobile,12,19-12-2019,13-12-2020,No,Auto-Renewed
CN009153,C0016416,PL011,Postpaid Mobile,12,03-11-2020,29-10-2021,No,Active
CN009154,C0016417,PL007,Postpaid Mobile,18,23-07-2015,13-01-2017,Yes,Renewed
CN009155,C0016418,PL010,Postpaid Mobile,12,20-07-2024,15-07-2025,No,Renewed
CN009156,C0016419,PL024,IoT Solutions,24,28-07-2018,17-07-2020,Yes,Active
CN009157,C0016420,PL025,Smart Home,36,21-11-2018,05-11-2021,Yes,Renewed
CN009158,C0016421,PL006,Prepaid Mobile,12,20-06-2020,15-06-2021,No,Renewed
CN009159,C0016422,PL005,Prepaid Mobile,12,06-09-2021,01-09-2022,No,Auto-Renewed
CN009160,C0016423,PL007,Postpaid Mobile,24,07-05-2015,26-04-2017,Yes,Renewed
CN009161,C0016425,PL006,Prepaid Mobile,24,03-01-2015,23-12-2016,Yes,Auto-Renewed
CN009162,C0016426,PL006,Prepaid Mobile,12,01-01-2014,27-12-2014,No,Renewed
CN009163,C0016429,PL005,Prepaid Mobile,12,13-09-2021,08-09-2022,Yes,Renewed
CN009164,C0016431,PL025,Smart Home,18,25-05-2024,16-11-2025,No,Not Renewed
CN009165,C0016432,PL010,Postpaid Mobile,18,26-11-2025,20-05-2027,Yes,Renewed
CN009166,C0016433,PL018,Fiber Broadband,24,17-01-2016,06-01-2018,No,Renewed
CN009167,C0016435,PL016,Fiber Broadband,18,20-07-2025,11-01-2027,Yes,Auto-Renewed
CN009168,C0016436,PL008,Postpaid Mobile,24,22-09-2024,12-09-2026,Yes,Auto-Renewed
CN009169,C0016439,PL006,Prepaid Mobile,18,19-12-2023,11-06-2025,Yes,Pending
CN009170,C0016440,PL025,Smart Home,24,07-03-2019,24-02-2021,Yes,Auto-Renewed
CN009171,C0016443,PL021,Enterprise,12,09-08-2014,04-08-2015,No,Pending
CN009172,C0016445,PL005,Prepaid Mobile,18,09-10-2023,01-04-2025,Yes,Cancelled
CN009173,C0016446,PL005,Prepaid Mobile,12,01-01-2014,27-12-2014,Yes,Auto-Renewed
CN009174,C0016447,PL017,Fiber Broadband,18,01-01-2014,25-06-2015,Yes,Not Renewed
CN009175,C0016449,PL010,Postpaid Mobile,12,16-11-2025,11-11-2026,Yes,Not Renewed
CN009176,C0016450,PL025,Smart Home,12,23-02-2024,17-02-2025,Yes,Auto-Renewed
CN009177,C0016451,PL022,Enterprise,12,01-09-2023,26-08-2024,Yes,Renewed
CN009178,C0016452,PL005,Prepaid Mobile,24,16-05-2020,06-05-2022,No,Auto-Renewed
CN009179,C0016455,PL009,Postpaid Mobile,12,12-09-2024,07-09-2025,No,Pending
CN009180,C0016457,PL010,Postpaid Mobile,12,03-11-2023,28-10-2024,No,Not Renewed
CN009181,C0016458,PL022,Enterprise,12,01-01-2014,27-12-2014,Yes,Active
CN009182,C0016460,PL010,Postpaid Mobile,24,02-12-2014,21-11-2016,No,Active
CN009183,C0016461,PL010,Postpaid Mobile,24,20-11-2016,10-11-2018,No,Renewed
CN009184,C0016463,PL006,Prepaid Mobile,18,27-08-2019,17-02-2021,Yes,Renewed
CN009185,C0016464,PL009,Postpaid Mobile,12,26-02-2024,20-02-2025,Yes,Auto-Renewed
CN009186,C0016465,PL005,Prepaid Mobile,24,01-01-2014,22-12-2015,Yes,Active
CN009187,C0016466,PL008,Postpaid Mobile,12,17-02-2024,11-02-2025,No,Active
CN009188,C0016468,PL022,Enterprise,24,01-01-2014,22-12-2015,No,Auto-Renewed
CN009189,C0016470,PL017,Fiber Broadband,36,09-04-2022,24-03-2025,Yes,Cancelled
CN009190,C0016472,PL011,Postpaid Mobile,12,01-01-2014,27-12-2014,Yes,Renewed
CN009191,C0016474,PL022,Enterprise,36,25-04-2022,09-04-2025,No,Renewed
CN009192,C0016476,PL017,Fiber Broadband,12,11-07-2024,06-07-2025,Yes,Renewed
CN009193,C0016478,PL006,Prepaid Mobile,12,04-06-2021,30-05-2022,Yes,Auto-Renewed
CN009194,C0016481,PL005,Prepaid Mobile,12,18-10-2017,13-10-2018,No,Auto-Renewed
CN009195,C0016486,PL005,Prepaid Mobile,24,21-12-2019,10-12-2021,Yes,Active
CN009196,C0016488,PL010,Postpaid Mobile,18,27-06-2016,19-12-2017,No,Auto-Renewed
CN009197,C0016491,PL011,Postpaid Mobile,18,01-01-2014,25-06-2015,Yes,Active
CN009198,C0016492,PL010,Postpaid Mobile,12,02-01-2025,28-12-2025,No,Renewed
CN009199,C0016493,PL023,IoT Solutions,36,24-07-2021,08-07-2024,No,Auto-Renewed
CN009200,C0016494,PL009,Postpaid Mobile,12,24-06-2016,19-06-2017,No,Auto-Renewed
CN009201,C0016497,PL024,IoT Solutions,24,28-06-2024,18-06-2026,No,Renewed
CN009202,C0016498,PL015,Fiber Broadband,24,06-11-2014,26-10-2016,No,Auto-Renewed
CN009203,C0016499,PL015,Fiber Broadband,24,14-09-2018,03-09-2020,Yes,Not Renewed
CN009204,C0016502,PL006,Prepaid Mobile,24,01-01-2014,22-12-2015,No,Active
CN009205,C0016503,PL006,Prepaid Mobile,12,01-01-2014,27-12-2014,Yes,Pending
CN009206,C0016504,PL008,Postpaid Mobile,24,10-09-2017,31-08-2019,Yes,Auto-Renewed
CN009207,C0016505,PL010,Postpaid Mobile,36,09-11-2025,24-10-2028,Yes,Auto-Renewed
CN009208,C0016506,PL018,Fiber Broadband,12,01-01-2014,27-12-2014,No,Renewed
CN009209,C0016509,PL008,Postpaid Mobile,24,24-04-2021,14-04-2023,Yes,Auto-Renewed
CN009210,C0016511,PL007,Postpaid Mobile,12,25-02-2014,20-02-2015,Yes,Pending
CN009211,C0016512,PL007,Postpaid Mobile,12,30-10-2024,25-10-2025,Yes,Renewed
CN009212,C0016513,PL023,IoT Solutions,12,23-05-2021,18-05-2022,Yes,Renewed
CN009213,C0016514,PL018,Fiber Broadband,18,29-04-2019,20-10-2020,No,Active
CN009214,C0016518,PL007,Postpaid Mobile,12,01-03-2025,24-02-2026,No,Auto-Renewed
CN009215,C0016519,PL009,Postpaid Mobile,18,07-02-2015,31-07-2016,Yes,Pending
CN009216,C0016520,PL017,Fiber Broadband,18,01-01-2014,25-06-2015,Yes,Pending
CN009217,C0016523,PL018,Fiber Broadband,24,01-01-2014,22-12-2015,Yes,Active
CN009218,C0016524,PL005,Prepaid Mobile,24,30-11-2021,20-11-2023,No,Renewed
CN009219,C0016527,PL011,Postpaid Mobile,12,01-01-2014,27-12-2014,No,Renewed
CN009220,C0016528,PL006,Prepaid Mobile,24,14-01-2023,03-01-2025,Yes,Renewed
CN009221,C0016529,PL017,Fiber Broadband,36,01-07-2015,15-06-2018,Yes,Renewed
CN009222,C0016530,PL010,Postpaid Mobile,24,26-03-2020,16-03-2022,Yes,Not Renewed
CN009223,C0016532,PL011,Postpaid Mobile,12,01-01-2014,27-12-2014,No,Active
CN009224,C0016536,PL005,Prepaid Mobile,12,27-05-2015,21-05-2016,Yes,Pending
CN009225,C0016539,PL008,Postpaid Mobile,24,11-07-2019,30-06-2021,Yes,Renewed
CN009226,C0016540,PL007,Postpaid Mobile,24,02-04-2014,22-03-2016,No,Renewed
CN009227,C0016541,PL008,Postpaid Mobile,12,04-06-2025,30-05-2026,Yes,Renewed
CN009228,C0016544,PL005,Prepaid Mobile,24,19-11-2021,09-11-2023,No,Renewed
CN009229,C0016545,PL009,Postpaid Mobile,12,14-09-2018,09-09-2019,Yes,Auto-Renewed
CN009230,C0016546,PL010,Postpaid Mobile,24,01-08-2014,21-07-2016,Yes,Active
CN009231,C0016547,PL023,IoT Solutions,24,03-09-2014,23-08-2016,Yes,Pending
CN009232,C0016548,PL006,Prepaid Mobile,12,25-09-2022,20-09-2023,Yes,Active
CN009233,C0016549,PL023,IoT Solutions,24,18-08-2023,07-08-2025,Yes,Not Renewed
CN009234,C0016552,PL008,Postpaid Mobile,12,03-01-2015,29-12-2015,No,Renewed
CN009235,C0016555,PL008,Postpaid Mobile,18,27-08-2022,18-02-2024,No,Renewed
CN009236,C0016558,PL021,Enterprise,18,14-09-2021,08-03-2023,Yes,Active
CN009237,C0016559,PL023,IoT Solutions,12,29-03-2015,23-03-2016,Yes,Pending
CN009238,C0016560,PL010,Postpaid Mobile,12,25-09-2019,19-09-2020,Yes,Active
CN009239,C0016561,PL017,Fiber Broadband,36,13-08-2022,28-07-2025,Yes,Renewed
CN009240,C0016563,PL025,Smart Home,18,29-10-2014,21-04-2016,Yes,Active
CN009241,C0016564,PL017,Fiber Broadband,18,30-03-2021,21-09-2022,No,Active
CN009242,C0016566,PL015,Fiber Broadband,12,01-01-2014,27-12-2014,Yes,Renewed
CN009243,C0016567,PL008,Postpaid Mobile,12,22-01-2023,17-01-2024,No,Renewed
CN009244,C0016570,PL005,Prepaid Mobile,12,01-01-2014,27-12-2014,No,Active
CN009245,C0016571,PL023,IoT Solutions,24,15-03-2017,05-03-2019,No,Active
CN009246,C0016572,PL008,Postpaid Mobile,24,15-06-2020,05-06-2022,Yes,Renewed
CN009247,C0016573,PL010,Postpaid Mobile,12,09-09-2021,04-09-2022,Yes,Active
CN009248,C0016574,PL008,Postpaid Mobile,24,30-09-2018,19-09-2020,No,Renewed
CN009249,C0016576,PL009,Postpaid Mobile,18,07-01-2016,30-06-2017,Yes,Auto-Renewed
CN009250,C0016577,PL016,Fiber Broadband,18,11-01-2018,05-07-2019,Yes,Pending
CN009251,C0016578,PL015,Fiber Broadband,24,05-02-2015,25-01-2017,Yes,Renewed
CN009252,C0016580,PL007,Postpaid Mobile,12,16-10-2017,11-10-2018,Yes,Active
CN009253,C0016581,PL017,Fiber Broadband,24,01-01-2014,22-12-2015,Yes,Renewed
CN009254,C0016582,PL008,Postpaid Mobile,24,13-04-2021,03-04-2023,No,Active
CN009255,C0016583,PL018,Fiber Broadband,18,30-07-2019,20-01-2021,No,Renewed
CN009256,C0016584,PL005,Prepaid Mobile,24,01-01-2014,22-12-2015,No,Renewed
CN009257,C0016588,PL017,Fiber Broadband,12,01-01-2014,27-12-2014,Yes,Renewed
CN009258,C0016590,PL024,IoT Solutions,36,07-01-2017,23-12-2019,No,Active
CN009259,C0016591,PL015,Fiber Broadband,12,28-10-2020,23-10-2021,No,Auto-Renewed
CN009260,C0016593,PL015,Fiber Broadband,12,01-01-2014,27-12-2014,Yes,Auto-Renewed
CN009261,C0016598,PL022,Enterprise,36,01-01-2014,16-12-2016,Yes,Renewed
CN009262,C0016599,PL010,Postpaid Mobile,24,12-07-2016,02-07-2018,Yes,Pending
CN009263,C0016600,PL010,Postpaid Mobile,24,01-12-2016,21-11-2018,No,Renewed
CN009264,C0016601,PL025,Smart Home,36,05-10-2024,20-09-2027,No,Auto-Renewed
CN009265,C0016605,PL009,Postpaid Mobile,12,10-10-2021,05-10-2022,Yes,Renewed
CN009266,C0016606,PL018,Fiber Broadband,12,01-01-2014,27-12-2014,Yes,Renewed
CN009267,C0016607,PL018,Fiber Broadband,12,25-06-2018,20-06-2019,No,Pending
CN009268,C0016608,PL010,Postpaid Mobile,36,15-06-2014,30-05-2017,No,Auto-Renewed
CN009269,C0016609,PL008,Postpaid Mobile,24,26-07-2022,15-07-2024,Yes,Active
CN009270,C0016612,PL006,Prepaid Mobile,12,27-09-2019,21-09-2020,No,Renewed
CN009271,C0016613,PL015,Fiber Broadband,12,12-01-2024,06-01-2025,No,Active
CN009272,C0016614,PL022,Enterprise,24,01-01-2014,22-12-2015,No,Renewed
CN009273,C0016615,PL023,IoT Solutions,24,15-03-2014,04-03-2016,Yes,Pending
CN009274,C0016618,PL006,Prepaid Mobile,12,15-08-2025,10-08-2026,Yes,Active
CN009275,C0016619,PL015,Fiber Broadband,18,10-06-2015,01-12-2016,No,Renewed
CN009276,C0016620,PL006,Prepaid Mobile,12,01-01-2014,27-12-2014,Yes,Pending
CN009277,C0016622,PL016,Fiber Broadband,12,01-01-2014,27-12-2014,No,Not Renewed
CN009278,C0016623,PL021,Enterprise,12,23-12-2020,18-12-2021,No,Auto-Renewed
CN009279,C0016624,PL009,Postpaid Mobile,24,27-10-2021,17-10-2023,Yes,Pending
CN009280,C0016625,PL015,Fiber Broadband,18,15-01-2025,09-07-2026,No,Active
CN009281,C0016626,PL011,Postpaid Mobile,36,10-07-2022,24-06-2025,Yes,Active
CN009282,C0016628,PL005,Prepaid Mobile,12,26-10-2025,21-10-2026,Yes,Pending
CN009283,C0016630,PL005,Prepaid Mobile,12,01-01-2014,27-12-2014,No,Active
CN009284,C0016633,PL018,Fiber Broadband,12,01-04-2024,27-03-2025,No,Not Renewed
CN009285,C0016634,PL015,Fiber Broadband,12,10-06-2025,05-06-2026,No,Auto-Renewed
CN009286,C0016635,PL024,IoT Solutions,12,27-03-2022,22-03-2023,No,Renewed
CN009287,C0016637,PL021,Enterprise,12,01-01-2014,27-12-2014,No,Auto-Renewed
CN009288,C0016638,PL018,Fiber Broadband,18,01-01-2014,25-06-2015,Yes,Active
CN009289,C0016640,PL008,Postpaid Mobile,12,08-02-2022,03-02-2023,Yes,Pending
CN009290,C0016643,PL023,IoT Solutions,18,13-11-2015,06-05-2017,Yes,Not Renewed
CN009291,C0016644,PL015,Fiber Broadband,12,01-01-2014,27-12-2014,Yes,Renewed
CN009292,C0016645,PL005,Prepaid Mobile,18,01-01-2014,25-06-2015,Yes,Renewed
CN009293,C0016647,PL023,IoT Solutions,18,05-06-2015,26-11-2016,No,Auto-Renewed
CN009294,C0016649,PL024,IoT Solutions,12,04-10-2022,29-09-2023,Yes,Auto-Renewed
CN009295,C0016650,PL009,Postpaid Mobile,12,22-07-2018,17-07-2019,No,Active
CN009296,C0016652,PL018,Fiber Broadband,24,01-01-2014,22-12-2015,Yes,Renewed
CN009297,C0016655,PL025,Smart Home,12,17-03-2017,12-03-2018,Yes,Renewed
CN009298,C0016656,PL008,Postpaid Mobile,12,22-02-2025,17-02-2026,No,Not Renewed
CN009299,C0016657,PL010,Postpaid Mobile,18,28-06-2014,20-12-2015,Yes,Renewed
CN009300,C0016658,PL011,Postpaid Mobile,12,01-01-2014,27-12-2014,No,Renewed
CN009301,C0016659,PL007,Postpaid Mobile,12,22-10-2015,16-10-2016,No,Renewed
CN009302,C0016661,PL018,Fiber Broadband,18,01-01-2014,25-06-2015,Yes,Renewed
CN009303,C0016664,PL018,Fiber Broadband,12,18-12-2024,13-12-2025,No,Renewed
CN009304,C0016665,PL024,IoT Solutions,24,12-12-2020,02-12-2022,No,Renewed
CN009305,C0016666,PL005,Prepaid Mobile,12,11-10-2023,05-10-2024,Yes,Auto-Renewed
CN009306,C0016667,PL007,Postpaid Mobile,18,10-11-2017,04-05-2019,No,Auto-Renewed
CN009307,C0016670,PL006,Prepaid Mobile,12,22-09-2014,17-09-2015,Yes,Renewed
CN009308,C0016671,PL007,Postpaid Mobile,24,23-12-2024,13-12-2026,Yes,Not Renewed
CN009309,C0016673,PL009,Postpaid Mobile,12,16-11-2021,11-11-2022,Yes,Pending
CN009310,C0016674,PL005,Prepaid Mobile,24,21-09-2016,11-09-2018,Yes,Renewed
CN009311,C0016677,PL005,Prepaid Mobile,18,01-09-2021,23-02-2023,Yes,Renewed
CN009312,C0016680,PL016,Fiber Broadband,12,01-01-2014,27-12-2014,Yes,Active
CN009313,C0016681,PL016,Fiber Broadband,24,29-06-2015,18-06-2017,No,Renewed
CN009314,C0016683,PL005,Prepaid Mobile,12,16-08-2025,11-08-2026,Yes,Not Renewed
CN009315,C0016685,PL009,Postpaid Mobile,12,31-03-2014,26-03-2015,No,Pending
CN009316,C0016686,PL025,Smart Home,18,08-02-2023,01-08-2024,No,Renewed
CN009317,C0016687,PL005,Prepaid Mobile,12,19-12-2014,14-12-2015,No,Auto-Renewed
CN009318,C0016688,PL011,Postpaid Mobile,36,30-07-2015,14-07-2018,Yes,Renewed
CN009319,C0016696,PL006,Prepaid Mobile,12,18-06-2017,13-06-2018,No,Auto-Renewed
CN009320,C0016697,PL009,Postpaid Mobile,24,23-05-2020,13-05-2022,Yes,Renewed
CN009321,C0016698,PL006,Prepaid Mobile,24,06-01-2014,27-12-2015,No,Pending
CN009322,C0016699,PL005,Prepaid Mobile,18,25-04-2022,17-10-2023,No,Active
CN009323,C0016704,PL018,Fiber Broadband,24,17-04-2020,07-04-2022,No,Pending
CN009324,C0016706,PL016,Fiber Broadband,18,03-07-2024,25-12-2025,No,Auto-Renewed
CN009325,C0016708,PL022,Enterprise,24,24-11-2017,14-11-2019,Yes,Auto-Renewed
CN009326,C0016710,PL010,Postpaid Mobile,24,13-07-2014,02-07-2016,No,Auto-Renewed
CN009327,C0016711,PL016,Fiber Broadband,12,01-01-2014,27-12-2014,No,Renewed
CN009328,C0016712,PL021,Enterprise,24,16-09-2019,05-09-2021,Yes,Active
CN009329,C0016714,PL005,Prepaid Mobile,12,01-01-2014,27-12-2014,Yes,Renewed
CN009330,C0016717,PL010,Postpaid Mobile,12,14-04-2017,09-04-2018,Yes,Renewed
CN009331,C0016720,PL016,Fiber Broadband,12,01-01-2014,27-12-2014,No,Renewed
CN009332,C0016723,PL006,Prepaid Mobile,12,01-01-2014,27-12-2014,Yes,Renewed
CN009333,C0016724,PL005,Prepaid Mobile,12,12-04-2020,07-04-2021,Yes,Active
CN009334,C0016725,PL022,Enterprise,18,03-07-2020,25-12-2021,Yes,Auto-Renewed
CN009335,C0016727,PL023,IoT Solutions,24,01-07-2018,20-06-2020,No,Auto-Renewed
CN009336,C0016728,PL005,Prepaid Mobile,12,04-03-2019,27-02-2020,Yes,Renewed
CN009337,C0016735,PL006,Prepaid Mobile,12,01-01-2014,27-12-2014,Yes,Renewed
CN009338,C0016736,PL010,Postpaid Mobile,18,26-03-2019,16-09-2020,Yes,Renewed
CN009339,C0016737,PL009,Postpaid Mobile,24,23-03-2021,13-03-2023,Yes,Renewed
CN009340,C0016738,PL009,Postpaid Mobile,12,01-04-2014,27-03-2015,No,Renewed
CN009341,C0016743,PL007,Postpaid Mobile,24,25-06-2015,14-06-2017,No,Renewed
CN009342,C0016744,PL008,Postpaid Mobile,12,22-01-2014,17-01-2015,No,Auto-Renewed
CN009343,C0016745,PL008,Postpaid Mobile,24,29-05-2025,19-05-2027,No,Auto-Renewed
CN009344,C0016746,PL010,Postpaid Mobile,12,29-01-2015,24-01-2016,No,Renewed
CN009345,C0016748,PL016,Fiber Broadband,12,01-01-2014,27-12-2014,Yes,Not Renewed
CN009346,C0016749,PL008,Postpaid Mobile,12,09-08-2023,03-08-2024,No,Auto-Renewed
CN009347,C0016750,PL018,Fiber Broadband,24,26-08-2022,15-08-2024,No,Active
CN009348,C0016751,PL018,Fiber Broadband,12,05-08-2017,31-07-2018,No,Renewed
CN009349,C0016752,PL008,Postpaid Mobile,18,16-04-2017,08-10-2018,Yes,Active
CN009350,C0016753,PL005,Prepaid Mobile,24,01-01-2014,22-12-2015,No,Active
CN009351,C0016756,PL006,Prepaid Mobile,18,28-01-2022,22-07-2023,No,Renewed
CN009352,C0016757,PL018,Fiber Broadband,12,28-07-2024,23-07-2025,Yes,Auto-Renewed
CN009353,C0016758,PL007,Postpaid Mobile,24,05-02-2016,25-01-2018,No,Pending
CN009354,C0016761,PL009,Postpaid Mobile,18,08-08-2024,30-01-2026,Yes,Active
CN009355,C0016762,PL005,Prepaid Mobile,18,05-01-2017,29-06-2018,Yes,Active
CN009356,C0016763,PL008,Postpaid Mobile,12,19-06-2014,14-06-2015,No,Auto-Renewed
CN009357,C0016766,PL005,Prepaid Mobile,12,16-09-2020,11-09-2021,Yes,Renewed
CN009358,C0016767,PL010,Postpaid Mobile,12,07-01-2020,01-01-2021,Yes,Renewed
CN009359,C0016768,PL011,Postpaid Mobile,24,03-05-2014,22-04-2016,Yes,Auto-Renewed
CN009360,C0016772,PL021,Enterprise,36,01-01-2014,16-12-2016,No,Active
CN009361,C0016775,PL018,Fiber Broadband,12,01-01-2014,27-12-2014,No,Active
CN009362,C0016776,PL006,Prepaid Mobile,12,20-05-2024,15-05-2025,No,Cancelled
CN009363,C0016777,PL022,Enterprise,36,26-08-2023,10-08-2026,No,Not Renewed
CN009364,C0016778,PL005,Prepaid Mobile,12,01-01-2014,27-12-2014,Yes,Renewed
CN009365,C0016779,PL017,Fiber Broadband,12,13-10-2016,08-10-2017,Yes,Renewed
CN009366,C0016781,PL006,Prepaid Mobile,18,29-12-2020,22-06-2022,No,Active
CN009367,C0016783,PL018,Fiber Broadband,36,27-06-2016,12-06-2019,Yes,Pending
CN009368,C0016785,PL005,Prepaid Mobile,12,01-01-2014,27-12-2014,Yes,Renewed
CN009369,C0016786,PL009,Postpaid Mobile,18,03-09-2024,25-02-2026,No,Not Renewed
CN009370,C0016788,PL015,Fiber Broadband,24,17-06-2020,07-06-2022,No,Cancelled
CN009371,C0016789,PL016,Fiber Broadband,24,11-10-2021,01-10-2023,No,Renewed
CN009372,C0016790,PL011,Postpaid Mobile,24,01-01-2014,22-12-2015,Yes,Auto-Renewed
CN009373,C0016792,PL007,Postpaid Mobile,24,04-10-2017,24-09-2019,Yes,Renewed
CN009374,C0016796,PL011,Postpaid Mobile,18,30-12-2019,22-06-2021,Yes,Auto-Renewed
CN009375,C0016797,PL016,Fiber Broadband,12,07-06-2016,02-06-2017,Yes,Renewed
CN009376,C0016799,PL010,Postpaid Mobile,36,13-10-2020,28-09-2023,No,Auto-Renewed
CN009377,C0016801,PL017,Fiber Broadband,24,31-08-2017,21-08-2019,Yes,Pending
CN009378,C0016802,PL024,IoT Solutions,24,01-07-2023,20-06-2025,Yes,Active
CN009379,C0016803,PL007,Postpaid Mobile,24,01-04-2014,21-03-2016,No,Renewed
CN009380,C0016804,PL025,Smart Home,12,20-07-2021,15-07-2022,Yes,Auto-Renewed
CN009381,C0016805,PL005,Prepaid Mobile,18,17-05-2023,07-11-2024,Yes,Not Renewed
CN009382,C0016806,PL024,IoT Solutions,12,05-05-2022,30-04-2023,No,Active
CN009383,C0016808,PL005,Prepaid Mobile,24,01-01-2014,22-12-2015,No,Renewed
CN009384,C0016809,PL021,Enterprise,36,30-12-2019,14-12-2022,Yes,Auto-Renewed
CN009385,C0016810,PL007,Postpaid Mobile,12,24-05-2015,18-05-2016,Yes,Active
CN009386,C0016811,PL006,Prepaid Mobile,18,28-11-2018,21-05-2020,Yes,Renewed
CN009387,C0016812,PL011,Postpaid Mobile,24,09-10-2023,28-09-2025,Yes,Renewed
CN009388,C0016818,PL016,Fiber Broadband,12,04-07-2020,29-06-2021,Yes,Auto-Renewed
CN009389,C0016819,PL005,Prepaid Mobile,36,01-11-2022,16-10-2025,Yes,Renewed
CN009390,C0016821,PL016,Fiber Broadband,24,01-01-2014,22-12-2015,Yes,Active
CN009391,C0016824,PL009,Postpaid Mobile,12,09-10-2014,04-10-2015,No,Active
CN009392,C0016826,PL009,Postpaid Mobile,18,17-02-2025,11-08-2026,Yes,Not Renewed
CN009393,C0016829,PL005,Prepaid Mobile,12,12-04-2017,07-04-2018,No,Renewed
CN009394,C0016830,PL025,Smart Home,18,14-06-2024,06-12-2025,No,Not Renewed
CN009395,C0016831,PL015,Fiber Broadband,12,21-05-2020,16-05-2021,No,Renewed
CN009396,C0016833,PL008,Postpaid Mobile,12,01-01-2018,27-12-2018,No,Renewed
CN009397,C0016836,PL015,Fiber Broadband,24,01-01-2014,22-12-2015,No,Renewed
CN009398,C0016838,PL015,Fiber Broadband,24,28-05-2024,18-05-2026,Yes,Auto-Renewed
CN009399,C0016840,PL011,Postpaid Mobile,12,24-05-2018,19-05-2019,Yes,Auto-Renewed
CN009400,C0016844,PL024,IoT Solutions,24,17-02-2020,06-02-2022,No,Renewed
CN009401,C0016845,PL007,Postpaid Mobile,12,03-06-2017,29-05-2018,Yes,Cancelled
CN009402,C0016847,PL007,Postpaid Mobile,12,24-12-2018,19-12-2019,No,Active
CN009403,C0016849,PL011,Postpaid Mobile,12,26-10-2022,21-10-2023,Yes,Auto-Renewed
CN009404,C0016850,PL006,Prepaid Mobile,36,07-01-2019,22-12-2021,No,Pending
CN009405,C0016852,PL009,Postpaid Mobile,12,19-06-2018,14-06-2019,Yes,Renewed
CN009406,C0016854,PL024,IoT Solutions,24,08-04-2022,28-03-2024,No,Active
CN009407,C0016855,PL021,Enterprise,24,15-01-2019,04-01-2021,Yes,Pending
CN009408,C0016856,PL022,Enterprise,18,01-01-2014,25-06-2015,No,Renewed
CN009409,C0016857,PL005,Prepaid Mobile,12,22-12-2018,17-12-2019,No,Active
CN009410,C0016859,PL005,Prepaid Mobile,18,06-11-2022,29-04-2024,Yes,Renewed
CN009411,C0016860,PL017,Fiber Broadband,18,18-10-2018,10-04-2020,No,Renewed
CN009412,C0016861,PL017,Fiber Broadband,24,27-10-2019,16-10-2021,No,Renewed
CN009413,C0016863,PL005,Prepaid Mobile,12,20-04-2015,14-04-2016,Yes,Auto-Renewed
CN009414,C0016864,PL010,Postpaid Mobile,24,29-11-2021,19-11-2023,Yes,Auto-Renewed
CN009415,C0016865,PL005,Prepaid Mobile,12,29-12-2021,24-12-2022,No,Renewed
CN009416,C0016866,PL005,Prepaid Mobile,24,01-01-2014,22-12-2015,No,Renewed
CN009417,C0016868,PL009,Postpaid Mobile,12,28-10-2018,23-10-2019,Yes,Auto-Renewed
CN009418,C0016870,PL005,Prepaid Mobile,18,01-01-2014,25-06-2015,No,Renewed
CN009419,C0016871,PL008,Postpaid Mobile,12,23-07-2021,18-07-2022,Yes,Renewed
CN009420,C0016872,PL008,Postpaid Mobile,24,12-03-2020,02-03-2022,Yes,Auto-Renewed
CN009421,C0016873,PL008,Postpaid Mobile,18,04-10-2025,28-03-2027,Yes,Cancelled
CN009422,C0016874,PL016,Fiber Broadband,24,01-01-2014,22-12-2015,Yes,Auto-Renewed
CN009423,C0016875,PL011,Postpaid Mobile,12,11-03-2024,06-03-2025,Yes,Renewed
CN009424,C0016876,PL011,Postpaid Mobile,24,12-05-2022,01-05-2024,Yes,Active
CN009425,C0016877,PL016,Fiber Broadband,18,03-10-2019,26-03-2021,Yes,Auto-Renewed
CN009426,C0016878,PL008,Postpaid Mobile,24,23-08-2017,13-08-2019,Yes,Active
CN009427,C0016880,PL006,Prepaid Mobile,24,05-06-2025,26-05-2027,Yes,Not Renewed
CN009428,C0016882,PL024,IoT Solutions,24,16-06-2023,05-06-2025,Yes,Not Renewed
CN009429,C0016884,PL009,Postpaid Mobile,12,28-09-2015,22-09-2016,No,Renewed
CN009430,C0016886,PL010,Postpaid Mobile,12,17-05-2022,12-05-2023,No,Active
CN009431,C0016887,PL015,Fiber Broadband,18,01-01-2014,25-06-2015,No,Renewed
CN009432,C0016888,PL007,Postpaid Mobile,24,21-05-2024,11-05-2026,Yes,Renewed
CN009433,C0016889,PL005,Prepaid Mobile,24,01-01-2014,22-12-2015,Yes,Renewed
CN009434,C0016890,PL016,Fiber Broadband,36,24-03-2019,08-03-2022,Yes,Not Renewed
CN009435,C0016891,PL007,Postpaid Mobile,24,14-09-2022,03-09-2024,Yes,Pending
CN009436,C0016893,PL005,Prepaid Mobile,12,01-01-2014,27-12-2014,Yes,Pending
CN009437,C0016895,PL009,Postpaid Mobile,12,18-02-2025,13-02-2026,Yes,Renewed
CN009438,C0016897,PL005,Prepaid Mobile,18,25-07-2025,16-01-2027,Yes,Auto-Renewed
CN009439,C0016902,PL008,Postpaid Mobile,18,10-01-2014,04-07-2015,No,Auto-Renewed
CN009440,C0016905,PL015,Fiber Broadband,24,19-02-2023,08-02-2025,Yes,Pending
CN009441,C0016906,PL023,IoT Solutions,12,02-08-2022,28-07-2023,Yes,Renewed
CN009442,C0016907,PL025,Smart Home,12,15-04-2023,09-04-2024,No,Not Renewed
CN009443,C0016909,PL016,Fiber Broadband,12,18-08-2015,12-08-2016,No,Active
CN009444,C0016914,PL021,Enterprise,24,01-01-2014,22-12-2015,Yes,Pending
CN009445,C0016917,PL021,Enterprise,18,01-01-2014,25-06-2015,Yes,Renewed
CN009446,C0016919,PL015,Fiber Broadband,12,01-01-2014,27-12-2014,No,Renewed
CN009447,C0016920,PL006,Prepaid Mobile,12,20-07-2022,15-07-2023,Yes,Renewed
CN009448,C0016921,PL009,Postpaid Mobile,24,18-11-2024,08-11-2026,No,Auto-Renewed
CN009449,C0016924,PL025,Smart Home,24,14-05-2021,04-05-2023,Yes,Renewed
CN009450,C0016925,PL007,Postpaid Mobile,12,21-05-2025,16-05-2026,Yes,Renewed
CN009451,C0016926,PL017,Fiber Broadband,36,30-07-2015,14-07-2018,Yes,Auto-Renewed
CN009452,C0016929,PL011,Postpaid Mobile,24,27-10-2018,16-10-2020,Yes,Renewed
CN009453,C0016930,PL021,Enterprise,24,01-01-2014,22-12-2015,Yes,Active
CN009454,C0016932,PL006,Prepaid Mobile,18,13-10-2022,05-04-2024,Yes,Pending
CN009455,C0016936,PL005,Prepaid Mobile,24,25-05-2014,14-05-2016,Yes,Not Renewed
CN009456,C0016938,PL024,IoT Solutions,36,27-04-2016,12-04-2019,Yes,Active
CN009457,C0016939,PL024,IoT Solutions,18,09-04-2021,01-10-2022,Yes,Renewed
CN009458,C0016941,PL005,Prepaid Mobile,12,01-01-2014,27-12-2014,No,Auto-Renewed
CN009459,C0016942,PL017,Fiber Broadband,18,01-01-2014,25-06-2015,Yes,Active
CN009460,C0016944,PL022,Enterprise,18,01-01-2014,25-06-2015,Yes,Auto-Renewed
CN009461,C0016950,PL015,Fiber Broadband,12,01-01-2014,27-12-2014,Yes,Pending
CN009462,C0016952,PL010,Postpaid Mobile,12,15-04-2015,09-04-2016,No,Active
CN009463,C0016953,PL010,Postpaid Mobile,24,26-07-2024,16-07-2026,No,Not Renewed
CN009464,C0016954,PL024,IoT Solutions,12,27-06-2019,21-06-2020,Yes,Auto-Renewed
CN009465,C0016955,PL022,Enterprise,12,01-01-2014,27-12-2014,Yes,Auto-Renewed
CN009466,C0016956,PL016,Fiber Broadband,24,01-01-2014,22-12-2015,No,Not Renewed
CN009467,C0016957,PL007,Postpaid Mobile,12,10-05-2014,05-05-2015,No,Renewed
CN009468,C0016959,PL008,Postpaid Mobile,24,01-04-2014,21-03-2016,No,Auto-Renewed
CN009469,C0016960,PL021,Enterprise,18,20-04-2016,12-10-2017,No,Auto-Renewed
CN009470,C0016962,PL009,Postpaid Mobile,18,13-07-2014,04-01-2016,Yes,Not Renewed
CN009471,C0016963,PL024,IoT Solutions,12,09-12-2015,03-12-2016,Yes,Renewed
CN009472,C0016964,PL011,Postpaid Mobile,12,13-05-2016,08-05-2017,No,Renewed
CN009473,C0016965,PL006,Prepaid Mobile,36,15-01-2019,30-12-2021,Yes,Renewed
CN009474,C0016966,PL006,Prepaid Mobile,18,05-09-2020,27-02-2022,No,Pending
CN009475,C0016968,PL006,Prepaid Mobile,12,01-01-2014,27-12-2014,Yes,Active
CN009476,C0016969,PL015,Fiber Broadband,24,13-02-2016,02-02-2018,No,Auto-Renewed
CN009477,C0016971,PL006,Prepaid Mobile,36,27-03-2020,12-03-2023,Yes,Pending
CN009478,C0016975,PL005,Prepaid Mobile,24,09-06-2015,29-05-2017,No,Active
CN009479,C0016976,PL006,Prepaid Mobile,18,01-01-2014,25-06-2015,Yes,Auto-Renewed
CN009480,C0016977,PL021,Enterprise,36,23-02-2015,07-02-2018,Yes,Active
CN009481,C0016979,PL005,Prepaid Mobile,12,01-01-2014,27-12-2014,No,Renewed
CN009482,C0016981,PL008,Postpaid Mobile,36,18-12-2021,02-12-2024,Yes,Pending
CN009483,C0016984,PL022,Enterprise,24,01-01-2014,22-12-2015,Yes,Active
CN009484,C0016989,PL005,Prepaid Mobile,12,26-05-2016,21-05-2017,No,Pending
CN009485,C0016991,PL009,Postpaid Mobile,12,10-05-2020,05-05-2021,Yes,Pending
CN009486,C0016992,PL010,Postpaid Mobile,36,23-07-2024,08-07-2027,No,Renewed
CN009487,C0016993,PL008,Postpaid Mobile,24,08-12-2023,27-11-2025,Yes,Renewed
CN009488,C0016994,PL006,Prepaid Mobile,24,01-01-2014,22-12-2015,Yes,Pending
CN009489,C0016997,PL011,Postpaid Mobile,24,12-08-2014,01-08-2016,No,Renewed
CN009490,C0017002,PL015,Fiber Broadband,24,03-02-2023,23-01-2025,Yes,Auto-Renewed
CN009491,C0017003,PL005,Prepaid Mobile,24,24-05-2021,14-05-2023,No,Not Renewed
CN009492,C0017007,PL007,Postpaid Mobile,18,17-03-2014,08-09-2015,Yes,Auto-Renewed
CN009493,C0017008,PL011,Postpaid Mobile,36,01-01-2014,16-12-2016,Yes,Auto-Renewed
CN009494,C0017009,PL022,Enterprise,12,01-01-2014,27-12-2014,Yes,Renewed
CN009495,C0017010,PL024,IoT Solutions,24,04-01-2022,25-12-2023,No,Renewed
CN009496,C0017011,PL005,Prepaid Mobile,36,01-01-2014,16-12-2016,No,Renewed
CN009497,C0017012,PL005,Prepaid Mobile,24,01-01-2014,22-12-2015,Yes,Renewed
CN009498,C0017013,PL007,Postpaid Mobile,24,25-07-2014,14-07-2016,Yes,Not Renewed
CN009499,C0017015,PL010,Postpaid Mobile,36,03-10-2018,17-09-2021,Yes,Auto-Renewed
CN009500,C0017016,PL022,Enterprise,36,01-01-2014,16-12-2016,Yes,Active
CN009501,C0017017,PL005,Prepaid Mobile,24,01-01-2014,22-12-2015,No,Renewed
CN009502,C0017018,PL005,Prepaid Mobile,18,01-01-2014,25-06-2015,Yes,Active
CN009503,C0017020,PL017,Fiber Broadband,12,02-05-2023,26-04-2024,No,Active
CN009504,C0017023,PL018,Fiber Broadband,12,05-04-2022,31-03-2023,Yes,Active
CN009505,C0017024,PL005,Prepaid Mobile,18,25-07-2020,16-01-2022,Yes,Auto-Renewed
CN009506,C0017026,PL017,Fiber Broadband,12,02-08-2015,27-07-2016,No,Renewed
CN009507,C0017028,PL010,Postpaid Mobile,12,26-01-2014,21-01-2015,No,Active
CN009508,C0017029,PL011,Postpaid Mobile,24,01-01-2014,22-12-2015,No,Auto-Renewed
CN009509,C0017032,PL009,Postpaid Mobile,24,02-09-2014,22-08-2016,Yes,Renewed
CN009510,C0017033,PL018,Fiber Broadband,12,01-01-2014,27-12-2014,Yes,Auto-Renewed
CN009511,C0017034,PL010,Postpaid Mobile,12,18-08-2019,12-08-2020,No,Auto-Renewed
CN009512,C0017035,PL006,Prepaid Mobile,24,01-01-2014,22-12-2015,Yes,Renewed
CN009513,C0017039,PL005,Prepaid Mobile,24,25-05-2017,15-05-2019,Yes,Active
CN009514,C0017047,PL008,Postpaid Mobile,36,19-06-2025,03-06-2028,Yes,Not Renewed
CN009515,C0017048,PL010,Postpaid Mobile,12,11-02-2018,06-02-2019,Yes,Renewed
CN009516,C0017049,PL024,IoT Solutions,12,02-05-2015,26-04-2016,Yes,Not Renewed
CN009517,C0017051,PL021,Enterprise,12,01-01-2014,27-12-2014,Yes,Active
CN009518,C0017052,PL005,Prepaid Mobile,36,01-01-2014,16-12-2016,Yes,Active
CN009519,C0017054,PL005,Prepaid Mobile,24,09-05-2020,29-04-2022,No,Active
CN009520,C0017059,PL009,Postpaid Mobile,24,22-06-2017,12-06-2019,No,Auto-Renewed
CN009521,C0017063,PL010,Postpaid Mobile,18,15-11-2023,08-05-2025,No,Active
CN009522,C0017065,PL011,Postpaid Mobile,12,29-01-2024,23-01-2025,Yes,Renewed
CN009523,C0017067,PL022,Enterprise,12,01-01-2014,27-12-2014,No,Renewed
CN009524,C0017068,PL021,Enterprise,12,26-02-2023,21-02-2024,No,Renewed
CN009525,C0017069,PL005,Prepaid Mobile,24,10-01-2023,30-12-2024,Yes,Renewed
CN009526,C0017070,PL010,Postpaid Mobile,12,07-05-2014,02-05-2015,Yes,Renewed
CN009527,C0017071,PL011,Postpaid Mobile,18,22-08-2023,12-02-2025,Yes,Pending
CN009528,C0017072,PL005,Prepaid Mobile,12,03-05-2024,28-04-2025,No,Not Renewed
CN009529,C0017074,PL018,Fiber Broadband,12,06-01-2025,01-01-2026,Yes,Cancelled
CN009530,C0017077,PL022,Enterprise,12,30-10-2019,24-10-2020,No,Pending
CN009531,C0017078,PL021,Enterprise,12,28-10-2016,23-10-2017,No,Renewed
CN009532,C0017080,PL005,Prepaid Mobile,12,01-01-2014,27-12-2014,Yes,Pending
CN009533,C0017084,PL006,Prepaid Mobile,36,29-08-2015,13-08-2018,Yes,Renewed
CN009534,C0017088,PL017,Fiber Broadband,24,27-08-2022,16-08-2024,No,Pending
CN009535,C0017090,PL022,Enterprise,12,01-01-2014,27-12-2014,No,Pending
CN009536,C0017092,PL010,Postpaid Mobile,24,01-06-2020,22-05-2022,No,Renewed
CN009537,C0017093,PL005,Prepaid Mobile,24,01-01-2014,22-12-2015,No,Renewed
CN009538,C0017094,PL005,Prepaid Mobile,12,09-08-2020,04-08-2021,No,Pending
CN009539,C0017096,PL007,Postpaid Mobile,12,23-03-2016,18-03-2017,Yes,Active
CN009540,C0017103,PL010,Postpaid Mobile,24,13-05-2023,02-05-2025,Yes,Renewed
CN009541,C0017105,PL017,Fiber Broadband,12,09-04-2019,03-04-2020,No,Renewed
CN009542,C0017111,PL022,Enterprise,12,01-01-2014,27-12-2014,Yes,Renewed
CN009543,C0017112,PL005,Prepaid Mobile,12,26-05-2023,20-05-2024,Yes,Pending
CN009544,C0017115,PL005,Prepaid Mobile,24,24-09-2018,13-09-2020,No,Pending
CN009545,C0017116,PL005,Prepaid Mobile,12,01-01-2014,27-12-2014,No,Pending
CN009546,C0017117,PL005,Prepaid Mobile,24,16-10-2019,05-10-2021,Yes,Renewed
CN009547,C0017118,PL023,IoT Solutions,12,19-04-2014,14-04-2015,Yes,Pending
CN009548,C0017120,PL006,Prepaid Mobile,12,01-01-2014,27-12-2014,No,Pending
CN009549,C0017124,PL011,Postpaid Mobile,12,01-01-2014,27-12-2014,Yes,Renewed
CN009550,C0017125,PL015,Fiber Broadband,18,01-01-2014,25-06-2015,No,Pending
CN009551,C0017127,PL025,Smart Home,12,16-04-2015,10-04-2016,No,Active
CN009552,C0017129,PL010,Postpaid Mobile,12,29-12-2016,24-12-2017,No,Pending
CN009553,C0017131,PL010,Postpaid Mobile,24,04-05-2014,23-04-2016,Yes,Renewed
CN009554,C0017134,PL023,IoT Solutions,12,17-10-2025,12-10-2026,No,Not Renewed
CN009555,C0017137,PL011,Postpaid Mobile,24,10-12-2020,30-11-2022,No,Renewed
CN009556,C0017139,PL018,Fiber Broadband,24,01-01-2014,22-12-2015,Yes,Auto-Renewed
CN009557,C0017142,PL005,Prepaid Mobile,36,21-02-2021,06-02-2024,Yes,Active
CN009558,C0017144,PL005,Prepaid Mobile,12,20-11-2025,15-11-2026,Yes,Not Renewed
CN009559,C0017146,PL024,IoT Solutions,36,20-11-2021,04-11-2024,Yes,Not Renewed
CN009560,C0017148,PL022,Enterprise,24,09-01-2018,30-12-2019,Yes,Not Renewed
CN009561,C0017149,PL011,Postpaid Mobile,24,09-11-2015,29-10-2017,Yes,Pending
CN009562,C0017150,PL008,Postpaid Mobile,18,01-06-2015,22-11-2016,No,Not Renewed
CN009563,C0017152,PL005,Prepaid Mobile,12,01-01-2014,27-12-2014,Yes,Renewed
CN009564,C0017153,PL016,Fiber Broadband,12,01-01-2014,27-12-2014,Yes,Auto-Renewed
CN009565,C0017154,PL005,Prepaid Mobile,12,26-06-2021,21-06-2022,Yes,Pending
CN009566,C0017155,PL005,Prepaid Mobile,24,04-09-2023,24-08-2025,Yes,Active
CN009567,C0017156,PL005,Prepaid Mobile,12,01-01-2014,27-12-2014,No,Renewed
CN009568,C0017157,PL023,IoT Solutions,12,19-03-2020,14-03-2021,Yes,Renewed
CN009569,C0017158,PL006,Prepaid Mobile,24,01-01-2014,22-12-2015,Yes,Renewed
CN009570,C0017159,PL005,Prepaid Mobile,24,01-01-2014,22-12-2015,Yes,Active
CN009571,C0017161,PL016,Fiber Broadband,12,19-05-2016,14-05-2017,Yes,Renewed
CN009572,C0017163,PL016,Fiber Broadband,18,01-01-2014,25-06-2015,Yes,Pending
CN009573,C0017165,PL011,Postpaid Mobile,12,16-03-2016,11-03-2017,No,Renewed
CN009574,C0017167,PL006,Prepaid Mobile,24,01-07-2024,21-06-2026,Yes,Pending
CN009575,C0017168,PL009,Postpaid Mobile,12,05-12-2019,29-11-2020,No,Not Renewed
CN009576,C0017169,PL010,Postpaid Mobile,24,27-07-2023,16-07-2025,No,Renewed
CN009577,C0017171,PL006,Prepaid Mobile,12,30-05-2016,25-05-2017,Yes,Renewed
CN009578,C0017172,PL005,Prepaid Mobile,18,01-01-2014,25-06-2015,Yes,Active
CN009579,C0017173,PL024,IoT Solutions,12,13-03-2021,08-03-2022,Yes,Renewed
CN009580,C0017176,PL006,Prepaid Mobile,36,09-09-2023,24-08-2026,Yes,Active
CN009581,C0017177,PL005,Prepaid Mobile,24,01-01-2014,22-12-2015,Yes,Auto-Renewed
CN009582,C0017178,PL016,Fiber Broadband,12,01-01-2014,27-12-2014,No,Not Renewed
CN009583,C0017180,PL016,Fiber Broadband,18,03-01-2019,26-06-2020,No,Renewed
CN009584,C0017181,PL007,Postpaid Mobile,36,07-11-2015,22-10-2018,Yes,Not Renewed
CN009585,C0017182,PL016,Fiber Broadband,36,27-07-2020,12-07-2023,Yes,Auto-Renewed
CN009586,C0017185,PL005,Prepaid Mobile,24,01-01-2014,22-12-2015,Yes,Auto-Renewed
CN009587,C0017187,PL017,Fiber Broadband,36,01-01-2014,16-12-2016,No,Auto-Renewed
CN009588,C0017189,PL006,Prepaid Mobile,12,01-01-2014,27-12-2014,No,Pending
CN009589,C0017191,PL009,Postpaid Mobile,24,16-06-2020,06-06-2022,Yes,Renewed
CN009590,C0017193,PL008,Postpaid Mobile,18,27-07-2023,17-01-2025,Yes,Not Renewed
CN009591,C0017194,PL018,Fiber Broadband,12,01-01-2014,27-12-2014,No,Pending
CN009592,C0017196,PL015,Fiber Broadband,24,01-01-2014,22-12-2015,No,Auto-Renewed
CN009593,C0017198,PL017,Fiber Broadband,24,14-03-2017,04-03-2019,Yes,Auto-Renewed
CN009594,C0017199,PL005,Prepaid Mobile,12,16-10-2025,11-10-2026,Yes,Renewed
CN009595,C0017202,PL005,Prepaid Mobile,36,04-04-2015,19-03-2018,No,Not Renewed
CN009596,C0017207,PL006,Prepaid Mobile,12,26-06-2017,21-06-2018,Yes,Pending
CN009597,C0017210,PL006,Prepaid Mobile,12,04-04-2025,30-03-2026,No,Active
CN009598,C0017213,PL006,Prepaid Mobile,12,09-10-2016,04-10-2017,No,Active
CN009599,C0017215,PL016,Fiber Broadband,12,01-01-2014,27-12-2014,Yes,Renewed
CN009600,C0017218,PL015,Fiber Broadband,12,15-02-2022,10-02-2023,No,Renewed
CN009601,C0017219,PL007,Postpaid Mobile,12,04-08-2025,30-07-2026,Yes,Pending
CN009602,C0017220,PL005,Prepaid Mobile,12,01-01-2014,27-12-2014,Yes,Auto-Renewed
CN009603,C0017223,PL016,Fiber Broadband,12,06-09-2015,31-08-2016,Yes,Not Renewed
CN009604,C0017228,PL022,Enterprise,24,01-01-2014,22-12-2015,No,Auto-Renewed
CN009605,C0017231,PL025,Smart Home,18,04-08-2015,25-01-2017,Yes,Not Renewed
CN009606,C0017233,PL015,Fiber Broadband,12,09-11-2017,04-11-2018,Yes,Active
CN009607,C0017234,PL006,Prepaid Mobile,24,01-01-2014,22-12-2015,No,Renewed
CN009608,C0017235,PL022,Enterprise,12,01-01-2014,27-12-2014,No,Active
CN009609,C0017236,PL016,Fiber Broadband,12,01-01-2014,27-12-2014,No,Renewed
CN009610,C0017237,PL007,Postpaid Mobile,24,14-11-2024,04-11-2026,No,Not Renewed
CN009611,C0017239,PL015,Fiber Broadband,12,16-03-2018,11-03-2019,Yes,Active
CN009612,C0017241,PL018,Fiber Broadband,12,04-11-2015,29-10-2016,Yes,Not Renewed
CN009613,C0017243,PL022,Enterprise,12,16-10-2017,11-10-2018,Yes,Renewed
CN009614,C0017247,PL005,Prepaid Mobile,18,03-03-2014,25-08-2015,No,Renewed
CN009615,C0017250,PL008,Postpaid Mobile,18,28-08-2019,18-02-2021,No,Auto-Renewed
CN009616,C0017252,PL025,Smart Home,12,12-03-2020,07-03-2021,No,Not Renewed
CN009617,C0017253,PL008,Postpaid Mobile,24,09-06-2018,29-05-2020,No,Auto-Renewed
CN009618,C0017254,PL018,Fiber Broadband,24,27-06-2023,16-06-2025,No,Active
CN009619,C0017255,PL015,Fiber Broadband,24,07-12-2016,27-11-2018,No,Renewed
CN009620,C0017256,PL024,IoT Solutions,12,29-10-2019,23-10-2020,Yes,Renewed
CN009621,C0017257,PL021,Enterprise,12,24-11-2017,19-11-2018,Yes,Active
CN009622,C0017259,PL023,IoT Solutions,12,31-07-2020,26-07-2021,Yes,Not Renewed
CN009623,C0017260,PL008,Postpaid Mobile,12,05-07-2020,30-06-2021,Yes,Active
CN009624,C0017261,PL005,Prepaid Mobile,12,12-01-2015,07-01-2016,No,Renewed
CN009625,C0017262,PL010,Postpaid Mobile,24,06-07-2019,25-06-2021,Yes,Renewed
CN009626,C0017265,PL024,IoT Solutions,24,17-06-2024,07-06-2026,No,Auto-Renewed
CN009627,C0017266,PL009,Postpaid Mobile,12,21-06-2019,15-06-2020,Yes,Not Renewed
CN009628,C0017271,PL022,Enterprise,12,01-01-2014,27-12-2014,Yes,Active
CN009629,C0017272,PL024,IoT Solutions,24,18-06-2021,08-06-2023,Yes,Active
CN009630,C0017273,PL006,Prepaid Mobile,12,26-06-2019,20-06-2020,No,Pending
CN009631,C0017274,PL021,Enterprise,18,23-02-2016,16-08-2017,Yes,Auto-Renewed
CN009632,C0017276,PL017,Fiber Broadband,18,27-05-2016,18-11-2017,Yes,Renewed
CN009633,C0017278,PL010,Postpaid Mobile,12,02-11-2022,28-10-2023,Yes,Not Renewed
CN009634,C0017283,PL006,Prepaid Mobile,12,01-01-2014,27-12-2014,Yes,Renewed
CN009635,C0017285,PL017,Fiber Broadband,18,18-10-2019,10-04-2021,Yes,Pending
CN009636,C0017288,PL017,Fiber Broadband,24,01-01-2014,22-12-2015,Yes,Renewed
CN009637,C0017289,PL021,Enterprise,24,01-01-2014,22-12-2015,No,Active
CN009638,C0017295,PL006,Prepaid Mobile,12,24-07-2016,19-07-2017,Yes,Pending
CN009639,C0017296,PL018,Fiber Broadband,12,01-01-2014,27-12-2014,Yes,Renewed
CN009640,C0017297,PL009,Postpaid Mobile,24,18-08-2015,07-08-2017,No,Renewed
CN009641,C0017298,PL015,Fiber Broadband,18,01-01-2014,25-06-2015,No,Cancelled
CN009642,C0017305,PL005,Prepaid Mobile,12,01-01-2014,27-12-2014,Yes,Renewed
CN009643,C0017306,PL015,Fiber Broadband,18,17-04-2020,09-10-2021,Yes,Renewed
CN009644,C0017311,PL016,Fiber Broadband,24,06-03-2014,24-02-2016,No,Renewed
CN009645,C0017313,PL023,IoT Solutions,12,18-07-2018,13-07-2019,Yes,Renewed
CN009646,C0017315,PL007,Postpaid Mobile,18,21-05-2020,12-11-2021,No,Auto-Renewed
CN009647,C0017316,PL025,Smart Home,12,22-03-2020,17-03-2021,Yes,Auto-Renewed
CN009648,C0017317,PL010,Postpaid Mobile,12,06-07-2022,01-07-2023,Yes,Renewed
CN009649,C0017318,PL017,Fiber Broadband,18,05-03-2021,27-08-2022,Yes,Pending
CN009650,C0017320,PL018,Fiber Broadband,36,01-01-2014,16-12-2016,No,Pending
CN009651,C0017321,PL017,Fiber Broadband,18,16-12-2015,08-06-2017,Yes,Auto-Renewed
CN009652,C0017322,PL007,Postpaid Mobile,12,07-02-2015,02-02-2016,No,Renewed
CN009653,C0017324,PL021,Enterprise,12,11-11-2022,06-11-2023,No,Renewed
CN009654,C0017325,PL006,Prepaid Mobile,24,01-01-2014,22-12-2015,Yes,Renewed
CN009655,C0017328,PL023,IoT Solutions,12,05-05-2023,29-04-2024,Yes,Auto-Renewed
CN009656,C0017329,PL011,Postpaid Mobile,12,01-01-2014,27-12-2014,No,Renewed
CN009657,C0017330,PL016,Fiber Broadband,18,21-04-2022,13-10-2023,Yes,Renewed
CN009658,C0017332,PL006,Prepaid Mobile,12,22-03-2015,16-03-2016,No,Renewed
CN009659,C0017333,PL005,Prepaid Mobile,12,18-08-2017,13-08-2018,Yes,Pending
CN009660,C0017334,PL016,Fiber Broadband,12,23-07-2015,17-07-2016,Yes,Auto-Renewed
CN009661,C0017336,PL006,Prepaid Mobile,12,22-04-2018,17-04-2019,Yes,Auto-Renewed
CN009662,C0017338,PL005,Prepaid Mobile,24,23-07-2019,12-07-2021,Yes,Active
CN009663,C0017339,PL015,Fiber Broadband,24,05-10-2025,25-09-2027,No,Renewed
CN009664,C0017340,PL025,Smart Home,24,17-02-2020,06-02-2022,Yes,Pending
CN009665,C0017341,PL007,Postpaid Mobile,12,08-02-2019,03-02-2020,Yes,Renewed
CN009666,C0017343,PL008,Postpaid Mobile,24,08-01-2020,28-12-2021,Yes,Renewed
CN009667,C0017350,PL024,IoT Solutions,18,26-05-2024,17-11-2025,Yes,Renewed
CN009668,C0017352,PL010,Postpaid Mobile,12,20-05-2015,14-05-2016,No,Active
CN009669,C0017353,PL025,Smart Home,24,02-03-2025,20-02-2027,Yes,Renewed
CN009670,C0017355,PL015,Fiber Broadband,18,08-02-2024,01-08-2025,No,Active
CN009671,C0017357,PL005,Prepaid Mobile,12,01-01-2014,27-12-2014,Yes,Renewed
CN009672,C0017359,PL005,Prepaid Mobile,12,13-04-2022,08-04-2023,Yes,Renewed
CN009673,C0017361,PL008,Postpaid Mobile,12,24-11-2025,19-11-2026,Yes,Renewed
CN009674,C0017362,PL017,Fiber Broadband,12,01-01-2014,27-12-2014,Yes,Pending
CN009675,C0017365,PL011,Postpaid Mobile,12,01-01-2014,27-12-2014,Yes,Auto-Renewed
CN009676,C0017367,PL016,Fiber Broadband,18,01-09-2024,23-02-2026,No,Active
CN009677,C0017369,PL015,Fiber Broadband,18,19-11-2014,12-05-2016,No,Active
CN009678,C0017372,PL007,Postpaid Mobile,24,19-11-2025,09-11-2027,Yes,Renewed
CN009679,C0017375,PL018,Fiber Broadband,12,08-12-2018,03-12-2019,No,Auto-Renewed
CN009680,C0017377,PL005,Prepaid Mobile,12,29-10-2017,24-10-2018,No,Renewed
CN009681,C0017379,PL009,Postpaid Mobile,12,24-01-2024,18-01-2025,Yes,Renewed
CN009682,C0017380,PL010,Postpaid Mobile,24,05-02-2023,25-01-2025,No,Not Renewed
CN009683,C0017381,PL017,Fiber Broadband,24,01-01-2014,22-12-2015,No,Auto-Renewed
CN009684,C0017382,PL010,Postpaid Mobile,24,19-08-2020,09-08-2022,Yes,Renewed
CN009685,C0017383,PL018,Fiber Broadband,18,14-02-2017,08-08-2018,Yes,Active
CN009686,C0017384,PL024,IoT Solutions,12,07-12-2022,02-12-2023,Yes,Active
CN009687,C0017387,PL017,Fiber Broadband,24,01-01-2014,22-12-2015,No,Renewed
CN009688,C0017388,PL008,Postpaid Mobile,36,18-10-2015,02-10-2018,Yes,Renewed
CN009689,C0017389,PL007,Postpaid Mobile,12,16-12-2022,11-12-2023,Yes,Not Renewed
CN009690,C0017390,PL017,Fiber Broadband,24,01-01-2014,22-12-2015,No,Not Renewed
CN009691,C0017391,PL006,Prepaid Mobile,24,01-01-2014,22-12-2015,No,Renewed
CN009692,C0017392,PL010,Postpaid Mobile,24,22-09-2019,11-09-2021,Yes,Active
CN009693,C0017394,PL016,Fiber Broadband,24,03-09-2017,24-08-2019,Yes,Cancelled
CN009694,C0017395,PL005,Prepaid Mobile,12,20-01-2024,14-01-2025,Yes,Renewed
CN009695,C0017396,PL006,Prepaid Mobile,18,15-02-2014,09-08-2015,No,Renewed
CN009696,C0017398,PL018,Fiber Broadband,12,14-01-2015,09-01-2016,Yes,Auto-Renewed
CN009697,C0017399,PL015,Fiber Broadband,12,23-02-2015,18-02-2016,No,Active
CN009698,C0017400,PL007,Postpaid Mobile,12,28-03-2024,23-03-2025,No,Pending
CN009699,C0017401,PL005,Prepaid Mobile,24,01-01-2014,22-12-2015,No,Active
CN009700,C0017402,PL010,Postpaid Mobile,12,10-08-2018,05-08-2019,Yes,Active
CN009701,C0017404,PL005,Prepaid Mobile,12,01-01-2014,27-12-2014,No,Pending
CN009702,C0017405,PL005,Prepaid Mobile,12,06-09-2020,01-09-2021,Yes,Renewed
CN009703,C0017406,PL005,Prepaid Mobile,24,17-07-2016,07-07-2018,Yes,Renewed
CN009704,C0017408,PL022,Enterprise,12,22-11-2021,17-11-2022,No,Pending
CN009705,C0017409,PL015,Fiber Broadband,24,16-09-2018,05-09-2020,Yes,Not Renewed
CN009706,C0017410,PL017,Fiber Broadband,12,25-11-2014,20-11-2015,Yes,Auto-Renewed
CN009707,C0017412,PL011,Postpaid Mobile,12,28-10-2014,23-10-2015,Yes,Renewed
CN009708,C0017413,PL016,Fiber Broadband,24,12-07-2017,02-07-2019,No,Auto-Renewed
CN009709,C0017415,PL009,Postpaid Mobile,24,08-01-2019,28-12-2020,Yes,Active
CN009710,C0017416,PL016,Fiber Broadband,18,20-03-2023,10-09-2024,No,Not Renewed
CN009711,C0017417,PL009,Postpaid Mobile,24,12-07-2018,01-07-2020,Yes,Auto-Renewed
CN009712,C0017421,PL006,Prepaid Mobile,24,12-02-2014,02-02-2016,No,Renewed
CN009713,C0017422,PL006,Prepaid Mobile,24,01-01-2014,22-12-2015,No,Auto-Renewed
CN009714,C0017424,PL015,Fiber Broadband,12,01-01-2014,27-12-2014,No,Auto-Renewed
CN009715,C0017426,PL015,Fiber Broadband,18,03-11-2020,27-04-2022,Yes,Renewed
CN009716,C0017429,PL016,Fiber Broadband,24,01-01-2014,22-12-2015,Yes,Renewed
CN009717,C0017430,PL009,Postpaid Mobile,24,01-05-2016,21-04-2018,Yes,Auto-Renewed
CN009718,C0017431,PL011,Postpaid Mobile,24,16-05-2017,06-05-2019,No,Active
CN009719,C0017434,PL006,Prepaid Mobile,36,01-01-2014,16-12-2016,Yes,Active
CN009720,C0017436,PL009,Postpaid Mobile,18,06-01-2016,29-06-2017,No,Auto-Renewed
CN009721,C0017438,PL008,Postpaid Mobile,24,23-05-2016,13-05-2018,No,Renewed
CN009722,C0017439,PL010,Postpaid Mobile,12,25-12-2018,20-12-2019,No,Auto-Renewed
CN009723,C0017440,PL008,Postpaid Mobile,18,04-07-2015,25-12-2016,No,Auto-Renewed
CN009724,C0017441,PL011,Postpaid Mobile,12,17-01-2019,12-01-2020,Yes,Not Renewed
CN009725,C0017442,PL021,Enterprise,24,08-06-2022,28-05-2024,No,Auto-Renewed
CN009726,C0017443,PL011,Postpaid Mobile,24,09-01-2021,30-12-2022,No,Renewed
CN009727,C0017444,PL016,Fiber Broadband,12,01-01-2014,27-12-2014,No,Renewed
CN009728,C0017445,PL006,Prepaid Mobile,24,01-01-2014,22-12-2015,Yes,Renewed
CN009729,C0017446,PL022,Enterprise,12,01-01-2014,27-12-2014,No,Renewed
CN009730,C0017451,PL016,Fiber Broadband,24,01-01-2014,22-12-2015,No,Renewed
CN009731,C0017454,PL006,Prepaid Mobile,12,01-01-2014,27-12-2014,Yes,Pending
CN009732,C0017455,PL005,Prepaid Mobile,36,01-01-2014,16-12-2016,Yes,Auto-Renewed
CN009733,C0017456,PL006,Prepaid Mobile,12,01-01-2014,27-12-2014,No,Auto-Renewed
CN009734,C0017457,PL022,Enterprise,12,19-01-2021,14-01-2022,Yes,Active
CN009735,C0017461,PL005,Prepaid Mobile,18,19-12-2019,11-06-2021,Yes,Renewed
CN009736,C0017463,PL025,Smart Home,12,17-01-2023,12-01-2024,Yes,Auto-Renewed
CN009737,C0017464,PL017,Fiber Broadband,24,15-08-2016,05-08-2018,No,Auto-Renewed
CN009738,C0017465,PL009,Postpaid Mobile,24,06-02-2014,27-01-2016,Yes,Pending
CN009739,C0017467,PL018,Fiber Broadband,24,01-01-2014,22-12-2015,Yes,Pending
CN009740,C0017471,PL006,Prepaid Mobile,24,01-01-2014,22-12-2015,No,Renewed
CN009741,C0017473,PL015,Fiber Broadband,12,03-03-2015,26-02-2016,Yes,Renewed
CN009742,C0017474,PL006,Prepaid Mobile,24,20-11-2018,09-11-2020,Yes,Auto-Renewed
CN009743,C0017477,PL010,Postpaid Mobile,24,06-10-2015,25-09-2017,Yes,Renewed
CN009744,C0017478,PL005,Prepaid Mobile,18,08-11-2024,02-05-2026,No,Auto-Renewed
CN009745,C0017479,PL005,Prepaid Mobile,12,17-11-2018,12-11-2019,No,Renewed
CN009746,C0017480,PL017,Fiber Broadband,24,22-05-2020,12-05-2022,Yes,Auto-Renewed
CN009747,C0017481,PL007,Postpaid Mobile,24,23-08-2021,13-08-2023,Yes,Renewed
CN009748,C0017483,PL010,Postpaid Mobile,24,28-12-2019,17-12-2021,Yes,Active
CN009749,C0017484,PL005,Prepaid Mobile,12,01-01-2014,27-12-2014,Yes,Pending
CN009750,C0017486,PL021,Enterprise,24,01-01-2014,22-12-2015,Yes,Pending
CN009751,C0017487,PL010,Postpaid Mobile,24,01-07-2020,21-06-2022,Yes,Auto-Renewed
CN009752,C0017488,PL008,Postpaid Mobile,12,04-11-2014,30-10-2015,No,Auto-Renewed
CN009753,C0017492,PL009,Postpaid Mobile,24,04-03-2021,22-02-2023,No,Auto-Renewed
CN009754,C0017493,PL008,Postpaid Mobile,12,18-12-2023,12-12-2024,No,Renewed
CN009755,C0017495,PL005,Prepaid Mobile,12,01-01-2014,27-12-2014,Yes,Auto-Renewed
CN009756,C0017496,PL005,Prepaid Mobile,12,14-04-2018,09-04-2019,No,Renewed
CN009757,C0017499,PL008,Postpaid Mobile,18,09-06-2015,30-11-2016,No,Cancelled
CN009758,C0017500,PL009,Postpaid Mobile,18,01-06-2020,23-11-2021,No,Not Renewed
CN009759,C0017501,PL007,Postpaid Mobile,12,02-11-2020,28-10-2021,No,Active
CN009760,C0017503,PL015,Fiber Broadband,24,01-01-2014,22-12-2015,Yes,Renewed
CN009761,C0017505,PL018,Fiber Broadband,12,01-01-2014,27-12-2014,No,Pending
CN009762,C0017508,PL005,Prepaid Mobile,12,04-07-2019,28-06-2020,Yes,Pending
CN009763,C0017510,PL007,Postpaid Mobile,18,24-08-2024,15-02-2026,Yes,Not Renewed
CN009764,C0017513,PL016,Fiber Broadband,12,28-03-2023,22-03-2024,No,Renewed
CN009765,C0017517,PL023,IoT Solutions,24,12-09-2020,02-09-2022,Yes,Renewed
CN009766,C0017521,PL005,Prepaid Mobile,12,13-10-2016,08-10-2017,Yes,Pending
CN009767,C0017525,PL011,Postpaid Mobile,24,01-01-2014,22-12-2015,No,Pending
CN009768,C0017526,PL016,Fiber Broadband,24,01-01-2014,22-12-2015,No,Active
CN009769,C0017527,PL005,Prepaid Mobile,12,01-01-2014,27-12-2014,No,Renewed
CN009770,C0017528,PL005,Prepaid Mobile,24,01-01-2014,22-12-2015,Yes,Active
CN009771,C0017529,PL006,Prepaid Mobile,12,13-08-2021,08-08-2022,Yes,Auto-Renewed
CN009772,C0017530,PL017,Fiber Broadband,12,27-10-2023,21-10-2024,Yes,Active
CN009773,C0017531,PL010,Postpaid Mobile,12,23-11-2015,17-11-2016,Yes,Renewed
CN009774,C0017533,PL025,Smart Home,12,27-10-2021,22-10-2022,Yes,Auto-Renewed
CN009775,C0017534,PL021,Enterprise,36,13-12-2017,27-11-2020,Yes,Pending
CN009776,C0017535,PL011,Postpaid Mobile,12,01-01-2014,27-12-2014,Yes,Active
CN009777,C0017537,PL015,Fiber Broadband,12,29-12-2014,24-12-2015,Yes,Auto-Renewed
CN009778,C0017539,PL006,Prepaid Mobile,12,24-05-2014,19-05-2015,No,Renewed
CN009779,C0017540,PL005,Prepaid Mobile,36,04-05-2025,18-04-2028,No,Auto-Renewed
CN009780,C0017542,PL005,Prepaid Mobile,24,01-01-2014,22-12-2015,No,Renewed
CN009781,C0017543,PL007,Postpaid Mobile,24,21-12-2023,10-12-2025,Yes,Renewed
CN009782,C0017545,PL009,Postpaid Mobile,12,23-10-2020,18-10-2021,Yes,Active
CN009783,C0017546,PL011,Postpaid Mobile,24,04-07-2021,24-06-2023,Yes,Renewed
CN009784,C0017550,PL005,Prepaid Mobile,36,14-03-2024,27-02-2027,Yes,Renewed
CN009785,C0017551,PL006,Prepaid Mobile,12,29-09-2020,24-09-2021,No,Active
CN009786,C0017552,PL006,Prepaid Mobile,12,01-09-2021,27-08-2022,No,Renewed
CN009787,C0017553,PL017,Fiber Broadband,24,01-03-2019,18-02-2021,Yes,Pending
CN009788,C0017554,PL011,Postpaid Mobile,18,19-08-2023,09-02-2025,No,Auto-Renewed
CN009789,C0017557,PL006,Prepaid Mobile,24,01-01-2014,22-12-2015,No,Renewed
CN009790,C0017558,PL005,Prepaid Mobile,12,05-10-2024,30-09-2025,Yes,Pending
CN009791,C0017560,PL010,Postpaid Mobile,12,01-10-2019,25-09-2020,Yes,Auto-Renewed
CN009792,C0017561,PL017,Fiber Broadband,12,04-10-2016,29-09-2017,Yes,Auto-Renewed
CN009793,C0017564,PL010,Postpaid Mobile,18,08-10-2024,01-04-2026,Yes,Renewed
CN009794,C0017565,PL006,Prepaid Mobile,12,25-03-2022,20-03-2023,Yes,Renewed
CN009795,C0017566,PL005,Prepaid Mobile,24,01-01-2014,22-12-2015,No,Renewed
CN009796,C0017570,PL017,Fiber Broadband,24,16-10-2018,05-10-2020,No,Not Renewed
CN009797,C0017572,PL024,IoT Solutions,12,21-04-2023,15-04-2024,No,Auto-Renewed
CN009798,C0017573,PL011,Postpaid Mobile,18,01-01-2014,25-06-2015,No,Pending
CN009799,C0017574,PL005,Prepaid Mobile,18,15-03-2023,05-09-2024,Yes,Auto-Renewed
CN009800,C0017575,PL008,Postpaid Mobile,18,16-01-2018,10-07-2019,Yes,Not Renewed
CN009801,C0017577,PL005,Prepaid Mobile,36,01-01-2014,16-12-2016,No,Auto-Renewed
CN009802,C0017578,PL024,IoT Solutions,18,23-07-2014,14-01-2016,Yes,Auto-Renewed
CN009803,C0017579,PL009,Postpaid Mobile,24,20-04-2014,09-04-2016,Yes,Renewed
CN009804,C0017581,PL005,Prepaid Mobile,18,21-03-2016,12-09-2017,No,Active
CN009805,C0017584,PL015,Fiber Broadband,12,19-01-2018,14-01-2019,Yes,Renewed
CN009806,C0017585,PL023,IoT Solutions,24,31-05-2024,21-05-2026,No,Auto-Renewed
CN009807,C0017586,PL009,Postpaid Mobile,12,23-01-2019,18-01-2020,No,Auto-Renewed
CN009808,C0017587,PL021,Enterprise,12,26-06-2018,21-06-2019,Yes,Active
CN009809,C0017591,PL006,Prepaid Mobile,12,01-01-2014,27-12-2014,Yes,Renewed
CN009810,C0017592,PL011,Postpaid Mobile,18,29-08-2019,19-02-2021,No,Renewed
CN009811,C0017596,PL015,Fiber Broadband,12,26-10-2020,21-10-2021,No,Renewed
CN009812,C0017597,PL008,Postpaid Mobile,24,01-05-2021,21-04-2023,No,Renewed
CN009813,C0017600,PL009,Postpaid Mobile,24,20-12-2018,09-12-2020,No,Cancelled
CN009814,C0017602,PL015,Fiber Broadband,36,07-06-2020,23-05-2023,No,Pending
CN009815,C0017606,PL010,Postpaid Mobile,36,12-10-2017,26-09-2020,No,Not Renewed
CN009816,C0017607,PL016,Fiber Broadband,24,19-07-2021,09-07-2023,No,Not Renewed
CN009817,C0017612,PL009,Postpaid Mobile,12,12-04-2017,07-04-2018,Yes,Pending
CN009818,C0017614,PL016,Fiber Broadband,36,01-01-2014,16-12-2016,No,Pending
CN009819,C0017619,PL007,Postpaid Mobile,24,14-01-2022,04-01-2024,No,Renewed
CN009820,C0017620,PL018,Fiber Broadband,24,01-01-2014,22-12-2015,Yes,Pending
CN009821,C0017621,PL006,Prepaid Mobile,18,01-01-2014,25-06-2015,Yes,Pending
CN009822,C0017622,PL011,Postpaid Mobile,24,31-03-2016,21-03-2018,Yes,Renewed
CN009823,C0017624,PL024,IoT Solutions,12,26-04-2022,21-04-2023,No,Not Renewed
CN009824,C0017625,PL005,Prepaid Mobile,12,24-11-2020,19-11-2021,No,Pending
CN009825,C0017627,PL006,Prepaid Mobile,24,21-03-2014,10-03-2016,Yes,Active
CN009826,C0017630,PL009,Postpaid Mobile,24,24-08-2020,14-08-2022,Yes,Pending
CN009827,C0017631,PL009,Postpaid Mobile,12,28-02-2023,23-02-2024,No,Pending
CN009828,C0017634,PL005,Prepaid Mobile,24,30-12-2019,19-12-2021,Yes,Active
CN009829,C0017635,PL025,Smart Home,12,02-05-2020,27-04-2021,No,Cancelled
CN009830,C0017636,PL021,Enterprise,18,24-12-2021,17-06-2023,Yes,Auto-Renewed
CN009831,C0017638,PL021,Enterprise,12,29-11-2017,24-11-2018,Yes,Renewed
CN009832,C0017639,PL025,Smart Home,12,19-10-2020,14-10-2021,No,Renewed
CN009833,C0017640,PL009,Postpaid Mobile,36,29-05-2015,13-05-2018,No,Cancelled
CN009834,C0017641,PL009,Postpaid Mobile,24,15-04-2021,05-04-2023,Yes,Renewed
CN009835,C0017643,PL005,Prepaid Mobile,12,13-06-2018,08-06-2019,No,Renewed
CN009836,C0017645,PL005,Prepaid Mobile,36,14-01-2019,29-12-2021,No,Active
CN009837,C0017647,PL016,Fiber Broadband,12,23-06-2023,17-06-2024,Yes,Auto-Renewed
CN009838,C0017648,PL006,Prepaid Mobile,12,01-01-2014,27-12-2014,Yes,Auto-Renewed
CN009839,C0017650,PL010,Postpaid Mobile,36,02-05-2025,16-04-2028,No,Renewed
CN009840,C0017651,PL007,Postpaid Mobile,18,14-06-2025,06-12-2026,Yes,Not Renewed
CN009841,C0017654,PL016,Fiber Broadband,12,01-01-2014,27-12-2014,Yes,Auto-Renewed
CN009842,C0017656,PL017,Fiber Broadband,36,01-01-2014,16-12-2016,Yes,Renewed
CN009843,C0017661,PL005,Prepaid Mobile,36,14-11-2024,30-10-2027,No,Renewed
CN009844,C0017663,PL010,Postpaid Mobile,12,13-01-2017,08-01-2018,Yes,Renewed
CN009845,C0017664,PL018,Fiber Broadband,24,09-11-2025,30-10-2027,Yes,Active
CN009846,C0017665,PL018,Fiber Broadband,12,15-06-2022,10-06-2023,Yes,Renewed
CN009847,C0017666,PL015,Fiber Broadband,24,01-01-2014,22-12-2015,Yes,Active
CN009848,C0017667,PL005,Prepaid Mobile,12,08-07-2014,03-07-2015,No,Auto-Renewed
CN009849,C0017668,PL007,Postpaid Mobile,12,07-01-2023,02-01-2024,Yes,Renewed
CN009850,C0017669,PL018,Fiber Broadband,12,01-01-2014,27-12-2014,No,Renewed
CN009851,C0017672,PL006,Prepaid Mobile,18,14-07-2014,05-01-2016,No,Auto-Renewed
CN009852,C0017673,PL006,Prepaid Mobile,12,01-01-2014,27-12-2014,Yes,Renewed
CN009853,C0017675,PL006,Prepaid Mobile,36,11-07-2024,26-06-2027,Yes,Not Renewed
CN009854,C0017677,PL005,Prepaid Mobile,36,10-06-2023,25-05-2026,Yes,Active
CN009855,C0017679,PL008,Postpaid Mobile,12,20-04-2022,15-04-2023,Yes,Renewed
CN009856,C0017681,PL009,Postpaid Mobile,12,05-05-2019,29-04-2020,Yes,Cancelled
CN009857,C0017683,PL005,Prepaid Mobile,24,01-01-2014,22-12-2015,Yes,Renewed
CN009858,C0017684,PL018,Fiber Broadband,24,19-03-2019,08-03-2021,Yes,Active
CN009859,C0017685,PL008,Postpaid Mobile,12,24-03-2014,19-03-2015,No,Active
CN009860,C0017688,PL018,Fiber Broadband,12,26-02-2020,20-02-2021,Yes,Auto-Renewed
CN009861,C0017689,PL005,Prepaid Mobile,12,01-01-2014,27-12-2014,Yes,Pending
CN009862,C0017693,PL008,Postpaid Mobile,12,14-10-2024,09-10-2025,No,Not Renewed
CN009863,C0017695,PL021,Enterprise,36,30-07-2015,14-07-2018,Yes,Cancelled
CN009864,C0017698,PL007,Postpaid Mobile,24,07-08-2023,27-07-2025,Yes,Renewed
CN009865,C0017700,PL017,Fiber Broadband,12,01-01-2014,27-12-2014,No,Active
CN009866,C0017702,PL017,Fiber Broadband,24,01-01-2014,22-12-2015,Yes,Renewed
CN009867,C0017705,PL025,Smart Home,12,28-08-2022,23-08-2023,Yes,Not Renewed
CN009868,C0017706,PL006,Prepaid Mobile,24,19-04-2016,09-04-2018,No,Pending
CN009869,C0017707,PL025,Smart Home,24,10-12-2022,29-11-2024,Yes,Not Renewed
CN009870,C0017708,PL011,Postpaid Mobile,12,09-09-2019,03-09-2020,No,Auto-Renewed
CN009871,C0017709,PL007,Postpaid Mobile,24,10-12-2019,29-11-2021,No,Renewed
CN009872,C0017710,PL008,Postpaid Mobile,12,15-12-2023,09-12-2024,No,Renewed
CN009873,C0017711,PL005,Prepaid Mobile,24,01-01-2014,22-12-2015,Yes,Renewed
CN009874,C0017712,PL005,Prepaid Mobile,18,01-01-2014,25-06-2015,Yes,Not Renewed
CN009875,C0017715,PL010,Postpaid Mobile,18,14-06-2023,05-12-2024,Yes,Renewed
CN009876,C0017716,PL005,Prepaid Mobile,24,11-06-2016,01-06-2018,Yes,Renewed
CN009877,C0017718,PL018,Fiber Broadband,18,17-05-2024,08-11-2025,Yes,Auto-Renewed
CN009878,C0017720,PL005,Prepaid Mobile,24,06-07-2020,26-06-2022,Yes,Active
CN009879,C0017721,PL005,Prepaid Mobile,12,21-08-2022,16-08-2023,Yes,Active
CN009880,C0017722,PL017,Fiber Broadband,12,25-05-2019,19-05-2020,Yes,Active
CN009881,C0017723,PL016,Fiber Broadband,12,09-06-2021,04-06-2022,Yes,Renewed
CN009882,C0017724,PL010,Postpaid Mobile,12,17-10-2017,12-10-2018,Yes,Active
CN009883,C0017725,PL007,Postpaid Mobile,12,20-05-2018,15-05-2019,Yes,Pending
CN009884,C0017726,PL009,Postpaid Mobile,24,20-06-2021,10-06-2023,Yes,Pending
CN009885,C0017727,PL006,Prepaid Mobile,12,01-01-2019,27-12-2019,Yes,Auto-Renewed
CN009886,C0017729,PL007,Postpaid Mobile,12,01-11-2017,27-10-2018,Yes,Auto-Renewed
CN009887,C0017730,PL018,Fiber Broadband,24,01-01-2024,21-12-2025,Yes,Renewed
CN009888,C0017731,PL018,Fiber Broadband,12,30-01-2020,24-01-2021,No,Auto-Renewed
CN009889,C0017732,PL005,Prepaid Mobile,36,01-01-2014,16-12-2016,Yes,Auto-Renewed
CN009890,C0017733,PL005,Prepaid Mobile,12,07-07-2019,01-07-2020,Yes,Renewed
CN009891,C0017734,PL005,Prepaid Mobile,24,01-01-2014,22-12-2015,No,Renewed
CN009892,C0017735,PL006,Prepaid Mobile,12,01-01-2014,27-12-2014,Yes,Renewed
CN009893,C0017738,PL005,Prepaid Mobile,12,26-03-2017,21-03-2018,No,Active
CN009894,C0017739,PL008,Postpaid Mobile,24,24-02-2020,13-02-2022,Yes,Auto-Renewed
CN009895,C0017741,PL008,Postpaid Mobile,24,15-06-2020,05-06-2022,Yes,Not Renewed
CN009896,C0017742,PL009,Postpaid Mobile,24,23-11-2019,12-11-2021,No,Renewed
CN009897,C0017746,PL018,Fiber Broadband,12,26-02-2018,21-02-2019,Yes,Active
CN009898,C0017752,PL008,Postpaid Mobile,36,18-01-2017,03-01-2020,No,Renewed
CN009899,C0017753,PL009,Postpaid Mobile,12,18-02-2017,13-02-2018,No,Active
CN009900,C0017757,PL007,Postpaid Mobile,12,06-02-2020,31-01-2021,Yes,Renewed
CN009901,C0017759,PL011,Postpaid Mobile,12,01-01-2014,27-12-2014,Yes,Auto-Renewed
CN009902,C0017762,PL015,Fiber Broadband,18,16-10-2023,08-04-2025,No,Auto-Renewed
CN009903,C0017764,PL025,Smart Home,24,10-06-2015,30-05-2017,No,Pending
CN009904,C0017765,PL007,Postpaid Mobile,12,21-06-2022,16-06-2023,Yes,Renewed
CN009905,C0017766,PL008,Postpaid Mobile,12,09-03-2022,04-03-2023,Yes,Cancelled
CN009906,C0017768,PL006,Prepaid Mobile,24,24-04-2016,14-04-2018,Yes,Active
CN009907,C0017770,PL006,Prepaid Mobile,18,01-01-2014,25-06-2015,No,Active
CN009908,C0017773,PL006,Prepaid Mobile,24,14-01-2015,03-01-2017,Yes,Auto-Renewed
CN009909,C0017777,PL006,Prepaid Mobile,18,16-10-2017,09-04-2019,No,Renewed
CN009910,C0017779,PL009,Postpaid Mobile,24,05-07-2022,24-06-2024,No,Auto-Renewed
CN009911,C0017780,PL008,Postpaid Mobile,12,02-08-2025,28-07-2026,Yes,Renewed
CN009912,C0017781,PL011,Postpaid Mobile,24,03-12-2017,23-11-2019,No,Auto-Renewed
CN009913,C0017785,PL005,Prepaid Mobile,24,29-12-2015,18-12-2017,Yes,Active
CN009914,C0017786,PL009,Postpaid Mobile,24,12-08-2015,01-08-2017,No,Active
CN009915,C0017787,PL016,Fiber Broadband,12,26-04-2025,21-04-2026,No,Not Renewed
CN009916,C0017788,PL007,Postpaid Mobile,36,07-06-2022,22-05-2025,Yes,Pending
CN009917,C0017789,PL011,Postpaid Mobile,12,12-02-2014,07-02-2015,Yes,Renewed
CN009918,C0017790,PL022,Enterprise,24,01-01-2014,22-12-2015,Yes,Renewed
CN009919,C0017793,PL006,Prepaid Mobile,24,01-01-2014,22-12-2015,Yes,Renewed
CN009920,C0017795,PL010,Postpaid Mobile,12,06-07-2018,01-07-2019,No,Auto-Renewed
CN009921,C0017796,PL009,Postpaid Mobile,12,13-08-2024,08-08-2025,Yes,Renewed
CN009922,C0017797,PL008,Postpaid Mobile,12,08-07-2021,03-07-2022,Yes,Renewed
CN009923,C0017798,PL008,Postpaid Mobile,24,28-01-2025,18-01-2027,Yes,Auto-Renewed
CN009924,C0017799,PL009,Postpaid Mobile,12,23-10-2018,18-10-2019,Yes,Renewed
CN009925,C0017802,PL016,Fiber Broadband,24,01-01-2014,22-12-2015,No,Not Renewed
CN009926,C0017803,PL007,Postpaid Mobile,12,06-02-2024,31-01-2025,Yes,Renewed
CN009927,C0017806,PL017,Fiber Broadband,24,08-11-2015,28-10-2017,No,Pending
CN009928,C0017807,PL010,Postpaid Mobile,24,15-03-2022,04-03-2024,Yes,Renewed
CN009929,C0017808,PL010,Postpaid Mobile,12,29-03-2015,23-03-2016,No,Renewed
CN009930,C0017809,PL006,Prepaid Mobile,24,01-01-2014,22-12-2015,Yes,Pending
CN009931,C0017810,PL022,Enterprise,12,28-05-2021,23-05-2022,No,Cancelled
CN009932,C0017811,PL008,Postpaid Mobile,24,13-12-2020,03-12-2022,Yes,Auto-Renewed
CN009933,C0017812,PL005,Prepaid Mobile,18,15-06-2014,07-12-2015,No,Active
CN009934,C0017813,PL023,IoT Solutions,12,05-05-2015,29-04-2016,Yes,Renewed
CN009935,C0017814,PL022,Enterprise,18,14-02-2017,08-08-2018,Yes,Renewed
CN009936,C0017815,PL016,Fiber Broadband,12,01-01-2014,27-12-2014,Yes,Not Renewed
CN009937,C0017817,PL017,Fiber Broadband,12,01-01-2014,27-12-2014,Yes,Pending
CN009938,C0017818,PL005,Prepaid Mobile,12,24-01-2018,19-01-2019,Yes,Active
CN009939,C0017820,PL011,Postpaid Mobile,24,23-07-2022,12-07-2024,No,Pending
CN009940,C0017825,PL008,Postpaid Mobile,24,30-01-2020,19-01-2022,Yes,Auto-Renewed
CN009941,C0017826,PL007,Postpaid Mobile,24,30-05-2025,20-05-2027,No,Active
CN009942,C0017833,PL006,Prepaid Mobile,12,01-01-2014,27-12-2014,No,Auto-Renewed
CN009943,C0017834,PL005,Prepaid Mobile,12,01-01-2014,27-12-2014,No,Renewed
CN009944,C0017836,PL017,Fiber Broadband,12,27-10-2024,22-10-2025,Yes,Auto-Renewed
CN009945,C0017838,PL005,Prepaid Mobile,36,25-03-2018,09-03-2021,No,Pending
CN009946,C0017840,PL009,Postpaid Mobile,12,01-08-2020,27-07-2021,No,Renewed
CN009947,C0017841,PL005,Prepaid Mobile,24,01-01-2014,22-12-2015,No,Renewed
CN009948,C0017843,PL009,Postpaid Mobile,12,19-09-2020,14-09-2021,No,Not Renewed
CN009949,C0017844,PL008,Postpaid Mobile,12,08-09-2024,03-09-2025,Yes,Renewed
CN009950,C0017845,PL005,Prepaid Mobile,18,19-12-2023,11-06-2025,Yes,Auto-Renewed
CN009951,C0017849,PL022,Enterprise,12,12-02-2015,07-02-2016,Yes,Pending
CN009952,C0017850,PL006,Prepaid Mobile,24,01-01-2014,22-12-2015,Yes,Renewed
CN009953,C0017851,PL009,Postpaid Mobile,12,12-10-2021,07-10-2022,No,Renewed
CN009954,C0017852,PL015,Fiber Broadband,24,01-01-2014,22-12-2015,No,Auto-Renewed
CN009955,C0017854,PL009,Postpaid Mobile,12,23-03-2021,18-03-2022,No,Auto-Renewed
CN009956,C0017855,PL008,Postpaid Mobile,24,27-06-2025,17-06-2027,Yes,Not Renewed
CN009957,C0017856,PL007,Postpaid Mobile,12,16-05-2022,11-05-2023,Yes,Renewed
CN009958,C0017857,PL006,Prepaid Mobile,12,10-11-2016,05-11-2017,No,Pending
CN009959,C0017858,PL011,Postpaid Mobile,36,01-01-2014,16-12-2016,No,Auto-Renewed
CN009960,C0017859,PL009,Postpaid Mobile,12,15-01-2025,10-01-2026,Yes,Not Renewed
CN009961,C0017860,PL005,Prepaid Mobile,36,01-01-2014,16-12-2016,No,Auto-Renewed
CN009962,C0017864,PL009,Postpaid Mobile,18,17-08-2025,08-02-2027,No,Renewed
CN009963,C0017865,PL008,Postpaid Mobile,12,24-07-2020,19-07-2021,Yes,Auto-Renewed
CN009964,C0017866,PL009,Postpaid Mobile,18,02-09-2015,23-02-2017,Yes,Active
CN009965,C0017867,PL023,IoT Solutions,12,17-10-2020,12-10-2021,No,Renewed
CN009966,C0017868,PL025,Smart Home,24,11-02-2017,01-02-2019,Yes,Renewed
CN009967,C0017869,PL009,Postpaid Mobile,24,01-08-2024,22-07-2026,Yes,Renewed
CN009968,C0017870,PL022,Enterprise,12,11-08-2025,06-08-2026,Yes,Renewed
CN009969,C0017873,PL005,Prepaid Mobile,12,29-09-2018,24-09-2019,No,Renewed
CN009970,C0017874,PL008,Postpaid Mobile,12,09-05-2017,04-05-2018,Yes,Active
CN009971,C0017875,PL010,Postpaid Mobile,12,29-05-2023,23-05-2024,Yes,Auto-Renewed
CN009972,C0017877,PL007,Postpaid Mobile,12,07-06-2018,02-06-2019,Yes,Active
CN009973,C0017878,PL011,Postpaid Mobile,12,28-07-2024,23-07-2025,No,Cancelled
CN009974,C0017881,PL005,Prepaid Mobile,24,17-07-2014,06-07-2016,No,Auto-Renewed
CN009975,C0017883,PL009,Postpaid Mobile,12,07-06-2024,02-06-2025,No,Not Renewed
CN009976,C0017885,PL024,IoT Solutions,24,07-10-2025,27-09-2027,Yes,Cancelled
CN009977,C0017886,PL009,Postpaid Mobile,12,07-11-2024,02-11-2025,Yes,Renewed
CN009978,C0017887,PL021,Enterprise,12,30-12-2025,25-12-2026,Yes,Auto-Renewed
CN009979,C0017889,PL005,Prepaid Mobile,24,16-10-2019,05-10-2021,Yes,Auto-Renewed
CN009980,C0017890,PL025,Smart Home,24,29-05-2022,18-05-2024,No,Pending
CN009981,C0017892,PL011,Postpaid Mobile,12,01-01-2014,27-12-2014,Yes,Renewed
CN009982,C0017893,PL016,Fiber Broadband,24,09-03-2021,27-02-2023,No,Auto-Renewed
CN009983,C0017894,PL008,Postpaid Mobile,12,15-08-2015,09-08-2016,Yes,Pending
CN009984,C0017895,PL015,Fiber Broadband,12,06-06-2014,01-06-2015,Yes,Auto-Renewed
CN009985,C0017898,PL015,Fiber Broadband,18,06-09-2017,28-02-2019,No,Not Renewed
CN009986,C0017900,PL008,Postpaid Mobile,18,31-10-2023,23-04-2025,Yes,Not Renewed
CN009987,C0017901,PL010,Postpaid Mobile,24,15-10-2014,04-10-2016,Yes,Pending
CN009988,C0017902,PL016,Fiber Broadband,12,14-05-2014,09-05-2015,No,Renewed
CN009989,C0017903,PL024,IoT Solutions,24,13-05-2015,02-05-2017,No,Pending
CN009990,C0017904,PL007,Postpaid Mobile,24,12-02-2024,01-02-2026,No,Cancelled
CN009991,C0017906,PL005,Prepaid Mobile,12,03-09-2021,29-08-2022,Yes,Renewed
CN009992,C0017908,PL022,Enterprise,12,18-08-2025,13-08-2026,Yes,Active
CN009993,C0017909,PL005,Prepaid Mobile,12,18-08-2024,13-08-2025,Yes,Auto-Renewed
CN009994,C0017911,PL007,Postpaid Mobile,24,18-04-2021,08-04-2023,Yes,Active
CN009995,C0017912,PL015,Fiber Broadband,24,31-10-2020,21-10-2022,Yes,Pending
CN009996,C0017913,PL008,Postpaid Mobile,12,28-03-2024,23-03-2025,No,Renewed
CN009997,C0017915,PL007,Postpaid Mobile,12,08-02-2022,03-02-2023,Yes,Auto-Renewed
CN009998,C0017916,PL008,Postpaid Mobile,12,06-01-2023,01-01-2024,No,Not Renewed
CN009999,C0017918,PL006,Prepaid Mobile,18,20-01-2016,13-07-2017,No,Auto-Renewed
CN010000,C0017919,PL017,Fiber Broadband,12,30-09-2018,25-09-2019,Yes,Active
CN010001,C0017920,PL009,Postpaid Mobile,24,06-07-2015,25-06-2017,Yes,Active
CN010002,C0017921,PL006,Prepaid Mobile,12,01-01-2014,27-12-2014,No,Auto-Renewed
CN010003,C0017923,PL005,Prepaid Mobile,18,26-06-2022,18-12-2023,Yes,Pending
CN010004,C0017924,PL005,Prepaid Mobile,24,19-07-2014,08-07-2016,Yes,Not Renewed
CN010005,C0017926,PL016,Fiber Broadband,12,14-04-2017,09-04-2018,Yes,Active
CN010006,C0017928,PL008,Postpaid Mobile,12,17-12-2018,12-12-2019,Yes,Active
CN010007,C0017929,PL006,Prepaid Mobile,12,22-01-2026,17-01-2027,No,Renewed
CN010008,C0017930,PL017,Fiber Broadband,12,20-07-2020,15-07-2021,Yes,Renewed
CN010009,C0017933,PL025,Smart Home,18,30-04-2014,22-10-2015,Yes,Renewed
CN010010,C0017935,PL024,IoT Solutions,24,30-04-2022,19-04-2024,No,Renewed
CN010011,C0017936,PL016,Fiber Broadband,24,12-07-2020,02-07-2022,No,Renewed
CN010012,C0017937,PL017,Fiber Broadband,18,01-01-2014,25-06-2015,Yes,Active
CN010013,C0017938,PL006,Prepaid Mobile,12,01-01-2014,27-12-2014,Yes,Not Renewed
CN010014,C0017943,PL009,Postpaid Mobile,18,23-01-2026,17-07-2027,No,Active
CN010015,C0017945,PL005,Prepaid Mobile,24,07-08-2021,28-07-2023,Yes,Pending
CN010016,C0017946,PL005,Prepaid Mobile,12,02-08-2016,28-07-2017,No,Active
CN010017,C0017948,PL005,Prepaid Mobile,18,01-01-2014,25-06-2015,Yes,Pending
CN010018,C0017950,PL016,Fiber Broadband,24,20-07-2014,09-07-2016,No,Active
CN010019,C0017952,PL011,Postpaid Mobile,12,01-01-2014,27-12-2014,Yes,Pending
CN010020,C0017956,PL008,Postpaid Mobile,12,11-05-2025,06-05-2026,No,Auto-Renewed
CN010021,C0017958,PL023,IoT Solutions,12,04-01-2020,29-12-2020,No,Auto-Renewed
CN010022,C0017960,PL016,Fiber Broadband,18,06-01-2017,30-06-2018,No,Active
CN010023,C0017965,PL011,Postpaid Mobile,36,17-12-2023,01-12-2026,Yes,Pending
CN010024,C0017966,PL021,Enterprise,24,01-01-2014,22-12-2015,No,Renewed
CN010025,C0017967,PL006,Prepaid Mobile,12,23-07-2015,17-07-2016,No,Pending
CN010026,C0017970,PL017,Fiber Broadband,24,01-01-2014,22-12-2015,No,Renewed
CN010027,C0017972,PL018,Fiber Broadband,36,06-01-2023,21-12-2025,No,Auto-Renewed
CN010028,C0017975,PL017,Fiber Broadband,12,03-03-2025,26-02-2026,No,Auto-Renewed
CN010029,C0017977,PL025,Smart Home,12,14-07-2017,09-07-2018,Yes,Renewed
CN010030,C0017978,PL009,Postpaid Mobile,12,30-11-2022,25-11-2023,No,Pending
CN010031,C0017979,PL015,Fiber Broadband,36,24-12-2017,08-12-2020,Yes,Not Renewed
CN010032,C0017983,PL005,Prepaid Mobile,18,03-06-2023,24-11-2024,Yes,Pending
CN010033,C0017984,PL006,Prepaid Mobile,12,01-01-2014,27-12-2014,No,Renewed
CN010034,C0017985,PL008,Postpaid Mobile,36,01-04-2025,16-03-2028,No,Auto-Renewed
CN010035,C0017986,PL025,Smart Home,12,21-10-2018,16-10-2019,No,Auto-Renewed
CN010036,C0017987,PL011,Postpaid Mobile,18,22-01-2023,15-07-2024,Yes,Renewed
CN010037,C0017988,PL025,Smart Home,24,15-07-2016,05-07-2018,No,Active
CN010038,C0017990,PL010,Postpaid Mobile,12,15-04-2019,09-04-2020,No,Pending
CN010039,C0017991,PL015,Fiber Broadband,24,04-07-2023,23-06-2025,Yes,Active
CN010040,C0017992,PL016,Fiber Broadband,18,09-01-2024,02-07-2025,No,Active
CN010041,C0017993,PL005,Prepaid Mobile,18,01-01-2014,25-06-2015,No,Auto-Renewed
CN010042,C0017995,PL023,IoT Solutions,24,04-06-2025,25-05-2027,Yes,Renewed
CN010043,C0017998,PL015,Fiber Broadband,12,03-09-2020,29-08-2021,Yes,Renewed
CN010044,C0018000,PL011,Postpaid Mobile,24,01-01-2014,22-12-2015,No,Pending
CN010045,C0018002,PL024,IoT Solutions,18,25-11-2021,19-05-2023,No,Auto-Renewed
CN010046,C0018006,PL021,Enterprise,12,09-05-2017,04-05-2018,No,Auto-Renewed
CN010047,C0018007,PL009,Postpaid Mobile,36,11-03-2018,23-02-2021,No,Not Renewed
CN010048,C0018009,PL016,Fiber Broadband,24,01-01-2014,22-12-2015,Yes,Not Renewed
CN010049,C0018011,PL022,Enterprise,36,06-04-2016,22-03-2019,Yes,Renewed
CN010050,C0018014,PL009,Postpaid Mobile,12,21-10-2018,16-10-2019,Yes,Auto-Renewed
CN010051,C0018016,PL007,Postpaid Mobile,18,28-05-2016,19-11-2017,Yes,Not Renewed
CN010052,C0018018,PL007,Postpaid Mobile,18,12-11-2015,05-05-2017,Yes,Cancelled
CN010053,C0018022,PL005,Prepaid Mobile,12,01-01-2014,27-12-2014,No,Active
CN010054,C0018025,PL011,Postpaid Mobile,24,22-04-2024,12-04-2026,No,Active
CN010055,C0018026,PL025,Smart Home,12,28-12-2025,23-12-2026,No,Auto-Renewed
CN010056,C0018027,PL005,Prepaid Mobile,12,01-01-2014,27-12-2014,Yes,Active
CN010057,C0018029,PL022,Enterprise,24,01-01-2014,22-12-2015,Yes,Renewed
CN010058,C0018034,PL021,Enterprise,24,01-01-2014,22-12-2015,Yes,Active
CN010059,C0018035,PL018,Fiber Broadband,36,26-12-2017,10-12-2020,No,Pending
CN010060,C0018039,PL007,Postpaid Mobile,12,17-08-2025,12-08-2026,No,Auto-Renewed
CN010061,C0018040,PL005,Prepaid Mobile,36,27-04-2016,12-04-2019,Yes,Active
CN010062,C0018041,PL010,Postpaid Mobile,12,26-12-2015,20-12-2016,Yes,Renewed
CN010063,C0018043,PL008,Postpaid Mobile,12,20-06-2020,15-06-2021,Yes,Auto-Renewed
CN010064,C0018044,PL010,Postpaid Mobile,18,30-12-2015,22-06-2017,No,Not Renewed
CN010065,C0018052,PL009,Postpaid Mobile,36,18-04-2024,03-04-2027,No,Renewed
CN010066,C0018053,PL025,Smart Home,18,18-05-2015,08-11-2016,Yes,Pending
CN010067,C0018054,PL007,Postpaid Mobile,24,18-07-2016,08-07-2018,Yes,Auto-Renewed
CN010068,C0018055,PL018,Fiber Broadband,24,03-12-2021,23-11-2023,No,Active
CN010069,C0018056,PL022,Enterprise,18,07-07-2023,28-12-2024,Yes,Renewed
CN010070,C0018060,PL024,IoT Solutions,12,26-05-2022,21-05-2023,Yes,Auto-Renewed
CN010071,C0018061,PL015,Fiber Broadband,12,28-12-2016,23-12-2017,No,Renewed
CN010072,C0018062,PL005,Prepaid Mobile,24,03-02-2023,23-01-2025,Yes,Pending
CN010073,C0018063,PL006,Prepaid Mobile,24,01-01-2014,22-12-2015,No,Renewed
CN010074,C0018064,PL016,Fiber Broadband,12,01-01-2014,27-12-2014,No,Active
CN010075,C0018066,PL016,Fiber Broadband,18,16-10-2017,09-04-2019,No,Active
CN010076,C0018067,PL005,Prepaid Mobile,18,20-04-2017,12-10-2018,Yes,Auto-Renewed
CN010077,C0018069,PL011,Postpaid Mobile,24,28-02-2018,18-02-2020,Yes,Renewed
CN010078,C0018070,PL009,Postpaid Mobile,18,24-09-2024,18-03-2026,No,Not Renewed
CN010079,C0018071,PL017,Fiber Broadband,18,21-05-2014,12-11-2015,No,Renewed
CN010080,C0018073,PL007,Postpaid Mobile,12,20-01-2022,15-01-2023,No,Not Renewed
CN010081,C0018075,PL022,Enterprise,12,01-01-2014,27-12-2014,No,Auto-Renewed
CN010082,C0018077,PL021,Enterprise,24,06-12-2023,25-11-2025,No,Auto-Renewed
CN010083,C0018078,PL016,Fiber Broadband,12,28-08-2018,23-08-2019,Yes,Pending
CN010084,C0018081,PL017,Fiber Broadband,36,13-10-2019,27-09-2022,Yes,Renewed
CN010085,C0018082,PL009,Postpaid Mobile,24,17-06-2023,06-06-2025,Yes,Renewed
CN010086,C0018083,PL010,Postpaid Mobile,24,30-08-2022,19-08-2024,No,Active
CN010087,C0018084,PL006,Prepaid Mobile,12,01-01-2014,27-12-2014,Yes,Auto-Renewed
CN010088,C0018085,PL021,Enterprise,12,01-09-2025,27-08-2026,No,Auto-Renewed
CN010089,C0018086,PL018,Fiber Broadband,12,22-05-2014,17-05-2015,Yes,Active
CN010090,C0018087,PL005,Prepaid Mobile,24,01-01-2014,22-12-2015,Yes,Pending
CN010091,C0018089,PL005,Prepaid Mobile,12,01-01-2014,27-12-2014,No,Renewed
CN010092,C0018090,PL006,Prepaid Mobile,12,04-02-2014,30-01-2015,Yes,Pending
CN010093,C0018092,PL009,Postpaid Mobile,24,01-10-2024,21-09-2026,Yes,Not Renewed
CN010094,C0018093,PL015,Fiber Broadband,12,01-01-2014,27-12-2014,Yes,Auto-Renewed
CN010095,C0018094,PL011,Postpaid Mobile,12,01-01-2014,27-12-2014,No,Renewed
CN010096,C0018095,PL016,Fiber Broadband,36,04-06-2020,20-05-2023,Yes,Auto-Renewed
CN010097,C0018097,PL007,Postpaid Mobile,12,01-09-2024,27-08-2025,No,Renewed
CN010098,C0018098,PL011,Postpaid Mobile,24,01-01-2014,22-12-2015,Yes,Auto-Renewed
CN010099,C0018099,PL009,Postpaid Mobile,12,26-12-2024,21-12-2025,No,Renewed
CN010100,C0018100,PL008,Postpaid Mobile,24,07-09-2019,27-08-2021,Yes,Renewed
CN010101,C0018102,PL006,Prepaid Mobile,18,14-08-2016,05-02-2018,No,Pending
CN010102,C0018103,PL005,Prepaid Mobile,24,29-09-2017,19-09-2019,No,Renewed
CN010103,C0018107,PL016,Fiber Broadband,24,01-01-2014,22-12-2015,No,Renewed
CN010104,C0018108,PL018,Fiber Broadband,24,28-08-2017,18-08-2019,No,Pending
CN010105,C0018112,PL006,Prepaid Mobile,12,31-10-2015,25-10-2016,No,Renewed
CN010106,C0018113,PL011,Postpaid Mobile,12,01-01-2014,27-12-2014,Yes,Renewed
CN010107,C0018114,PL007,Postpaid Mobile,12,23-03-2025,18-03-2026,Yes,Auto-Renewed
CN010108,C0018116,PL021,Enterprise,12,03-10-2023,27-09-2024,Yes,Pending
CN010109,C0018117,PL006,Prepaid Mobile,12,18-12-2021,13-12-2022,No,Renewed
CN010110,C0018118,PL006,Prepaid Mobile,24,12-11-2022,01-11-2024,Yes,Pending
CN010111,C0018120,PL010,Postpaid Mobile,36,09-12-2021,23-11-2024,Yes,Renewed
CN010112,C0018124,PL011,Postpaid Mobile,18,01-01-2014,25-06-2015,Yes,Renewed
CN010113,C0018125,PL016,Fiber Broadband,24,21-08-2021,11-08-2023,Yes,Pending
CN010114,C0018126,PL005,Prepaid Mobile,24,01-01-2014,22-12-2015,No,Auto-Renewed
CN010115,C0018127,PL011,Postpaid Mobile,12,15-01-2016,09-01-2017,Yes,Not Renewed
CN010116,C0018130,PL007,Postpaid Mobile,12,29-12-2022,24-12-2023,No,Renewed
CN010117,C0018131,PL010,Postpaid Mobile,36,17-05-2015,01-05-2018,No,Not Renewed
CN010118,C0018132,PL011,Postpaid Mobile,18,10-02-2024,03-08-2025,Yes,Active
CN010119,C0018134,PL011,Postpaid Mobile,18,22-11-2018,15-05-2020,Yes,Renewed
CN010120,C0018136,PL018,Fiber Broadband,12,24-12-2021,19-12-2022,No,Auto-Renewed
CN010121,C0018139,PL022,Enterprise,12,01-01-2014,27-12-2014,No,Active
CN010122,C0018141,PL009,Postpaid Mobile,18,04-09-2020,26-02-2022,Yes,Pending
CN010123,C0018144,PL015,Fiber Broadband,24,01-01-2014,22-12-2015,Yes,Cancelled
CN010124,C0018145,PL006,Prepaid Mobile,24,01-01-2014,22-12-2015,No,Auto-Renewed
CN010125,C0018146,PL015,Fiber Broadband,12,01-01-2014,27-12-2014,Yes,Pending
CN010126,C0018147,PL010,Postpaid Mobile,24,27-08-2022,16-08-2024,No,Renewed
CN010127,C0018150,PL022,Enterprise,12,01-01-2014,27-12-2014,Yes,Renewed
CN010128,C0018152,PL006,Prepaid Mobile,36,20-05-2024,05-05-2027,Yes,Auto-Renewed
CN010129,C0018153,PL005,Prepaid Mobile,12,23-10-2016,18-10-2017,No,Active
CN010130,C0018154,PL016,Fiber Broadband,12,17-02-2021,12-02-2022,Yes,Auto-Renewed
CN010131,C0018155,PL008,Postpaid Mobile,24,05-09-2018,25-08-2020,Yes,Auto-Renewed
CN010132,C0018156,PL018,Fiber Broadband,24,01-01-2014,22-12-2015,Yes,Renewed
CN010133,C0018157,PL015,Fiber Broadband,24,28-05-2019,17-05-2021,No,Active
CN010134,C0018159,PL005,Prepaid Mobile,12,06-06-2014,01-06-2015,Yes,Renewed
CN010135,C0018162,PL005,Prepaid Mobile,12,07-05-2025,02-05-2026,No,Renewed
CN010136,C0018163,PL023,IoT Solutions,36,08-05-2018,22-04-2021,Yes,Renewed
CN010137,C0018164,PL011,Postpaid Mobile,18,28-08-2020,19-02-2022,Yes,Renewed
CN010138,C0018167,PL007,Postpaid Mobile,12,05-10-2014,30-09-2015,Yes,Not Renewed
CN010139,C0018168,PL005,Prepaid Mobile,12,01-01-2014,27-12-2014,Yes,Pending
CN010140,C0018171,PL005,Prepaid Mobile,24,01-01-2014,22-12-2015,No,Active
CN010141,C0018172,PL015,Fiber Broadband,12,28-07-2018,23-07-2019,No,Renewed
CN010142,C0018174,PL006,Prepaid Mobile,18,20-08-2016,11-02-2018,Yes,Pending
CN010143,C0018175,PL009,Postpaid Mobile,24,01-06-2020,22-05-2022,Yes,Renewed
CN010144,C0018178,PL018,Fiber Broadband,12,15-10-2018,10-10-2019,Yes,Renewed
CN010145,C0018179,PL008,Postpaid Mobile,24,28-12-2014,17-12-2016,No,Not Renewed
CN010146,C0018183,PL009,Postpaid Mobile,12,21-01-2015,16-01-2016,Yes,Auto-Renewed
CN010147,C0018184,PL011,Postpaid Mobile,12,01-01-2014,27-12-2014,Yes,Renewed
CN010148,C0018185,PL024,IoT Solutions,18,24-07-2023,14-01-2025,Yes,Active
CN010149,C0018186,PL008,Postpaid Mobile,36,29-10-2017,13-10-2020,Yes,Active
CN010150,C0018187,PL006,Prepaid Mobile,24,08-09-2018,28-08-2020,Yes,Active
CN010151,C0018188,PL005,Prepaid Mobile,24,23-01-2020,12-01-2022,No,Renewed
CN010152,C0018189,PL022,Enterprise,12,01-01-2014,27-12-2014,No,Auto-Renewed
CN010153,C0018190,PL023,IoT Solutions,12,10-06-2014,05-06-2015,No,Renewed
CN010154,C0018191,PL016,Fiber Broadband,18,01-01-2014,25-06-2015,No,Not Renewed
CN010155,C0018192,PL022,Enterprise,12,15-06-2021,10-06-2022,Yes,Pending
CN010156,C0018193,PL010,Postpaid Mobile,12,16-09-2020,11-09-2021,Yes,Renewed
CN010157,C0018194,PL009,Postpaid Mobile,12,29-01-2020,23-01-2021,No,Active
CN010158,C0018195,PL005,Prepaid Mobile,12,01-01-2014,27-12-2014,Yes,Pending
CN010159,C0018197,PL008,Postpaid Mobile,12,04-12-2023,28-11-2024,Yes,Not Renewed
CN010160,C0018198,PL011,Postpaid Mobile,12,01-01-2014,27-12-2014,No,Active
CN010161,C0018199,PL009,Postpaid Mobile,12,02-12-2022,27-11-2023,Yes,Auto-Renewed
CN010162,C0018202,PL016,Fiber Broadband,36,08-04-2023,23-03-2026,Yes,Renewed
CN010163,C0018206,PL007,Postpaid Mobile,24,16-10-2024,06-10-2026,Yes,Cancelled
CN010164,C0018208,PL015,Fiber Broadband,24,03-05-2022,22-04-2024,Yes,Renewed
CN010165,C0018209,PL005,Prepaid Mobile,12,01-01-2014,27-12-2014,Yes,Renewed
CN010166,C0018211,PL025,Smart Home,12,10-07-2015,04-07-2016,Yes,Auto-Renewed
CN010167,C0018213,PL008,Postpaid Mobile,24,31-10-2017,21-10-2019,Yes,Renewed
CN010168,C0018215,PL015,Fiber Broadband,24,01-01-2014,22-12-2015,No,Renewed
CN010169,C0018217,PL017,Fiber Broadband,18,24-02-2022,18-08-2023,Yes,Pending
CN010170,C0018219,PL010,Postpaid Mobile,18,08-11-2024,02-05-2026,Yes,Auto-Renewed
CN010171,C0018220,PL008,Postpaid Mobile,24,27-07-2022,16-07-2024,Yes,Auto-Renewed
CN010172,C0018221,PL015,Fiber Broadband,12,01-01-2014,27-12-2014,Yes,Renewed
CN010173,C0018224,PL018,Fiber Broadband,36,23-03-2023,07-03-2026,No,Renewed
CN010174,C0018225,PL010,Postpaid Mobile,24,09-03-2015,26-02-2017,No,Renewed
CN010175,C0018228,PL009,Postpaid Mobile,18,12-05-2020,03-11-2021,Yes,Renewed
CN010176,C0018229,PL016,Fiber Broadband,12,21-03-2015,15-03-2016,Yes,Renewed
CN010177,C0018231,PL005,Prepaid Mobile,36,26-12-2016,11-12-2019,Yes,Active
CN010178,C0018232,PL008,Postpaid Mobile,12,18-07-2021,13-07-2022,Yes,Auto-Renewed
CN010179,C0018234,PL011,Postpaid Mobile,24,01-01-2014,22-12-2015,No,Pending
CN010180,C0018235,PL006,Prepaid Mobile,12,03-12-2017,28-11-2018,No,Pending
CN010181,C0018236,PL023,IoT Solutions,24,08-07-2025,28-06-2027,Yes,Auto-Renewed
CN010182,C0018238,PL015,Fiber Broadband,12,14-07-2021,09-07-2022,Yes,Pending
CN010183,C0018239,PL009,Postpaid Mobile,12,18-01-2021,13-01-2022,Yes,Renewed
CN010184,C0018241,PL017,Fiber Broadband,12,01-01-2014,27-12-2014,No,Active
CN010185,C0018242,PL021,Enterprise,24,25-05-2017,15-05-2019,No,Pending
CN010186,C0018243,PL006,Prepaid Mobile,24,01-01-2014,22-12-2015,No,Renewed
CN010187,C0018244,PL006,Prepaid Mobile,12,23-02-2019,18-02-2020,Yes,Not Renewed
CN010188,C0018245,PL022,Enterprise,24,01-01-2014,22-12-2015,Yes,Pending
CN010189,C0018246,PL024,IoT Solutions,12,08-11-2017,03-11-2018,No,Renewed
CN010190,C0018251,PL011,Postpaid Mobile,18,16-02-2023,09-08-2024,No,Auto-Renewed
CN010191,C0018253,PL006,Prepaid Mobile,12,01-01-2014,27-12-2014,Yes,Renewed
CN010192,C0018254,PL006,Prepaid Mobile,24,01-01-2014,22-12-2015,Yes,Pending
CN010193,C0018256,PL005,Prepaid Mobile,24,08-03-2021,26-02-2023,Yes,Active
CN010194,C0018257,PL018,Fiber Broadband,18,01-01-2014,25-06-2015,No,Renewed
CN010195,C0018258,PL017,Fiber Broadband,12,01-01-2014,27-12-2014,No,Renewed
CN010196,C0018259,PL016,Fiber Broadband,24,01-01-2014,22-12-2015,Yes,Not Renewed
CN010197,C0018261,PL005,Prepaid Mobile,36,06-09-2015,21-08-2018,Yes,Renewed
CN010198,C0018262,PL024,IoT Solutions,12,15-07-2015,09-07-2016,No,Not Renewed
CN010199,C0018266,PL015,Fiber Broadband,12,27-02-2024,21-02-2025,No,Cancelled
CN010200,C0018267,PL010,Postpaid Mobile,24,10-04-2019,30-03-2021,Yes,Pending
CN010201,C0018268,PL006,Prepaid Mobile,12,20-08-2020,15-08-2021,Yes,Auto-Renewed
CN010202,C0018270,PL015,Fiber Broadband,36,29-10-2015,13-10-2018,No,Auto-Renewed
CN010203,C0018271,PL018,Fiber Broadband,24,15-04-2023,04-04-2025,Yes,Not Renewed
CN010204,C0018272,PL006,Prepaid Mobile,36,03-11-2024,19-10-2027,No,Renewed
CN010205,C0018273,PL005,Prepaid Mobile,12,29-01-2014,24-01-2015,Yes,Auto-Renewed
CN010206,C0018274,PL007,Postpaid Mobile,12,02-06-2023,27-05-2024,No,Pending
CN010207,C0018275,PL007,Postpaid Mobile,36,04-01-2023,19-12-2025,No,Renewed
CN010208,C0018279,PL021,Enterprise,24,15-11-2019,04-11-2021,No,Auto-Renewed
CN010209,C0018281,PL008,Postpaid Mobile,18,10-02-2017,04-08-2018,Yes,Pending
CN010210,C0018282,PL006,Prepaid Mobile,24,08-09-2019,28-08-2021,Yes,Renewed
CN010211,C0018283,PL005,Prepaid Mobile,18,11-03-2023,01-09-2024,No,Pending
CN010212,C0018284,PL024,IoT Solutions,24,15-07-2016,05-07-2018,No,Not Renewed
CN010213,C0018286,PL025,Smart Home,36,28-06-2024,13-06-2027,Yes,Auto-Renewed
CN010214,C0018288,PL017,Fiber Broadband,12,01-01-2014,27-12-2014,No,Renewed
CN010215,C0018291,PL006,Prepaid Mobile,18,20-04-2016,12-10-2017,Yes,Renewed
CN010216,C0018292,PL018,Fiber Broadband,18,29-03-2024,20-09-2025,Yes,Not Renewed
CN010217,C0018293,PL015,Fiber Broadband,24,09-01-2025,30-12-2026,No,Not Renewed
CN010218,C0018294,PL006,Prepaid Mobile,18,01-01-2014,25-06-2015,Yes,Auto-Renewed
CN010219,C0018296,PL021,Enterprise,24,01-01-2014,22-12-2015,No,Auto-Renewed
CN010220,C0018298,PL008,Postpaid Mobile,12,18-05-2019,12-05-2020,Yes,Auto-Renewed
CN010221,C0018302,PL005,Prepaid Mobile,24,05-10-2018,24-09-2020,No,Pending
CN010222,C0018303,PL010,Postpaid Mobile,12,18-06-2022,13-06-2023,Yes,Active
CN010223,C0018304,PL006,Prepaid Mobile,12,13-06-2024,08-06-2025,No,Not Renewed
CN010224,C0018305,PL023,IoT Solutions,24,09-07-2016,29-06-2018,No,Renewed
CN010225,C0018306,PL006,Prepaid Mobile,24,01-01-2014,22-12-2015,Yes,Renewed
CN010226,C0018309,PL010,Postpaid Mobile,12,07-12-2020,02-12-2021,No,Renewed
CN010227,C0018310,PL011,Postpaid Mobile,12,01-01-2014,27-12-2014,No,Active
CN010228,C0018312,PL010,Postpaid Mobile,12,30-06-2019,24-06-2020,No,Auto-Renewed
CN010229,C0018313,PL007,Postpaid Mobile,12,18-05-2015,12-05-2016,No,Auto-Renewed
CN010230,C0018314,PL005,Prepaid Mobile,12,14-07-2017,09-07-2018,No,Renewed
CN010231,C0018315,PL008,Postpaid Mobile,12,20-05-2018,15-05-2019,Yes,Auto-Renewed
CN010232,C0018316,PL024,IoT Solutions,24,06-08-2025,27-07-2027,No,Auto-Renewed
CN010233,C0018317,PL008,Postpaid Mobile,12,28-11-2020,23-11-2021,Yes,Auto-Renewed
CN010234,C0018319,PL006,Prepaid Mobile,12,18-08-2018,13-08-2019,No,Active
CN010235,C0018320,PL021,Enterprise,24,01-01-2014,22-12-2015,Yes,Renewed
CN010236,C0018321,PL009,Postpaid Mobile,24,18-09-2023,07-09-2025,No,Renewed
CN010237,C0018322,PL007,Postpaid Mobile,12,10-11-2015,04-11-2016,Yes,Auto-Renewed
CN010238,C0018323,PL005,Prepaid Mobile,24,01-01-2014,22-12-2015,No,Renewed
CN010239,C0018324,PL016,Fiber Broadband,36,25-11-2024,10-11-2027,No,Cancelled
CN010240,C0018326,PL006,Prepaid Mobile,12,10-08-2025,05-08-2026,Yes,Auto-Renewed
CN010241,C0018328,PL009,Postpaid Mobile,12,05-11-2018,31-10-2019,Yes,Auto-Renewed
CN010242,C0018329,PL005,Prepaid Mobile,12,14-05-2017,09-05-2018,Yes,Renewed
CN010243,C0018331,PL022,Enterprise,24,01-01-2014,22-12-2015,Yes,Pending
CN010244,C0018332,PL005,Prepaid Mobile,36,17-05-2014,01-05-2017,No,Pending
CN010245,C0018334,PL008,Postpaid Mobile,36,09-07-2014,23-06-2017,No,Renewed
CN010246,C0018336,PL022,Enterprise,12,01-01-2014,27-12-2014,No,Active
CN010247,C0018337,PL021,Enterprise,24,23-04-2015,12-04-2017,Yes,Pending
CN010248,C0018338,PL015,Fiber Broadband,18,26-06-2023,17-12-2024,Yes,Not Renewed
CN010249,C0018339,PL006,Prepaid Mobile,24,28-06-2017,18-06-2019,No,Auto-Renewed
CN010250,C0018340,PL011,Postpaid Mobile,24,01-01-2014,22-12-2015,No,Pending
CN010251,C0018341,PL010,Postpaid Mobile,12,31-12-2025,26-12-2026,No,Not Renewed
CN010252,C0018343,PL009,Postpaid Mobile,18,14-01-2022,08-07-2023,Yes,Auto-Renewed
CN010253,C0018347,PL006,Prepaid Mobile,12,01-01-2014,27-12-2014,Yes,Auto-Renewed
CN010254,C0018350,PL024,IoT Solutions,36,14-12-2021,28-11-2024,No,Pending
CN010255,C0018351,PL025,Smart Home,24,04-09-2020,25-08-2022,No,Renewed
CN010256,C0018353,PL008,Postpaid Mobile,12,01-04-2018,27-03-2019,Yes,Active
CN010257,C0018354,PL009,Postpaid Mobile,12,12-03-2022,07-03-2023,No,Active
CN010258,C0018355,PL007,Postpaid Mobile,24,03-01-2023,23-12-2024,Yes,Auto-Renewed
CN010259,C0018356,PL009,Postpaid Mobile,12,12-03-2025,07-03-2026,No,Renewed
CN010260,C0018357,PL021,Enterprise,18,31-07-2022,22-01-2024,Yes,Auto-Renewed
CN010261,C0018359,PL006,Prepaid Mobile,12,01-01-2014,27-12-2014,Yes,Pending
CN010262,C0018360,PL009,Postpaid Mobile,12,22-03-2017,17-03-2018,No,Auto-Renewed
CN010263,C0018361,PL009,Postpaid Mobile,18,26-07-2023,16-01-2025,Yes,Cancelled
CN010264,C0018363,PL005,Prepaid Mobile,36,13-10-2017,27-09-2020,No,Auto-Renewed
CN010265,C0018365,PL006,Prepaid Mobile,36,01-01-2014,16-12-2016,Yes,Renewed
CN010266,C0018366,PL006,Prepaid Mobile,18,01-01-2014,25-06-2015,No,Pending
CN010267,C0018367,PL008,Postpaid Mobile,12,24-08-2020,19-08-2021,Yes,Active
CN010268,C0018368,PL024,IoT Solutions,36,31-01-2026,15-01-2029,No,Cancelled
CN010269,C0018370,PL005,Prepaid Mobile,12,07-05-2019,01-05-2020,No,Auto-Renewed
CN010270,C0018371,PL017,Fiber Broadband,12,01-01-2014,27-12-2014,No,Active
CN010271,C0018373,PL005,Prepaid Mobile,12,01-01-2014,27-12-2014,Yes,Pending
CN010272,C0018375,PL011,Postpaid Mobile,12,01-01-2014,27-12-2014,Yes,Active
CN010273,C0018380,PL015,Fiber Broadband,12,21-08-2022,16-08-2023,No,Renewed
CN010274,C0018385,PL016,Fiber Broadband,24,19-07-2021,09-07-2023,Yes,Renewed
CN010275,C0018386,PL015,Fiber Broadband,24,02-02-2016,22-01-2018,No,Active
CN010276,C0018388,PL017,Fiber Broadband,18,16-06-2023,07-12-2024,No,Not Renewed
CN010277,C0018389,PL025,Smart Home,12,18-08-2019,12-08-2020,No,Renewed
CN010278,C0018391,PL008,Postpaid Mobile,18,15-07-2022,06-01-2024,No,Renewed
CN010279,C0018394,PL024,IoT Solutions,12,13-02-2020,07-02-2021,No,Pending
CN010280,C0018397,PL009,Postpaid Mobile,36,11-05-2016,26-04-2019,Yes,Renewed
CN010281,C0018398,PL010,Postpaid Mobile,12,02-01-2016,27-12-2016,No,Pending
CN010282,C0018399,PL006,Prepaid Mobile,12,21-01-2014,16-01-2015,Yes,Pending
CN010283,C0018400,PL021,Enterprise,18,01-01-2014,25-06-2015,No,Renewed
CN010284,C0018401,PL006,Prepaid Mobile,12,01-01-2014,27-12-2014,No,Renewed
CN010285,C0018402,PL006,Prepaid Mobile,24,30-03-2019,19-03-2021,Yes,Renewed
CN010286,C0018403,PL010,Postpaid Mobile,36,13-02-2026,28-01-2029,Yes,Active
CN010287,C0018404,PL011,Postpaid Mobile,12,31-05-2025,26-05-2026,Yes,Auto-Renewed
CN010288,C0018407,PL018,Fiber Broadband,12,18-12-2024,13-12-2025,Yes,Renewed
CN010289,C0018408,PL009,Postpaid Mobile,24,24-12-2023,13-12-2025,Yes,Renewed
CN010290,C0018411,PL023,IoT Solutions,12,24-10-2022,19-10-2023,No,Cancelled
CN010291,C0018412,PL006,Prepaid Mobile,24,01-01-2014,22-12-2015,No,Pending
CN010292,C0018414,PL009,Postpaid Mobile,36,21-09-2015,05-09-2018,Yes,Renewed
CN010293,C0018416,PL010,Postpaid Mobile,24,05-10-2015,24-09-2017,No,Auto-Renewed
CN010294,C0018417,PL023,IoT Solutions,12,08-06-2024,03-06-2025,No,Auto-Renewed
CN010295,C0018418,PL011,Postpaid Mobile,12,27-12-2020,22-12-2021,No,Renewed
CN010296,C0018422,PL005,Prepaid Mobile,18,21-02-2018,15-08-2019,Yes,Auto-Renewed
CN010297,C0018423,PL005,Prepaid Mobile,24,01-01-2014,22-12-2015,No,Auto-Renewed
CN010298,C0018427,PL009,Postpaid Mobile,12,27-11-2023,21-11-2024,No,Auto-Renewed
CN010299,C0018429,PL015,Fiber Broadband,12,16-03-2015,10-03-2016,No,Renewed
CN010300,C0018430,PL007,Postpaid Mobile,12,30-10-2015,24-10-2016,Yes,Renewed
CN010301,C0018431,PL005,Prepaid Mobile,18,04-07-2024,26-12-2025,Yes,Cancelled
CN010302,C0018433,PL010,Postpaid Mobile,18,20-05-2022,11-11-2023,Yes,Auto-Renewed
CN010303,C0018434,PL005,Prepaid Mobile,12,05-12-2014,30-11-2015,No,Renewed
CN010304,C0018435,PL008,Postpaid Mobile,12,10-09-2023,04-09-2024,Yes,Auto-Renewed
CN010305,C0018437,PL021,Enterprise,24,30-11-2019,19-11-2021,Yes,Pending
CN010306,C0018439,PL018,Fiber Broadband,12,01-01-2014,27-12-2014,Yes,Auto-Renewed
CN010307,C0018440,PL016,Fiber Broadband,12,04-06-2022,30-05-2023,Yes,Not Renewed
CN010308,C0018443,PL006,Prepaid Mobile,24,01-01-2014,22-12-2015,No,Renewed
CN010309,C0018445,PL022,Enterprise,12,01-01-2014,27-12-2014,No,Active
CN010310,C0018446,PL008,Postpaid Mobile,12,23-03-2016,18-03-2017,Yes,Renewed
CN010311,C0018447,PL005,Prepaid Mobile,18,29-09-2017,23-03-2019,Yes,Renewed
CN010312,C0018448,PL018,Fiber Broadband,12,08-07-2016,03-07-2017,Yes,Auto-Renewed
CN010313,C0018451,PL009,Postpaid Mobile,18,14-12-2022,06-06-2024,No,Active
CN010314,C0018452,PL005,Prepaid Mobile,24,04-05-2025,24-04-2027,Yes,Not Renewed
CN010315,C0018453,PL025,Smart Home,24,17-04-2018,06-04-2020,Yes,Renewed
CN010316,C0018457,PL021,Enterprise,24,01-01-2014,22-12-2015,No,Active
CN010317,C0018458,PL007,Postpaid Mobile,12,26-05-2025,21-05-2026,No,Active
CN010318,C0018459,PL008,Postpaid Mobile,36,18-02-2015,02-02-2018,Yes,Auto-Renewed
CN010319,C0018460,PL016,Fiber Broadband,18,02-04-2024,24-09-2025,No,Renewed
CN010320,C0018463,PL022,Enterprise,12,01-01-2014,27-12-2014,No,Active
CN010321,C0018465,PL006,Prepaid Mobile,24,01-01-2014,22-12-2015,No,Renewed
CN010322,C0018466,PL015,Fiber Broadband,36,01-01-2014,16-12-2016,Yes,Auto-Renewed
CN010323,C0018467,PL011,Postpaid Mobile,18,01-01-2014,25-06-2015,No,Pending
CN010324,C0018468,PL015,Fiber Broadband,12,01-01-2014,27-12-2014,Yes,Renewed
CN010325,C0018471,PL021,Enterprise,24,01-01-2014,22-12-2015,No,Active
CN010326,C0018478,PL017,Fiber Broadband,18,12-11-2021,06-05-2023,Yes,Active
CN010327,C0018485,PL008,Postpaid Mobile,12,17-05-2020,12-05-2021,Yes,Active
CN010328,C0018486,PL011,Postpaid Mobile,12,15-08-2019,09-08-2020,No,Renewed
CN010329,C0018487,PL010,Postpaid Mobile,24,13-08-2020,03-08-2022,No,Auto-Renewed
CN010330,C0018488,PL025,Smart Home,12,05-04-2019,30-03-2020,Yes,Renewed
CN010331,C0018490,PL015,Fiber Broadband,12,18-08-2017,13-08-2018,No,Not Renewed
CN010332,C0018492,PL021,Enterprise,12,07-11-2025,02-11-2026,Yes,Not Renewed
CN010333,C0018493,PL008,Postpaid Mobile,24,18-08-2015,07-08-2017,Yes,Renewed
CN010334,C0018495,PL008,Postpaid Mobile,24,28-01-2024,17-01-2026,No,Active
CN010335,C0018496,PL025,Smart Home,12,08-10-2020,03-10-2021,No,Renewed
CN010336,C0018499,PL007,Postpaid Mobile,24,18-03-2025,08-03-2027,Yes,Not Renewed
CN010337,C0018500,PL022,Enterprise,36,30-03-2019,14-03-2022,No,Auto-Renewed
CN010338,C0018501,PL010,Postpaid Mobile,12,27-12-2017,22-12-2018,No,Active
CN010339,C0018503,PL007,Postpaid Mobile,12,13-02-2025,08-02-2026,Yes,Renewed
CN010340,C0018504,PL021,Enterprise,12,30-11-2023,24-11-2024,Yes,Auto-Renewed
CN010341,C0018505,PL005,Prepaid Mobile,12,13-12-2018,08-12-2019,No,Renewed
CN010342,C0018506,PL018,Fiber Broadband,12,14-10-2025,09-10-2026,Yes,Not Renewed
CN010343,C0018508,PL017,Fiber Broadband,36,01-01-2014,16-12-2016,Yes,Renewed
CN010344,C0018510,PL005,Prepaid Mobile,12,10-12-2024,05-12-2025,Yes,Active
CN010345,C0018513,PL016,Fiber Broadband,12,26-02-2023,21-02-2024,No,Renewed
CN010346,C0018516,PL022,Enterprise,12,01-01-2014,27-12-2014,No,Renewed
CN010347,C0018518,PL011,Postpaid Mobile,18,25-02-2015,18-08-2016,Yes,Active
CN010348,C0018520,PL006,Prepaid Mobile,12,24-10-2014,19-10-2015,Yes,Renewed
CN010349,C0018521,PL017,Fiber Broadband,24,01-01-2014,22-12-2015,No,Active
CN010350,C0018525,PL006,Prepaid Mobile,12,18-10-2025,13-10-2026,No,Active
CN010351,C0018527,PL005,Prepaid Mobile,18,01-01-2014,25-06-2015,No,Auto-Renewed
CN010352,C0018528,PL007,Postpaid Mobile,12,13-01-2021,08-01-2022,No,Auto-Renewed
CN010353,C0018529,PL005,Prepaid Mobile,12,01-01-2014,27-12-2014,No,Pending
CN010354,C0018531,PL015,Fiber Broadband,24,28-09-2022,17-09-2024,Yes,Renewed
CN010355,C0018533,PL010,Postpaid Mobile,12,31-12-2015,25-12-2016,No,Auto-Renewed
CN010356,C0018536,PL008,Postpaid Mobile,24,14-10-2018,03-10-2020,No,Pending
CN010357,C0018537,PL018,Fiber Broadband,12,01-01-2014,27-12-2014,Yes,Auto-Renewed
CN010358,C0018538,PL005,Prepaid Mobile,12,27-11-2018,22-11-2019,Yes,Not Renewed
CN010359,C0018541,PL011,Postpaid Mobile,36,01-01-2014,16-12-2016,Yes,Renewed
CN010360,C0018542,PL021,Enterprise,12,01-01-2014,27-12-2014,Yes,Renewed
CN010361,C0018543,PL008,Postpaid Mobile,24,26-07-2025,16-07-2027,No,Active
CN010362,C0018546,PL011,Postpaid Mobile,24,06-09-2014,26-08-2016,Yes,Active
CN010363,C0018549,PL006,Prepaid Mobile,24,05-08-2020,26-07-2022,No,Active
CN010364,C0018551,PL025,Smart Home,12,07-07-2025,02-07-2026,Yes,Renewed
CN010365,C0018552,PL015,Fiber Broadband,12,03-03-2020,26-02-2021,No,Renewed
CN010366,C0018553,PL011,Postpaid Mobile,12,17-11-2015,11-11-2016,No,Renewed
CN010367,C0018555,PL024,IoT Solutions,18,30-10-2023,22-04-2025,Yes,Not Renewed
CN010368,C0018564,PL016,Fiber Broadband,12,06-05-2019,30-04-2020,Yes,Pending
CN010369,C0018567,PL011,Postpaid Mobile,24,27-07-2021,17-07-2023,Yes,Renewed
CN010370,C0018568,PL007,Postpaid Mobile,12,08-11-2019,02-11-2020,No,Auto-Renewed
CN010371,C0018569,PL011,Postpaid Mobile,24,01-01-2014,22-12-2015,Yes,Renewed
CN010372,C0018570,PL016,Fiber Broadband,24,22-05-2022,11-05-2024,No,Not Renewed
CN010373,C0018573,PL023,IoT Solutions,24,15-07-2025,05-07-2027,No,Active
CN010374,C0018574,PL010,Postpaid Mobile,12,16-11-2020,11-11-2021,Yes,Auto-Renewed
CN010375,C0018576,PL005,Prepaid Mobile,12,03-01-2019,29-12-2019,No,Active
CN010376,C0018577,PL005,Prepaid Mobile,36,01-01-2014,16-12-2016,Yes,Active
CN010377,C0018578,PL016,Fiber Broadband,24,23-07-2024,13-07-2026,Yes,Auto-Renewed
CN010378,C0018580,PL010,Postpaid Mobile,12,26-10-2018,21-10-2019,Yes,Auto-Renewed
CN010379,C0018583,PL016,Fiber Broadband,12,01-01-2014,27-12-2014,Yes,Renewed
CN010380,C0018584,PL009,Postpaid Mobile,24,20-09-2015,09-09-2017,Yes,Renewed
CN010381,C0018585,PL011,Postpaid Mobile,18,01-01-2014,25-06-2015,Yes,Renewed
CN010382,C0018587,PL007,Postpaid Mobile,24,15-05-2014,04-05-2016,Yes,Auto-Renewed
CN010383,C0018588,PL024,IoT Solutions,36,02-02-2025,18-01-2028,Yes,Auto-Renewed
CN010384,C0018591,PL016,Fiber Broadband,12,01-01-2014,27-12-2014,Yes,Pending
CN010385,C0018592,PL006,Prepaid Mobile,18,22-01-2021,16-07-2022,Yes,Auto-Renewed
CN010386,C0018593,PL011,Postpaid Mobile,36,01-01-2014,16-12-2016,Yes,Auto-Renewed
CN010387,C0018598,PL008,Postpaid Mobile,12,03-02-2015,29-01-2016,Yes,Renewed
CN010388,C0018599,PL025,Smart Home,12,17-04-2017,12-04-2018,Yes,Auto-Renewed
CN010389,C0018601,PL007,Postpaid Mobile,12,18-05-2025,13-05-2026,Yes,Not Renewed
CN010390,C0018602,PL016,Fiber Broadband,24,18-04-2019,07-04-2021,No,Renewed
CN010391,C0018603,PL005,Prepaid Mobile,24,01-02-2015,21-01-2017,No,Cancelled
CN010392,C0018605,PL018,Fiber Broadband,12,16-01-2018,11-01-2019,Yes,Auto-Renewed
CN010393,C0018606,PL009,Postpaid Mobile,12,20-08-2025,15-08-2026,No,Auto-Renewed
CN010394,C0018609,PL007,Postpaid Mobile,12,29-06-2015,23-06-2016,No,Auto-Renewed
CN010395,C0018614,PL021,Enterprise,12,01-01-2014,27-12-2014,Yes,Renewed
CN010396,C0018617,PL007,Postpaid Mobile,12,31-08-2022,26-08-2023,No,Renewed
CN010397,C0018618,PL016,Fiber Broadband,18,01-01-2014,25-06-2015,No,Renewed
CN010398,C0018622,PL025,Smart Home,36,30-11-2023,14-11-2026,No,Not Renewed
CN010399,C0018624,PL007,Postpaid Mobile,18,20-06-2018,12-12-2019,No,Renewed
CN010400,C0018625,PL006,Prepaid Mobile,12,01-01-2014,27-12-2014,Yes,Not Renewed
CN010401,C0018627,PL011,Postpaid Mobile,12,31-01-2026,26-01-2027,Yes,Not Renewed
CN010402,C0018628,PL017,Fiber Broadband,12,10-08-2024,05-08-2025,No,Cancelled
CN010403,C0018631,PL005,Prepaid Mobile,36,01-01-2014,16-12-2016,No,Pending
CN010404,C0018632,PL018,Fiber Broadband,12,05-02-2023,31-01-2024,No,Auto-Renewed
CN010405,C0018634,PL011,Postpaid Mobile,24,05-02-2025,26-01-2027,Yes,Auto-Renewed
CN010406,C0018636,PL006,Prepaid Mobile,12,08-07-2020,03-07-2021,No,Auto-Renewed
CN010407,C0018637,PL015,Fiber Broadband,12,01-01-2014,27-12-2014,Yes,Renewed
CN010408,C0018638,PL022,Enterprise,12,12-08-2015,06-08-2016,Yes,Auto-Renewed
CN010409,C0018640,PL017,Fiber Broadband,24,30-04-2018,19-04-2020,Yes,Not Renewed
CN010410,C0018642,PL010,Postpaid Mobile,12,11-12-2025,06-12-2026,No,Not Renewed
CN010411,C0018646,PL015,Fiber Broadband,12,03-08-2025,29-07-2026,Yes,Auto-Renewed
CN010412,C0018648,PL006,Prepaid Mobile,12,19-05-2015,13-05-2016,No,Renewed
CN010413,C0018649,PL011,Postpaid Mobile,12,01-02-2021,27-01-2022,No,Pending
CN010414,C0018651,PL018,Fiber Broadband,24,01-01-2014,22-12-2015,No,Active
CN010415,C0018652,PL011,Postpaid Mobile,12,01-01-2014,27-12-2014,Yes,Renewed
CN010416,C0018654,PL007,Postpaid Mobile,12,10-06-2023,04-06-2024,Yes,Renewed
CN010417,C0018657,PL021,Enterprise,12,07-04-2020,02-04-2021,Yes,Auto-Renewed
CN010418,C0018659,PL010,Postpaid Mobile,18,02-11-2014,25-04-2016,Yes,Renewed
CN010419,C0018660,PL006,Prepaid Mobile,24,09-05-2021,29-04-2023,Yes,Renewed
CN010420,C0018661,PL006,Prepaid Mobile,18,01-01-2014,25-06-2015,No,Renewed
CN010421,C0018662,PL024,IoT Solutions,24,31-12-2025,21-12-2027,No,Pending
CN010422,C0018665,PL008,Postpaid Mobile,36,07-07-2018,21-06-2021,Yes,Active
CN010423,C0018666,PL005,Prepaid Mobile,12,01-01-2014,27-12-2014,No,Active
CN010424,C0018667,PL010,Postpaid Mobile,24,25-05-2024,15-05-2026,Yes,Active
CN010425,C0018669,PL007,Postpaid Mobile,12,23-12-2020,18-12-2021,Yes,Renewed
CN010426,C0018671,PL005,Prepaid Mobile,24,06-12-2022,25-11-2024,Yes,Active
CN010427,C0018672,PL010,Postpaid Mobile,24,02-04-2025,23-03-2027,Yes,Not Renewed
CN010428,C0018674,PL021,Enterprise,36,11-01-2019,26-12-2021,Yes,Auto-Renewed
CN010429,C0018677,PL022,Enterprise,24,19-07-2015,08-07-2017,Yes,Active
CN010430,C0018679,PL008,Postpaid Mobile,24,10-02-2014,31-01-2016,Yes,Auto-Renewed
CN010431,C0018680,PL009,Postpaid Mobile,18,22-12-2017,15-06-2019,Yes,Auto-Renewed
CN010432,C0018681,PL006,Prepaid Mobile,12,30-12-2023,24-12-2024,Yes,Renewed
CN010433,C0018683,PL009,Postpaid Mobile,36,16-05-2022,30-04-2025,Yes,Pending
CN010434,C0018684,PL023,IoT Solutions,12,05-03-2023,28-02-2024,Yes,Not Renewed
CN010435,C0018686,PL006,Prepaid Mobile,24,19-08-2019,08-08-2021,No,Auto-Renewed
CN010436,C0018687,PL005,Prepaid Mobile,12,12-03-2025,07-03-2026,Yes,Active
CN010437,C0018693,PL021,Enterprise,36,11-11-2021,26-10-2024,Yes,Active
CN010438,C0018698,PL006,Prepaid Mobile,24,28-08-2014,17-08-2016,Yes,Auto-Renewed
CN010439,C0018700,PL006,Prepaid Mobile,36,01-01-2014,16-12-2016,No,Renewed
CN010440,C0018701,PL015,Fiber Broadband,24,12-06-2021,02-06-2023,Yes,Auto-Renewed
CN010441,C0018703,PL017,Fiber Broadband,18,29-09-2020,23-03-2022,Yes,Renewed
CN010442,C0018706,PL008,Postpaid Mobile,12,27-03-2016,22-03-2017,Yes,Renewed
CN010443,C0018707,PL006,Prepaid Mobile,12,01-05-2023,25-04-2024,No,Renewed
CN010444,C0018708,PL005,Prepaid Mobile,12,13-02-2024,07-02-2025,Yes,Auto-Renewed
CN010445,C0018710,PL011,Postpaid Mobile,24,07-02-2019,27-01-2021,Yes,Active
CN010446,C0018714,PL008,Postpaid Mobile,18,14-03-2025,05-09-2026,No,Active
CN010447,C0018715,PL006,Prepaid Mobile,12,23-10-2020,18-10-2021,Yes,Pending
CN010448,C0018720,PL018,Fiber Broadband,12,20-07-2024,15-07-2025,No,Active
CN010449,C0018731,PL005,Prepaid Mobile,12,02-04-2019,27-03-2020,No,Not Renewed
CN010450,C0018733,PL018,Fiber Broadband,24,24-12-2017,14-12-2019,No,Renewed
CN010451,C0018734,PL015,Fiber Broadband,36,01-01-2014,16-12-2016,Yes,Renewed
CN010452,C0018735,PL005,Prepaid Mobile,24,01-01-2014,22-12-2015,Yes,Renewed
CN010453,C0018737,PL024,IoT Solutions,24,05-02-2016,25-01-2018,Yes,Auto-Renewed
CN010454,C0018738,PL006,Prepaid Mobile,18,29-09-2020,23-03-2022,No,Renewed
CN010455,C0018744,PL005,Prepaid Mobile,12,23-06-2018,18-06-2019,No,Active
CN010456,C0018747,PL021,Enterprise,12,01-01-2014,27-12-2014,Yes,Active
CN010457,C0018748,PL010,Postpaid Mobile,36,07-12-2025,21-11-2028,Yes,Auto-Renewed
CN010458,C0018749,PL005,Prepaid Mobile,24,01-01-2014,22-12-2015,No,Renewed
CN010459,C0018751,PL005,Prepaid Mobile,36,01-01-2014,16-12-2016,Yes,Renewed
CN010460,C0018754,PL017,Fiber Broadband,24,18-02-2017,08-02-2019,Yes,Auto-Renewed
CN010461,C0018755,PL006,Prepaid Mobile,12,01-04-2018,27-03-2019,No,Renewed
CN010462,C0018757,PL015,Fiber Broadband,12,31-08-2022,26-08-2023,Yes,Active
CN010463,C0018758,PL015,Fiber Broadband,12,26-06-2024,21-06-2025,No,Cancelled
CN010464,C0018761,PL017,Fiber Broadband,24,01-01-2014,22-12-2015,No,Active
CN010465,C0018763,PL018,Fiber Broadband,12,28-06-2020,23-06-2021,Yes,Active
CN010466,C0018764,PL006,Prepaid Mobile,24,30-05-2015,19-05-2017,Yes,Auto-Renewed
CN010467,C0018765,PL016,Fiber Broadband,36,01-01-2014,16-12-2016,No,Renewed
CN010468,C0018766,PL007,Postpaid Mobile,12,12-07-2021,07-07-2022,No,Auto-Renewed
CN010469,C0018767,PL021,Enterprise,12,01-01-2014,27-12-2014,Yes,Pending
CN010470,C0018768,PL006,Prepaid Mobile,18,01-01-2014,25-06-2015,No,Renewed
CN010471,C0018769,PL015,Fiber Broadband,12,14-05-2017,09-05-2018,Yes,Not Renewed
CN010472,C0018770,PL025,Smart Home,12,22-11-2021,17-11-2022,No,Active
CN010473,C0018771,PL018,Fiber Broadband,24,02-04-2022,22-03-2024,No,Active
CN010474,C0018772,PL025,Smart Home,24,27-02-2021,17-02-2023,Yes,Renewed
CN010475,C0018774,PL005,Prepaid Mobile,12,15-01-2026,10-01-2027,No,Active
CN010476,C0018777,PL015,Fiber Broadband,12,08-10-2019,02-10-2020,Yes,Renewed
CN010477,C0018785,PL005,Prepaid Mobile,12,01-01-2014,27-12-2014,No,Renewed
CN010478,C0018788,PL017,Fiber Broadband,24,22-11-2019,11-11-2021,Yes,Renewed
CN010479,C0018789,PL015,Fiber Broadband,12,01-01-2014,27-12-2014,Yes,Pending
CN010480,C0018790,PL006,Prepaid Mobile,18,06-05-2022,28-10-2023,Yes,Active
CN010481,C0018791,PL009,Postpaid Mobile,36,23-02-2017,08-02-2020,No,Renewed
CN010482,C0018792,PL010,Postpaid Mobile,12,06-08-2020,01-08-2021,No,Renewed
CN010483,C0018793,PL006,Prepaid Mobile,24,13-03-2024,03-03-2026,No,Renewed
CN010484,C0018794,PL016,Fiber Broadband,36,01-01-2014,16-12-2016,No,Auto-Renewed
CN010485,C0018795,PL011,Postpaid Mobile,36,20-05-2023,04-05-2026,No,Pending
CN010486,C0018797,PL007,Postpaid Mobile,12,21-03-2017,16-03-2018,No,Active
CN010487,C0018798,PL016,Fiber Broadband,18,01-01-2014,25-06-2015,Yes,Active
CN010488,C0018799,PL007,Postpaid Mobile,12,13-12-2014,08-12-2015,No,Not Renewed
CN010489,C0018800,PL022,Enterprise,12,01-01-2014,27-12-2014,Yes,Active
CN010490,C0018802,PL011,Postpaid Mobile,18,31-07-2019,21-01-2021,No,Not Renewed
CN010491,C0018803,PL025,Smart Home,24,02-05-2016,22-04-2018,Yes,Not Renewed
CN010492,C0018804,PL018,Fiber Broadband,12,25-11-2015,19-11-2016,Yes,Pending
CN010493,C0018806,PL016,Fiber Broadband,36,01-01-2014,16-12-2016,Yes,Active
CN010494,C0018809,PL016,Fiber Broadband,36,16-11-2015,31-10-2018,No,Auto-Renewed
CN010495,C0018810,PL015,Fiber Broadband,12,01-01-2014,27-12-2014,No,Renewed
CN010496,C0018812,PL018,Fiber Broadband,24,12-02-2018,02-02-2020,No,Auto-Renewed
CN010497,C0018813,PL011,Postpaid Mobile,12,08-01-2021,03-01-2022,No,Pending
CN010498,C0018814,PL008,Postpaid Mobile,12,21-05-2025,16-05-2026,Yes,Pending
CN010499,C0018815,PL008,Postpaid Mobile,12,21-03-2014,16-03-2015,Yes,Active
CN010500,C0018817,PL006,Prepaid Mobile,24,20-11-2022,09-11-2024,Yes,Auto-Renewed
CN010501,C0018819,PL005,Prepaid Mobile,18,01-01-2014,25-06-2015,No,Renewed
CN010502,C0018820,PL005,Prepaid Mobile,12,21-08-2025,16-08-2026,No,Cancelled
CN010503,C0018821,PL018,Fiber Broadband,12,25-01-2017,20-01-2018,Yes,Pending
CN010504,C0018822,PL011,Postpaid Mobile,24,05-02-2022,26-01-2024,No,Renewed
CN010505,C0018826,PL017,Fiber Broadband,12,23-04-2021,18-04-2022,No,Renewed
CN010506,C0018827,PL018,Fiber Broadband,12,01-01-2014,27-12-2014,No,Renewed
CN010507,C0018828,PL011,Postpaid Mobile,18,01-01-2014,25-06-2015,No,Auto-Renewed
CN010508,C0018829,PL024,IoT Solutions,12,15-10-2024,10-10-2025,No,Renewed
CN010509,C0018830,PL005,Prepaid Mobile,12,27-03-2022,22-03-2023,No,Renewed
CN010510,C0018831,PL006,Prepaid Mobile,24,01-01-2014,22-12-2015,No,Pending
CN010511,C0018832,PL025,Smart Home,12,28-10-2018,23-10-2019,Yes,Renewed
CN010512,C0018834,PL025,Smart Home,12,14-05-2022,09-05-2023,No,Not Renewed
CN010513,C0018836,PL011,Postpaid Mobile,24,01-01-2014,22-12-2015,Yes,Renewed
CN010514,C0018838,PL022,Enterprise,24,13-06-2023,02-06-2025,No,Active
CN010515,C0018839,PL006,Prepaid Mobile,12,01-01-2014,27-12-2014,Yes,Auto-Renewed
CN010516,C0018841,PL006,Prepaid Mobile,12,01-01-2014,27-12-2014,Yes,Active
CN010517,C0018842,PL005,Prepaid Mobile,36,11-06-2023,26-05-2026,No,Auto-Renewed
CN010518,C0018847,PL006,Prepaid Mobile,36,01-01-2014,16-12-2016,Yes,Renewed
CN010519,C0018848,PL005,Prepaid Mobile,24,04-07-2021,24-06-2023,No,Renewed
CN010520,C0018852,PL010,Postpaid Mobile,18,12-10-2014,04-04-2016,No,Not Renewed
CN010521,C0018853,PL015,Fiber Broadband,12,01-01-2014,27-12-2014,Yes,Renewed
CN010522,C0018857,PL009,Postpaid Mobile,12,15-03-2014,10-03-2015,Yes,Renewed
CN010523,C0018860,PL011,Postpaid Mobile,12,04-01-2026,30-12-2026,Yes,Renewed
CN010524,C0018861,PL006,Prepaid Mobile,18,09-02-2015,02-08-2016,Yes,Active
CN010525,C0018865,PL005,Prepaid Mobile,18,12-02-2021,06-08-2022,No,Renewed
CN010526,C0018866,PL011,Postpaid Mobile,12,24-11-2021,19-11-2022,No,Renewed
CN010527,C0018867,PL007,Postpaid Mobile,18,24-05-2024,15-11-2025,Yes,Not Renewed
CN010528,C0018868,PL025,Smart Home,12,07-01-2018,02-01-2019,Yes,Not Renewed
CN010529,C0018869,PL005,Prepaid Mobile,24,01-01-2014,22-12-2015,No,Auto-Renewed
CN010530,C0018870,PL007,Postpaid Mobile,24,31-05-2024,21-05-2026,No,Active
CN010531,C0018871,PL017,Fiber Broadband,24,26-07-2025,16-07-2027,Yes,Not Renewed
CN010532,C0018872,PL005,Prepaid Mobile,24,03-05-2014,22-04-2016,Yes,Active
CN010533,C0018874,PL007,Postpaid Mobile,12,05-10-2019,29-09-2020,Yes,Active
CN010534,C0018875,PL006,Prepaid Mobile,12,21-05-2016,16-05-2017,No,Not Renewed
CN010535,C0018877,PL009,Postpaid Mobile,24,14-10-2024,04-10-2026,Yes,Not Renewed
CN010536,C0018878,PL010,Postpaid Mobile,18,25-05-2018,16-11-2019,No,Auto-Renewed
CN010537,C0018879,PL015,Fiber Broadband,12,01-01-2014,27-12-2014,No,Active
CN010538,C0018880,PL008,Postpaid Mobile,24,22-04-2016,12-04-2018,Yes,Active
CN010539,C0018883,PL006,Prepaid Mobile,24,18-08-2016,08-08-2018,Yes,Renewed
CN010540,C0018884,PL025,Smart Home,12,18-01-2014,13-01-2015,Yes,Active
CN010541,C0018886,PL005,Prepaid Mobile,36,01-01-2014,16-12-2016,Yes,Auto-Renewed
CN010542,C0018887,PL005,Prepaid Mobile,12,01-01-2014,27-12-2014,No,Active
CN010543,C0018889,PL016,Fiber Broadband,12,23-11-2025,18-11-2026,No,Renewed
CN010544,C0018891,PL023,IoT Solutions,12,16-09-2023,10-09-2024,Yes,Active
CN010545,C0018892,PL008,Postpaid Mobile,12,14-05-2022,09-05-2023,Yes,Pending
CN010546,C0018895,PL025,Smart Home,12,17-02-2015,12-02-2016,No,Auto-Renewed
CN010547,C0018896,PL016,Fiber Broadband,36,20-06-2017,04-06-2020,Yes,Renewed
CN010548,C0018897,PL025,Smart Home,18,11-05-2021,02-11-2022,Yes,Pending
CN010549,C0018900,PL008,Postpaid Mobile,18,15-03-2015,05-09-2016,Yes,Active
CN010550,C0018904,PL017,Fiber Broadband,12,08-09-2025,03-09-2026,Yes,Cancelled
CN010551,C0018905,PL005,Prepaid Mobile,12,01-01-2014,27-12-2014,No,Renewed
CN010552,C0018907,PL025,Smart Home,24,26-03-2016,16-03-2018,No,Auto-Renewed
CN010553,C0018908,PL016,Fiber Broadband,36,01-01-2014,16-12-2016,No,Active
CN010554,C0018909,PL006,Prepaid Mobile,12,27-09-2025,22-09-2026,Yes,Not Renewed
CN010555,C0018914,PL022,Enterprise,12,08-07-2020,03-07-2021,No,Auto-Renewed
CN010556,C0018915,PL005,Prepaid Mobile,24,30-03-2019,19-03-2021,No,Renewed
CN010557,C0018916,PL006,Prepaid Mobile,12,24-05-2024,19-05-2025,Yes,Pending
CN010558,C0018922,PL017,Fiber Broadband,36,01-01-2014,16-12-2016,No,Auto-Renewed
CN010559,C0018924,PL005,Prepaid Mobile,24,05-06-2018,25-05-2020,Yes,Active
CN010560,C0018925,PL025,Smart Home,24,19-11-2022,08-11-2024,No,Not Renewed
CN010561,C0018926,PL005,Prepaid Mobile,12,01-01-2014,27-12-2014,Yes,Renewed
CN010562,C0018927,PL011,Postpaid Mobile,24,01-01-2014,22-12-2015,Yes,Active
CN010563,C0018928,PL010,Postpaid Mobile,12,27-07-2021,22-07-2022,Yes,Auto-Renewed
CN010564,C0018932,PL009,Postpaid Mobile,12,22-05-2016,17-05-2017,Yes,Auto-Renewed
CN010565,C0018933,PL006,Prepaid Mobile,24,28-08-2024,18-08-2026,No,Renewed
CN010566,C0018934,PL024,IoT Solutions,24,20-01-2021,10-01-2023,No,Active
CN010567,C0018936,PL018,Fiber Broadband,36,01-01-2014,16-12-2016,No,Renewed
CN010568,C0018937,PL005,Prepaid Mobile,12,01-01-2014,27-12-2014,No,Active
CN010569,C0018938,PL006,Prepaid Mobile,12,01-01-2014,27-12-2014,No,Active
CN010570,C0018939,PL021,Enterprise,24,01-01-2014,22-12-2015,Yes,Auto-Renewed
CN010571,C0018940,PL024,IoT Solutions,24,25-04-2020,15-04-2022,Yes,Active
CN010572,C0018941,PL005,Prepaid Mobile,12,01-01-2014,27-12-2014,No,Active
CN010573,C0018943,PL018,Fiber Broadband,24,01-01-2014,22-12-2015,No,Renewed
CN010574,C0018945,PL011,Postpaid Mobile,24,01-01-2014,22-12-2015,No,Active
CN010575,C0018949,PL007,Postpaid Mobile,12,02-10-2014,27-09-2015,No,Renewed
CN010576,C0018951,PL018,Fiber Broadband,36,17-05-2017,01-05-2020,Yes,Active
CN010577,C0018954,PL008,Postpaid Mobile,12,28-08-2022,23-08-2023,No,Renewed
CN010578,C0018955,PL005,Prepaid Mobile,24,01-01-2014,22-12-2015,Yes,Auto-Renewed
CN010579,C0018957,PL015,Fiber Broadband,12,01-01-2014,27-12-2014,Yes,Active
CN010580,C0018958,PL006,Prepaid Mobile,12,18-12-2024,13-12-2025,Yes,Not Renewed
CN010581,C0018959,PL005,Prepaid Mobile,12,01-01-2014,27-12-2014,Yes,Auto-Renewed
CN010582,C0018960,PL007,Postpaid Mobile,24,19-04-2021,09-04-2023,Yes,Cancelled
CN010583,C0018961,PL025,Smart Home,18,08-01-2026,02-07-2027,No,Not Renewed
CN010584,C0018962,PL021,Enterprise,24,26-06-2025,16-06-2027,No,Auto-Renewed
CN010585,C0018964,PL007,Postpaid Mobile,24,29-08-2021,19-08-2023,Yes,Cancelled
CN010586,C0018965,PL018,Fiber Broadband,24,01-01-2014,22-12-2015,Yes,Pending
CN010587,C0018970,PL005,Prepaid Mobile,24,01-01-2014,22-12-2015,No,Active
CN010588,C0018971,PL011,Postpaid Mobile,12,20-04-2017,15-04-2018,No,Renewed
CN010589,C0018972,PL015,Fiber Broadband,24,12-01-2016,01-01-2018,Yes,Pending
CN010590,C0018975,PL022,Enterprise,12,01-01-2014,27-12-2014,Yes,Renewed
CN010591,C0018976,PL018,Fiber Broadband,12,01-01-2014,27-12-2014,Yes,Pending
CN010592,C0018977,PL011,Postpaid Mobile,18,12-06-2015,03-12-2016,No,Renewed
CN010593,C0018978,PL025,Smart Home,18,13-06-2024,05-12-2025,Yes,Cancelled
CN010594,C0018980,PL005,Prepaid Mobile,18,01-01-2014,25-06-2015,No,Auto-Renewed
CN010595,C0018981,PL006,Prepaid Mobile,24,17-03-2022,06-03-2024,No,Auto-Renewed
CN010596,C0018983,PL009,Postpaid Mobile,24,01-02-2025,22-01-2027,Yes,Renewed
CN010597,C0018984,PL005,Prepaid Mobile,24,12-04-2022,01-04-2024,No,Renewed
CN010598,C0018985,PL018,Fiber Broadband,24,06-12-2023,25-11-2025,No,Pending
CN010599,C0018986,PL021,Enterprise,24,01-01-2014,22-12-2015,Yes,Active
CN010600,C0018988,PL017,Fiber Broadband,24,28-04-2014,17-04-2016,Yes,Renewed
CN010601,C0018989,PL025,Smart Home,36,16-05-2017,30-04-2020,Yes,Auto-Renewed
CN010602,C0018990,PL009,Postpaid Mobile,18,26-05-2018,17-11-2019,Yes,Auto-Renewed
CN010603,C0018992,PL010,Postpaid Mobile,36,08-01-2017,24-12-2019,Yes,Not Renewed
CN010604,C0018995,PL011,Postpaid Mobile,12,30-05-2023,24-05-2024,Yes,Renewed
CN010605,C0018996,PL025,Smart Home,12,10-03-2023,04-03-2024,Yes,Active
CN010606,C0018997,PL015,Fiber Broadband,12,17-11-2014,12-11-2015,Yes,Auto-Renewed
CN010607,C0018998,PL010,Postpaid Mobile,12,08-11-2023,02-11-2024,No,Renewed
