campaign_id,customer_id,campaign_name,offer_type,contact_date,channel,response,retained_flag
RTC0000001,C0000004,Renewal Nudge,Annual Plan Discount,04-09-2025,SMS,Declined,Yes
RTC0000002,C0000009,Renewal Nudge,Cashback Voucher,08-01-2026,Call,Declined,Yes
RTC0000003,C0000015,Loyalty Save,Extra Data 50GB,23-02-2025,WhatsApp,Accepted,Yes
RTC0000004,C0000016,At-Risk Outreach,Free OTT 3 Months,08-01-2026,WhatsApp,Accepted,No
RTC0000005,C0000017,Loyalty Save,Plan Upgrade Offer,22-05-2025,Email,Accepted,No
RTC0000006,C0000022,Renewal Nudge,Plan Upgrade Offer,06-10-2025,Email,Declined,No
RTC0000007,C0000026,At-Risk Outreach,Cashback Voucher,22-06-2025,Call,No Response,Yes
RTC0000008,C0000028,At-Risk Outreach,Loyalty Discount 10%,17-03-2025,Call,Accepted,Yes
RTC0000009,C0000037,Value Retention,Plan Upgrade Offer,16-11-2025,Email,Accepted,Yes
RTC0000010,C0000038,Value Retention,Extra Data 50GB,14-01-2025,App,Accepted,Yes
RTC0000011,C0000043,Value Retention,Priority Support,24-11-2025,Email,Accepted,Yes
RTC0000012,C0000047,At-Risk Outreach,Extra Data 50GB,10-01-2026,Email,Accepted,Yes
RTC0000013,C0000052,Loyalty Save,Extra Data 50GB,09-03-2026,App,Accepted,Yes
RTC0000014,C0000053,Win-Back Drive,Annual Plan Discount,24-12-2025,App,No Response,Yes
RTC0000015,C0000054,At-Risk Outreach,Loyalty Discount 10%,17-11-2025,WhatsApp,Accepted,Yes
RTC0000016,C0000055,Value Retention,Bill Waiver,15-02-2026,SMS,Accepted,Yes
RTC0000017,C0000056,Loyalty Save,Extra Data 50GB,04-12-2025,App,No Response,Yes
RTC0000018,C0000057,Win-Back Drive,Bill Waiver,14-03-2025,SMS,Declined,Yes
RTC0000019,C0000058,At-Risk Outreach,Free OTT 3 Months,22-01-2025,Call,Accepted,No
RTC0000020,C0000059,Loyalty Save,Bill Waiver,12-07-2025,SMS,No Response,Yes
RTC0000021,C0000061,At-Risk Outreach,Annual Plan Discount,31-01-2025,WhatsApp,Accepted,Yes
RTC0000022,C0000064,Value Retention,Annual Plan Discount,23-01-2025,App,Accepted,No
RTC0000023,C0000066,At-Risk Outreach,Loyalty Discount 10%,01-12-2025,SMS,No Response,No
RTC0000024,C0000067,Renewal Nudge,Loyalty Discount 10%,12-01-2025,WhatsApp,Accepted,Yes
RTC0000025,C0000070,Value Retention,Cashback Voucher,28-11-2025,Call,No Response,Yes
RTC0000026,C0000075,At-Risk Outreach,Cashback Voucher,31-08-2025,SMS,Declined,Yes
RTC0000027,C0000077,Win-Back Drive,Loyalty Discount 10%,11-06-2025,Call,Accepted,No
RTC0000028,C0000078,Win-Back Drive,Cashback Voucher,30-09-2025,SMS,Accepted,Yes
RTC0000029,C0000080,At-Risk Outreach,Bill Waiver,14-07-2025,Call,No Response,Yes
RTC0000030,C0000084,Value Retention,Extra Data 50GB,02-11-2025,WhatsApp,Accepted,Yes
RTC0000031,C0000085,Renewal Nudge,Annual Plan Discount,26-11-2025,SMS,Accepted,Yes
RTC0000032,C0000086,Loyalty Save,Free OTT 3 Months,24-01-2025,SMS,Declined,Yes
RTC0000033,C0000089,Loyalty Save,Annual Plan Discount,10-10-2025,Call,Accepted,Yes
RTC0000034,C0000094,Renewal Nudge,Priority Support,26-12-2025,SMS,Declined,Yes
RTC0000035,C0000097,At-Risk Outreach,Loyalty Discount 10%,24-05-2025,SMS,Declined,No
RTC0000036,C0000101,Win-Back Drive,Bill Waiver,07-07-2025,Call,No Response,Yes
RTC0000037,C0000104,Win-Back Drive,Loyalty Discount 10%,25-09-2025,Call,No Response,Yes
RTC0000038,C0000106,Renewal Nudge,Priority Support,23-11-2025,Email,Declined,Yes
RTC0000039,C0000110,Loyalty Save,Extra Data 50GB,06-12-2025,WhatsApp,Accepted,Yes
RTC0000040,C0000124,Loyalty Save,Plan Upgrade Offer,21-02-2026,Email,Declined,Yes
RTC0000041,C0000126,At-Risk Outreach,Plan Upgrade Offer,04-02-2025,SMS,Accepted,Yes
RTC0000042,C0000133,Renewal Nudge,Extra Data 50GB,19-04-2025,SMS,Declined,Yes
RTC0000043,C0000135,Renewal Nudge,Annual Plan Discount,17-07-2025,App,Accepted,No
RTC0000044,C0000136,At-Risk Outreach,Plan Upgrade Offer,13-02-2026,App,Declined,Yes
RTC0000045,C0000140,At-Risk Outreach,Plan Upgrade Offer,21-01-2025,Call,Declined,Yes
RTC0000046,C0000147,Loyalty Save,Cashback Voucher,22-09-2025,SMS,Accepted,Yes
RTC0000047,C0000148,Win-Back Drive,Free OTT 3 Months,08-02-2026,SMS,Accepted,Yes
RTC0000048,C0000149,Renewal Nudge,Cashback Voucher,19-01-2026,Call,Declined,No
RTC0000049,C0000155,Loyalty Save,Loyalty Discount 10%,23-03-2025,App,Declined,Yes
RTC0000050,C0000157,At-Risk Outreach,Priority Support,22-01-2025,App,No Response,Yes
RTC0000051,C0000161,At-Risk Outreach,Plan Upgrade Offer,13-05-2025,App,Declined,Yes
RTC0000052,C0000162,Loyalty Save,Priority Support,18-09-2025,App,Accepted,Yes
RTC0000053,C0000164,Win-Back Drive,Free OTT 3 Months,24-03-2026,SMS,Declined,No
RTC0000054,C0000165,Loyalty Save,Cashback Voucher,10-07-2025,App,Accepted,No
RTC0000055,C0000166,Win-Back Drive,Extra Data 50GB,24-04-2025,WhatsApp,Declined,Yes
RTC0000056,C0000167,Renewal Nudge,Bill Waiver,30-01-2026,App,Declined,No
RTC0000057,C0000168,Renewal Nudge,Annual Plan Discount,26-11-2025,WhatsApp,Accepted,No
RTC0000058,C0000172,Loyalty Save,Extra Data 50GB,05-07-2025,App,Declined,Yes
RTC0000059,C0000177,Win-Back Drive,Loyalty Discount 10%,17-04-2025,SMS,Declined,Yes
RTC0000060,C0000178,Value Retention,Free OTT 3 Months,08-05-2025,App,Accepted,Yes
RTC0000061,C0000179,Win-Back Drive,Priority Support,08-11-2025,App,Accepted,No
RTC0000062,C0000180,Value Retention,Bill Waiver,14-01-2025,WhatsApp,Declined,Yes
RTC0000063,C0000185,Loyalty Save,Loyalty Discount 10%,06-09-2025,App,Accepted,Yes
RTC0000064,C0000186,Win-Back Drive,Priority Support,12-03-2026,Email,Declined,Yes
RTC0000065,C0000187,Renewal Nudge,Extra Data 50GB,01-09-2025,WhatsApp,Declined,Yes
RTC0000066,C0000189,Win-Back Drive,Extra Data 50GB,26-10-2025,SMS,Declined,Yes
RTC0000067,C0000192,Loyalty Save,Free OTT 3 Months,29-01-2025,Call,Accepted,Yes
RTC0000068,C0000193,Value Retention,Cashback Voucher,30-10-2025,SMS,No Response,Yes
RTC0000069,C0000194,Loyalty Save,Extra Data 50GB,31-10-2025,Email,Accepted,Yes
RTC0000070,C0000197,Renewal Nudge,Free OTT 3 Months,05-06-2025,WhatsApp,Declined,Yes
RTC0000071,C0000198,At-Risk Outreach,Loyalty Discount 10%,03-02-2025,WhatsApp,No Response,Yes
RTC0000072,C0000199,Win-Back Drive,Priority Support,26-06-2025,App,No Response,Yes
RTC0000073,C0000200,At-Risk Outreach,Plan Upgrade Offer,06-02-2026,Email,Accepted,Yes
RTC0000074,C0000201,Value Retention,Plan Upgrade Offer,02-02-2026,Call,Accepted,Yes
RTC0000075,C0000214,Renewal Nudge,Free OTT 3 Months,03-04-2025,SMS,Accepted,No
RTC0000076,C0000216,Loyalty Save,Priority Support,09-01-2025,SMS,Accepted,No
RTC0000077,C0000221,Renewal Nudge,Bill Waiver,26-11-2025,Call,Declined,Yes
RTC0000078,C0000222,Loyalty Save,Bill Waiver,05-05-2025,Call,Accepted,No
RTC0000079,C0000230,At-Risk Outreach,Extra Data 50GB,24-06-2025,WhatsApp,Accepted,Yes
RTC0000080,C0000232,At-Risk Outreach,Plan Upgrade Offer,09-05-2025,Call,Declined,Yes
RTC0000081,C0000233,At-Risk Outreach,Loyalty Discount 10%,17-02-2025,Call,Accepted,Yes
RTC0000082,C0000235,At-Risk Outreach,Plan Upgrade Offer,03-03-2025,SMS,Accepted,No
RTC0000083,C0000238,Renewal Nudge,Plan Upgrade Offer,21-11-2025,Call,Declined,No
RTC0000084,C0000242,Win-Back Drive,Loyalty Discount 10%,13-01-2026,WhatsApp,No Response,Yes
RTC0000085,C0000244,Win-Back Drive,Loyalty Discount 10%,07-06-2025,SMS,Declined,Yes
RTC0000086,C0000246,Value Retention,Plan Upgrade Offer,03-05-2025,Call,No Response,No
RTC0000087,C0000248,Renewal Nudge,Annual Plan Discount,17-03-2025,Email,Accepted,Yes
RTC0000088,C0000249,Value Retention,Plan Upgrade Offer,17-01-2025,Call,Declined,Yes
RTC0000089,C0000250,Loyalty Save,Loyalty Discount 10%,19-09-2025,WhatsApp,Accepted,Yes
RTC0000090,C0000252,At-Risk Outreach,Bill Waiver,11-12-2025,App,Accepted,Yes
RTC0000091,C0000253,Renewal Nudge,Cashback Voucher,15-04-2025,WhatsApp,Declined,No
RTC0000092,C0000258,At-Risk Outreach,Annual Plan Discount,03-04-2025,SMS,Accepted,Yes
RTC0000093,C0000259,Value Retention,Free OTT 3 Months,08-07-2025,App,Accepted,Yes
RTC0000094,C0000266,At-Risk Outreach,Extra Data 50GB,15-12-2025,WhatsApp,Accepted,Yes
RTC0000095,C0000267,Renewal Nudge,Extra Data 50GB,12-03-2026,Call,Declined,Yes
RTC0000096,C0000272,At-Risk Outreach,Extra Data 50GB,05-09-2025,SMS,No Response,Yes
RTC0000097,C0000276,At-Risk Outreach,Annual Plan Discount,29-03-2026,SMS,No Response,Yes
RTC0000098,C0000279,At-Risk Outreach,Free OTT 3 Months,01-02-2025,WhatsApp,Accepted,Yes
RTC0000099,C0000281,Loyalty Save,Bill Waiver,12-03-2025,Email,Declined,Yes
RTC0000100,C0000282,At-Risk Outreach,Priority Support,19-05-2025,Call,Accepted,Yes
RTC0000101,C0000283,Loyalty Save,Loyalty Discount 10%,25-08-2025,Call,Accepted,Yes
RTC0000102,C0000284,At-Risk Outreach,Annual Plan Discount,14-03-2026,Call,Accepted,Yes
RTC0000103,C0000286,Value Retention,Priority Support,28-06-2025,SMS,No Response,Yes
RTC0000104,C0000288,Loyalty Save,Annual Plan Discount,20-08-2025,SMS,Accepted,Yes
RTC0000105,C0000294,Renewal Nudge,Bill Waiver,22-12-2025,App,Accepted,Yes
RTC0000106,C0000299,Win-Back Drive,Free OTT 3 Months,04-10-2025,Email,Accepted,Yes
RTC0000107,C0000300,At-Risk Outreach,Cashback Voucher,05-10-2025,WhatsApp,Accepted,Yes
RTC0000108,C0000304,At-Risk Outreach,Extra Data 50GB,03-08-2025,Call,Declined,Yes
RTC0000109,C0000310,At-Risk Outreach,Bill Waiver,10-05-2025,Call,Accepted,Yes
RTC0000110,C0000313,At-Risk Outreach,Plan Upgrade Offer,06-01-2026,WhatsApp,Declined,No
RTC0000111,C0000314,Renewal Nudge,Plan Upgrade Offer,23-01-2025,WhatsApp,Accepted,Yes
RTC0000112,C0000316,Win-Back Drive,Plan Upgrade Offer,18-12-2025,Email,Accepted,Yes
RTC0000113,C0000319,Renewal Nudge,Annual Plan Discount,20-11-2025,App,Accepted,No
RTC0000114,C0000320,Win-Back Drive,Free OTT 3 Months,11-01-2026,SMS,Accepted,No
RTC0000115,C0000326,Win-Back Drive,Loyalty Discount 10%,01-01-2025,Call,Declined,Yes
RTC0000116,C0000327,Value Retention,Loyalty Discount 10%,11-02-2026,Email,Declined,Yes
RTC0000117,C0000330,Win-Back Drive,Plan Upgrade Offer,04-06-2025,App,Accepted,Yes
RTC0000118,C0000331,At-Risk Outreach,Annual Plan Discount,18-01-2026,Email,No Response,Yes
RTC0000119,C0000332,Win-Back Drive,Free OTT 3 Months,02-10-2025,WhatsApp,Accepted,Yes
RTC0000120,C0000337,At-Risk Outreach,Priority Support,27-09-2025,App,Accepted,Yes
RTC0000121,C0000338,At-Risk Outreach,Cashback Voucher,27-10-2025,Call,Accepted,Yes
RTC0000122,C0000339,Loyalty Save,Loyalty Discount 10%,02-03-2025,Email,Declined,No
RTC0000123,C0000340,At-Risk Outreach,Annual Plan Discount,13-12-2025,SMS,Declined,Yes
RTC0000124,C0000344,Value Retention,Priority Support,11-11-2025,WhatsApp,Declined,Yes
RTC0000125,C0000345,Renewal Nudge,Cashback Voucher,05-04-2025,Call,Accepted,Yes
RTC0000126,C0000356,Loyalty Save,Bill Waiver,23-02-2025,Email,Declined,Yes
RTC0000127,C0000357,Win-Back Drive,Annual Plan Discount,15-03-2025,Call,Accepted,Yes
RTC0000128,C0000360,Renewal Nudge,Extra Data 50GB,13-08-2025,App,Accepted,Yes
RTC0000129,C0000361,Win-Back Drive,Loyalty Discount 10%,08-05-2025,WhatsApp,Accepted,No
RTC0000130,C0000364,Loyalty Save,Plan Upgrade Offer,19-03-2026,Email,Accepted,Yes
RTC0000131,C0000367,Loyalty Save,Priority Support,19-02-2025,Call,Declined,Yes
RTC0000132,C0000369,Renewal Nudge,Annual Plan Discount,28-10-2025,SMS,Accepted,No
RTC0000133,C0000374,At-Risk Outreach,Bill Waiver,19-06-2025,SMS,Declined,Yes
RTC0000134,C0000375,Win-Back Drive,Free OTT 3 Months,06-06-2025,Email,Accepted,Yes
RTC0000135,C0000377,Win-Back Drive,Extra Data 50GB,03-05-2025,App,No Response,Yes
RTC0000136,C0000378,Renewal Nudge,Cashback Voucher,05-03-2026,Call,Accepted,Yes
RTC0000137,C0000379,Value Retention,Bill Waiver,17-06-2025,Email,No Response,Yes
RTC0000138,C0000382,Renewal Nudge,Loyalty Discount 10%,13-04-2025,Email,Accepted,Yes
RTC0000139,C0000391,Win-Back Drive,Extra Data 50GB,23-04-2025,Call,No Response,Yes
RTC0000140,C0000393,Win-Back Drive,Plan Upgrade Offer,28-05-2025,WhatsApp,No Response,Yes
RTC0000141,C0000397,Renewal Nudge,Bill Waiver,20-04-2025,Email,Declined,Yes
RTC0000142,C0000401,Renewal Nudge,Bill Waiver,09-08-2025,SMS,No Response,Yes
RTC0000143,C0000402,Renewal Nudge,Loyalty Discount 10%,25-08-2025,SMS,Accepted,Yes
RTC0000144,C0000403,At-Risk Outreach,Plan Upgrade Offer,09-09-2025,App,Accepted,Yes
RTC0000145,C0000406,At-Risk Outreach,Extra Data 50GB,25-02-2026,Email,No Response,No
RTC0000146,C0000407,At-Risk Outreach,Annual Plan Discount,13-05-2025,SMS,Accepted,No
RTC0000147,C0000409,Win-Back Drive,Extra Data 50GB,26-06-2025,App,No Response,Yes
RTC0000148,C0000410,Win-Back Drive,Loyalty Discount 10%,03-05-2025,Email,Declined,Yes
RTC0000149,C0000416,Renewal Nudge,Loyalty Discount 10%,06-09-2025,SMS,Accepted,Yes
RTC0000150,C0000418,Value Retention,Cashback Voucher,18-09-2025,WhatsApp,Accepted,Yes
RTC0000151,C0000421,Renewal Nudge,Cashback Voucher,31-01-2025,Call,Accepted,Yes
RTC0000152,C0000424,Win-Back Drive,Bill Waiver,16-10-2025,App,No Response,Yes
RTC0000153,C0000426,Loyalty Save,Annual Plan Discount,21-09-2025,Email,Accepted,Yes
RTC0000154,C0000427,Loyalty Save,Cashback Voucher,18-06-2025,Call,Declined,No
RTC0000155,C0000434,Value Retention,Loyalty Discount 10%,07-10-2025,WhatsApp,No Response,Yes
RTC0000156,C0000436,Win-Back Drive,Cashback Voucher,05-01-2026,WhatsApp,Accepted,Yes
RTC0000157,C0000437,Value Retention,Extra Data 50GB,07-08-2025,Email,Accepted,Yes
RTC0000158,C0000440,Win-Back Drive,Bill Waiver,15-05-2025,App,Declined,No
RTC0000159,C0000445,At-Risk Outreach,Extra Data 50GB,17-03-2025,App,No Response,No
RTC0000160,C0000450,At-Risk Outreach,Priority Support,30-03-2025,Call,Accepted,Yes
RTC0000161,C0000455,At-Risk Outreach,Plan Upgrade Offer,25-09-2025,Email,Accepted,Yes
RTC0000162,C0000457,Renewal Nudge,Extra Data 50GB,01-12-2025,Email,Accepted,Yes
RTC0000163,C0000464,Loyalty Save,Plan Upgrade Offer,20-12-2025,Email,Accepted,Yes
RTC0000164,C0000469,At-Risk Outreach,Bill Waiver,15-12-2025,WhatsApp,No Response,No
RTC0000165,C0000474,Win-Back Drive,Bill Waiver,09-03-2025,Call,No Response,Yes
RTC0000166,C0000477,Win-Back Drive,Loyalty Discount 10%,30-03-2026,Email,Accepted,Yes
RTC0000167,C0000478,Loyalty Save,Free OTT 3 Months,13-08-2025,Call,Accepted,Yes
RTC0000168,C0000480,Renewal Nudge,Extra Data 50GB,13-11-2025,Call,Accepted,Yes
RTC0000169,C0000481,Value Retention,Annual Plan Discount,27-10-2025,App,Declined,Yes
RTC0000170,C0000486,Win-Back Drive,Extra Data 50GB,11-04-2025,Email,No Response,Yes
RTC0000171,C0000489,Win-Back Drive,Bill Waiver,23-04-2025,Email,Declined,Yes
RTC0000172,C0000490,Renewal Nudge,Bill Waiver,14-04-2025,SMS,Declined,Yes
RTC0000173,C0000491,Win-Back Drive,Loyalty Discount 10%,02-05-2025,Call,Accepted,Yes
RTC0000174,C0000493,Value Retention,Bill Waiver,26-02-2025,Email,No Response,Yes
RTC0000175,C0000495,At-Risk Outreach,Annual Plan Discount,29-06-2025,Call,Declined,No
RTC0000176,C0000496,Value Retention,Extra Data 50GB,17-01-2025,Email,Accepted,Yes
RTC0000177,C0000500,At-Risk Outreach,Loyalty Discount 10%,24-12-2025,Call,Accepted,Yes
RTC0000178,C0000501,At-Risk Outreach,Bill Waiver,16-01-2026,Call,Accepted,No
RTC0000179,C0000503,Renewal Nudge,Plan Upgrade Offer,13-12-2025,SMS,Declined,Yes
RTC0000180,C0000505,Win-Back Drive,Extra Data 50GB,20-02-2026,SMS,No Response,Yes
RTC0000181,C0000508,Value Retention,Plan Upgrade Offer,11-06-2025,Email,Declined,Yes
RTC0000182,C0000512,Win-Back Drive,Extra Data 50GB,18-03-2026,WhatsApp,Declined,Yes
RTC0000183,C0000527,Loyalty Save,Bill Waiver,15-03-2026,WhatsApp,Accepted,Yes
RTC0000184,C0000534,Loyalty Save,Plan Upgrade Offer,14-12-2025,WhatsApp,No Response,Yes
RTC0000185,C0000540,At-Risk Outreach,Extra Data 50GB,23-02-2026,Email,Declined,Yes
RTC0000186,C0000541,Win-Back Drive,Priority Support,26-03-2026,Call,Accepted,Yes
RTC0000187,C0000545,Loyalty Save,Annual Plan Discount,01-07-2025,Email,Accepted,Yes
RTC0000188,C0000546,At-Risk Outreach,Extra Data 50GB,26-08-2025,Call,Declined,Yes
RTC0000189,C0000550,Win-Back Drive,Plan Upgrade Offer,31-01-2026,Call,Declined,No
RTC0000190,C0000553,Win-Back Drive,Extra Data 50GB,09-01-2026,Call,Declined,Yes
RTC0000191,C0000554,Loyalty Save,Free OTT 3 Months,12-03-2026,SMS,Declined,Yes
RTC0000192,C0000555,Renewal Nudge,Plan Upgrade Offer,10-01-2025,WhatsApp,No Response,No
RTC0000193,C0000556,Win-Back Drive,Free OTT 3 Months,27-05-2025,App,Declined,Yes
RTC0000194,C0000563,Loyalty Save,Free OTT 3 Months,15-01-2025,Email,Declined,Yes
RTC0000195,C0000564,Win-Back Drive,Bill Waiver,19-09-2025,Email,Accepted,Yes
RTC0000196,C0000565,At-Risk Outreach,Loyalty Discount 10%,15-12-2025,App,Declined,Yes
RTC0000197,C0000571,Win-Back Drive,Cashback Voucher,17-08-2025,Email,Accepted,Yes
RTC0000198,C0000572,At-Risk Outreach,Priority Support,29-09-2025,Call,No Response,No
RTC0000199,C0000574,At-Risk Outreach,Bill Waiver,29-06-2025,Email,Accepted,Yes
RTC0000200,C0000575,Value Retention,Bill Waiver,11-11-2025,Call,Declined,Yes
RTC0000201,C0000577,Win-Back Drive,Cashback Voucher,24-10-2025,Email,Declined,No
RTC0000202,C0000582,At-Risk Outreach,Extra Data 50GB,04-01-2025,WhatsApp,No Response,Yes
RTC0000203,C0000594,Loyalty Save,Plan Upgrade Offer,17-04-2025,Call,Accepted,Yes
RTC0000204,C0000596,Win-Back Drive,Plan Upgrade Offer,28-02-2026,Email,No Response,Yes
RTC0000205,C0000600,Loyalty Save,Bill Waiver,21-11-2025,App,Declined,Yes
RTC0000206,C0000603,At-Risk Outreach,Cashback Voucher,04-03-2026,Email,No Response,No
RTC0000207,C0000605,Value Retention,Loyalty Discount 10%,09-04-2025,App,Declined,Yes
RTC0000208,C0000606,Win-Back Drive,Priority Support,19-06-2025,WhatsApp,Accepted,Yes
RTC0000209,C0000621,Loyalty Save,Priority Support,24-01-2026,Call,Accepted,Yes
RTC0000210,C0000623,At-Risk Outreach,Free OTT 3 Months,22-07-2025,Call,Accepted,Yes
RTC0000211,C0000626,At-Risk Outreach,Priority Support,27-02-2025,App,Declined,Yes
RTC0000212,C0000627,Win-Back Drive,Cashback Voucher,06-09-2025,SMS,Declined,Yes
RTC0000213,C0000628,Win-Back Drive,Priority Support,03-02-2026,Email,Accepted,Yes
RTC0000214,C0000634,Win-Back Drive,Cashback Voucher,14-02-2025,SMS,Accepted,Yes
RTC0000215,C0000638,Value Retention,Extra Data 50GB,15-10-2025,App,Accepted,Yes
RTC0000216,C0000642,Loyalty Save,Plan Upgrade Offer,25-09-2025,Email,No Response,Yes
RTC0000217,C0000645,Renewal Nudge,Priority Support,11-11-2025,Call,Accepted,Yes
RTC0000218,C0000648,Renewal Nudge,Annual Plan Discount,08-04-2025,SMS,Declined,Yes
RTC0000219,C0000649,At-Risk Outreach,Extra Data 50GB,22-07-2025,SMS,No Response,Yes
RTC0000220,C0000650,Renewal Nudge,Bill Waiver,18-02-2025,App,Declined,Yes
RTC0000221,C0000651,Win-Back Drive,Plan Upgrade Offer,02-02-2025,Email,Accepted,Yes
RTC0000222,C0000655,Renewal Nudge,Free OTT 3 Months,04-03-2025,Email,Declined,Yes
RTC0000223,C0000659,Renewal Nudge,Loyalty Discount 10%,30-12-2025,WhatsApp,Declined,Yes
RTC0000224,C0000665,Win-Back Drive,Cashback Voucher,24-08-2025,SMS,Declined,Yes
RTC0000225,C0000671,At-Risk Outreach,Cashback Voucher,02-03-2026,SMS,No Response,Yes
RTC0000226,C0000672,Value Retention,Free OTT 3 Months,22-01-2025,SMS,Declined,Yes
RTC0000227,C0000674,At-Risk Outreach,Annual Plan Discount,25-05-2025,WhatsApp,Declined,Yes
RTC0000228,C0000687,Value Retention,Loyalty Discount 10%,27-01-2025,Email,Accepted,Yes
RTC0000229,C0000694,Value Retention,Free OTT 3 Months,29-06-2025,WhatsApp,Accepted,Yes
RTC0000230,C0000696,Win-Back Drive,Free OTT 3 Months,17-01-2026,WhatsApp,Declined,Yes
RTC0000231,C0000699,At-Risk Outreach,Cashback Voucher,21-11-2025,App,Declined,Yes
RTC0000232,C0000701,Loyalty Save,Plan Upgrade Offer,03-11-2025,App,No Response,No
RTC0000233,C0000702,Value Retention,Free OTT 3 Months,26-02-2026,SMS,Accepted,Yes
RTC0000234,C0000707,Value Retention,Extra Data 50GB,01-03-2026,Email,Accepted,Yes
RTC0000235,C0000711,At-Risk Outreach,Extra Data 50GB,03-02-2025,WhatsApp,Accepted,Yes
RTC0000236,C0000713,Win-Back Drive,Annual Plan Discount,11-04-2025,App,Declined,Yes
RTC0000237,C0000718,Renewal Nudge,Plan Upgrade Offer,02-02-2026,WhatsApp,Declined,No
RTC0000238,C0000719,Loyalty Save,Bill Waiver,13-12-2025,SMS,Declined,Yes
RTC0000239,C0000722,Win-Back Drive,Priority Support,25-02-2026,SMS,Declined,Yes
RTC0000240,C0000724,Value Retention,Plan Upgrade Offer,01-11-2025,App,Declined,Yes
RTC0000241,C0000725,Win-Back Drive,Annual Plan Discount,24-10-2025,SMS,Accepted,Yes
RTC0000242,C0000730,Renewal Nudge,Annual Plan Discount,01-06-2025,WhatsApp,No Response,Yes
RTC0000243,C0000734,Win-Back Drive,Bill Waiver,27-02-2026,SMS,Accepted,No
RTC0000244,C0000736,At-Risk Outreach,Priority Support,01-03-2025,Call,Accepted,Yes
RTC0000245,C0000737,Win-Back Drive,Free OTT 3 Months,25-09-2025,App,Accepted,Yes
RTC0000246,C0000739,Value Retention,Bill Waiver,19-03-2025,Email,No Response,Yes
RTC0000247,C0000740,Value Retention,Extra Data 50GB,21-03-2025,WhatsApp,Accepted,Yes
RTC0000248,C0000741,Value Retention,Free OTT 3 Months,23-11-2025,Call,Accepted,Yes
RTC0000249,C0000742,At-Risk Outreach,Bill Waiver,12-05-2025,Call,Declined,Yes
RTC0000250,C0000748,Value Retention,Extra Data 50GB,05-04-2025,SMS,Accepted,Yes
RTC0000251,C0000750,Renewal Nudge,Free OTT 3 Months,07-02-2026,SMS,Accepted,Yes
RTC0000252,C0000752,Value Retention,Extra Data 50GB,25-01-2026,Call,No Response,Yes
RTC0000253,C0000753,Renewal Nudge,Bill Waiver,28-01-2025,SMS,Accepted,No
RTC0000254,C0000754,At-Risk Outreach,Free OTT 3 Months,05-05-2025,WhatsApp,Declined,Yes
RTC0000255,C0000755,Loyalty Save,Loyalty Discount 10%,07-06-2025,Call,No Response,Yes
RTC0000256,C0000756,At-Risk Outreach,Free OTT 3 Months,20-06-2025,Email,Accepted,Yes
RTC0000257,C0000759,Loyalty Save,Plan Upgrade Offer,12-06-2025,Call,Accepted,Yes
RTC0000258,C0000760,Renewal Nudge,Bill Waiver,12-03-2026,Email,Accepted,No
RTC0000259,C0000765,Value Retention,Plan Upgrade Offer,14-04-2025,App,Accepted,Yes
RTC0000260,C0000767,Loyalty Save,Cashback Voucher,10-01-2025,Call,Accepted,Yes
RTC0000261,C0000771,Loyalty Save,Loyalty Discount 10%,08-07-2025,WhatsApp,Accepted,Yes
RTC0000262,C0000773,Loyalty Save,Loyalty Discount 10%,28-06-2025,WhatsApp,Accepted,Yes
RTC0000263,C0000774,Win-Back Drive,Free OTT 3 Months,21-11-2025,Email,No Response,Yes
RTC0000264,C0000779,Win-Back Drive,Loyalty Discount 10%,04-11-2025,Call,Declined,Yes
RTC0000265,C0000784,Renewal Nudge,Priority Support,22-04-2025,SMS,Accepted,Yes
RTC0000266,C0000786,Value Retention,Free OTT 3 Months,08-07-2025,App,Declined,Yes
RTC0000267,C0000788,Renewal Nudge,Bill Waiver,22-12-2025,SMS,No Response,No
RTC0000268,C0000790,Win-Back Drive,Plan Upgrade Offer,10-10-2025,WhatsApp,Accepted,Yes
RTC0000269,C0000803,Renewal Nudge,Cashback Voucher,22-07-2025,Call,Declined,Yes
RTC0000270,C0000804,Loyalty Save,Extra Data 50GB,08-10-2025,SMS,Accepted,Yes
RTC0000271,C0000805,Win-Back Drive,Bill Waiver,21-03-2026,Call,Declined,No
RTC0000272,C0000807,At-Risk Outreach,Plan Upgrade Offer,08-09-2025,Email,Declined,No
RTC0000273,C0000809,Loyalty Save,Plan Upgrade Offer,31-01-2026,Call,Accepted,Yes
RTC0000274,C0000814,Loyalty Save,Extra Data 50GB,26-07-2025,WhatsApp,Accepted,Yes
RTC0000275,C0000815,Value Retention,Loyalty Discount 10%,10-03-2025,WhatsApp,No Response,Yes
RTC0000276,C0000817,At-Risk Outreach,Annual Plan Discount,02-06-2025,Call,Accepted,No
RTC0000277,C0000818,Win-Back Drive,Free OTT 3 Months,24-07-2025,Email,Declined,Yes
RTC0000278,C0000819,Value Retention,Cashback Voucher,14-09-2025,SMS,Declined,No
RTC0000279,C0000822,Renewal Nudge,Free OTT 3 Months,01-06-2025,App,Accepted,Yes
RTC0000280,C0000836,Win-Back Drive,Priority Support,18-01-2025,Call,No Response,Yes
RTC0000281,C0000840,Value Retention,Loyalty Discount 10%,23-01-2026,Call,Accepted,Yes
RTC0000282,C0000843,Loyalty Save,Priority Support,29-04-2025,App,Declined,Yes
RTC0000283,C0000844,Renewal Nudge,Extra Data 50GB,03-02-2026,Call,No Response,Yes
RTC0000284,C0000845,Value Retention,Extra Data 50GB,07-06-2025,SMS,Declined,Yes
RTC0000285,C0000846,Value Retention,Cashback Voucher,12-02-2025,Call,Declined,No
RTC0000286,C0000848,Renewal Nudge,Loyalty Discount 10%,21-04-2025,Call,Accepted,Yes
RTC0000287,C0000851,At-Risk Outreach,Loyalty Discount 10%,25-03-2025,Email,Declined,Yes
RTC0000288,C0000852,Value Retention,Plan Upgrade Offer,15-07-2025,App,Declined,No
RTC0000289,C0000853,Value Retention,Annual Plan Discount,14-03-2026,App,Declined,Yes
RTC0000290,C0000856,At-Risk Outreach,Priority Support,23-03-2025,WhatsApp,Accepted,Yes
RTC0000291,C0000859,Loyalty Save,Plan Upgrade Offer,30-01-2026,App,Accepted,Yes
RTC0000292,C0000864,Value Retention,Bill Waiver,31-05-2025,Call,No Response,Yes
RTC0000293,C0000865,Win-Back Drive,Extra Data 50GB,09-01-2026,App,No Response,Yes
RTC0000294,C0000876,Loyalty Save,Bill Waiver,21-02-2025,App,No Response,Yes
RTC0000295,C0000883,Value Retention,Priority Support,30-10-2025,Call,Accepted,Yes
RTC0000296,C0000887,Loyalty Save,Loyalty Discount 10%,19-02-2026,WhatsApp,No Response,Yes
RTC0000297,C0000892,Value Retention,Priority Support,31-01-2025,Email,Accepted,No
RTC0000298,C0000893,Value Retention,Extra Data 50GB,10-03-2026,WhatsApp,Accepted,Yes
RTC0000299,C0000896,Value Retention,Priority Support,22-10-2025,App,Accepted,Yes
RTC0000300,C0000898,Win-Back Drive,Free OTT 3 Months,03-04-2025,App,Accepted,Yes
RTC0000301,C0000900,Renewal Nudge,Cashback Voucher,15-01-2025,Email,Accepted,No
RTC0000302,C0000903,Win-Back Drive,Annual Plan Discount,30-10-2025,WhatsApp,Declined,Yes
RTC0000303,C0000904,Renewal Nudge,Extra Data 50GB,23-01-2026,Email,Accepted,Yes
RTC0000304,C0000906,Loyalty Save,Loyalty Discount 10%,24-03-2026,SMS,Declined,Yes
RTC0000305,C0000907,Value Retention,Extra Data 50GB,27-01-2025,Email,No Response,Yes
RTC0000306,C0000908,Renewal Nudge,Priority Support,18-03-2026,SMS,Accepted,No
RTC0000307,C0000909,Loyalty Save,Free OTT 3 Months,08-01-2026,App,Accepted,Yes
RTC0000308,C0000912,Loyalty Save,Loyalty Discount 10%,18-01-2026,WhatsApp,Accepted,Yes
RTC0000309,C0000915,Renewal Nudge,Free OTT 3 Months,08-04-2025,Email,Declined,Yes
RTC0000310,C0000918,Win-Back Drive,Priority Support,17-11-2025,SMS,Accepted,Yes
RTC0000311,C0000919,Renewal Nudge,Plan Upgrade Offer,03-11-2025,Email,Accepted,Yes
RTC0000312,C0000920,Loyalty Save,Annual Plan Discount,08-08-2025,Email,Declined,Yes
RTC0000313,C0000921,At-Risk Outreach,Plan Upgrade Offer,14-02-2026,Email,Accepted,No
RTC0000314,C0000925,Renewal Nudge,Annual Plan Discount,04-05-2025,App,No Response,Yes
RTC0000315,C0000926,Renewal Nudge,Plan Upgrade Offer,21-03-2025,WhatsApp,Declined,Yes
RTC0000316,C0000927,Win-Back Drive,Bill Waiver,21-12-2025,SMS,Accepted,Yes
RTC0000317,C0000931,Value Retention,Plan Upgrade Offer,30-06-2025,Call,Declined,Yes
RTC0000318,C0000932,Loyalty Save,Loyalty Discount 10%,23-03-2025,SMS,Declined,Yes
RTC0000319,C0000933,Value Retention,Bill Waiver,03-06-2025,Email,Accepted,Yes
RTC0000320,C0000937,Renewal Nudge,Extra Data 50GB,03-09-2025,Call,No Response,No
RTC0000321,C0000939,Win-Back Drive,Free OTT 3 Months,08-12-2025,App,Accepted,Yes
RTC0000322,C0000941,Loyalty Save,Extra Data 50GB,14-07-2025,Call,Accepted,No
RTC0000323,C0000953,At-Risk Outreach,Free OTT 3 Months,06-02-2026,WhatsApp,Accepted,No
RTC0000324,C0000956,Loyalty Save,Bill Waiver,21-07-2025,Call,Declined,No
RTC0000325,C0000957,Value Retention,Bill Waiver,21-03-2025,Call,Accepted,Yes
RTC0000326,C0000958,At-Risk Outreach,Cashback Voucher,25-04-2025,WhatsApp,Accepted,Yes
RTC0000327,C0000959,Renewal Nudge,Plan Upgrade Offer,27-11-2025,WhatsApp,Accepted,Yes
RTC0000328,C0000962,Value Retention,Extra Data 50GB,01-09-2025,SMS,Declined,No
RTC0000329,C0000967,Loyalty Save,Priority Support,28-02-2025,Email,Accepted,Yes
RTC0000330,C0000968,Value Retention,Priority Support,31-01-2025,WhatsApp,No Response,Yes
RTC0000331,C0000971,Loyalty Save,Free OTT 3 Months,11-11-2025,WhatsApp,Declined,Yes
RTC0000332,C0000973,At-Risk Outreach,Annual Plan Discount,07-05-2025,SMS,No Response,Yes
RTC0000333,C0000975,Loyalty Save,Annual Plan Discount,25-09-2025,WhatsApp,No Response,Yes
RTC0000334,C0000979,Loyalty Save,Free OTT 3 Months,26-06-2025,Call,Accepted,Yes
RTC0000335,C0000985,Win-Back Drive,Bill Waiver,09-01-2026,Call,Accepted,Yes
RTC0000336,C0000987,Loyalty Save,Cashback Voucher,12-05-2025,Call,No Response,Yes
RTC0000337,C0000996,Loyalty Save,Bill Waiver,22-08-2025,App,Accepted,Yes
RTC0000338,C0000997,Renewal Nudge,Priority Support,02-07-2025,Email,Declined,Yes
RTC0000339,C0000999,Value Retention,Cashback Voucher,25-01-2026,Call,Declined,Yes
RTC0000340,C0001003,Renewal Nudge,Loyalty Discount 10%,12-05-2025,SMS,Declined,No
RTC0000341,C0001008,Loyalty Save,Loyalty Discount 10%,06-09-2025,SMS,Declined,No
RTC0000342,C0001011,At-Risk Outreach,Annual Plan Discount,24-07-2025,SMS,Accepted,Yes
RTC0000343,C0001015,Loyalty Save,Bill Waiver,27-01-2025,Email,Accepted,Yes
RTC0000344,C0001020,Loyalty Save,Cashback Voucher,26-02-2026,WhatsApp,Accepted,Yes
RTC0000345,C0001022,At-Risk Outreach,Free OTT 3 Months,24-04-2025,Email,Accepted,Yes
RTC0000346,C0001028,At-Risk Outreach,Annual Plan Discount,13-01-2026,Email,No Response,Yes
RTC0000347,C0001038,Win-Back Drive,Plan Upgrade Offer,18-06-2025,App,No Response,Yes
RTC0000348,C0001040,Value Retention,Extra Data 50GB,05-03-2026,SMS,No Response,Yes
RTC0000349,C0001042,Loyalty Save,Extra Data 50GB,15-07-2025,SMS,Accepted,Yes
RTC0000350,C0001047,Loyalty Save,Free OTT 3 Months,22-01-2025,App,Declined,No
RTC0000351,C0001052,Renewal Nudge,Extra Data 50GB,15-03-2026,SMS,Accepted,Yes
RTC0000352,C0001056,Loyalty Save,Annual Plan Discount,28-01-2025,Email,No Response,Yes
RTC0000353,C0001057,Renewal Nudge,Plan Upgrade Offer,19-07-2025,App,Declined,Yes
RTC0000354,C0001063,Value Retention,Cashback Voucher,14-01-2026,SMS,Accepted,Yes
RTC0000355,C0001067,At-Risk Outreach,Extra Data 50GB,28-11-2025,App,Accepted,Yes
RTC0000356,C0001075,Win-Back Drive,Plan Upgrade Offer,02-11-2025,Email,Declined,No
RTC0000357,C0001078,At-Risk Outreach,Loyalty Discount 10%,05-09-2025,Email,No Response,No
RTC0000358,C0001079,Win-Back Drive,Free OTT 3 Months,28-07-2025,WhatsApp,No Response,Yes
RTC0000359,C0001080,Loyalty Save,Priority Support,31-05-2025,Email,No Response,Yes
RTC0000360,C0001081,Renewal Nudge,Plan Upgrade Offer,22-12-2025,Call,Accepted,No
RTC0000361,C0001084,At-Risk Outreach,Extra Data 50GB,06-08-2025,Email,Declined,Yes
RTC0000362,C0001087,Loyalty Save,Annual Plan Discount,06-05-2025,WhatsApp,Accepted,Yes
RTC0000363,C0001092,At-Risk Outreach,Free OTT 3 Months,14-03-2025,Email,Declined,Yes
RTC0000364,C0001093,Renewal Nudge,Extra Data 50GB,03-06-2025,Email,Declined,No
RTC0000365,C0001094,Loyalty Save,Loyalty Discount 10%,27-09-2025,App,Accepted,Yes
RTC0000366,C0001097,At-Risk Outreach,Bill Waiver,27-08-2025,Call,Declined,Yes
RTC0000367,C0001101,Loyalty Save,Free OTT 3 Months,15-10-2025,Email,No Response,No
RTC0000368,C0001102,Value Retention,Loyalty Discount 10%,23-02-2025,App,No Response,No
RTC0000369,C0001103,Win-Back Drive,Plan Upgrade Offer,01-09-2025,Call,Accepted,Yes
RTC0000370,C0001108,Win-Back Drive,Bill Waiver,01-07-2025,Call,No Response,No
RTC0000371,C0001112,Win-Back Drive,Annual Plan Discount,28-03-2026,SMS,Accepted,Yes
RTC0000372,C0001114,At-Risk Outreach,Annual Plan Discount,03-04-2025,Call,No Response,Yes
RTC0000373,C0001116,At-Risk Outreach,Bill Waiver,20-12-2025,SMS,Declined,Yes
RTC0000374,C0001120,At-Risk Outreach,Cashback Voucher,08-03-2026,SMS,No Response,Yes
RTC0000375,C0001122,Loyalty Save,Plan Upgrade Offer,15-03-2025,Call,Accepted,Yes
RTC0000376,C0001126,Loyalty Save,Extra Data 50GB,22-05-2025,Email,Declined,No
RTC0000377,C0001128,Value Retention,Annual Plan Discount,13-02-2026,App,Accepted,Yes
RTC0000378,C0001133,Win-Back Drive,Free OTT 3 Months,26-12-2025,SMS,Accepted,Yes
RTC0000379,C0001137,At-Risk Outreach,Bill Waiver,22-01-2025,WhatsApp,Accepted,Yes
RTC0000380,C0001139,Renewal Nudge,Bill Waiver,24-03-2025,App,Accepted,Yes
RTC0000381,C0001143,Win-Back Drive,Bill Waiver,22-01-2026,Email,Declined,Yes
RTC0000382,C0001145,Loyalty Save,Bill Waiver,01-05-2025,Call,Declined,No
RTC0000383,C0001146,Win-Back Drive,Priority Support,16-02-2026,Email,Declined,Yes
RTC0000384,C0001155,At-Risk Outreach,Extra Data 50GB,22-06-2025,Call,No Response,Yes
RTC0000385,C0001157,Value Retention,Cashback Voucher,08-06-2025,WhatsApp,Declined,Yes
RTC0000386,C0001160,Value Retention,Priority Support,17-01-2026,Email,Accepted,No
RTC0000387,C0001162,Win-Back Drive,Free OTT 3 Months,19-02-2026,Email,Declined,Yes
RTC0000388,C0001163,Loyalty Save,Cashback Voucher,15-08-2025,SMS,Accepted,No
RTC0000389,C0001164,Renewal Nudge,Cashback Voucher,16-12-2025,WhatsApp,Accepted,Yes
RTC0000390,C0001165,Value Retention,Priority Support,20-01-2026,SMS,Accepted,Yes
RTC0000391,C0001167,Loyalty Save,Loyalty Discount 10%,02-09-2025,App,Accepted,No
RTC0000392,C0001171,Renewal Nudge,Extra Data 50GB,31-10-2025,Email,Declined,Yes
RTC0000393,C0001173,Win-Back Drive,Loyalty Discount 10%,16-01-2026,Call,No Response,Yes
RTC0000394,C0001174,Value Retention,Annual Plan Discount,02-03-2026,App,Declined,Yes
RTC0000395,C0001179,Renewal Nudge,Loyalty Discount 10%,20-08-2025,SMS,Accepted,Yes
RTC0000396,C0001182,Win-Back Drive,Priority Support,23-07-2025,WhatsApp,Declined,Yes
RTC0000397,C0001185,Renewal Nudge,Bill Waiver,18-05-2025,Email,Declined,Yes
RTC0000398,C0001186,Renewal Nudge,Extra Data 50GB,01-04-2025,App,Declined,Yes
RTC0000399,C0001188,Renewal Nudge,Bill Waiver,25-03-2025,App,Accepted,Yes
RTC0000400,C0001190,Renewal Nudge,Priority Support,29-01-2025,Call,Accepted,No
RTC0000401,C0001191,Loyalty Save,Cashback Voucher,26-07-2025,Call,Declined,No
RTC0000402,C0001192,Value Retention,Cashback Voucher,26-06-2025,WhatsApp,Declined,Yes
RTC0000403,C0001193,At-Risk Outreach,Loyalty Discount 10%,18-08-2025,SMS,Declined,Yes
RTC0000404,C0001194,At-Risk Outreach,Bill Waiver,06-03-2026,SMS,Accepted,Yes
RTC0000405,C0001195,Loyalty Save,Extra Data 50GB,20-03-2026,App,Declined,Yes
RTC0000406,C0001196,Loyalty Save,Cashback Voucher,17-09-2025,Email,Accepted,No
RTC0000407,C0001199,Win-Back Drive,Loyalty Discount 10%,28-12-2025,Call,Accepted,Yes
RTC0000408,C0001200,Renewal Nudge,Priority Support,25-12-2025,App,Accepted,Yes
RTC0000409,C0001201,Renewal Nudge,Bill Waiver,10-01-2026,Email,Accepted,Yes
RTC0000410,C0001202,Loyalty Save,Bill Waiver,01-02-2026,SMS,Declined,Yes
RTC0000411,C0001212,At-Risk Outreach,Annual Plan Discount,20-06-2025,WhatsApp,Accepted,Yes
RTC0000412,C0001214,Value Retention,Cashback Voucher,03-07-2025,Call,Accepted,No
RTC0000413,C0001216,Value Retention,Priority Support,17-06-2025,WhatsApp,No Response,Yes
RTC0000414,C0001218,Renewal Nudge,Priority Support,02-08-2025,App,Accepted,Yes
RTC0000415,C0001221,Win-Back Drive,Annual Plan Discount,24-01-2026,WhatsApp,Declined,Yes
RTC0000416,C0001226,At-Risk Outreach,Priority Support,29-03-2026,WhatsApp,Declined,Yes
RTC0000417,C0001227,Win-Back Drive,Bill Waiver,10-11-2025,App,Accepted,Yes
RTC0000418,C0001228,Loyalty Save,Cashback Voucher,29-05-2025,Email,Declined,Yes
RTC0000419,C0001230,At-Risk Outreach,Priority Support,21-01-2026,WhatsApp,Accepted,Yes
RTC0000420,C0001231,Win-Back Drive,Annual Plan Discount,09-03-2025,Email,Accepted,Yes
RTC0000421,C0001244,At-Risk Outreach,Cashback Voucher,24-12-2025,App,Accepted,Yes
RTC0000422,C0001248,Win-Back Drive,Cashback Voucher,22-02-2026,SMS,Accepted,Yes
RTC0000423,C0001249,At-Risk Outreach,Annual Plan Discount,11-09-2025,WhatsApp,Accepted,No
RTC0000424,C0001253,Renewal Nudge,Plan Upgrade Offer,18-05-2025,Email,Accepted,No
RTC0000425,C0001259,Win-Back Drive,Annual Plan Discount,15-02-2026,SMS,No Response,No
RTC0000426,C0001260,Value Retention,Free OTT 3 Months,14-06-2025,App,Declined,No
RTC0000427,C0001263,Renewal Nudge,Free OTT 3 Months,09-01-2026,Email,Declined,Yes
RTC0000428,C0001264,Value Retention,Free OTT 3 Months,26-04-2025,Email,Accepted,Yes
RTC0000429,C0001265,Loyalty Save,Annual Plan Discount,28-03-2026,App,Accepted,Yes
RTC0000430,C0001266,Renewal Nudge,Loyalty Discount 10%,10-01-2025,WhatsApp,Declined,No
RTC0000431,C0001268,Value Retention,Free OTT 3 Months,12-07-2025,SMS,No Response,Yes
RTC0000432,C0001273,Loyalty Save,Annual Plan Discount,24-03-2025,App,Declined,Yes
RTC0000433,C0001282,Renewal Nudge,Loyalty Discount 10%,25-01-2026,App,Declined,No
RTC0000434,C0001283,Win-Back Drive,Loyalty Discount 10%,28-09-2025,Email,Accepted,Yes
RTC0000435,C0001284,Value Retention,Cashback Voucher,30-09-2025,App,Declined,No
RTC0000436,C0001285,Renewal Nudge,Loyalty Discount 10%,19-01-2025,WhatsApp,Accepted,Yes
RTC0000437,C0001286,Win-Back Drive,Bill Waiver,14-09-2025,WhatsApp,Accepted,Yes
RTC0000438,C0001292,Win-Back Drive,Extra Data 50GB,28-02-2025,WhatsApp,No Response,Yes
RTC0000439,C0001293,Value Retention,Priority Support,30-03-2026,SMS,Declined,Yes
RTC0000440,C0001296,At-Risk Outreach,Loyalty Discount 10%,27-12-2025,SMS,Accepted,Yes
RTC0000441,C0001298,Win-Back Drive,Free OTT 3 Months,19-05-2025,WhatsApp,Accepted,Yes
RTC0000442,C0001302,At-Risk Outreach,Extra Data 50GB,31-05-2025,SMS,No Response,Yes
RTC0000443,C0001303,At-Risk Outreach,Plan Upgrade Offer,15-01-2025,Email,Accepted,Yes
RTC0000444,C0001305,Win-Back Drive,Plan Upgrade Offer,13-02-2026,Email,No Response,Yes
RTC0000445,C0001307,Win-Back Drive,Priority Support,09-08-2025,SMS,Accepted,Yes
RTC0000446,C0001316,Value Retention,Extra Data 50GB,18-03-2026,Call,No Response,Yes
RTC0000447,C0001318,Value Retention,Annual Plan Discount,02-05-2025,Call,Accepted,No
RTC0000448,C0001320,Win-Back Drive,Annual Plan Discount,17-01-2025,WhatsApp,No Response,Yes
RTC0000449,C0001322,Renewal Nudge,Loyalty Discount 10%,29-11-2025,Call,Accepted,Yes
RTC0000450,C0001325,Win-Back Drive,Loyalty Discount 10%,07-11-2025,SMS,Accepted,No
RTC0000451,C0001331,At-Risk Outreach,Priority Support,16-05-2025,SMS,Declined,Yes
RTC0000452,C0001333,Value Retention,Plan Upgrade Offer,16-05-2025,App,No Response,Yes
RTC0000453,C0001335,Loyalty Save,Cashback Voucher,18-02-2025,Call,No Response,Yes
RTC0000454,C0001337,At-Risk Outreach,Annual Plan Discount,18-01-2026,WhatsApp,Accepted,Yes
RTC0000455,C0001338,Win-Back Drive,Extra Data 50GB,23-12-2025,Call,No Response,No
RTC0000456,C0001341,At-Risk Outreach,Priority Support,06-08-2025,SMS,Accepted,Yes
RTC0000457,C0001344,Renewal Nudge,Cashback Voucher,16-09-2025,Call,Accepted,Yes
RTC0000458,C0001346,Loyalty Save,Bill Waiver,27-01-2026,SMS,Declined,Yes
RTC0000459,C0001347,Renewal Nudge,Free OTT 3 Months,05-02-2025,WhatsApp,Declined,No
RTC0000460,C0001348,At-Risk Outreach,Free OTT 3 Months,23-01-2025,App,Declined,No
RTC0000461,C0001349,Renewal Nudge,Extra Data 50GB,21-02-2025,Call,No Response,Yes
RTC0000462,C0001351,Win-Back Drive,Loyalty Discount 10%,17-09-2025,Call,Declined,Yes
RTC0000463,C0001353,Win-Back Drive,Extra Data 50GB,16-10-2025,WhatsApp,Accepted,Yes
RTC0000464,C0001355,Loyalty Save,Cashback Voucher,09-06-2025,SMS,Accepted,Yes
RTC0000465,C0001358,At-Risk Outreach,Annual Plan Discount,15-10-2025,SMS,Declined,Yes
RTC0000466,C0001363,Renewal Nudge,Free OTT 3 Months,26-03-2025,Call,Accepted,Yes
RTC0000467,C0001364,Renewal Nudge,Priority Support,04-02-2026,WhatsApp,Accepted,Yes
RTC0000468,C0001369,Win-Back Drive,Extra Data 50GB,25-05-2025,WhatsApp,Accepted,Yes
RTC0000469,C0001370,Value Retention,Extra Data 50GB,11-04-2025,SMS,Declined,No
RTC0000470,C0001371,Value Retention,Cashback Voucher,25-08-2025,App,Accepted,Yes
RTC0000471,C0001373,Loyalty Save,Free OTT 3 Months,12-02-2025,Email,No Response,Yes
RTC0000472,C0001375,Loyalty Save,Bill Waiver,23-02-2025,App,Accepted,Yes
RTC0000473,C0001383,At-Risk Outreach,Loyalty Discount 10%,06-02-2026,Call,Accepted,No
RTC0000474,C0001385,Loyalty Save,Plan Upgrade Offer,25-12-2025,App,Declined,Yes
RTC0000475,C0001390,Win-Back Drive,Plan Upgrade Offer,06-03-2026,WhatsApp,Declined,Yes
RTC0000476,C0001392,Win-Back Drive,Cashback Voucher,22-06-2025,WhatsApp,Accepted,Yes
RTC0000477,C0001393,Renewal Nudge,Plan Upgrade Offer,05-11-2025,Email,Accepted,Yes
RTC0000478,C0001403,Value Retention,Annual Plan Discount,06-10-2025,SMS,Declined,Yes
RTC0000479,C0001404,Value Retention,Plan Upgrade Offer,18-12-2025,Call,Accepted,Yes
RTC0000480,C0001408,Win-Back Drive,Annual Plan Discount,04-06-2025,WhatsApp,No Response,No
RTC0000481,C0001410,Renewal Nudge,Annual Plan Discount,16-12-2025,Call,Declined,No
RTC0000482,C0001414,At-Risk Outreach,Extra Data 50GB,02-12-2025,Call,Accepted,No
RTC0000483,C0001415,At-Risk Outreach,Cashback Voucher,01-03-2026,WhatsApp,Accepted,Yes
RTC0000484,C0001420,Renewal Nudge,Extra Data 50GB,26-02-2025,Call,Accepted,Yes
RTC0000485,C0001421,Loyalty Save,Cashback Voucher,21-02-2026,Email,Accepted,Yes
RTC0000486,C0001422,Loyalty Save,Priority Support,19-01-2025,WhatsApp,Accepted,No
RTC0000487,C0001428,At-Risk Outreach,Extra Data 50GB,14-12-2025,WhatsApp,Accepted,Yes
RTC0000488,C0001433,At-Risk Outreach,Free OTT 3 Months,21-07-2025,SMS,No Response,Yes
RTC0000489,C0001435,Loyalty Save,Bill Waiver,12-01-2025,WhatsApp,Declined,Yes
RTC0000490,C0001437,Loyalty Save,Annual Plan Discount,10-03-2026,WhatsApp,Accepted,Yes
RTC0000491,C0001438,Renewal Nudge,Plan Upgrade Offer,15-03-2026,App,No Response,Yes
RTC0000492,C0001439,At-Risk Outreach,Priority Support,21-09-2025,WhatsApp,Declined,Yes
RTC0000493,C0001441,Renewal Nudge,Priority Support,19-12-2025,Call,No Response,No
RTC0000494,C0001443,At-Risk Outreach,Loyalty Discount 10%,02-11-2025,WhatsApp,Accepted,Yes
RTC0000495,C0001445,Value Retention,Free OTT 3 Months,06-04-2025,Call,Accepted,Yes
RTC0000496,C0001452,Renewal Nudge,Annual Plan Discount,21-06-2025,WhatsApp,No Response,Yes
RTC0000497,C0001457,Win-Back Drive,Cashback Voucher,29-10-2025,Call,Accepted,Yes
RTC0000498,C0001459,Loyalty Save,Free OTT 3 Months,28-02-2025,Call,Declined,No
RTC0000499,C0001466,Loyalty Save,Bill Waiver,20-06-2025,SMS,Accepted,Yes
RTC0000500,C0001471,Value Retention,Plan Upgrade Offer,29-08-2025,Call,No Response,Yes
RTC0000501,C0001474,Loyalty Save,Extra Data 50GB,02-11-2025,Email,Accepted,Yes
RTC0000502,C0001476,Renewal Nudge,Annual Plan Discount,30-04-2025,App,No Response,Yes
RTC0000503,C0001477,Loyalty Save,Plan Upgrade Offer,01-02-2025,WhatsApp,Declined,Yes
RTC0000504,C0001478,Loyalty Save,Plan Upgrade Offer,04-01-2025,SMS,Accepted,Yes
RTC0000505,C0001481,Loyalty Save,Free OTT 3 Months,16-08-2025,Call,No Response,Yes
RTC0000506,C0001482,Value Retention,Bill Waiver,08-09-2025,WhatsApp,Accepted,Yes
RTC0000507,C0001488,Value Retention,Bill Waiver,05-11-2025,Call,Accepted,Yes
RTC0000508,C0001489,Win-Back Drive,Plan Upgrade Offer,23-07-2025,WhatsApp,Accepted,Yes
RTC0000509,C0001499,Renewal Nudge,Annual Plan Discount,17-03-2025,SMS,Declined,Yes
RTC0000510,C0001500,Loyalty Save,Bill Waiver,10-03-2025,SMS,Accepted,Yes
RTC0000511,C0001502,Win-Back Drive,Loyalty Discount 10%,09-04-2025,SMS,Declined,Yes
RTC0000512,C0001504,Loyalty Save,Loyalty Discount 10%,12-06-2025,WhatsApp,Accepted,No
RTC0000513,C0001511,Loyalty Save,Plan Upgrade Offer,20-12-2025,WhatsApp,No Response,Yes
RTC0000514,C0001513,At-Risk Outreach,Priority Support,23-12-2025,App,Declined,Yes
RTC0000515,C0001518,At-Risk Outreach,Extra Data 50GB,19-11-2025,Call,Accepted,No
RTC0000516,C0001521,Value Retention,Free OTT 3 Months,06-07-2025,WhatsApp,Accepted,Yes
RTC0000517,C0001523,Renewal Nudge,Free OTT 3 Months,01-01-2026,WhatsApp,Accepted,No
RTC0000518,C0001525,Loyalty Save,Bill Waiver,10-09-2025,WhatsApp,No Response,No
RTC0000519,C0001528,At-Risk Outreach,Extra Data 50GB,11-03-2026,Email,Accepted,Yes
RTC0000520,C0001530,Loyalty Save,Cashback Voucher,03-02-2026,SMS,Accepted,Yes
RTC0000521,C0001533,Loyalty Save,Priority Support,18-11-2025,Email,Accepted,Yes
RTC0000522,C0001535,Loyalty Save,Plan Upgrade Offer,25-03-2026,Call,Accepted,Yes
RTC0000523,C0001536,At-Risk Outreach,Plan Upgrade Offer,11-03-2025,WhatsApp,No Response,No
RTC0000524,C0001539,Renewal Nudge,Free OTT 3 Months,01-03-2026,Call,Accepted,Yes
RTC0000525,C0001540,Loyalty Save,Cashback Voucher,17-02-2025,SMS,Declined,Yes
RTC0000526,C0001548,Value Retention,Plan Upgrade Offer,04-06-2025,App,Accepted,Yes
RTC0000527,C0001551,Value Retention,Extra Data 50GB,21-01-2025,Call,Accepted,Yes
RTC0000528,C0001553,Loyalty Save,Cashback Voucher,31-05-2025,SMS,Accepted,No
RTC0000529,C0001556,Win-Back Drive,Plan Upgrade Offer,07-01-2025,Call,Accepted,Yes
RTC0000530,C0001563,Value Retention,Extra Data 50GB,09-12-2025,WhatsApp,Accepted,Yes
RTC0000531,C0001564,Loyalty Save,Bill Waiver,19-02-2026,Call,Declined,Yes
RTC0000532,C0001566,Loyalty Save,Annual Plan Discount,19-03-2026,WhatsApp,Declined,Yes
RTC0000533,C0001567,Loyalty Save,Loyalty Discount 10%,27-03-2026,App,Accepted,Yes
RTC0000534,C0001568,Loyalty Save,Extra Data 50GB,19-04-2025,SMS,Accepted,Yes
RTC0000535,C0001569,Win-Back Drive,Annual Plan Discount,22-03-2026,Call,Declined,No
RTC0000536,C0001571,At-Risk Outreach,Annual Plan Discount,30-03-2026,App,No Response,Yes
RTC0000537,C0001572,Renewal Nudge,Cashback Voucher,26-10-2025,Email,Declined,No
RTC0000538,C0001579,Renewal Nudge,Priority Support,19-03-2025,WhatsApp,Declined,Yes
RTC0000539,C0001584,Value Retention,Cashback Voucher,18-09-2025,WhatsApp,No Response,Yes
RTC0000540,C0001590,Value Retention,Extra Data 50GB,04-06-2025,WhatsApp,Accepted,Yes
RTC0000541,C0001601,Renewal Nudge,Bill Waiver,20-08-2025,Call,Accepted,No
RTC0000542,C0001603,Value Retention,Annual Plan Discount,04-05-2025,App,Accepted,Yes
RTC0000543,C0001604,Renewal Nudge,Annual Plan Discount,06-01-2025,Email,No Response,No
RTC0000544,C0001608,Renewal Nudge,Loyalty Discount 10%,02-07-2025,SMS,Declined,No
RTC0000545,C0001609,Renewal Nudge,Plan Upgrade Offer,10-03-2026,Call,Declined,No
RTC0000546,C0001617,Win-Back Drive,Loyalty Discount 10%,13-08-2025,Call,No Response,Yes
RTC0000547,C0001619,At-Risk Outreach,Priority Support,21-01-2025,Email,Accepted,Yes
RTC0000548,C0001622,Renewal Nudge,Extra Data 50GB,01-03-2026,Email,Declined,Yes
RTC0000549,C0001625,Loyalty Save,Plan Upgrade Offer,17-01-2025,App,Accepted,No
RTC0000550,C0001633,At-Risk Outreach,Cashback Voucher,07-03-2026,WhatsApp,Accepted,Yes
RTC0000551,C0001635,At-Risk Outreach,Priority Support,05-10-2025,WhatsApp,Accepted,Yes
RTC0000552,C0001636,Value Retention,Bill Waiver,13-03-2026,App,No Response,Yes
RTC0000553,C0001637,Renewal Nudge,Cashback Voucher,18-07-2025,Call,No Response,Yes
RTC0000554,C0001645,Value Retention,Plan Upgrade Offer,17-06-2025,Email,Declined,No
RTC0000555,C0001647,At-Risk Outreach,Extra Data 50GB,26-05-2025,SMS,Declined,Yes
RTC0000556,C0001649,At-Risk Outreach,Priority Support,10-01-2026,Call,No Response,No
RTC0000557,C0001653,Renewal Nudge,Bill Waiver,23-02-2025,App,No Response,No
RTC0000558,C0001655,At-Risk Outreach,Extra Data 50GB,05-08-2025,WhatsApp,Accepted,Yes
RTC0000559,C0001659,Loyalty Save,Priority Support,11-02-2026,App,Accepted,Yes
RTC0000560,C0001661,Renewal Nudge,Annual Plan Discount,15-02-2026,SMS,Accepted,No
RTC0000561,C0001666,Renewal Nudge,Priority Support,21-04-2025,App,No Response,No
RTC0000562,C0001671,Win-Back Drive,Cashback Voucher,30-08-2025,Call,No Response,Yes
RTC0000563,C0001676,Renewal Nudge,Loyalty Discount 10%,17-01-2025,Call,Accepted,No
RTC0000564,C0001678,Renewal Nudge,Free OTT 3 Months,29-04-2025,SMS,Accepted,Yes
RTC0000565,C0001680,Value Retention,Loyalty Discount 10%,28-05-2025,SMS,Accepted,Yes
RTC0000566,C0001682,Renewal Nudge,Plan Upgrade Offer,12-03-2025,App,Accepted,Yes
RTC0000567,C0001684,Win-Back Drive,Bill Waiver,24-10-2025,App,No Response,Yes
RTC0000568,C0001685,Renewal Nudge,Annual Plan Discount,12-04-2025,SMS,No Response,Yes
RTC0000569,C0001691,Loyalty Save,Priority Support,30-01-2026,Call,No Response,No
RTC0000570,C0001693,Value Retention,Priority Support,30-12-2025,App,No Response,Yes
RTC0000571,C0001698,Value Retention,Annual Plan Discount,04-12-2025,App,No Response,Yes
RTC0000572,C0001706,Value Retention,Free OTT 3 Months,09-04-2025,WhatsApp,Accepted,Yes
RTC0000573,C0001714,Value Retention,Free OTT 3 Months,12-04-2025,Call,Declined,Yes
RTC0000574,C0001715,Win-Back Drive,Bill Waiver,07-07-2025,App,Accepted,No
RTC0000575,C0001721,At-Risk Outreach,Loyalty Discount 10%,10-07-2025,Call,Declined,No
RTC0000576,C0001726,Loyalty Save,Loyalty Discount 10%,13-05-2025,Email,Accepted,No
RTC0000577,C0001727,Value Retention,Bill Waiver,13-02-2025,SMS,Accepted,No
RTC0000578,C0001738,Loyalty Save,Cashback Voucher,30-03-2025,Email,No Response,Yes
RTC0000579,C0001746,At-Risk Outreach,Free OTT 3 Months,18-04-2025,Call,Accepted,Yes
RTC0000580,C0001752,Value Retention,Plan Upgrade Offer,01-08-2025,SMS,Declined,Yes
RTC0000581,C0001754,At-Risk Outreach,Loyalty Discount 10%,21-01-2026,Call,Declined,Yes
RTC0000582,C0001755,At-Risk Outreach,Priority Support,27-03-2026,App,Accepted,Yes
RTC0000583,C0001756,Renewal Nudge,Free OTT 3 Months,29-10-2025,SMS,Declined,Yes
RTC0000584,C0001769,Win-Back Drive,Extra Data 50GB,19-10-2025,Email,Accepted,Yes
RTC0000585,C0001773,Renewal Nudge,Loyalty Discount 10%,19-02-2026,Email,No Response,Yes
RTC0000586,C0001778,Renewal Nudge,Cashback Voucher,20-04-2025,Email,Accepted,Yes
RTC0000587,C0001784,At-Risk Outreach,Bill Waiver,17-09-2025,SMS,Accepted,Yes
RTC0000588,C0001785,Value Retention,Annual Plan Discount,15-05-2025,App,Declined,No
RTC0000589,C0001788,Value Retention,Annual Plan Discount,06-02-2026,Email,Accepted,Yes
RTC0000590,C0001794,Loyalty Save,Cashback Voucher,02-05-2025,Call,Accepted,Yes
RTC0000591,C0001805,Win-Back Drive,Priority Support,07-01-2025,WhatsApp,Declined,Yes
RTC0000592,C0001806,Win-Back Drive,Annual Plan Discount,07-07-2025,SMS,Declined,Yes
RTC0000593,C0001808,Value Retention,Free OTT 3 Months,21-09-2025,WhatsApp,Accepted,No
RTC0000594,C0001810,Win-Back Drive,Free OTT 3 Months,14-07-2025,WhatsApp,Accepted,Yes
RTC0000595,C0001811,At-Risk Outreach,Cashback Voucher,05-03-2026,Call,No Response,Yes
RTC0000596,C0001814,At-Risk Outreach,Cashback Voucher,15-01-2025,Call,Accepted,Yes
RTC0000597,C0001815,Win-Back Drive,Plan Upgrade Offer,05-10-2025,App,No Response,Yes
RTC0000598,C0001820,Renewal Nudge,Annual Plan Discount,08-02-2025,Email,Accepted,No
RTC0000599,C0001821,Loyalty Save,Priority Support,13-03-2025,WhatsApp,No Response,No
RTC0000600,C0001823,At-Risk Outreach,Plan Upgrade Offer,31-03-2025,App,Accepted,Yes
RTC0000601,C0001824,At-Risk Outreach,Bill Waiver,14-07-2025,Call,Declined,No
RTC0000602,C0001826,Value Retention,Priority Support,01-12-2025,Call,Accepted,Yes
RTC0000603,C0001830,Value Retention,Loyalty Discount 10%,23-11-2025,App,Declined,Yes
RTC0000604,C0001833,At-Risk Outreach,Loyalty Discount 10%,17-12-2025,Email,Declined,Yes
RTC0000605,C0001834,Renewal Nudge,Cashback Voucher,14-05-2025,Call,Accepted,Yes
RTC0000606,C0001839,At-Risk Outreach,Plan Upgrade Offer,13-09-2025,WhatsApp,No Response,Yes
RTC0000607,C0001842,At-Risk Outreach,Plan Upgrade Offer,27-01-2026,App,Declined,Yes
RTC0000608,C0001847,Win-Back Drive,Free OTT 3 Months,03-11-2025,Email,Accepted,Yes
RTC0000609,C0001848,Loyalty Save,Cashback Voucher,02-12-2025,Email,No Response,Yes
RTC0000610,C0001849,Loyalty Save,Cashback Voucher,03-11-2025,Call,Declined,Yes
RTC0000611,C0001850,Loyalty Save,Loyalty Discount 10%,29-03-2026,Call,Accepted,Yes
RTC0000612,C0001852,Renewal Nudge,Cashback Voucher,22-03-2025,WhatsApp,Declined,Yes
RTC0000613,C0001853,Renewal Nudge,Annual Plan Discount,23-09-2025,WhatsApp,No Response,Yes
RTC0000614,C0001857,Loyalty Save,Free OTT 3 Months,02-02-2026,Call,No Response,No
RTC0000615,C0001862,Value Retention,Annual Plan Discount,08-01-2026,Email,Declined,Yes
RTC0000616,C0001866,Win-Back Drive,Extra Data 50GB,25-11-2025,SMS,Accepted,Yes
RTC0000617,C0001870,At-Risk Outreach,Plan Upgrade Offer,08-02-2026,Call,Accepted,Yes
RTC0000618,C0001874,Renewal Nudge,Cashback Voucher,04-02-2025,Email,Declined,Yes
RTC0000619,C0001876,Loyalty Save,Priority Support,18-01-2026,Call,Accepted,Yes
RTC0000620,C0001882,Renewal Nudge,Bill Waiver,21-05-2025,Call,No Response,No
RTC0000621,C0001888,Loyalty Save,Annual Plan Discount,20-10-2025,App,Accepted,No
RTC0000622,C0001889,Loyalty Save,Plan Upgrade Offer,10-09-2025,WhatsApp,Accepted,Yes
RTC0000623,C0001890,Loyalty Save,Free OTT 3 Months,17-03-2025,WhatsApp,Declined,Yes
RTC0000624,C0001897,Win-Back Drive,Free OTT 3 Months,29-10-2025,Call,Accepted,Yes
RTC0000625,C0001900,Win-Back Drive,Free OTT 3 Months,07-07-2025,SMS,Accepted,Yes
RTC0000626,C0001907,Win-Back Drive,Plan Upgrade Offer,01-01-2026,SMS,Accepted,Yes
RTC0000627,C0001908,Renewal Nudge,Extra Data 50GB,11-04-2025,SMS,No Response,No
RTC0000628,C0001909,Win-Back Drive,Bill Waiver,09-07-2025,Call,Declined,No
RTC0000629,C0001910,Loyalty Save,Loyalty Discount 10%,27-02-2025,Email,Declined,Yes
RTC0000630,C0001911,Value Retention,Priority Support,29-10-2025,Call,Declined,Yes
RTC0000631,C0001912,At-Risk Outreach,Priority Support,09-09-2025,WhatsApp,Declined,Yes
RTC0000632,C0001914,At-Risk Outreach,Plan Upgrade Offer,08-11-2025,WhatsApp,Accepted,Yes
RTC0000633,C0001922,Loyalty Save,Loyalty Discount 10%,27-05-2025,Call,No Response,Yes
RTC0000634,C0001923,Renewal Nudge,Cashback Voucher,07-08-2025,Email,Accepted,Yes
RTC0000635,C0001931,Loyalty Save,Priority Support,05-11-2025,SMS,No Response,Yes
RTC0000636,C0001933,Value Retention,Extra Data 50GB,07-10-2025,WhatsApp,Accepted,Yes
RTC0000637,C0001940,At-Risk Outreach,Bill Waiver,09-02-2026,SMS,Declined,Yes
RTC0000638,C0001945,At-Risk Outreach,Bill Waiver,13-04-2025,WhatsApp,No Response,Yes
RTC0000639,C0001951,At-Risk Outreach,Plan Upgrade Offer,23-02-2026,App,Declined,Yes
RTC0000640,C0001953,Value Retention,Loyalty Discount 10%,18-04-2025,SMS,No Response,Yes
RTC0000641,C0001955,Loyalty Save,Annual Plan Discount,23-01-2026,App,No Response,No
RTC0000642,C0001957,At-Risk Outreach,Bill Waiver,01-08-2025,Call,Declined,No
RTC0000643,C0001970,Renewal Nudge,Cashback Voucher,02-03-2025,SMS,Accepted,Yes
RTC0000644,C0001974,At-Risk Outreach,Bill Waiver,12-10-2025,SMS,Declined,Yes
RTC0000645,C0001977,Value Retention,Loyalty Discount 10%,06-01-2025,SMS,Declined,Yes
RTC0000646,C0001978,At-Risk Outreach,Annual Plan Discount,21-07-2025,WhatsApp,No Response,Yes
RTC0000647,C0001979,Value Retention,Loyalty Discount 10%,03-07-2025,Call,No Response,Yes
RTC0000648,C0001995,At-Risk Outreach,Plan Upgrade Offer,01-07-2025,WhatsApp,No Response,No
RTC0000649,C0001996,Win-Back Drive,Bill Waiver,09-09-2025,WhatsApp,Accepted,No
RTC0000650,C0001998,At-Risk Outreach,Loyalty Discount 10%,20-11-2025,Call,Declined,No
RTC0000651,C0001999,Win-Back Drive,Loyalty Discount 10%,07-05-2025,WhatsApp,Accepted,Yes
RTC0000652,C0002007,Loyalty Save,Plan Upgrade Offer,21-12-2025,App,Accepted,Yes
RTC0000653,C0002011,Loyalty Save,Annual Plan Discount,19-04-2025,SMS,No Response,Yes
RTC0000654,C0002014,Win-Back Drive,Extra Data 50GB,21-05-2025,Call,Accepted,Yes
RTC0000655,C0002018,Renewal Nudge,Free OTT 3 Months,15-12-2025,Email,Accepted,Yes
RTC0000656,C0002025,At-Risk Outreach,Bill Waiver,07-09-2025,App,Declined,Yes
RTC0000657,C0002026,Loyalty Save,Extra Data 50GB,16-07-2025,Call,Declined,Yes
RTC0000658,C0002030,At-Risk Outreach,Extra Data 50GB,13-06-2025,SMS,No Response,No
RTC0000659,C0002031,At-Risk Outreach,Priority Support,13-06-2025,WhatsApp,Declined,Yes
RTC0000660,C0002034,Win-Back Drive,Plan Upgrade Offer,28-10-2025,Email,Declined,Yes
RTC0000661,C0002038,At-Risk Outreach,Priority Support,09-05-2025,Email,No Response,No
RTC0000662,C0002039,Renewal Nudge,Priority Support,30-03-2025,Call,Accepted,No
RTC0000663,C0002042,Loyalty Save,Annual Plan Discount,23-03-2026,App,Accepted,No
RTC0000664,C0002044,Value Retention,Extra Data 50GB,19-09-2025,App,No Response,Yes
RTC0000665,C0002049,Win-Back Drive,Loyalty Discount 10%,09-11-2025,Email,No Response,Yes
RTC0000666,C0002050,Win-Back Drive,Free OTT 3 Months,12-07-2025,Email,Declined,No
RTC0000667,C0002053,Value Retention,Priority Support,10-07-2025,App,Declined,Yes
RTC0000668,C0002057,At-Risk Outreach,Priority Support,22-03-2026,Email,Declined,Yes
RTC0000669,C0002058,Win-Back Drive,Extra Data 50GB,26-12-2025,App,No Response,Yes
RTC0000670,C0002060,At-Risk Outreach,Plan Upgrade Offer,30-06-2025,WhatsApp,Accepted,Yes
RTC0000671,C0002061,Value Retention,Free OTT 3 Months,28-02-2026,App,Accepted,Yes
RTC0000672,C0002067,Loyalty Save,Annual Plan Discount,15-04-2025,App,Accepted,Yes
RTC0000673,C0002068,Value Retention,Extra Data 50GB,10-05-2025,App,Accepted,No
RTC0000674,C0002080,Renewal Nudge,Extra Data 50GB,28-07-2025,Email,No Response,Yes
RTC0000675,C0002081,Win-Back Drive,Annual Plan Discount,27-02-2025,Call,No Response,Yes
RTC0000676,C0002084,At-Risk Outreach,Extra Data 50GB,05-06-2025,Email,Accepted,Yes
RTC0000677,C0002087,Renewal Nudge,Plan Upgrade Offer,18-09-2025,SMS,No Response,Yes
RTC0000678,C0002088,At-Risk Outreach,Loyalty Discount 10%,19-11-2025,WhatsApp,Accepted,Yes
RTC0000679,C0002089,At-Risk Outreach,Extra Data 50GB,21-01-2025,SMS,Accepted,Yes
RTC0000680,C0002092,Value Retention,Extra Data 50GB,01-12-2025,App,Declined,Yes
RTC0000681,C0002096,Renewal Nudge,Loyalty Discount 10%,04-05-2025,Email,Accepted,Yes
RTC0000682,C0002097,Value Retention,Cashback Voucher,12-03-2025,App,Accepted,Yes
RTC0000683,C0002101,At-Risk Outreach,Cashback Voucher,14-11-2025,WhatsApp,Accepted,Yes
RTC0000684,C0002102,At-Risk Outreach,Cashback Voucher,18-01-2026,WhatsApp,Accepted,No
RTC0000685,C0002105,Win-Back Drive,Loyalty Discount 10%,07-01-2025,WhatsApp,Declined,Yes
RTC0000686,C0002109,At-Risk Outreach,Bill Waiver,19-11-2025,WhatsApp,Declined,No
RTC0000687,C0002110,Win-Back Drive,Cashback Voucher,29-06-2025,Call,No Response,Yes
RTC0000688,C0002117,Renewal Nudge,Free OTT 3 Months,13-03-2025,Call,Declined,No
RTC0000689,C0002118,At-Risk Outreach,Cashback Voucher,28-02-2025,WhatsApp,No Response,Yes
RTC0000690,C0002119,Loyalty Save,Bill Waiver,25-11-2025,App,Declined,Yes
RTC0000691,C0002127,At-Risk Outreach,Priority Support,12-06-2025,SMS,Accepted,Yes
RTC0000692,C0002133,Value Retention,Annual Plan Discount,19-03-2025,Email,Accepted,Yes
RTC0000693,C0002136,Renewal Nudge,Cashback Voucher,12-03-2026,Call,Accepted,Yes
RTC0000694,C0002139,Value Retention,Bill Waiver,17-09-2025,App,No Response,Yes
RTC0000695,C0002143,At-Risk Outreach,Free OTT 3 Months,20-01-2025,Call,Declined,Yes
RTC0000696,C0002144,At-Risk Outreach,Loyalty Discount 10%,03-03-2025,App,Declined,Yes
RTC0000697,C0002155,Renewal Nudge,Bill Waiver,24-11-2025,App,Accepted,Yes
RTC0000698,C0002156,Loyalty Save,Priority Support,19-03-2025,WhatsApp,Declined,Yes
RTC0000699,C0002157,Win-Back Drive,Plan Upgrade Offer,10-02-2026,WhatsApp,No Response,Yes
RTC0000700,C0002160,At-Risk Outreach,Cashback Voucher,03-04-2025,Email,Declined,Yes
RTC0000701,C0002164,At-Risk Outreach,Annual Plan Discount,18-02-2026,Email,Accepted,Yes
RTC0000702,C0002165,Value Retention,Free OTT 3 Months,25-02-2025,Email,No Response,Yes
RTC0000703,C0002166,Loyalty Save,Loyalty Discount 10%,10-11-2025,Email,No Response,No
RTC0000704,C0002167,Loyalty Save,Extra Data 50GB,15-01-2026,App,Declined,Yes
RTC0000705,C0002168,Win-Back Drive,Priority Support,20-12-2025,Call,Accepted,Yes
RTC0000706,C0002171,Renewal Nudge,Annual Plan Discount,29-06-2025,Email,Accepted,No
RTC0000707,C0002174,Win-Back Drive,Priority Support,13-07-2025,Call,Accepted,No
RTC0000708,C0002181,Win-Back Drive,Bill Waiver,03-01-2025,SMS,Declined,No
RTC0000709,C0002182,Win-Back Drive,Cashback Voucher,14-02-2025,App,No Response,Yes
RTC0000710,C0002183,Win-Back Drive,Plan Upgrade Offer,13-11-2025,SMS,No Response,Yes
RTC0000711,C0002184,Win-Back Drive,Priority Support,14-05-2025,WhatsApp,No Response,Yes
RTC0000712,C0002187,At-Risk Outreach,Extra Data 50GB,09-04-2025,Email,No Response,No
RTC0000713,C0002191,Win-Back Drive,Free OTT 3 Months,15-03-2025,WhatsApp,Declined,Yes
RTC0000714,C0002193,Win-Back Drive,Loyalty Discount 10%,06-02-2025,Email,Accepted,Yes
RTC0000715,C0002194,Win-Back Drive,Annual Plan Discount,17-04-2025,Email,Declined,Yes
RTC0000716,C0002195,Loyalty Save,Plan Upgrade Offer,11-03-2026,Email,Accepted,Yes
RTC0000717,C0002196,Value Retention,Plan Upgrade Offer,28-03-2025,App,Accepted,Yes
RTC0000718,C0002199,Value Retention,Bill Waiver,01-06-2025,SMS,Accepted,Yes
RTC0000719,C0002202,Win-Back Drive,Priority Support,08-03-2025,Call,No Response,Yes
RTC0000720,C0002203,Renewal Nudge,Priority Support,13-01-2025,WhatsApp,No Response,Yes
RTC0000721,C0002204,Renewal Nudge,Plan Upgrade Offer,23-06-2025,App,Accepted,Yes
RTC0000722,C0002206,At-Risk Outreach,Bill Waiver,24-03-2026,App,Accepted,Yes
RTC0000723,C0002207,Win-Back Drive,Priority Support,03-03-2026,App,Declined,No
RTC0000724,C0002210,Renewal Nudge,Cashback Voucher,20-04-2025,Email,No Response,Yes
RTC0000725,C0002214,Loyalty Save,Loyalty Discount 10%,15-02-2026,WhatsApp,No Response,Yes
RTC0000726,C0002216,Value Retention,Annual Plan Discount,10-06-2025,WhatsApp,Accepted,Yes
RTC0000727,C0002218,Value Retention,Priority Support,14-10-2025,App,Declined,No
RTC0000728,C0002219,Loyalty Save,Extra Data 50GB,16-04-2025,Email,Accepted,No
RTC0000729,C0002224,Loyalty Save,Free OTT 3 Months,07-11-2025,App,Declined,Yes
RTC0000730,C0002225,Value Retention,Priority Support,12-06-2025,SMS,Accepted,Yes
RTC0000731,C0002229,Renewal Nudge,Priority Support,01-09-2025,WhatsApp,Accepted,Yes
RTC0000732,C0002231,Win-Back Drive,Extra Data 50GB,18-06-2025,SMS,Accepted,Yes
RTC0000733,C0002233,Renewal Nudge,Cashback Voucher,20-08-2025,Call,Accepted,Yes
RTC0000734,C0002234,Loyalty Save,Free OTT 3 Months,18-02-2025,Email,No Response,Yes
RTC0000735,C0002237,Win-Back Drive,Free OTT 3 Months,26-08-2025,App,No Response,Yes
RTC0000736,C0002240,Loyalty Save,Plan Upgrade Offer,14-07-2025,SMS,Declined,Yes
RTC0000737,C0002242,Value Retention,Plan Upgrade Offer,01-01-2025,App,Declined,Yes
RTC0000738,C0002245,Win-Back Drive,Plan Upgrade Offer,05-03-2025,Call,Accepted,Yes
RTC0000739,C0002246,Value Retention,Loyalty Discount 10%,13-03-2025,Email,Declined,Yes
RTC0000740,C0002250,Win-Back Drive,Plan Upgrade Offer,22-10-2025,Call,Declined,Yes
RTC0000741,C0002260,At-Risk Outreach,Extra Data 50GB,28-02-2026,Call,Accepted,Yes
RTC0000742,C0002261,Loyalty Save,Cashback Voucher,08-01-2026,Email,Declined,Yes
RTC0000743,C0002262,Renewal Nudge,Plan Upgrade Offer,16-05-2025,Email,Declined,Yes
RTC0000744,C0002265,Value Retention,Extra Data 50GB,15-01-2026,SMS,Declined,Yes
RTC0000745,C0002268,Loyalty Save,Loyalty Discount 10%,05-08-2025,Email,Accepted,No
RTC0000746,C0002269,Win-Back Drive,Plan Upgrade Offer,03-12-2025,SMS,No Response,Yes
RTC0000747,C0002270,Renewal Nudge,Annual Plan Discount,22-01-2026,Call,No Response,Yes
RTC0000748,C0002271,Loyalty Save,Free OTT 3 Months,14-02-2025,SMS,Accepted,No
RTC0000749,C0002273,Renewal Nudge,Plan Upgrade Offer,12-01-2026,SMS,No Response,Yes
RTC0000750,C0002276,Loyalty Save,Priority Support,28-07-2025,Call,Declined,Yes
RTC0000751,C0002280,Loyalty Save,Free OTT 3 Months,29-01-2025,WhatsApp,No Response,Yes
RTC0000752,C0002281,Renewal Nudge,Annual Plan Discount,13-02-2025,SMS,Declined,Yes
RTC0000753,C0002283,Loyalty Save,Loyalty Discount 10%,24-01-2025,Email,No Response,No
RTC0000754,C0002284,Renewal Nudge,Bill Waiver,21-02-2026,App,No Response,Yes
RTC0000755,C0002287,At-Risk Outreach,Free OTT 3 Months,06-05-2025,Call,Declined,Yes
RTC0000756,C0002288,Renewal Nudge,Free OTT 3 Months,17-10-2025,App,Declined,Yes
RTC0000757,C0002291,Loyalty Save,Extra Data 50GB,24-10-2025,Call,Accepted,Yes
RTC0000758,C0002301,Renewal Nudge,Priority Support,26-11-2025,Call,Declined,Yes
RTC0000759,C0002308,Win-Back Drive,Extra Data 50GB,20-02-2026,Email,Accepted,Yes
RTC0000760,C0002314,At-Risk Outreach,Priority Support,11-07-2025,SMS,Accepted,No
RTC0000761,C0002317,At-Risk Outreach,Annual Plan Discount,20-06-2025,App,Declined,No
RTC0000762,C0002318,Value Retention,Priority Support,22-08-2025,App,Declined,Yes
RTC0000763,C0002322,Renewal Nudge,Cashback Voucher,24-11-2025,App,Accepted,Yes
RTC0000764,C0002324,Value Retention,Extra Data 50GB,18-02-2026,Call,Declined,No
RTC0000765,C0002329,Renewal Nudge,Annual Plan Discount,23-04-2025,WhatsApp,No Response,Yes
RTC0000766,C0002331,Win-Back Drive,Plan Upgrade Offer,07-06-2025,Email,Accepted,Yes
RTC0000767,C0002335,Win-Back Drive,Plan Upgrade Offer,09-03-2026,App,Accepted,Yes
RTC0000768,C0002336,At-Risk Outreach,Extra Data 50GB,20-02-2025,WhatsApp,Accepted,Yes
RTC0000769,C0002337,Renewal Nudge,Extra Data 50GB,13-02-2026,WhatsApp,Accepted,Yes
RTC0000770,C0002338,Renewal Nudge,Cashback Voucher,09-01-2025,SMS,Accepted,No
RTC0000771,C0002339,Renewal Nudge,Bill Waiver,07-01-2026,Email,No Response,Yes
RTC0000772,C0002345,Loyalty Save,Annual Plan Discount,21-03-2025,Email,Declined,Yes
RTC0000773,C0002346,Loyalty Save,Cashback Voucher,02-02-2025,SMS,Accepted,Yes
RTC0000774,C0002348,Loyalty Save,Annual Plan Discount,06-12-2025,Call,Accepted,Yes
RTC0000775,C0002351,Value Retention,Free OTT 3 Months,15-06-2025,WhatsApp,Accepted,Yes
RTC0000776,C0002352,Win-Back Drive,Bill Waiver,12-03-2025,Email,Declined,Yes
RTC0000777,C0002353,Win-Back Drive,Free OTT 3 Months,13-03-2026,Email,Accepted,No
RTC0000778,C0002354,Win-Back Drive,Free OTT 3 Months,28-01-2025,Call,Accepted,Yes
RTC0000779,C0002356,Renewal Nudge,Priority Support,25-03-2025,SMS,Declined,Yes
RTC0000780,C0002359,Renewal Nudge,Cashback Voucher,05-12-2025,App,Declined,Yes
RTC0000781,C0002360,Win-Back Drive,Free OTT 3 Months,12-02-2026,App,No Response,Yes
RTC0000782,C0002364,Loyalty Save,Priority Support,06-03-2026,WhatsApp,Accepted,No
RTC0000783,C0002368,Win-Back Drive,Cashback Voucher,14-06-2025,Email,Accepted,Yes
RTC0000784,C0002370,Renewal Nudge,Free OTT 3 Months,01-10-2025,SMS,No Response,Yes
RTC0000785,C0002373,Win-Back Drive,Plan Upgrade Offer,10-01-2026,SMS,Declined,No
RTC0000786,C0002376,At-Risk Outreach,Extra Data 50GB,04-01-2026,Email,Accepted,Yes
RTC0000787,C0002377,At-Risk Outreach,Priority Support,19-02-2026,WhatsApp,Declined,Yes
RTC0000788,C0002391,At-Risk Outreach,Extra Data 50GB,08-04-2025,Email,Declined,Yes
RTC0000789,C0002393,Loyalty Save,Plan Upgrade Offer,30-11-2025,Email,No Response,Yes
RTC0000790,C0002395,At-Risk Outreach,Priority Support,22-01-2025,App,Declined,Yes
RTC0000791,C0002396,Win-Back Drive,Cashback Voucher,19-06-2025,Call,Accepted,Yes
RTC0000792,C0002397,At-Risk Outreach,Plan Upgrade Offer,05-01-2025,App,Accepted,Yes
RTC0000793,C0002403,Loyalty Save,Loyalty Discount 10%,28-09-2025,SMS,No Response,Yes
RTC0000794,C0002412,Renewal Nudge,Plan Upgrade Offer,19-07-2025,SMS,Accepted,Yes
RTC0000795,C0002416,Win-Back Drive,Priority Support,03-02-2025,Call,Accepted,Yes
RTC0000796,C0002417,Value Retention,Free OTT 3 Months,19-01-2026,Email,No Response,No
RTC0000797,C0002420,Win-Back Drive,Annual Plan Discount,23-05-2025,Call,No Response,No
RTC0000798,C0002423,Loyalty Save,Free OTT 3 Months,14-07-2025,Email,Declined,No
RTC0000799,C0002424,Win-Back Drive,Extra Data 50GB,21-01-2026,WhatsApp,Accepted,No
RTC0000800,C0002427,Win-Back Drive,Plan Upgrade Offer,16-01-2026,Email,Accepted,Yes
RTC0000801,C0002429,Loyalty Save,Annual Plan Discount,11-06-2025,Call,No Response,No
RTC0000802,C0002433,Value Retention,Priority Support,19-05-2025,SMS,Accepted,Yes
RTC0000803,C0002434,Win-Back Drive,Plan Upgrade Offer,24-01-2025,App,Accepted,Yes
RTC0000804,C0002439,Loyalty Save,Loyalty Discount 10%,04-02-2026,Call,Declined,Yes
RTC0000805,C0002440,Renewal Nudge,Loyalty Discount 10%,04-02-2026,Call,No Response,Yes
RTC0000806,C0002444,Loyalty Save,Loyalty Discount 10%,07-03-2026,Email,Declined,No
RTC0000807,C0002445,Win-Back Drive,Bill Waiver,22-01-2025,Email,Accepted,Yes
RTC0000808,C0002446,Loyalty Save,Bill Waiver,01-01-2026,Call,Accepted,Yes
RTC0000809,C0002452,Renewal Nudge,Priority Support,01-12-2025,App,Declined,Yes
RTC0000810,C0002455,Renewal Nudge,Free OTT 3 Months,24-05-2025,Call,Declined,No
RTC0000811,C0002456,Win-Back Drive,Plan Upgrade Offer,29-01-2025,Call,Declined,Yes
RTC0000812,C0002464,Win-Back Drive,Plan Upgrade Offer,08-02-2025,WhatsApp,Accepted,Yes
RTC0000813,C0002474,At-Risk Outreach,Annual Plan Discount,28-03-2025,WhatsApp,No Response,Yes
RTC0000814,C0002480,Loyalty Save,Loyalty Discount 10%,12-10-2025,WhatsApp,No Response,Yes
RTC0000815,C0002481,Loyalty Save,Bill Waiver,24-01-2026,Email,Declined,Yes
RTC0000816,C0002486,Win-Back Drive,Extra Data 50GB,11-02-2026,WhatsApp,Declined,Yes
RTC0000817,C0002489,Renewal Nudge,Extra Data 50GB,04-01-2026,WhatsApp,Accepted,Yes
RTC0000818,C0002490,At-Risk Outreach,Plan Upgrade Offer,18-01-2026,SMS,Accepted,Yes
RTC0000819,C0002491,Renewal Nudge,Free OTT 3 Months,18-01-2026,Email,Declined,Yes
RTC0000820,C0002496,Win-Back Drive,Cashback Voucher,22-03-2026,WhatsApp,Accepted,Yes
RTC0000821,C0002503,Renewal Nudge,Plan Upgrade Offer,08-01-2025,App,Accepted,Yes
RTC0000822,C0002504,Win-Back Drive,Plan Upgrade Offer,15-12-2025,Call,Declined,Yes
RTC0000823,C0002505,At-Risk Outreach,Plan Upgrade Offer,11-10-2025,Email,Declined,Yes
RTC0000824,C0002511,Value Retention,Free OTT 3 Months,21-10-2025,SMS,No Response,Yes
RTC0000825,C0002516,Renewal Nudge,Free OTT 3 Months,19-07-2025,App,Declined,No
RTC0000826,C0002517,Value Retention,Plan Upgrade Offer,07-01-2025,Email,Accepted,Yes
RTC0000827,C0002518,Value Retention,Loyalty Discount 10%,06-03-2026,App,Accepted,Yes
RTC0000828,C0002520,Win-Back Drive,Cashback Voucher,28-01-2025,App,Declined,Yes
RTC0000829,C0002521,At-Risk Outreach,Bill Waiver,17-08-2025,SMS,No Response,Yes
RTC0000830,C0002524,At-Risk Outreach,Loyalty Discount 10%,03-03-2025,WhatsApp,No Response,Yes
RTC0000831,C0002529,Renewal Nudge,Cashback Voucher,18-02-2026,SMS,Declined,Yes
RTC0000832,C0002532,At-Risk Outreach,Free OTT 3 Months,18-03-2026,Call,Declined,Yes
RTC0000833,C0002533,Loyalty Save,Bill Waiver,29-01-2026,WhatsApp,Accepted,Yes
RTC0000834,C0002534,Value Retention,Bill Waiver,04-02-2025,Email,Accepted,Yes
RTC0000835,C0002535,Loyalty Save,Loyalty Discount 10%,27-02-2026,SMS,Accepted,Yes
RTC0000836,C0002536,Renewal Nudge,Extra Data 50GB,28-02-2026,SMS,Accepted,Yes
RTC0000837,C0002540,Win-Back Drive,Annual Plan Discount,20-10-2025,SMS,Accepted,No
RTC0000838,C0002545,Value Retention,Priority Support,30-01-2025,Email,No Response,No
RTC0000839,C0002547,Win-Back Drive,Loyalty Discount 10%,26-01-2025,Call,Declined,Yes
RTC0000840,C0002548,Win-Back Drive,Extra Data 50GB,16-05-2025,App,Accepted,Yes
RTC0000841,C0002550,Loyalty Save,Extra Data 50GB,20-01-2026,Call,Declined,Yes
RTC0000842,C0002551,At-Risk Outreach,Free OTT 3 Months,24-07-2025,Call,Declined,Yes
RTC0000843,C0002553,At-Risk Outreach,Loyalty Discount 10%,22-09-2025,WhatsApp,Accepted,Yes
RTC0000844,C0002556,Win-Back Drive,Loyalty Discount 10%,06-01-2026,WhatsApp,Accepted,Yes
RTC0000845,C0002557,Value Retention,Free OTT 3 Months,14-02-2025,Email,Accepted,Yes
RTC0000846,C0002560,Renewal Nudge,Free OTT 3 Months,06-12-2025,WhatsApp,Declined,Yes
RTC0000847,C0002564,Renewal Nudge,Cashback Voucher,11-01-2026,Call,Declined,Yes
RTC0000848,C0002569,Value Retention,Bill Waiver,22-03-2026,WhatsApp,No Response,Yes
RTC0000849,C0002571,Loyalty Save,Plan Upgrade Offer,12-05-2025,App,No Response,Yes
RTC0000850,C0002572,Value Retention,Loyalty Discount 10%,16-03-2025,WhatsApp,Accepted,No
RTC0000851,C0002573,Loyalty Save,Loyalty Discount 10%,22-03-2026,Email,Accepted,Yes
RTC0000852,C0002574,Value Retention,Extra Data 50GB,14-05-2025,App,Declined,Yes
RTC0000853,C0002580,Loyalty Save,Extra Data 50GB,26-04-2025,WhatsApp,No Response,Yes
RTC0000854,C0002589,Value Retention,Loyalty Discount 10%,21-09-2025,WhatsApp,No Response,Yes
RTC0000855,C0002591,Renewal Nudge,Extra Data 50GB,18-07-2025,SMS,No Response,Yes
RTC0000856,C0002592,Renewal Nudge,Bill Waiver,23-04-2025,Call,No Response,Yes
RTC0000857,C0002593,Win-Back Drive,Free OTT 3 Months,26-07-2025,Call,Declined,Yes
RTC0000858,C0002598,Value Retention,Extra Data 50GB,05-02-2025,Email,Declined,Yes
RTC0000859,C0002613,At-Risk Outreach,Annual Plan Discount,15-02-2026,Call,Accepted,Yes
RTC0000860,C0002616,Renewal Nudge,Cashback Voucher,19-02-2025,WhatsApp,Accepted,Yes
RTC0000861,C0002617,Value Retention,Cashback Voucher,01-08-2025,Call,Accepted,Yes
RTC0000862,C0002619,Renewal Nudge,Extra Data 50GB,02-03-2025,Email,No Response,Yes
RTC0000863,C0002621,Value Retention,Bill Waiver,18-04-2025,Call,Declined,Yes
RTC0000864,C0002622,Value Retention,Plan Upgrade Offer,30-10-2025,SMS,Declined,Yes
RTC0000865,C0002625,Win-Back Drive,Plan Upgrade Offer,26-01-2025,Email,No Response,No
RTC0000866,C0002629,Loyalty Save,Priority Support,18-01-2026,WhatsApp,Declined,No
RTC0000867,C0002630,Renewal Nudge,Cashback Voucher,18-04-2025,App,Accepted,Yes
RTC0000868,C0002635,Value Retention,Loyalty Discount 10%,27-12-2025,WhatsApp,Declined,Yes
RTC0000869,C0002638,Win-Back Drive,Cashback Voucher,25-12-2025,Call,Accepted,Yes
RTC0000870,C0002639,Win-Back Drive,Bill Waiver,07-01-2026,Email,Accepted,Yes
RTC0000871,C0002642,Loyalty Save,Free OTT 3 Months,21-04-2025,Email,Declined,Yes
RTC0000872,C0002643,Value Retention,Priority Support,23-11-2025,WhatsApp,Declined,No
RTC0000873,C0002648,Renewal Nudge,Priority Support,13-11-2025,SMS,Accepted,Yes
RTC0000874,C0002650,At-Risk Outreach,Loyalty Discount 10%,10-02-2025,WhatsApp,Accepted,Yes
RTC0000875,C0002651,Loyalty Save,Free OTT 3 Months,15-07-2025,SMS,Accepted,Yes
RTC0000876,C0002652,Loyalty Save,Loyalty Discount 10%,07-01-2025,App,Declined,Yes
RTC0000877,C0002654,Win-Back Drive,Plan Upgrade Offer,13-03-2025,App,Accepted,Yes
RTC0000878,C0002656,At-Risk Outreach,Annual Plan Discount,19-08-2025,WhatsApp,No Response,Yes
RTC0000879,C0002664,At-Risk Outreach,Cashback Voucher,11-01-2025,App,Accepted,No
RTC0000880,C0002665,Loyalty Save,Loyalty Discount 10%,20-05-2025,Email,Accepted,Yes
RTC0000881,C0002666,Renewal Nudge,Loyalty Discount 10%,14-02-2026,App,Accepted,Yes
RTC0000882,C0002668,Value Retention,Extra Data 50GB,27-03-2026,Email,Declined,No
RTC0000883,C0002671,Win-Back Drive,Cashback Voucher,28-09-2025,Call,No Response,Yes
RTC0000884,C0002680,Loyalty Save,Annual Plan Discount,17-10-2025,App,Declined,Yes
RTC0000885,C0002681,Loyalty Save,Bill Waiver,27-08-2025,WhatsApp,No Response,Yes
RTC0000886,C0002685,Win-Back Drive,Free OTT 3 Months,10-01-2025,SMS,No Response,Yes
RTC0000887,C0002692,Loyalty Save,Loyalty Discount 10%,22-08-2025,WhatsApp,Accepted,Yes
RTC0000888,C0002695,Renewal Nudge,Annual Plan Discount,16-05-2025,SMS,Accepted,Yes
RTC0000889,C0002697,Win-Back Drive,Extra Data 50GB,29-06-2025,SMS,Accepted,Yes
RTC0000890,C0002700,Value Retention,Plan Upgrade Offer,07-04-2025,SMS,No Response,Yes
RTC0000891,C0002708,Value Retention,Extra Data 50GB,06-07-2025,Email,Accepted,Yes
RTC0000892,C0002709,Renewal Nudge,Loyalty Discount 10%,21-03-2025,WhatsApp,Accepted,Yes
RTC0000893,C0002711,Loyalty Save,Free OTT 3 Months,06-01-2026,Call,Declined,Yes
RTC0000894,C0002713,At-Risk Outreach,Cashback Voucher,03-03-2026,WhatsApp,Accepted,No
RTC0000895,C0002718,Loyalty Save,Extra Data 50GB,25-09-2025,SMS,Declined,Yes
RTC0000896,C0002723,At-Risk Outreach,Free OTT 3 Months,28-10-2025,SMS,Accepted,Yes
RTC0000897,C0002724,Loyalty Save,Priority Support,04-12-2025,WhatsApp,Accepted,Yes
RTC0000898,C0002731,Win-Back Drive,Extra Data 50GB,05-01-2026,Call,Accepted,Yes
RTC0000899,C0002732,Renewal Nudge,Loyalty Discount 10%,20-11-2025,SMS,No Response,Yes
RTC0000900,C0002733,Loyalty Save,Cashback Voucher,26-09-2025,SMS,No Response,Yes
RTC0000901,C0002740,Loyalty Save,Annual Plan Discount,13-05-2025,WhatsApp,Accepted,Yes
RTC0000902,C0002741,Win-Back Drive,Annual Plan Discount,14-02-2026,Email,No Response,Yes
RTC0000903,C0002742,At-Risk Outreach,Bill Waiver,04-06-2025,Email,Accepted,Yes
RTC0000904,C0002743,At-Risk Outreach,Extra Data 50GB,24-06-2025,SMS,Accepted,Yes
RTC0000905,C0002744,Loyalty Save,Plan Upgrade Offer,27-04-2025,App,Declined,No
RTC0000906,C0002748,Win-Back Drive,Free OTT 3 Months,01-03-2026,App,Accepted,Yes
RTC0000907,C0002752,Loyalty Save,Cashback Voucher,01-11-2025,WhatsApp,Declined,Yes
RTC0000908,C0002764,Loyalty Save,Annual Plan Discount,20-01-2026,Call,No Response,No
RTC0000909,C0002765,At-Risk Outreach,Bill Waiver,22-04-2025,WhatsApp,No Response,Yes
RTC0000910,C0002766,Renewal Nudge,Loyalty Discount 10%,01-11-2025,Email,Declined,Yes
RTC0000911,C0002767,Loyalty Save,Plan Upgrade Offer,02-10-2025,WhatsApp,No Response,Yes
RTC0000912,C0002768,Win-Back Drive,Cashback Voucher,13-03-2026,SMS,Accepted,Yes
RTC0000913,C0002773,Value Retention,Extra Data 50GB,14-02-2026,SMS,Declined,No
RTC0000914,C0002780,Win-Back Drive,Free OTT 3 Months,25-10-2025,WhatsApp,Declined,Yes
RTC0000915,C0002783,At-Risk Outreach,Plan Upgrade Offer,19-05-2025,App,No Response,Yes
RTC0000916,C0002789,Value Retention,Plan Upgrade Offer,10-05-2025,App,No Response,Yes
RTC0000917,C0002792,Value Retention,Loyalty Discount 10%,21-08-2025,Email,Accepted,Yes
RTC0000918,C0002793,Value Retention,Plan Upgrade Offer,10-05-2025,Email,No Response,Yes
RTC0000919,C0002794,Loyalty Save,Bill Waiver,22-03-2026,Email,Accepted,Yes
RTC0000920,C0002803,Value Retention,Priority Support,09-09-2025,Email,No Response,No
RTC0000921,C0002805,Loyalty Save,Bill Waiver,23-09-2025,Email,Declined,No
RTC0000922,C0002815,At-Risk Outreach,Priority Support,22-06-2025,Email,Accepted,Yes
RTC0000923,C0002818,Win-Back Drive,Free OTT 3 Months,25-12-2025,SMS,Accepted,Yes
RTC0000924,C0002820,At-Risk Outreach,Bill Waiver,20-08-2025,WhatsApp,Declined,No
RTC0000925,C0002822,Loyalty Save,Bill Waiver,26-01-2026,App,Declined,No
RTC0000926,C0002823,Value Retention,Loyalty Discount 10%,10-03-2025,App,Declined,No
RTC0000927,C0002827,Renewal Nudge,Priority Support,14-12-2025,Call,Accepted,Yes
RTC0000928,C0002828,Win-Back Drive,Cashback Voucher,12-05-2025,Call,Accepted,Yes
RTC0000929,C0002834,At-Risk Outreach,Plan Upgrade Offer,09-09-2025,App,Declined,Yes
RTC0000930,C0002836,Win-Back Drive,Loyalty Discount 10%,19-10-2025,App,No Response,No
RTC0000931,C0002843,Renewal Nudge,Free OTT 3 Months,30-04-2025,WhatsApp,Accepted,Yes
RTC0000932,C0002856,Win-Back Drive,Priority Support,20-09-2025,SMS,Declined,Yes
RTC0000933,C0002857,At-Risk Outreach,Loyalty Discount 10%,07-01-2025,SMS,Declined,Yes
RTC0000934,C0002861,Loyalty Save,Extra Data 50GB,12-11-2025,Email,Accepted,Yes
RTC0000935,C0002862,Value Retention,Plan Upgrade Offer,27-09-2025,Email,Accepted,Yes
RTC0000936,C0002864,Loyalty Save,Extra Data 50GB,11-02-2025,App,No Response,No
RTC0000937,C0002871,Win-Back Drive,Extra Data 50GB,05-02-2026,App,Accepted,Yes
RTC0000938,C0002875,Loyalty Save,Loyalty Discount 10%,24-03-2026,App,Declined,Yes
RTC0000939,C0002889,At-Risk Outreach,Bill Waiver,19-07-2025,Email,Accepted,Yes
RTC0000940,C0002891,Win-Back Drive,Free OTT 3 Months,30-01-2025,Email,Accepted,No
RTC0000941,C0002896,At-Risk Outreach,Cashback Voucher,18-01-2026,SMS,No Response,No
RTC0000942,C0002898,At-Risk Outreach,Priority Support,08-11-2025,WhatsApp,Accepted,Yes
RTC0000943,C0002899,Renewal Nudge,Priority Support,07-06-2025,SMS,No Response,Yes
RTC0000944,C0002900,Loyalty Save,Extra Data 50GB,08-01-2026,WhatsApp,Declined,Yes
RTC0000945,C0002904,Win-Back Drive,Plan Upgrade Offer,19-03-2026,Email,Accepted,No
RTC0000946,C0002905,At-Risk Outreach,Bill Waiver,30-08-2025,WhatsApp,Accepted,Yes
RTC0000947,C0002909,Win-Back Drive,Bill Waiver,04-05-2025,Email,Accepted,Yes
RTC0000948,C0002910,At-Risk Outreach,Extra Data 50GB,08-02-2025,Email,Accepted,Yes
RTC0000949,C0002913,At-Risk Outreach,Priority Support,27-03-2026,Email,Declined,Yes
RTC0000950,C0002914,Value Retention,Bill Waiver,24-10-2025,Email,Accepted,Yes
RTC0000951,C0002919,Win-Back Drive,Priority Support,28-03-2025,WhatsApp,Accepted,Yes
RTC0000952,C0002926,Loyalty Save,Cashback Voucher,22-01-2026,WhatsApp,Accepted,No
RTC0000953,C0002927,At-Risk Outreach,Cashback Voucher,10-09-2025,Call,Accepted,Yes
RTC0000954,C0002928,Value Retention,Cashback Voucher,10-09-2025,App,Declined,Yes
RTC0000955,C0002931,At-Risk Outreach,Loyalty Discount 10%,21-10-2025,Email,Accepted,Yes
RTC0000956,C0002935,Win-Back Drive,Loyalty Discount 10%,08-10-2025,SMS,Declined,Yes
RTC0000957,C0002937,Renewal Nudge,Extra Data 50GB,04-09-2025,WhatsApp,Accepted,Yes
RTC0000958,C0002939,At-Risk Outreach,Extra Data 50GB,20-10-2025,Call,Declined,Yes
RTC0000959,C0002941,Renewal Nudge,Free OTT 3 Months,02-03-2026,SMS,Accepted,Yes
RTC0000960,C0002942,Win-Back Drive,Cashback Voucher,20-02-2026,App,Accepted,Yes
RTC0000961,C0002944,Win-Back Drive,Bill Waiver,08-10-2025,Call,Declined,Yes
RTC0000962,C0002945,Loyalty Save,Cashback Voucher,25-04-2025,Call,No Response,Yes
RTC0000963,C0002946,Renewal Nudge,Priority Support,04-12-2025,App,Accepted,Yes
RTC0000964,C0002955,Renewal Nudge,Extra Data 50GB,01-04-2025,WhatsApp,No Response,Yes
RTC0000965,C0002962,Loyalty Save,Loyalty Discount 10%,16-03-2026,SMS,Accepted,No
RTC0000966,C0002963,At-Risk Outreach,Free OTT 3 Months,29-08-2025,Email,Accepted,Yes
RTC0000967,C0002968,Renewal Nudge,Loyalty Discount 10%,04-08-2025,Call,No Response,Yes
RTC0000968,C0002970,Loyalty Save,Loyalty Discount 10%,29-01-2025,SMS,Accepted,Yes
RTC0000969,C0002973,Win-Back Drive,Loyalty Discount 10%,13-11-2025,Email,Accepted,Yes
RTC0000970,C0002974,Win-Back Drive,Bill Waiver,14-03-2025,SMS,No Response,Yes
RTC0000971,C0002978,At-Risk Outreach,Extra Data 50GB,07-04-2025,WhatsApp,Declined,Yes
RTC0000972,C0002982,Loyalty Save,Extra Data 50GB,14-12-2025,Call,No Response,Yes
RTC0000973,C0002984,Loyalty Save,Bill Waiver,27-02-2025,WhatsApp,No Response,No
RTC0000974,C0002999,Loyalty Save,Priority Support,02-08-2025,Call,Declined,Yes
RTC0000975,C0003000,Win-Back Drive,Bill Waiver,07-12-2025,SMS,Accepted,No
RTC0000976,C0003001,At-Risk Outreach,Plan Upgrade Offer,23-01-2025,Email,Accepted,No
RTC0000977,C0003004,Value Retention,Loyalty Discount 10%,30-06-2025,SMS,No Response,Yes
RTC0000978,C0003006,At-Risk Outreach,Loyalty Discount 10%,19-01-2026,WhatsApp,Accepted,Yes
RTC0000979,C0003017,Win-Back Drive,Cashback Voucher,27-09-2025,Call,Declined,Yes
RTC0000980,C0003021,Loyalty Save,Priority Support,03-01-2025,Call,Accepted,Yes
RTC0000981,C0003022,Renewal Nudge,Cashback Voucher,17-09-2025,Email,No Response,Yes
RTC0000982,C0003025,Loyalty Save,Bill Waiver,29-03-2025,SMS,Accepted,Yes
RTC0000983,C0003029,Win-Back Drive,Loyalty Discount 10%,11-03-2025,WhatsApp,Accepted,Yes
RTC0000984,C0003037,Loyalty Save,Priority Support,23-01-2025,Email,Declined,Yes
RTC0000985,C0003039,Win-Back Drive,Priority Support,13-03-2026,Email,Accepted,Yes
RTC0000986,C0003043,Renewal Nudge,Plan Upgrade Offer,18-04-2025,Call,Declined,Yes
RTC0000987,C0003045,At-Risk Outreach,Priority Support,25-11-2025,Email,Declined,Yes
RTC0000988,C0003046,Value Retention,Priority Support,21-05-2025,App,Declined,Yes
RTC0000989,C0003048,Loyalty Save,Annual Plan Discount,06-08-2025,WhatsApp,Accepted,Yes
RTC0000990,C0003053,Value Retention,Priority Support,21-06-2025,WhatsApp,Accepted,No
RTC0000991,C0003055,Win-Back Drive,Extra Data 50GB,05-03-2025,Call,Accepted,No
RTC0000992,C0003057,At-Risk Outreach,Annual Plan Discount,22-09-2025,Call,Accepted,No
RTC0000993,C0003066,Loyalty Save,Bill Waiver,03-05-2025,WhatsApp,No Response,Yes
RTC0000994,C0003072,Win-Back Drive,Free OTT 3 Months,20-02-2026,Email,Declined,No
RTC0000995,C0003073,Win-Back Drive,Extra Data 50GB,26-12-2025,Call,Accepted,Yes
RTC0000996,C0003076,Value Retention,Free OTT 3 Months,15-09-2025,WhatsApp,Accepted,Yes
RTC0000997,C0003077,Loyalty Save,Loyalty Discount 10%,10-12-2025,App,No Response,Yes
RTC0000998,C0003088,Loyalty Save,Priority Support,29-01-2025,Email,No Response,Yes
RTC0000999,C0003090,Win-Back Drive,Loyalty Discount 10%,01-08-2025,SMS,Declined,Yes
RTC0001000,C0003093,At-Risk Outreach,Cashback Voucher,10-04-2025,Email,Accepted,Yes
RTC0001001,C0003098,Loyalty Save,Plan Upgrade Offer,21-03-2026,WhatsApp,No Response,Yes
RTC0001002,C0003101,At-Risk Outreach,Free OTT 3 Months,24-06-2025,SMS,No Response,Yes
RTC0001003,C0003102,Value Retention,Plan Upgrade Offer,13-06-2025,App,Declined,Yes
RTC0001004,C0003103,At-Risk Outreach,Extra Data 50GB,31-01-2025,Call,No Response,No
RTC0001005,C0003104,At-Risk Outreach,Extra Data 50GB,13-04-2025,WhatsApp,Declined,No
RTC0001006,C0003107,Renewal Nudge,Plan Upgrade Offer,01-02-2025,WhatsApp,No Response,Yes
RTC0001007,C0003111,Loyalty Save,Annual Plan Discount,12-08-2025,App,Accepted,Yes
RTC0001008,C0003112,Renewal Nudge,Loyalty Discount 10%,13-07-2025,WhatsApp,Accepted,Yes
RTC0001009,C0003117,Renewal Nudge,Loyalty Discount 10%,15-04-2025,WhatsApp,Accepted,Yes
RTC0001010,C0003119,Renewal Nudge,Extra Data 50GB,01-05-2025,WhatsApp,Declined,Yes
RTC0001011,C0003123,Value Retention,Loyalty Discount 10%,05-02-2026,Email,Accepted,Yes
RTC0001012,C0003124,Win-Back Drive,Loyalty Discount 10%,13-05-2025,Email,No Response,Yes
RTC0001013,C0003126,At-Risk Outreach,Priority Support,23-02-2025,Call,No Response,No
RTC0001014,C0003128,Loyalty Save,Cashback Voucher,18-02-2025,Call,No Response,No
RTC0001015,C0003129,Renewal Nudge,Priority Support,28-03-2025,Email,Accepted,Yes
RTC0001016,C0003132,At-Risk Outreach,Priority Support,29-10-2025,SMS,Accepted,Yes
RTC0001017,C0003133,Renewal Nudge,Annual Plan Discount,12-11-2025,App,No Response,Yes
RTC0001018,C0003134,At-Risk Outreach,Priority Support,18-01-2025,WhatsApp,Accepted,Yes
RTC0001019,C0003138,Loyalty Save,Extra Data 50GB,07-10-2025,SMS,Accepted,No
RTC0001020,C0003141,Loyalty Save,Plan Upgrade Offer,22-02-2025,SMS,Accepted,Yes
RTC0001021,C0003146,Value Retention,Loyalty Discount 10%,01-07-2025,WhatsApp,Declined,Yes
RTC0001022,C0003147,At-Risk Outreach,Bill Waiver,01-05-2025,SMS,Accepted,Yes
RTC0001023,C0003150,At-Risk Outreach,Priority Support,19-04-2025,Email,No Response,Yes
RTC0001024,C0003155,Win-Back Drive,Loyalty Discount 10%,18-08-2025,Email,No Response,Yes
RTC0001025,C0003158,Loyalty Save,Free OTT 3 Months,04-01-2026,App,No Response,No
RTC0001026,C0003159,Value Retention,Cashback Voucher,19-06-2025,Email,Accepted,Yes
RTC0001027,C0003165,At-Risk Outreach,Loyalty Discount 10%,27-11-2025,Call,Accepted,Yes
RTC0001028,C0003166,Value Retention,Loyalty Discount 10%,05-02-2025,SMS,No Response,Yes
RTC0001029,C0003169,Win-Back Drive,Annual Plan Discount,15-03-2025,WhatsApp,Accepted,Yes
RTC0001030,C0003170,Renewal Nudge,Priority Support,12-07-2025,App,Declined,No
RTC0001031,C0003176,Win-Back Drive,Priority Support,22-04-2025,WhatsApp,Declined,Yes
RTC0001032,C0003180,At-Risk Outreach,Annual Plan Discount,05-01-2026,SMS,No Response,No
RTC0001033,C0003186,Value Retention,Annual Plan Discount,24-04-2025,Call,Accepted,Yes
RTC0001034,C0003187,Renewal Nudge,Plan Upgrade Offer,07-01-2025,SMS,Declined,Yes
RTC0001035,C0003190,Win-Back Drive,Priority Support,09-09-2025,Call,No Response,No
RTC0001036,C0003195,Win-Back Drive,Bill Waiver,25-04-2025,SMS,Declined,Yes
RTC0001037,C0003197,Win-Back Drive,Loyalty Discount 10%,04-02-2026,WhatsApp,Accepted,Yes
RTC0001038,C0003198,Win-Back Drive,Bill Waiver,25-04-2025,Email,Declined,Yes
RTC0001039,C0003202,Loyalty Save,Cashback Voucher,08-04-2025,WhatsApp,Declined,Yes
RTC0001040,C0003205,Loyalty Save,Priority Support,05-01-2025,SMS,No Response,No
RTC0001041,C0003206,Renewal Nudge,Cashback Voucher,22-02-2025,Call,Accepted,Yes
RTC0001042,C0003207,Win-Back Drive,Extra Data 50GB,20-12-2025,WhatsApp,Accepted,Yes
RTC0001043,C0003209,At-Risk Outreach,Loyalty Discount 10%,19-01-2026,Email,Accepted,No
RTC0001044,C0003212,Win-Back Drive,Priority Support,26-01-2026,Call,Accepted,No
RTC0001045,C0003217,At-Risk Outreach,Bill Waiver,20-01-2026,SMS,Accepted,Yes
RTC0001046,C0003219,Renewal Nudge,Plan Upgrade Offer,07-11-2025,SMS,Declined,Yes
RTC0001047,C0003220,Renewal Nudge,Priority Support,14-12-2025,SMS,Accepted,Yes
RTC0001048,C0003221,At-Risk Outreach,Plan Upgrade Offer,09-07-2025,Call,Accepted,Yes
RTC0001049,C0003226,Value Retention,Cashback Voucher,19-11-2025,Email,Accepted,Yes
RTC0001050,C0003230,Value Retention,Extra Data 50GB,11-05-2025,Call,No Response,Yes
RTC0001051,C0003231,Renewal Nudge,Cashback Voucher,13-05-2025,WhatsApp,Accepted,Yes
RTC0001052,C0003238,At-Risk Outreach,Cashback Voucher,09-03-2026,Call,Declined,Yes
RTC0001053,C0003243,Value Retention,Extra Data 50GB,05-07-2025,App,Accepted,Yes
RTC0001054,C0003248,Renewal Nudge,Extra Data 50GB,02-10-2025,App,No Response,Yes
RTC0001055,C0003249,Renewal Nudge,Annual Plan Discount,15-02-2026,SMS,Accepted,Yes
RTC0001056,C0003250,Renewal Nudge,Extra Data 50GB,20-02-2025,WhatsApp,Accepted,Yes
RTC0001057,C0003251,Value Retention,Free OTT 3 Months,29-10-2025,App,Accepted,Yes
RTC0001058,C0003252,Loyalty Save,Priority Support,13-02-2025,WhatsApp,Accepted,No
RTC0001059,C0003254,Renewal Nudge,Loyalty Discount 10%,20-01-2025,WhatsApp,Accepted,Yes
RTC0001060,C0003257,Renewal Nudge,Loyalty Discount 10%,30-07-2025,WhatsApp,No Response,Yes
RTC0001061,C0003260,At-Risk Outreach,Free OTT 3 Months,22-03-2026,Call,No Response,No
RTC0001062,C0003264,Loyalty Save,Priority Support,26-03-2026,WhatsApp,No Response,Yes
RTC0001063,C0003266,Loyalty Save,Priority Support,23-07-2025,App,Accepted,No
RTC0001064,C0003270,Loyalty Save,Extra Data 50GB,26-02-2025,WhatsApp,Accepted,Yes
RTC0001065,C0003276,Value Retention,Plan Upgrade Offer,30-12-2025,WhatsApp,No Response,Yes
RTC0001066,C0003281,Renewal Nudge,Extra Data 50GB,19-05-2025,Call,No Response,Yes
RTC0001067,C0003282,Value Retention,Free OTT 3 Months,29-01-2025,App,Accepted,Yes
RTC0001068,C0003283,Loyalty Save,Cashback Voucher,19-02-2026,App,No Response,Yes
RTC0001069,C0003285,Renewal Nudge,Extra Data 50GB,30-10-2025,WhatsApp,No Response,Yes
RTC0001070,C0003287,Value Retention,Annual Plan Discount,22-01-2026,WhatsApp,Declined,Yes
RTC0001071,C0003292,Renewal Nudge,Priority Support,05-04-2025,WhatsApp,Declined,Yes
RTC0001072,C0003293,Renewal Nudge,Annual Plan Discount,20-02-2026,App,Accepted,Yes
RTC0001073,C0003298,Renewal Nudge,Priority Support,17-10-2025,SMS,Declined,Yes
RTC0001074,C0003299,Value Retention,Loyalty Discount 10%,26-02-2026,WhatsApp,Declined,Yes
RTC0001075,C0003302,At-Risk Outreach,Annual Plan Discount,05-03-2026,App,Accepted,Yes
RTC0001076,C0003307,Loyalty Save,Bill Waiver,18-02-2025,Email,Accepted,Yes
RTC0001077,C0003308,Loyalty Save,Cashback Voucher,30-10-2025,App,Declined,Yes
RTC0001078,C0003309,Value Retention,Extra Data 50GB,27-08-2025,SMS,Declined,No
RTC0001079,C0003312,Renewal Nudge,Bill Waiver,23-11-2025,Call,Declined,Yes
RTC0001080,C0003313,Loyalty Save,Free OTT 3 Months,31-12-2025,Call,Declined,Yes
RTC0001081,C0003315,Value Retention,Priority Support,09-01-2026,WhatsApp,Accepted,No
RTC0001082,C0003317,Renewal Nudge,Priority Support,14-06-2025,Email,Declined,No
RTC0001083,C0003318,Loyalty Save,Extra Data 50GB,04-01-2025,Email,Accepted,Yes
RTC0001084,C0003322,Win-Back Drive,Bill Waiver,16-03-2026,Call,Accepted,Yes
RTC0001085,C0003326,At-Risk Outreach,Annual Plan Discount,11-03-2026,WhatsApp,Declined,Yes
RTC0001086,C0003330,Renewal Nudge,Free OTT 3 Months,19-06-2025,SMS,Accepted,Yes
RTC0001087,C0003333,At-Risk Outreach,Plan Upgrade Offer,10-02-2026,App,Accepted,No
RTC0001088,C0003334,Renewal Nudge,Free OTT 3 Months,12-09-2025,App,Declined,Yes
RTC0001089,C0003336,Renewal Nudge,Loyalty Discount 10%,30-04-2025,App,No Response,Yes
RTC0001090,C0003338,Value Retention,Loyalty Discount 10%,23-02-2025,Call,Accepted,Yes
RTC0001091,C0003341,Win-Back Drive,Loyalty Discount 10%,23-01-2025,WhatsApp,No Response,Yes
RTC0001092,C0003343,Loyalty Save,Annual Plan Discount,02-12-2025,Call,Accepted,Yes
RTC0001093,C0003348,Loyalty Save,Bill Waiver,13-03-2026,Email,No Response,Yes
RTC0001094,C0003349,Renewal Nudge,Loyalty Discount 10%,16-10-2025,Call,Declined,Yes
RTC0001095,C0003352,Renewal Nudge,Annual Plan Discount,18-10-2025,Email,Accepted,No
RTC0001096,C0003358,Loyalty Save,Cashback Voucher,14-02-2026,SMS,Declined,Yes
RTC0001097,C0003359,Loyalty Save,Bill Waiver,16-05-2025,WhatsApp,Accepted,Yes
RTC0001098,C0003367,Win-Back Drive,Loyalty Discount 10%,23-12-2025,SMS,No Response,Yes
RTC0001099,C0003373,Renewal Nudge,Extra Data 50GB,12-01-2025,Email,No Response,No
RTC0001100,C0003375,Value Retention,Annual Plan Discount,23-10-2025,Email,Accepted,Yes
RTC0001101,C0003379,Win-Back Drive,Priority Support,26-03-2025,WhatsApp,Accepted,Yes
RTC0001102,C0003382,Win-Back Drive,Loyalty Discount 10%,08-12-2025,Email,Declined,No
RTC0001103,C0003383,Value Retention,Plan Upgrade Offer,12-08-2025,WhatsApp,Accepted,Yes
RTC0001104,C0003385,Loyalty Save,Priority Support,13-07-2025,Email,Declined,Yes
RTC0001105,C0003387,Win-Back Drive,Free OTT 3 Months,10-03-2026,App,Accepted,Yes
RTC0001106,C0003388,Value Retention,Priority Support,30-07-2025,Call,Declined,Yes
RTC0001107,C0003393,Loyalty Save,Bill Waiver,11-06-2025,WhatsApp,Accepted,Yes
RTC0001108,C0003396,Value Retention,Free OTT 3 Months,03-12-2025,Email,Accepted,Yes
RTC0001109,C0003399,Win-Back Drive,Cashback Voucher,15-03-2026,SMS,No Response,Yes
RTC0001110,C0003400,Loyalty Save,Bill Waiver,29-08-2025,SMS,Declined,Yes
RTC0001111,C0003402,Loyalty Save,Priority Support,12-03-2026,WhatsApp,Accepted,No
RTC0001112,C0003403,Loyalty Save,Extra Data 50GB,25-10-2025,App,Accepted,Yes
RTC0001113,C0003404,Renewal Nudge,Annual Plan Discount,04-08-2025,App,Declined,Yes
RTC0001114,C0003408,Loyalty Save,Annual Plan Discount,29-01-2025,WhatsApp,Accepted,Yes
RTC0001115,C0003419,Loyalty Save,Cashback Voucher,28-04-2025,Email,Accepted,Yes
RTC0001116,C0003420,Renewal Nudge,Free OTT 3 Months,20-07-2025,Email,No Response,No
RTC0001117,C0003423,Win-Back Drive,Free OTT 3 Months,19-10-2025,SMS,Accepted,No
RTC0001118,C0003424,Loyalty Save,Annual Plan Discount,11-03-2025,Email,Accepted,Yes
RTC0001119,C0003428,At-Risk Outreach,Priority Support,15-02-2026,Call,Declined,Yes
RTC0001120,C0003430,Loyalty Save,Annual Plan Discount,27-09-2025,WhatsApp,Accepted,Yes
RTC0001121,C0003431,Loyalty Save,Annual Plan Discount,19-05-2025,WhatsApp,Declined,Yes
RTC0001122,C0003432,Win-Back Drive,Cashback Voucher,13-03-2026,WhatsApp,Accepted,Yes
RTC0001123,C0003440,Renewal Nudge,Priority Support,25-01-2026,Call,No Response,No
RTC0001124,C0003441,Win-Back Drive,Cashback Voucher,14-08-2025,Email,No Response,Yes
RTC0001125,C0003444,Win-Back Drive,Plan Upgrade Offer,15-07-2025,WhatsApp,Accepted,Yes
RTC0001126,C0003454,At-Risk Outreach,Extra Data 50GB,19-04-2025,SMS,Declined,Yes
RTC0001127,C0003455,Value Retention,Free OTT 3 Months,01-01-2025,Call,Declined,Yes
RTC0001128,C0003456,Value Retention,Cashback Voucher,17-02-2026,Call,No Response,No
RTC0001129,C0003458,Win-Back Drive,Bill Waiver,17-10-2025,SMS,Declined,Yes
RTC0001130,C0003460,Win-Back Drive,Priority Support,01-05-2025,Email,Accepted,No
RTC0001131,C0003466,At-Risk Outreach,Extra Data 50GB,18-04-2025,Call,Declined,Yes
RTC0001132,C0003468,Win-Back Drive,Loyalty Discount 10%,31-05-2025,SMS,No Response,Yes
RTC0001133,C0003471,At-Risk Outreach,Priority Support,08-05-2025,Call,Accepted,Yes
RTC0001134,C0003477,At-Risk Outreach,Free OTT 3 Months,26-05-2025,Call,Accepted,Yes
RTC0001135,C0003478,Loyalty Save,Loyalty Discount 10%,02-10-2025,Email,Accepted,Yes
RTC0001136,C0003479,Loyalty Save,Plan Upgrade Offer,04-02-2025,Email,Declined,Yes
RTC0001137,C0003480,Win-Back Drive,Free OTT 3 Months,28-11-2025,Email,Accepted,Yes
RTC0001138,C0003482,Value Retention,Annual Plan Discount,19-02-2025,SMS,No Response,Yes
RTC0001139,C0003487,At-Risk Outreach,Bill Waiver,09-08-2025,Call,Accepted,Yes
RTC0001140,C0003489,Value Retention,Annual Plan Discount,24-02-2025,SMS,Accepted,Yes
RTC0001141,C0003495,Renewal Nudge,Priority Support,22-05-2025,App,Accepted,Yes
RTC0001142,C0003499,At-Risk Outreach,Loyalty Discount 10%,21-09-2025,SMS,Declined,Yes
RTC0001143,C0003501,At-Risk Outreach,Extra Data 50GB,19-10-2025,Call,Accepted,No
RTC0001144,C0003503,Value Retention,Cashback Voucher,19-01-2025,SMS,Accepted,Yes
RTC0001145,C0003506,Renewal Nudge,Priority Support,30-04-2025,SMS,No Response,Yes
RTC0001146,C0003511,Renewal Nudge,Free OTT 3 Months,12-09-2025,App,Declined,Yes
RTC0001147,C0003512,Loyalty Save,Extra Data 50GB,09-02-2026,WhatsApp,Accepted,Yes
RTC0001148,C0003514,Value Retention,Free OTT 3 Months,10-11-2025,WhatsApp,Declined,Yes
RTC0001149,C0003522,Loyalty Save,Cashback Voucher,29-03-2026,Call,Declined,No
RTC0001150,C0003525,Renewal Nudge,Bill Waiver,17-02-2026,WhatsApp,Accepted,Yes
RTC0001151,C0003533,At-Risk Outreach,Cashback Voucher,18-10-2025,WhatsApp,No Response,Yes
RTC0001152,C0003535,Renewal Nudge,Extra Data 50GB,26-01-2025,SMS,Declined,Yes
RTC0001153,C0003543,Renewal Nudge,Loyalty Discount 10%,08-02-2025,Email,Accepted,Yes
RTC0001154,C0003548,Win-Back Drive,Extra Data 50GB,05-05-2025,SMS,Accepted,Yes
RTC0001155,C0003557,Win-Back Drive,Priority Support,31-08-2025,Email,No Response,Yes
RTC0001156,C0003561,Loyalty Save,Cashback Voucher,08-08-2025,Call,Accepted,Yes
RTC0001157,C0003573,At-Risk Outreach,Extra Data 50GB,06-06-2025,App,Declined,No
RTC0001158,C0003577,Value Retention,Priority Support,19-04-2025,Call,No Response,No
RTC0001159,C0003579,Value Retention,Extra Data 50GB,28-06-2025,Call,No Response,Yes
RTC0001160,C0003580,Renewal Nudge,Cashback Voucher,21-09-2025,Call,Accepted,Yes
RTC0001161,C0003581,Win-Back Drive,Bill Waiver,07-02-2026,WhatsApp,Accepted,Yes
RTC0001162,C0003582,Value Retention,Bill Waiver,16-09-2025,WhatsApp,Declined,Yes
RTC0001163,C0003584,Renewal Nudge,Loyalty Discount 10%,09-03-2026,SMS,No Response,Yes
RTC0001164,C0003585,Value Retention,Bill Waiver,15-12-2025,Call,Accepted,Yes
RTC0001165,C0003587,At-Risk Outreach,Free OTT 3 Months,01-07-2025,SMS,Accepted,No
RTC0001166,C0003588,Renewal Nudge,Free OTT 3 Months,18-12-2025,Email,Declined,Yes
RTC0001167,C0003592,Loyalty Save,Priority Support,23-04-2025,SMS,Declined,No
RTC0001168,C0003594,Win-Back Drive,Cashback Voucher,12-03-2025,App,Accepted,Yes
RTC0001169,C0003604,Win-Back Drive,Cashback Voucher,15-10-2025,WhatsApp,Declined,Yes
RTC0001170,C0003605,At-Risk Outreach,Loyalty Discount 10%,01-02-2025,Email,Accepted,No
RTC0001171,C0003606,Win-Back Drive,Plan Upgrade Offer,22-04-2025,App,Declined,Yes
RTC0001172,C0003608,Win-Back Drive,Priority Support,29-11-2025,Call,Declined,Yes
RTC0001173,C0003611,Loyalty Save,Free OTT 3 Months,11-04-2025,Email,No Response,Yes
RTC0001174,C0003614,Value Retention,Priority Support,20-01-2025,Call,Declined,Yes
RTC0001175,C0003615,Loyalty Save,Bill Waiver,05-10-2025,WhatsApp,No Response,Yes
RTC0001176,C0003619,At-Risk Outreach,Priority Support,20-02-2025,App,Accepted,No
RTC0001177,C0003620,Renewal Nudge,Bill Waiver,03-07-2025,WhatsApp,Declined,Yes
RTC0001178,C0003626,At-Risk Outreach,Cashback Voucher,30-08-2025,Call,Declined,Yes
RTC0001179,C0003631,Value Retention,Annual Plan Discount,13-10-2025,App,Accepted,Yes
RTC0001180,C0003632,Loyalty Save,Priority Support,04-02-2026,Call,Declined,Yes
RTC0001181,C0003639,Value Retention,Free OTT 3 Months,31-12-2025,App,Accepted,Yes
RTC0001182,C0003642,At-Risk Outreach,Cashback Voucher,12-08-2025,Email,Accepted,No
RTC0001183,C0003644,At-Risk Outreach,Free OTT 3 Months,30-01-2025,WhatsApp,Accepted,Yes
RTC0001184,C0003645,At-Risk Outreach,Annual Plan Discount,31-07-2025,App,Accepted,Yes
RTC0001185,C0003646,Value Retention,Loyalty Discount 10%,18-11-2025,Email,Accepted,Yes
RTC0001186,C0003647,At-Risk Outreach,Extra Data 50GB,02-04-2025,Call,Declined,No
RTC0001187,C0003651,At-Risk Outreach,Cashback Voucher,11-07-2025,Call,Accepted,Yes
RTC0001188,C0003653,Win-Back Drive,Bill Waiver,25-03-2026,WhatsApp,Accepted,Yes
RTC0001189,C0003661,Value Retention,Free OTT 3 Months,16-07-2025,Call,Accepted,No
RTC0001190,C0003662,Loyalty Save,Priority Support,15-01-2025,WhatsApp,No Response,Yes
RTC0001191,C0003666,Win-Back Drive,Free OTT 3 Months,10-02-2025,SMS,Declined,Yes
RTC0001192,C0003671,Renewal Nudge,Bill Waiver,14-09-2025,SMS,Accepted,Yes
RTC0001193,C0003676,Loyalty Save,Cashback Voucher,10-04-2025,Email,Accepted,Yes
RTC0001194,C0003680,Loyalty Save,Priority Support,17-01-2026,Email,Declined,Yes
RTC0001195,C0003683,Value Retention,Priority Support,22-01-2025,Email,Accepted,Yes
RTC0001196,C0003684,Loyalty Save,Cashback Voucher,12-06-2025,App,Accepted,Yes
RTC0001197,C0003686,Win-Back Drive,Cashback Voucher,19-02-2025,SMS,Accepted,Yes
RTC0001198,C0003688,Value Retention,Priority Support,23-04-2025,Call,No Response,Yes
RTC0001199,C0003689,At-Risk Outreach,Annual Plan Discount,08-11-2025,App,Accepted,Yes
RTC0001200,C0003700,Value Retention,Plan Upgrade Offer,14-12-2025,App,Declined,Yes
RTC0001201,C0003708,At-Risk Outreach,Cashback Voucher,19-01-2025,WhatsApp,Declined,Yes
RTC0001202,C0003716,At-Risk Outreach,Free OTT 3 Months,29-08-2025,App,Accepted,Yes
RTC0001203,C0003726,Renewal Nudge,Bill Waiver,11-02-2026,Call,Accepted,Yes
RTC0001204,C0003727,Renewal Nudge,Free OTT 3 Months,01-04-2025,WhatsApp,Accepted,Yes
RTC0001205,C0003731,Loyalty Save,Extra Data 50GB,23-07-2025,WhatsApp,Declined,No
RTC0001206,C0003733,Value Retention,Annual Plan Discount,19-10-2025,App,No Response,Yes
RTC0001207,C0003734,Value Retention,Bill Waiver,16-06-2025,SMS,Declined,Yes
RTC0001208,C0003738,At-Risk Outreach,Extra Data 50GB,13-02-2026,Call,Declined,Yes
RTC0001209,C0003740,Renewal Nudge,Free OTT 3 Months,24-01-2026,Call,Declined,No
RTC0001210,C0003742,At-Risk Outreach,Bill Waiver,07-09-2025,App,Accepted,Yes
RTC0001211,C0003744,At-Risk Outreach,Cashback Voucher,06-01-2025,App,Accepted,Yes
RTC0001212,C0003754,Loyalty Save,Priority Support,01-03-2025,Email,Declined,Yes
RTC0001213,C0003760,Value Retention,Free OTT 3 Months,23-10-2025,SMS,Declined,No
RTC0001214,C0003767,Loyalty Save,Priority Support,28-12-2025,App,Declined,Yes
RTC0001215,C0003772,At-Risk Outreach,Annual Plan Discount,16-06-2025,SMS,Declined,Yes
RTC0001216,C0003773,Win-Back Drive,Bill Waiver,09-02-2025,SMS,Declined,Yes
RTC0001217,C0003775,At-Risk Outreach,Priority Support,05-10-2025,Call,Declined,No
RTC0001218,C0003777,Win-Back Drive,Annual Plan Discount,14-12-2025,SMS,No Response,Yes
RTC0001219,C0003778,Loyalty Save,Extra Data 50GB,21-06-2025,WhatsApp,Declined,Yes
RTC0001220,C0003783,Renewal Nudge,Bill Waiver,29-04-2025,WhatsApp,No Response,Yes
RTC0001221,C0003784,Win-Back Drive,Bill Waiver,17-04-2025,SMS,Accepted,Yes
RTC0001222,C0003787,Win-Back Drive,Priority Support,06-04-2025,SMS,No Response,Yes
RTC0001223,C0003792,Win-Back Drive,Loyalty Discount 10%,04-10-2025,WhatsApp,No Response,Yes
RTC0001224,C0003797,Value Retention,Loyalty Discount 10%,30-03-2026,WhatsApp,Declined,No
RTC0001225,C0003799,Renewal Nudge,Bill Waiver,20-03-2026,WhatsApp,Accepted,Yes
RTC0001226,C0003802,Loyalty Save,Loyalty Discount 10%,25-04-2025,App,Accepted,Yes
RTC0001227,C0003803,At-Risk Outreach,Loyalty Discount 10%,09-05-2025,Email,No Response,Yes
RTC0001228,C0003806,Value Retention,Bill Waiver,12-02-2026,Call,Accepted,Yes
RTC0001229,C0003808,At-Risk Outreach,Extra Data 50GB,07-10-2025,WhatsApp,Accepted,Yes
RTC0001230,C0003809,Renewal Nudge,Extra Data 50GB,20-05-2025,Call,Accepted,Yes
RTC0001231,C0003811,Value Retention,Cashback Voucher,14-07-2025,Email,Accepted,Yes
RTC0001232,C0003818,Value Retention,Priority Support,15-07-2025,Call,Accepted,Yes
RTC0001233,C0003826,At-Risk Outreach,Loyalty Discount 10%,26-11-2025,SMS,No Response,No
RTC0001234,C0003830,Loyalty Save,Cashback Voucher,20-02-2026,WhatsApp,Declined,Yes
RTC0001235,C0003831,Win-Back Drive,Plan Upgrade Offer,12-10-2025,WhatsApp,Declined,Yes
RTC0001236,C0003835,Win-Back Drive,Extra Data 50GB,21-04-2025,Email,No Response,Yes
RTC0001237,C0003837,At-Risk Outreach,Plan Upgrade Offer,05-06-2025,App,Accepted,Yes
RTC0001238,C0003838,At-Risk Outreach,Free OTT 3 Months,16-09-2025,Email,No Response,No
RTC0001239,C0003839,Value Retention,Bill Waiver,09-12-2025,Email,Declined,No
RTC0001240,C0003841,Value Retention,Loyalty Discount 10%,26-08-2025,WhatsApp,Declined,No
RTC0001241,C0003847,Loyalty Save,Extra Data 50GB,07-04-2025,Call,Declined,Yes
RTC0001242,C0003849,Value Retention,Plan Upgrade Offer,26-02-2026,Email,Accepted,Yes
RTC0001243,C0003850,Win-Back Drive,Extra Data 50GB,22-05-2025,Email,No Response,Yes
RTC0001244,C0003854,Value Retention,Loyalty Discount 10%,31-12-2025,App,Accepted,Yes
RTC0001245,C0003855,At-Risk Outreach,Free OTT 3 Months,26-02-2026,WhatsApp,Accepted,Yes
RTC0001246,C0003856,Loyalty Save,Extra Data 50GB,01-08-2025,App,No Response,Yes
RTC0001247,C0003857,Value Retention,Free OTT 3 Months,06-02-2026,SMS,Accepted,Yes
RTC0001248,C0003862,Value Retention,Bill Waiver,12-09-2025,App,Accepted,Yes
RTC0001249,C0003867,Value Retention,Bill Waiver,02-12-2025,WhatsApp,No Response,Yes
RTC0001250,C0003875,Renewal Nudge,Extra Data 50GB,30-08-2025,App,Accepted,Yes
RTC0001251,C0003878,At-Risk Outreach,Loyalty Discount 10%,28-07-2025,Call,Accepted,Yes
RTC0001252,C0003880,Win-Back Drive,Free OTT 3 Months,03-08-2025,SMS,No Response,Yes
RTC0001253,C0003881,Win-Back Drive,Annual Plan Discount,08-02-2026,Email,Accepted,No
RTC0001254,C0003884,Loyalty Save,Extra Data 50GB,20-10-2025,Email,Declined,Yes
RTC0001255,C0003888,Win-Back Drive,Extra Data 50GB,22-09-2025,Call,No Response,Yes
RTC0001256,C0003889,Value Retention,Annual Plan Discount,01-01-2025,WhatsApp,Accepted,Yes
RTC0001257,C0003890,Loyalty Save,Extra Data 50GB,30-08-2025,SMS,Accepted,Yes
RTC0001258,C0003891,Renewal Nudge,Loyalty Discount 10%,09-11-2025,WhatsApp,Accepted,Yes
RTC0001259,C0003892,At-Risk Outreach,Loyalty Discount 10%,22-02-2026,App,Declined,Yes
RTC0001260,C0003893,At-Risk Outreach,Priority Support,01-03-2026,Call,Accepted,Yes
RTC0001261,C0003894,Renewal Nudge,Plan Upgrade Offer,22-10-2025,WhatsApp,No Response,Yes
RTC0001262,C0003899,Renewal Nudge,Bill Waiver,14-01-2026,SMS,No Response,Yes
RTC0001263,C0003900,Renewal Nudge,Extra Data 50GB,17-01-2025,App,No Response,Yes
RTC0001264,C0003902,Renewal Nudge,Extra Data 50GB,05-06-2025,WhatsApp,Declined,Yes
RTC0001265,C0003905,Loyalty Save,Annual Plan Discount,27-11-2025,Call,Declined,Yes
RTC0001266,C0003908,Loyalty Save,Annual Plan Discount,13-08-2025,Email,Declined,Yes
RTC0001267,C0003914,Win-Back Drive,Annual Plan Discount,25-02-2025,SMS,No Response,Yes
RTC0001268,C0003915,Value Retention,Free OTT 3 Months,29-11-2025,WhatsApp,No Response,Yes
RTC0001269,C0003919,Renewal Nudge,Free OTT 3 Months,19-11-2025,Email,Accepted,Yes
RTC0001270,C0003921,Renewal Nudge,Free OTT 3 Months,09-01-2025,App,Accepted,No
RTC0001271,C0003926,Win-Back Drive,Extra Data 50GB,08-06-2025,App,Declined,Yes
RTC0001272,C0003936,At-Risk Outreach,Cashback Voucher,02-01-2025,Call,No Response,Yes
RTC0001273,C0003940,Loyalty Save,Plan Upgrade Offer,18-06-2025,SMS,Accepted,Yes
RTC0001274,C0003942,Loyalty Save,Cashback Voucher,24-02-2026,SMS,Accepted,Yes
RTC0001275,C0003944,Loyalty Save,Free OTT 3 Months,13-03-2025,App,Declined,Yes
RTC0001276,C0003947,At-Risk Outreach,Extra Data 50GB,01-03-2026,App,Accepted,No
RTC0001277,C0003954,At-Risk Outreach,Free OTT 3 Months,21-01-2026,Call,Declined,No
RTC0001278,C0003957,Win-Back Drive,Loyalty Discount 10%,19-09-2025,App,Declined,Yes
RTC0001279,C0003965,At-Risk Outreach,Loyalty Discount 10%,10-09-2025,App,Accepted,Yes
RTC0001280,C0003968,Loyalty Save,Priority Support,24-12-2025,SMS,Accepted,Yes
RTC0001281,C0003974,At-Risk Outreach,Free OTT 3 Months,20-08-2025,Email,Accepted,Yes
RTC0001282,C0003977,Renewal Nudge,Plan Upgrade Offer,04-02-2026,Call,Declined,Yes
RTC0001283,C0003979,Win-Back Drive,Plan Upgrade Offer,15-01-2025,Email,No Response,Yes
RTC0001284,C0003980,At-Risk Outreach,Plan Upgrade Offer,07-09-2025,Call,Declined,Yes
RTC0001285,C0003982,Renewal Nudge,Free OTT 3 Months,27-03-2026,WhatsApp,Accepted,Yes
RTC0001286,C0003983,Value Retention,Annual Plan Discount,01-09-2025,App,No Response,Yes
RTC0001287,C0003985,Renewal Nudge,Loyalty Discount 10%,12-01-2026,SMS,Accepted,Yes
RTC0001288,C0003988,Loyalty Save,Plan Upgrade Offer,04-03-2026,Email,Accepted,Yes
RTC0001289,C0003989,At-Risk Outreach,Bill Waiver,18-04-2025,SMS,No Response,Yes
RTC0001290,C0003990,Loyalty Save,Priority Support,19-11-2025,WhatsApp,Accepted,Yes
RTC0001291,C0003993,Renewal Nudge,Plan Upgrade Offer,04-03-2025,Email,No Response,Yes
RTC0001292,C0003995,Loyalty Save,Free OTT 3 Months,20-06-2025,App,Declined,Yes
RTC0001293,C0003996,Loyalty Save,Bill Waiver,26-07-2025,WhatsApp,Accepted,Yes
RTC0001294,C0003998,Value Retention,Free OTT 3 Months,23-09-2025,WhatsApp,No Response,Yes
RTC0001295,C0004001,Value Retention,Bill Waiver,25-06-2025,Email,No Response,Yes
RTC0001296,C0004002,Renewal Nudge,Plan Upgrade Offer,12-01-2026,Call,Declined,Yes
RTC0001297,C0004006,At-Risk Outreach,Plan Upgrade Offer,04-10-2025,SMS,Accepted,Yes
RTC0001298,C0004017,At-Risk Outreach,Priority Support,24-10-2025,SMS,No Response,Yes
RTC0001299,C0004018,At-Risk Outreach,Plan Upgrade Offer,06-07-2025,WhatsApp,Declined,Yes
RTC0001300,C0004021,Renewal Nudge,Plan Upgrade Offer,19-07-2025,Call,Accepted,Yes
RTC0001301,C0004022,Value Retention,Plan Upgrade Offer,02-06-2025,App,Declined,Yes
RTC0001302,C0004029,Renewal Nudge,Free OTT 3 Months,09-01-2025,Call,Accepted,Yes
RTC0001303,C0004031,Value Retention,Cashback Voucher,29-12-2025,Call,No Response,No
RTC0001304,C0004032,Value Retention,Bill Waiver,09-01-2025,Email,Accepted,Yes
RTC0001305,C0004035,Renewal Nudge,Cashback Voucher,06-02-2026,WhatsApp,Accepted,Yes
RTC0001306,C0004045,Loyalty Save,Loyalty Discount 10%,23-02-2025,Call,No Response,Yes
RTC0001307,C0004049,Value Retention,Plan Upgrade Offer,26-09-2025,WhatsApp,Accepted,Yes
RTC0001308,C0004050,Renewal Nudge,Annual Plan Discount,22-03-2025,Call,Accepted,Yes
RTC0001309,C0004056,Value Retention,Extra Data 50GB,10-07-2025,Call,Declined,Yes
RTC0001310,C0004058,Renewal Nudge,Loyalty Discount 10%,31-08-2025,SMS,Accepted,Yes
RTC0001311,C0004061,Loyalty Save,Cashback Voucher,13-02-2025,WhatsApp,No Response,Yes
RTC0001312,C0004064,At-Risk Outreach,Free OTT 3 Months,11-02-2025,SMS,No Response,Yes
RTC0001313,C0004066,Loyalty Save,Plan Upgrade Offer,06-10-2025,App,Accepted,Yes
RTC0001314,C0004069,Renewal Nudge,Loyalty Discount 10%,29-03-2025,Email,No Response,Yes
RTC0001315,C0004075,Value Retention,Loyalty Discount 10%,28-05-2025,SMS,Accepted,No
RTC0001316,C0004082,Value Retention,Loyalty Discount 10%,06-03-2025,SMS,Accepted,Yes
RTC0001317,C0004101,Loyalty Save,Bill Waiver,27-04-2025,SMS,Accepted,Yes
RTC0001318,C0004106,Renewal Nudge,Loyalty Discount 10%,18-09-2025,Email,No Response,No
RTC0001319,C0004111,Value Retention,Extra Data 50GB,03-05-2025,Email,Accepted,Yes
RTC0001320,C0004117,Win-Back Drive,Priority Support,23-08-2025,App,Declined,Yes
RTC0001321,C0004118,At-Risk Outreach,Loyalty Discount 10%,11-03-2025,SMS,Accepted,Yes
RTC0001322,C0004119,Value Retention,Cashback Voucher,21-12-2025,SMS,No Response,Yes
RTC0001323,C0004120,Value Retention,Annual Plan Discount,20-02-2026,Call,Accepted,No
RTC0001324,C0004121,Win-Back Drive,Extra Data 50GB,01-04-2025,App,No Response,Yes
RTC0001325,C0004124,At-Risk Outreach,Extra Data 50GB,26-07-2025,SMS,Accepted,No
RTC0001326,C0004125,At-Risk Outreach,Bill Waiver,17-10-2025,Email,Accepted,Yes
RTC0001327,C0004126,Value Retention,Free OTT 3 Months,08-03-2025,App,Accepted,Yes
RTC0001328,C0004127,Loyalty Save,Extra Data 50GB,10-01-2025,WhatsApp,No Response,Yes
RTC0001329,C0004128,Loyalty Save,Extra Data 50GB,11-11-2025,SMS,No Response,Yes
RTC0001330,C0004129,Value Retention,Cashback Voucher,02-04-2025,Call,Accepted,Yes
RTC0001331,C0004130,Win-Back Drive,Loyalty Discount 10%,27-03-2025,Call,Accepted,Yes
RTC0001332,C0004132,Win-Back Drive,Plan Upgrade Offer,21-01-2025,WhatsApp,Accepted,Yes
RTC0001333,C0004134,Renewal Nudge,Bill Waiver,10-12-2025,SMS,Accepted,Yes
RTC0001334,C0004138,At-Risk Outreach,Extra Data 50GB,21-02-2026,App,Accepted,Yes
RTC0001335,C0004139,Renewal Nudge,Extra Data 50GB,26-03-2025,WhatsApp,No Response,Yes
RTC0001336,C0004140,At-Risk Outreach,Loyalty Discount 10%,10-02-2025,SMS,Accepted,Yes
RTC0001337,C0004141,Loyalty Save,Bill Waiver,01-10-2025,Call,Declined,Yes
RTC0001338,C0004143,Loyalty Save,Extra Data 50GB,01-06-2025,WhatsApp,Accepted,No
RTC0001339,C0004146,Loyalty Save,Bill Waiver,13-02-2025,App,No Response,Yes
RTC0001340,C0004147,At-Risk Outreach,Loyalty Discount 10%,13-08-2025,SMS,Declined,No
RTC0001341,C0004149,At-Risk Outreach,Extra Data 50GB,24-04-2025,Call,Declined,Yes
RTC0001342,C0004153,Loyalty Save,Bill Waiver,20-09-2025,SMS,No Response,Yes
RTC0001343,C0004162,Renewal Nudge,Free OTT 3 Months,16-09-2025,App,Declined,Yes
RTC0001344,C0004163,At-Risk Outreach,Annual Plan Discount,18-03-2025,App,Accepted,Yes
RTC0001345,C0004164,Renewal Nudge,Plan Upgrade Offer,23-02-2025,WhatsApp,Accepted,Yes
RTC0001346,C0004166,Loyalty Save,Loyalty Discount 10%,16-11-2025,Email,No Response,Yes
RTC0001347,C0004169,Value Retention,Bill Waiver,28-01-2025,App,No Response,Yes
RTC0001348,C0004170,Loyalty Save,Extra Data 50GB,12-09-2025,Email,Accepted,Yes
RTC0001349,C0004173,Value Retention,Priority Support,24-08-2025,Email,Accepted,No
RTC0001350,C0004174,Renewal Nudge,Cashback Voucher,20-08-2025,Email,Accepted,Yes
RTC0001351,C0004175,At-Risk Outreach,Cashback Voucher,17-05-2025,SMS,No Response,Yes
RTC0001352,C0004183,At-Risk Outreach,Bill Waiver,25-06-2025,WhatsApp,No Response,No
RTC0001353,C0004186,Value Retention,Loyalty Discount 10%,20-06-2025,WhatsApp,Declined,Yes
RTC0001354,C0004188,Win-Back Drive,Bill Waiver,28-11-2025,WhatsApp,No Response,Yes
RTC0001355,C0004190,Value Retention,Cashback Voucher,19-03-2025,Email,Accepted,Yes
RTC0001356,C0004193,Value Retention,Annual Plan Discount,26-02-2025,Call,Accepted,Yes
RTC0001357,C0004196,At-Risk Outreach,Extra Data 50GB,23-03-2026,App,No Response,Yes
RTC0001358,C0004197,Value Retention,Annual Plan Discount,08-07-2025,WhatsApp,Declined,No
RTC0001359,C0004200,At-Risk Outreach,Bill Waiver,21-01-2026,App,Accepted,Yes
RTC0001360,C0004201,At-Risk Outreach,Extra Data 50GB,05-03-2025,App,Declined,Yes
RTC0001361,C0004202,Renewal Nudge,Extra Data 50GB,16-05-2025,Call,Accepted,Yes
RTC0001362,C0004204,Loyalty Save,Bill Waiver,10-05-2025,WhatsApp,Accepted,Yes
RTC0001363,C0004206,Loyalty Save,Free OTT 3 Months,13-09-2025,WhatsApp,No Response,No
RTC0001364,C0004207,Value Retention,Bill Waiver,29-01-2026,WhatsApp,Accepted,Yes
RTC0001365,C0004208,At-Risk Outreach,Cashback Voucher,22-01-2025,SMS,Accepted,Yes
RTC0001366,C0004209,At-Risk Outreach,Cashback Voucher,11-01-2026,Email,No Response,Yes
RTC0001367,C0004215,Value Retention,Annual Plan Discount,21-04-2025,App,No Response,No
RTC0001368,C0004217,Win-Back Drive,Cashback Voucher,28-03-2025,SMS,Declined,Yes
RTC0001369,C0004221,Value Retention,Priority Support,04-05-2025,Call,Accepted,Yes
RTC0001370,C0004222,Value Retention,Annual Plan Discount,10-09-2025,Email,Accepted,Yes
RTC0001371,C0004225,At-Risk Outreach,Bill Waiver,14-03-2026,App,Declined,No
RTC0001372,C0004228,At-Risk Outreach,Free OTT 3 Months,24-10-2025,App,Accepted,No
RTC0001373,C0004234,Loyalty Save,Plan Upgrade Offer,26-02-2025,WhatsApp,Accepted,Yes
RTC0001374,C0004236,Value Retention,Bill Waiver,20-07-2025,Email,Accepted,Yes
RTC0001375,C0004238,At-Risk Outreach,Annual Plan Discount,29-07-2025,Email,No Response,Yes
RTC0001376,C0004239,Loyalty Save,Annual Plan Discount,03-02-2025,Call,No Response,No
RTC0001377,C0004241,At-Risk Outreach,Extra Data 50GB,15-06-2025,Email,No Response,Yes
RTC0001378,C0004242,At-Risk Outreach,Loyalty Discount 10%,01-03-2025,SMS,Declined,Yes
RTC0001379,C0004243,Loyalty Save,Annual Plan Discount,17-01-2026,Call,Accepted,Yes
RTC0001380,C0004244,Loyalty Save,Extra Data 50GB,15-04-2025,Call,Declined,Yes
RTC0001381,C0004247,Renewal Nudge,Plan Upgrade Offer,13-08-2025,Email,No Response,No
RTC0001382,C0004250,At-Risk Outreach,Annual Plan Discount,03-11-2025,Email,Accepted,Yes
RTC0001383,C0004252,Value Retention,Bill Waiver,11-02-2026,SMS,No Response,Yes
RTC0001384,C0004256,At-Risk Outreach,Bill Waiver,02-05-2025,Email,Declined,Yes
RTC0001385,C0004258,Win-Back Drive,Cashback Voucher,24-04-2025,Email,Accepted,Yes
RTC0001386,C0004260,Renewal Nudge,Free OTT 3 Months,15-03-2026,App,Accepted,Yes
RTC0001387,C0004261,Renewal Nudge,Cashback Voucher,01-02-2026,App,No Response,No
RTC0001388,C0004262,Win-Back Drive,Annual Plan Discount,10-10-2025,App,Accepted,Yes
RTC0001389,C0004264,Renewal Nudge,Annual Plan Discount,13-07-2025,App,Accepted,Yes
RTC0001390,C0004265,Renewal Nudge,Free OTT 3 Months,21-07-2025,WhatsApp,No Response,Yes
RTC0001391,C0004268,At-Risk Outreach,Annual Plan Discount,05-03-2025,Call,No Response,Yes
RTC0001392,C0004272,Value Retention,Annual Plan Discount,02-06-2025,App,Accepted,Yes
RTC0001393,C0004273,Value Retention,Bill Waiver,31-12-2025,SMS,Declined,Yes
RTC0001394,C0004274,Loyalty Save,Free OTT 3 Months,04-06-2025,SMS,No Response,Yes
RTC0001395,C0004276,Value Retention,Free OTT 3 Months,24-09-2025,Call,Declined,Yes
RTC0001396,C0004277,Win-Back Drive,Free OTT 3 Months,23-06-2025,WhatsApp,Declined,Yes
RTC0001397,C0004281,At-Risk Outreach,Bill Waiver,18-02-2025,Email,Accepted,Yes
RTC0001398,C0004283,Renewal Nudge,Annual Plan Discount,20-06-2025,App,Accepted,Yes
RTC0001399,C0004284,At-Risk Outreach,Loyalty Discount 10%,12-02-2025,App,No Response,Yes
RTC0001400,C0004287,Win-Back Drive,Extra Data 50GB,08-02-2025,SMS,No Response,Yes
RTC0001401,C0004291,At-Risk Outreach,Free OTT 3 Months,27-03-2026,App,Accepted,Yes
RTC0001402,C0004292,Renewal Nudge,Cashback Voucher,09-06-2025,Call,Accepted,Yes
RTC0001403,C0004295,At-Risk Outreach,Loyalty Discount 10%,15-07-2025,App,Accepted,Yes
RTC0001404,C0004297,Renewal Nudge,Bill Waiver,11-01-2026,App,Accepted,Yes
RTC0001405,C0004298,Loyalty Save,Priority Support,16-01-2026,SMS,Accepted,Yes
RTC0001406,C0004303,Loyalty Save,Loyalty Discount 10%,17-11-2025,Email,No Response,Yes
RTC0001407,C0004304,Renewal Nudge,Annual Plan Discount,21-02-2026,Call,Accepted,Yes
RTC0001408,C0004305,Renewal Nudge,Plan Upgrade Offer,18-08-2025,Call,No Response,No
RTC0001409,C0004309,Loyalty Save,Plan Upgrade Offer,08-09-2025,WhatsApp,Accepted,Yes
RTC0001410,C0004314,Win-Back Drive,Free OTT 3 Months,14-08-2025,SMS,Accepted,Yes
RTC0001411,C0004317,At-Risk Outreach,Cashback Voucher,26-11-2025,Email,Declined,Yes
RTC0001412,C0004319,Renewal Nudge,Plan Upgrade Offer,05-07-2025,WhatsApp,No Response,Yes
RTC0001413,C0004320,Value Retention,Annual Plan Discount,08-03-2026,App,Accepted,Yes
RTC0001414,C0004321,Value Retention,Priority Support,29-11-2025,Call,No Response,Yes
RTC0001415,C0004322,Value Retention,Loyalty Discount 10%,19-10-2025,WhatsApp,Declined,Yes
RTC0001416,C0004324,Renewal Nudge,Priority Support,13-08-2025,App,No Response,Yes
RTC0001417,C0004327,Renewal Nudge,Free OTT 3 Months,22-01-2025,WhatsApp,Accepted,Yes
RTC0001418,C0004329,Value Retention,Bill Waiver,24-10-2025,App,Declined,Yes
RTC0001419,C0004331,Loyalty Save,Extra Data 50GB,18-02-2025,WhatsApp,Declined,Yes
RTC0001420,C0004333,At-Risk Outreach,Free OTT 3 Months,04-05-2025,Call,Declined,Yes
RTC0001421,C0004335,At-Risk Outreach,Plan Upgrade Offer,07-06-2025,Call,No Response,Yes
RTC0001422,C0004336,Value Retention,Plan Upgrade Offer,25-02-2025,Email,Accepted,Yes
RTC0001423,C0004337,Renewal Nudge,Plan Upgrade Offer,04-03-2026,App,Accepted,Yes
RTC0001424,C0004339,Loyalty Save,Plan Upgrade Offer,25-09-2025,Call,Accepted,Yes
RTC0001425,C0004346,Value Retention,Cashback Voucher,16-03-2025,SMS,Declined,No
RTC0001426,C0004356,Value Retention,Priority Support,31-03-2025,SMS,Accepted,Yes
RTC0001427,C0004358,Win-Back Drive,Bill Waiver,02-03-2026,App,No Response,Yes
RTC0001428,C0004361,Value Retention,Cashback Voucher,27-07-2025,App,Accepted,Yes
RTC0001429,C0004363,Loyalty Save,Cashback Voucher,19-03-2026,App,Accepted,Yes
RTC0001430,C0004364,Renewal Nudge,Free OTT 3 Months,04-07-2025,App,No Response,Yes
RTC0001431,C0004366,Renewal Nudge,Bill Waiver,01-03-2025,WhatsApp,Accepted,No
RTC0001432,C0004372,Loyalty Save,Annual Plan Discount,17-12-2025,Email,No Response,Yes
RTC0001433,C0004373,Loyalty Save,Plan Upgrade Offer,11-01-2026,Email,Accepted,Yes
RTC0001434,C0004374,Loyalty Save,Free OTT 3 Months,22-01-2025,App,Declined,Yes
RTC0001435,C0004375,Win-Back Drive,Plan Upgrade Offer,23-04-2025,App,Accepted,Yes
RTC0001436,C0004377,Win-Back Drive,Annual Plan Discount,01-12-2025,Email,Accepted,No
RTC0001437,C0004378,Renewal Nudge,Loyalty Discount 10%,09-04-2025,WhatsApp,Declined,Yes
RTC0001438,C0004379,Loyalty Save,Cashback Voucher,19-05-2025,App,Accepted,Yes
RTC0001439,C0004381,Renewal Nudge,Loyalty Discount 10%,13-12-2025,SMS,Accepted,Yes
RTC0001440,C0004383,At-Risk Outreach,Cashback Voucher,28-08-2025,Email,No Response,Yes
RTC0001441,C0004384,At-Risk Outreach,Bill Waiver,28-11-2025,App,No Response,Yes
RTC0001442,C0004385,Win-Back Drive,Priority Support,25-05-2025,App,No Response,Yes
RTC0001443,C0004386,At-Risk Outreach,Free OTT 3 Months,17-01-2025,WhatsApp,Accepted,Yes
RTC0001444,C0004387,Win-Back Drive,Extra Data 50GB,04-08-2025,Email,No Response,Yes
RTC0001445,C0004392,Renewal Nudge,Cashback Voucher,02-05-2025,Call,Accepted,No
RTC0001446,C0004393,At-Risk Outreach,Annual Plan Discount,08-03-2025,App,Accepted,Yes
RTC0001447,C0004394,Renewal Nudge,Bill Waiver,14-09-2025,App,No Response,Yes
RTC0001448,C0004402,Loyalty Save,Free OTT 3 Months,28-01-2025,WhatsApp,No Response,Yes
RTC0001449,C0004404,Value Retention,Priority Support,26-02-2025,Email,Accepted,Yes
RTC0001450,C0004405,Win-Back Drive,Cashback Voucher,28-04-2025,WhatsApp,Accepted,Yes
RTC0001451,C0004406,Value Retention,Extra Data 50GB,13-03-2026,WhatsApp,Declined,Yes
RTC0001452,C0004412,Value Retention,Extra Data 50GB,22-01-2025,Call,Declined,Yes
RTC0001453,C0004413,Win-Back Drive,Priority Support,11-02-2025,Email,No Response,Yes
RTC0001454,C0004415,Win-Back Drive,Free OTT 3 Months,20-02-2026,Email,No Response,Yes
RTC0001455,C0004416,Loyalty Save,Extra Data 50GB,07-01-2025,SMS,No Response,Yes
RTC0001456,C0004420,Value Retention,Free OTT 3 Months,02-10-2025,SMS,Accepted,Yes
RTC0001457,C0004426,Loyalty Save,Cashback Voucher,13-08-2025,Email,Accepted,Yes
RTC0001458,C0004428,Value Retention,Priority Support,05-01-2025,App,Accepted,No
RTC0001459,C0004430,Renewal Nudge,Free OTT 3 Months,16-07-2025,Call,Declined,Yes
RTC0001460,C0004432,Value Retention,Loyalty Discount 10%,05-03-2026,Email,Accepted,Yes
RTC0001461,C0004434,Value Retention,Cashback Voucher,03-01-2025,Call,Accepted,Yes
RTC0001462,C0004436,At-Risk Outreach,Free OTT 3 Months,05-11-2025,App,Accepted,Yes
RTC0001463,C0004438,Value Retention,Free OTT 3 Months,27-12-2025,SMS,Accepted,Yes
RTC0001464,C0004440,Loyalty Save,Bill Waiver,14-02-2026,App,Declined,No
RTC0001465,C0004441,At-Risk Outreach,Extra Data 50GB,03-03-2026,SMS,Accepted,Yes
RTC0001466,C0004443,At-Risk Outreach,Free OTT 3 Months,26-03-2026,App,Declined,Yes
RTC0001467,C0004445,At-Risk Outreach,Priority Support,29-01-2026,WhatsApp,Accepted,No
RTC0001468,C0004447,At-Risk Outreach,Priority Support,04-12-2025,SMS,Declined,Yes
RTC0001469,C0004452,Renewal Nudge,Priority Support,29-06-2025,WhatsApp,No Response,Yes
RTC0001470,C0004463,Value Retention,Priority Support,03-01-2026,App,Accepted,Yes
RTC0001471,C0004467,Value Retention,Cashback Voucher,26-12-2025,SMS,Accepted,Yes
RTC0001472,C0004473,Value Retention,Cashback Voucher,17-09-2025,App,Accepted,Yes
RTC0001473,C0004475,Loyalty Save,Priority Support,24-05-2025,Call,Accepted,Yes
RTC0001474,C0004482,Value Retention,Free OTT 3 Months,16-08-2025,SMS,Accepted,Yes
RTC0001475,C0004484,At-Risk Outreach,Cashback Voucher,17-09-2025,SMS,No Response,Yes
RTC0001476,C0004486,Value Retention,Free OTT 3 Months,16-06-2025,Email,Declined,No
RTC0001477,C0004488,Renewal Nudge,Cashback Voucher,17-12-2025,SMS,Declined,No
RTC0001478,C0004489,Win-Back Drive,Plan Upgrade Offer,09-02-2026,Call,Declined,No
RTC0001479,C0004490,Win-Back Drive,Free OTT 3 Months,15-08-2025,App,Accepted,Yes
RTC0001480,C0004497,Loyalty Save,Free OTT 3 Months,28-02-2025,App,Accepted,Yes
RTC0001481,C0004500,Win-Back Drive,Cashback Voucher,14-02-2025,Call,Accepted,Yes
RTC0001482,C0004511,Loyalty Save,Cashback Voucher,22-06-2025,SMS,No Response,Yes
RTC0001483,C0004515,Value Retention,Priority Support,24-03-2026,Email,Accepted,Yes
RTC0001484,C0004519,At-Risk Outreach,Cashback Voucher,24-02-2026,Call,Accepted,Yes
RTC0001485,C0004521,Loyalty Save,Free OTT 3 Months,19-05-2025,SMS,Accepted,Yes
RTC0001486,C0004522,At-Risk Outreach,Free OTT 3 Months,11-03-2025,App,Accepted,No
RTC0001487,C0004523,Renewal Nudge,Loyalty Discount 10%,30-09-2025,App,Accepted,Yes
RTC0001488,C0004528,Value Retention,Plan Upgrade Offer,12-02-2026,Call,Accepted,Yes
RTC0001489,C0004536,Renewal Nudge,Loyalty Discount 10%,14-04-2025,Call,Declined,Yes
RTC0001490,C0004543,Renewal Nudge,Cashback Voucher,11-07-2025,SMS,Declined,Yes
RTC0001491,C0004546,Loyalty Save,Priority Support,15-07-2025,Email,Accepted,Yes
RTC0001492,C0004547,Loyalty Save,Cashback Voucher,05-03-2025,Email,Declined,Yes
RTC0001493,C0004549,Value Retention,Cashback Voucher,10-07-2025,WhatsApp,Declined,Yes
RTC0001494,C0004551,Value Retention,Plan Upgrade Offer,10-10-2025,SMS,Accepted,Yes
RTC0001495,C0004557,Renewal Nudge,Free OTT 3 Months,09-06-2025,Call,Accepted,No
RTC0001496,C0004559,Value Retention,Bill Waiver,18-03-2025,Call,Accepted,No
RTC0001497,C0004565,At-Risk Outreach,Free OTT 3 Months,22-08-2025,App,Accepted,Yes
RTC0001498,C0004570,Loyalty Save,Annual Plan Discount,27-12-2025,App,Declined,No
RTC0001499,C0004571,At-Risk Outreach,Loyalty Discount 10%,08-03-2026,Email,Declined,Yes
RTC0001500,C0004575,Renewal Nudge,Loyalty Discount 10%,24-09-2025,SMS,Accepted,Yes
RTC0001501,C0004583,Value Retention,Free OTT 3 Months,01-08-2025,App,No Response,No
RTC0001502,C0004591,Value Retention,Loyalty Discount 10%,02-01-2026,SMS,Accepted,Yes
RTC0001503,C0004594,At-Risk Outreach,Cashback Voucher,25-11-2025,App,Accepted,Yes
RTC0001504,C0004597,At-Risk Outreach,Free OTT 3 Months,06-09-2025,App,Accepted,Yes
RTC0001505,C0004600,At-Risk Outreach,Extra Data 50GB,12-08-2025,SMS,Accepted,Yes
RTC0001506,C0004603,Value Retention,Loyalty Discount 10%,23-12-2025,Email,Accepted,No
RTC0001507,C0004611,Renewal Nudge,Bill Waiver,30-11-2025,App,No Response,Yes
RTC0001508,C0004612,Renewal Nudge,Plan Upgrade Offer,28-02-2026,WhatsApp,No Response,Yes
RTC0001509,C0004616,Value Retention,Annual Plan Discount,22-11-2025,App,No Response,Yes
RTC0001510,C0004617,At-Risk Outreach,Loyalty Discount 10%,23-02-2025,WhatsApp,No Response,No
RTC0001511,C0004621,Loyalty Save,Free OTT 3 Months,03-02-2025,App,Declined,No
RTC0001512,C0004622,Renewal Nudge,Loyalty Discount 10%,30-05-2025,SMS,Declined,No
RTC0001513,C0004625,At-Risk Outreach,Free OTT 3 Months,11-02-2025,WhatsApp,No Response,Yes
RTC0001514,C0004629,At-Risk Outreach,Cashback Voucher,10-07-2025,SMS,Accepted,Yes
RTC0001515,C0004630,Win-Back Drive,Free OTT 3 Months,30-05-2025,WhatsApp,Accepted,No
RTC0001516,C0004633,Win-Back Drive,Annual Plan Discount,16-10-2025,Email,Declined,Yes
RTC0001517,C0004636,Renewal Nudge,Extra Data 50GB,17-01-2026,Call,Accepted,Yes
RTC0001518,C0004642,Value Retention,Cashback Voucher,26-05-2025,Email,No Response,Yes
RTC0001519,C0004646,Loyalty Save,Cashback Voucher,27-05-2025,App,No Response,Yes
RTC0001520,C0004652,Win-Back Drive,Priority Support,22-08-2025,WhatsApp,No Response,Yes
RTC0001521,C0004655,At-Risk Outreach,Free OTT 3 Months,21-06-2025,Call,Accepted,No
RTC0001522,C0004657,Win-Back Drive,Extra Data 50GB,11-01-2026,SMS,Declined,Yes
RTC0001523,C0004658,Win-Back Drive,Cashback Voucher,23-04-2025,App,Declined,Yes
RTC0001524,C0004659,Loyalty Save,Priority Support,14-01-2026,Email,Accepted,Yes
RTC0001525,C0004660,Loyalty Save,Extra Data 50GB,19-03-2026,WhatsApp,Declined,Yes
RTC0001526,C0004663,Value Retention,Extra Data 50GB,11-08-2025,Email,No Response,Yes
RTC0001527,C0004666,Value Retention,Bill Waiver,27-03-2025,SMS,Declined,No
RTC0001528,C0004672,Value Retention,Loyalty Discount 10%,04-02-2026,Email,Declined,Yes
RTC0001529,C0004673,Value Retention,Extra Data 50GB,03-09-2025,WhatsApp,Accepted,Yes
RTC0001530,C0004677,At-Risk Outreach,Cashback Voucher,23-09-2025,WhatsApp,Declined,Yes
RTC0001531,C0004678,Loyalty Save,Bill Waiver,07-10-2025,App,Accepted,Yes
RTC0001532,C0004680,Win-Back Drive,Bill Waiver,01-11-2025,App,No Response,Yes
RTC0001533,C0004681,Win-Back Drive,Priority Support,15-01-2025,SMS,No Response,No
RTC0001534,C0004685,Renewal Nudge,Extra Data 50GB,23-03-2025,Call,No Response,No
RTC0001535,C0004699,Renewal Nudge,Plan Upgrade Offer,06-01-2026,WhatsApp,No Response,Yes
RTC0001536,C0004701,Loyalty Save,Cashback Voucher,19-03-2026,SMS,No Response,Yes
RTC0001537,C0004703,Renewal Nudge,Priority Support,05-12-2025,SMS,Accepted,No
RTC0001538,C0004704,Renewal Nudge,Plan Upgrade Offer,05-02-2026,App,Accepted,Yes
RTC0001539,C0004705,Win-Back Drive,Annual Plan Discount,23-01-2025,App,Accepted,Yes
RTC0001540,C0004709,Value Retention,Plan Upgrade Offer,12-02-2025,SMS,Declined,No
RTC0001541,C0004715,Renewal Nudge,Free OTT 3 Months,12-01-2025,Email,Accepted,Yes
RTC0001542,C0004719,Renewal Nudge,Annual Plan Discount,09-12-2025,SMS,No Response,No
RTC0001543,C0004720,Renewal Nudge,Extra Data 50GB,09-11-2025,Call,Accepted,No
RTC0001544,C0004722,Renewal Nudge,Annual Plan Discount,16-07-2025,WhatsApp,Accepted,Yes
RTC0001545,C0004723,Loyalty Save,Free OTT 3 Months,24-05-2025,SMS,Declined,Yes
RTC0001546,C0004726,Loyalty Save,Loyalty Discount 10%,12-11-2025,Call,No Response,Yes
RTC0001547,C0004730,Loyalty Save,Cashback Voucher,10-10-2025,Email,Declined,No
RTC0001548,C0004733,Win-Back Drive,Bill Waiver,27-03-2025,App,Accepted,Yes
RTC0001549,C0004734,Win-Back Drive,Annual Plan Discount,01-05-2025,SMS,No Response,No
RTC0001550,C0004737,Renewal Nudge,Free OTT 3 Months,13-05-2025,SMS,Declined,No
RTC0001551,C0004738,Win-Back Drive,Loyalty Discount 10%,30-08-2025,Call,No Response,Yes
RTC0001552,C0004740,Win-Back Drive,Plan Upgrade Offer,23-01-2025,Call,No Response,Yes
RTC0001553,C0004745,Value Retention,Priority Support,27-10-2025,Email,No Response,Yes
RTC0001554,C0004747,Renewal Nudge,Bill Waiver,02-01-2025,SMS,Declined,Yes
RTC0001555,C0004748,Renewal Nudge,Loyalty Discount 10%,25-01-2026,Call,Declined,No
RTC0001556,C0004749,Win-Back Drive,Plan Upgrade Offer,15-03-2025,Call,No Response,Yes
RTC0001557,C0004751,Win-Back Drive,Annual Plan Discount,12-12-2025,WhatsApp,No Response,Yes
RTC0001558,C0004755,At-Risk Outreach,Bill Waiver,11-11-2025,Call,Declined,Yes
RTC0001559,C0004756,Value Retention,Cashback Voucher,16-10-2025,Call,Declined,No
RTC0001560,C0004758,Renewal Nudge,Cashback Voucher,13-11-2025,SMS,Accepted,Yes
RTC0001561,C0004759,Renewal Nudge,Plan Upgrade Offer,03-05-2025,Email,Accepted,Yes
RTC0001562,C0004761,Renewal Nudge,Free OTT 3 Months,12-02-2026,Call,Declined,Yes
RTC0001563,C0004762,At-Risk Outreach,Bill Waiver,21-10-2025,WhatsApp,Accepted,Yes
RTC0001564,C0004764,Loyalty Save,Plan Upgrade Offer,14-08-2025,WhatsApp,Declined,Yes
RTC0001565,C0004767,Loyalty Save,Annual Plan Discount,14-07-2025,SMS,No Response,No
RTC0001566,C0004771,At-Risk Outreach,Bill Waiver,05-07-2025,Email,Declined,Yes
RTC0001567,C0004777,Renewal Nudge,Cashback Voucher,08-03-2026,WhatsApp,No Response,Yes
RTC0001568,C0004780,Value Retention,Priority Support,04-03-2026,Email,Accepted,Yes
RTC0001569,C0004782,Loyalty Save,Cashback Voucher,19-08-2025,WhatsApp,Accepted,Yes
RTC0001570,C0004785,Loyalty Save,Loyalty Discount 10%,04-01-2025,SMS,Accepted,No
RTC0001571,C0004786,Renewal Nudge,Priority Support,01-01-2025,App,Declined,Yes
RTC0001572,C0004787,Loyalty Save,Annual Plan Discount,02-03-2026,WhatsApp,Accepted,Yes
RTC0001573,C0004788,Loyalty Save,Priority Support,25-05-2025,Call,Declined,No
RTC0001574,C0004789,At-Risk Outreach,Bill Waiver,13-12-2025,Call,Accepted,No
RTC0001575,C0004802,Loyalty Save,Loyalty Discount 10%,15-11-2025,WhatsApp,No Response,Yes
RTC0001576,C0004806,Loyalty Save,Free OTT 3 Months,08-08-2025,Email,No Response,Yes
RTC0001577,C0004807,At-Risk Outreach,Extra Data 50GB,12-12-2025,WhatsApp,Declined,Yes
RTC0001578,C0004810,At-Risk Outreach,Free OTT 3 Months,25-01-2026,SMS,No Response,Yes
RTC0001579,C0004812,Win-Back Drive,Annual Plan Discount,02-03-2026,WhatsApp,Accepted,Yes
RTC0001580,C0004813,Win-Back Drive,Annual Plan Discount,07-02-2026,Call,Declined,No
RTC0001581,C0004814,Value Retention,Loyalty Discount 10%,16-02-2025,Call,Accepted,Yes
RTC0001582,C0004815,Win-Back Drive,Bill Waiver,01-08-2025,Email,Declined,Yes
RTC0001583,C0004820,Renewal Nudge,Cashback Voucher,26-10-2025,Email,Declined,No
RTC0001584,C0004824,Loyalty Save,Bill Waiver,31-12-2025,App,No Response,Yes
RTC0001585,C0004828,At-Risk Outreach,Annual Plan Discount,03-08-2025,SMS,Declined,Yes
RTC0001586,C0004829,At-Risk Outreach,Bill Waiver,07-12-2025,Email,Accepted,Yes
RTC0001587,C0004834,Renewal Nudge,Cashback Voucher,18-06-2025,Email,No Response,Yes
RTC0001588,C0004835,Win-Back Drive,Extra Data 50GB,04-08-2025,Call,Declined,Yes
RTC0001589,C0004836,At-Risk Outreach,Cashback Voucher,21-11-2025,SMS,Declined,Yes
RTC0001590,C0004838,Loyalty Save,Priority Support,04-10-2025,WhatsApp,Accepted,Yes
RTC0001591,C0004840,Renewal Nudge,Annual Plan Discount,28-02-2026,App,Declined,Yes
RTC0001592,C0004842,At-Risk Outreach,Bill Waiver,15-03-2026,Email,Accepted,Yes
RTC0001593,C0004845,Win-Back Drive,Annual Plan Discount,07-12-2025,Email,No Response,Yes
RTC0001594,C0004854,Value Retention,Extra Data 50GB,19-09-2025,WhatsApp,Accepted,Yes
RTC0001595,C0004856,Renewal Nudge,Loyalty Discount 10%,26-02-2025,SMS,No Response,Yes
RTC0001596,C0004867,Renewal Nudge,Extra Data 50GB,30-05-2025,WhatsApp,Declined,No
RTC0001597,C0004870,Win-Back Drive,Priority Support,12-05-2025,App,Accepted,Yes
RTC0001598,C0004873,Value Retention,Extra Data 50GB,16-02-2026,App,Accepted,No
RTC0001599,C0004874,Win-Back Drive,Priority Support,13-08-2025,App,No Response,Yes
RTC0001600,C0004879,Loyalty Save,Plan Upgrade Offer,02-08-2025,WhatsApp,Declined,Yes
RTC0001601,C0004885,Value Retention,Annual Plan Discount,10-11-2025,WhatsApp,No Response,Yes
RTC0001602,C0004886,Value Retention,Free OTT 3 Months,05-03-2025,Email,Accepted,Yes
RTC0001603,C0004888,At-Risk Outreach,Extra Data 50GB,13-12-2025,App,Accepted,Yes
RTC0001604,C0004889,Renewal Nudge,Cashback Voucher,03-03-2026,App,No Response,Yes
RTC0001605,C0004891,At-Risk Outreach,Annual Plan Discount,14-04-2025,App,Accepted,Yes
RTC0001606,C0004893,Loyalty Save,Annual Plan Discount,18-11-2025,Call,Accepted,Yes
RTC0001607,C0004894,Renewal Nudge,Priority Support,12-11-2025,SMS,Declined,Yes
RTC0001608,C0004895,Value Retention,Priority Support,29-09-2025,Call,No Response,Yes
RTC0001609,C0004897,Win-Back Drive,Cashback Voucher,15-12-2025,Call,No Response,No
RTC0001610,C0004900,Value Retention,Bill Waiver,26-02-2025,Call,No Response,Yes
RTC0001611,C0004903,Win-Back Drive,Annual Plan Discount,22-01-2025,Email,No Response,Yes
RTC0001612,C0004904,Win-Back Drive,Plan Upgrade Offer,17-01-2026,Call,Accepted,Yes
RTC0001613,C0004907,At-Risk Outreach,Free OTT 3 Months,15-12-2025,Call,Accepted,Yes
RTC0001614,C0004909,Value Retention,Free OTT 3 Months,19-10-2025,App,Declined,Yes
RTC0001615,C0004912,At-Risk Outreach,Priority Support,02-08-2025,App,Accepted,Yes
RTC0001616,C0004914,Renewal Nudge,Cashback Voucher,27-06-2025,Call,Accepted,Yes
RTC0001617,C0004915,Renewal Nudge,Plan Upgrade Offer,11-02-2025,WhatsApp,Accepted,Yes
RTC0001618,C0004917,Renewal Nudge,Annual Plan Discount,18-08-2025,Call,Declined,Yes
RTC0001619,C0004918,Loyalty Save,Annual Plan Discount,12-05-2025,SMS,Declined,Yes
RTC0001620,C0004920,Loyalty Save,Bill Waiver,19-11-2025,SMS,Accepted,Yes
RTC0001621,C0004923,Loyalty Save,Bill Waiver,16-05-2025,Call,Declined,Yes
RTC0001622,C0004924,Win-Back Drive,Extra Data 50GB,08-03-2025,SMS,Accepted,Yes
RTC0001623,C0004925,Win-Back Drive,Priority Support,01-09-2025,App,No Response,Yes
RTC0001624,C0004927,Loyalty Save,Annual Plan Discount,14-06-2025,Call,Declined,No
RTC0001625,C0004929,Win-Back Drive,Plan Upgrade Offer,09-01-2026,Email,Declined,Yes
RTC0001626,C0004935,At-Risk Outreach,Loyalty Discount 10%,10-08-2025,WhatsApp,Accepted,Yes
RTC0001627,C0004941,Value Retention,Bill Waiver,12-06-2025,SMS,Declined,No
RTC0001628,C0004942,Value Retention,Bill Waiver,18-02-2026,Email,Declined,Yes
RTC0001629,C0004944,Renewal Nudge,Extra Data 50GB,25-01-2025,WhatsApp,Accepted,Yes
RTC0001630,C0004945,At-Risk Outreach,Free OTT 3 Months,18-04-2025,App,Declined,Yes
RTC0001631,C0004951,Win-Back Drive,Annual Plan Discount,06-11-2025,WhatsApp,Declined,No
RTC0001632,C0004953,At-Risk Outreach,Free OTT 3 Months,12-04-2025,App,Accepted,Yes
RTC0001633,C0004956,Renewal Nudge,Extra Data 50GB,23-04-2025,Email,Accepted,Yes
RTC0001634,C0004958,Loyalty Save,Free OTT 3 Months,27-06-2025,App,Declined,Yes
RTC0001635,C0004962,Value Retention,Priority Support,21-05-2025,SMS,Declined,Yes
RTC0001636,C0004963,Loyalty Save,Free OTT 3 Months,28-02-2025,WhatsApp,Accepted,Yes
RTC0001637,C0004964,Renewal Nudge,Free OTT 3 Months,05-10-2025,Email,Accepted,Yes
RTC0001638,C0004965,Renewal Nudge,Extra Data 50GB,29-03-2025,SMS,Accepted,Yes
RTC0001639,C0004974,Value Retention,Loyalty Discount 10%,19-11-2025,App,Accepted,Yes
RTC0001640,C0004976,Renewal Nudge,Extra Data 50GB,15-03-2025,Email,No Response,Yes
RTC0001641,C0004977,At-Risk Outreach,Extra Data 50GB,17-02-2025,WhatsApp,Declined,No
RTC0001642,C0004980,At-Risk Outreach,Bill Waiver,07-03-2025,App,Accepted,Yes
RTC0001643,C0004981,At-Risk Outreach,Free OTT 3 Months,06-02-2025,Call,No Response,Yes
RTC0001644,C0004982,Renewal Nudge,Plan Upgrade Offer,09-07-2025,SMS,Declined,Yes
RTC0001645,C0004983,Renewal Nudge,Cashback Voucher,22-02-2025,SMS,Accepted,Yes
RTC0001646,C0004989,Win-Back Drive,Extra Data 50GB,25-12-2025,Email,Declined,Yes
RTC0001647,C0004994,Loyalty Save,Loyalty Discount 10%,07-06-2025,Email,Declined,Yes
RTC0001648,C0004997,Win-Back Drive,Priority Support,21-12-2025,Call,Accepted,No
RTC0001649,C0004998,At-Risk Outreach,Free OTT 3 Months,30-05-2025,App,No Response,No
RTC0001650,C0005000,Loyalty Save,Loyalty Discount 10%,03-04-2025,Email,Declined,Yes
RTC0001651,C0005001,Win-Back Drive,Plan Upgrade Offer,23-03-2025,Call,Accepted,Yes
RTC0001652,C0005003,Win-Back Drive,Priority Support,04-01-2026,App,Accepted,Yes
RTC0001653,C0005010,At-Risk Outreach,Free OTT 3 Months,21-02-2026,WhatsApp,Accepted,Yes
RTC0001654,C0005011,Renewal Nudge,Loyalty Discount 10%,28-05-2025,SMS,No Response,Yes
RTC0001655,C0005014,At-Risk Outreach,Plan Upgrade Offer,27-01-2026,Call,Declined,Yes
RTC0001656,C0005017,Value Retention,Plan Upgrade Offer,09-04-2025,Call,Accepted,Yes
RTC0001657,C0005021,Value Retention,Priority Support,07-12-2025,WhatsApp,No Response,Yes
RTC0001658,C0005024,Loyalty Save,Free OTT 3 Months,05-01-2026,WhatsApp,No Response,Yes
RTC0001659,C0005029,Loyalty Save,Cashback Voucher,23-08-2025,Email,Accepted,Yes
RTC0001660,C0005031,Win-Back Drive,Extra Data 50GB,07-07-2025,WhatsApp,Declined,Yes
RTC0001661,C0005033,Value Retention,Extra Data 50GB,21-11-2025,SMS,No Response,No
RTC0001662,C0005035,At-Risk Outreach,Cashback Voucher,10-03-2025,SMS,Declined,No
RTC0001663,C0005037,Renewal Nudge,Annual Plan Discount,01-06-2025,SMS,Declined,Yes
RTC0001664,C0005039,Renewal Nudge,Priority Support,03-10-2025,SMS,No Response,Yes
RTC0001665,C0005043,Loyalty Save,Extra Data 50GB,02-01-2025,WhatsApp,Accepted,No
RTC0001666,C0005045,Renewal Nudge,Plan Upgrade Offer,27-05-2025,WhatsApp,Accepted,No
RTC0001667,C0005047,Renewal Nudge,Priority Support,18-02-2025,Email,Declined,Yes
RTC0001668,C0005048,Value Retention,Priority Support,02-02-2026,App,Declined,Yes
RTC0001669,C0005051,At-Risk Outreach,Plan Upgrade Offer,05-11-2025,Call,Accepted,Yes
RTC0001670,C0005057,Loyalty Save,Free OTT 3 Months,04-09-2025,Email,Accepted,No
RTC0001671,C0005062,Win-Back Drive,Free OTT 3 Months,28-10-2025,App,Accepted,Yes
RTC0001672,C0005067,Win-Back Drive,Extra Data 50GB,24-02-2026,SMS,Accepted,Yes
RTC0001673,C0005068,Win-Back Drive,Annual Plan Discount,03-02-2025,WhatsApp,Accepted,Yes
RTC0001674,C0005070,Loyalty Save,Extra Data 50GB,08-04-2025,WhatsApp,Accepted,Yes
RTC0001675,C0005071,At-Risk Outreach,Priority Support,05-01-2026,Email,Declined,No
RTC0001676,C0005072,Loyalty Save,Cashback Voucher,08-02-2025,App,No Response,Yes
RTC0001677,C0005075,At-Risk Outreach,Plan Upgrade Offer,15-02-2025,WhatsApp,No Response,Yes
RTC0001678,C0005078,Renewal Nudge,Cashback Voucher,01-05-2025,SMS,Accepted,Yes
RTC0001679,C0005079,Win-Back Drive,Bill Waiver,21-02-2025,Email,Accepted,Yes
RTC0001680,C0005080,At-Risk Outreach,Cashback Voucher,13-04-2025,App,No Response,No
RTC0001681,C0005082,Value Retention,Extra Data 50GB,06-08-2025,WhatsApp,Accepted,Yes
RTC0001682,C0005088,Loyalty Save,Bill Waiver,18-05-2025,App,Accepted,Yes
RTC0001683,C0005089,Value Retention,Loyalty Discount 10%,22-02-2025,SMS,Declined,No
RTC0001684,C0005095,Renewal Nudge,Priority Support,22-09-2025,Email,Accepted,Yes
RTC0001685,C0005096,Win-Back Drive,Priority Support,02-03-2025,Call,Accepted,Yes
RTC0001686,C0005097,At-Risk Outreach,Cashback Voucher,27-03-2025,SMS,Accepted,Yes
RTC0001687,C0005099,Renewal Nudge,Cashback Voucher,29-06-2025,App,Declined,Yes
RTC0001688,C0005105,At-Risk Outreach,Plan Upgrade Offer,17-01-2025,Email,No Response,No
RTC0001689,C0005111,Renewal Nudge,Free OTT 3 Months,03-11-2025,Email,No Response,Yes
RTC0001690,C0005113,At-Risk Outreach,Cashback Voucher,27-06-2025,App,Accepted,No
RTC0001691,C0005115,Value Retention,Bill Waiver,18-06-2025,Call,Accepted,No
RTC0001692,C0005118,At-Risk Outreach,Free OTT 3 Months,07-06-2025,SMS,Accepted,No
RTC0001693,C0005122,At-Risk Outreach,Extra Data 50GB,17-07-2025,Call,No Response,Yes
RTC0001694,C0005123,Renewal Nudge,Annual Plan Discount,28-12-2025,App,Accepted,Yes
RTC0001695,C0005126,At-Risk Outreach,Loyalty Discount 10%,01-03-2025,WhatsApp,Accepted,Yes
RTC0001696,C0005129,Win-Back Drive,Plan Upgrade Offer,02-02-2025,Email,No Response,Yes
RTC0001697,C0005130,Win-Back Drive,Plan Upgrade Offer,07-06-2025,App,Declined,Yes
RTC0001698,C0005131,Loyalty Save,Cashback Voucher,09-02-2026,App,Accepted,Yes
RTC0001699,C0005134,Renewal Nudge,Cashback Voucher,23-07-2025,Call,Declined,Yes
RTC0001700,C0005136,Renewal Nudge,Priority Support,26-12-2025,App,Declined,Yes
RTC0001701,C0005147,At-Risk Outreach,Free OTT 3 Months,21-01-2026,App,Accepted,Yes
RTC0001702,C0005148,Loyalty Save,Annual Plan Discount,25-07-2025,WhatsApp,Declined,Yes
RTC0001703,C0005164,Value Retention,Free OTT 3 Months,12-11-2025,SMS,Accepted,Yes
RTC0001704,C0005171,Loyalty Save,Extra Data 50GB,29-03-2025,Email,Declined,Yes
RTC0001705,C0005172,Renewal Nudge,Cashback Voucher,20-02-2026,App,Accepted,Yes
RTC0001706,C0005175,Win-Back Drive,Free OTT 3 Months,07-05-2025,Call,Accepted,Yes
RTC0001707,C0005176,Renewal Nudge,Plan Upgrade Offer,06-09-2025,Email,Declined,Yes
RTC0001708,C0005177,Win-Back Drive,Extra Data 50GB,27-12-2025,Email,Declined,No
RTC0001709,C0005180,Loyalty Save,Annual Plan Discount,19-02-2026,App,No Response,Yes
RTC0001710,C0005182,Win-Back Drive,Priority Support,14-03-2026,Call,Accepted,Yes
RTC0001711,C0005183,Win-Back Drive,Extra Data 50GB,25-08-2025,Email,Declined,No
RTC0001712,C0005190,Loyalty Save,Extra Data 50GB,06-03-2025,WhatsApp,No Response,Yes
RTC0001713,C0005193,Win-Back Drive,Bill Waiver,14-04-2025,WhatsApp,Declined,Yes
RTC0001714,C0005195,Value Retention,Cashback Voucher,16-04-2025,WhatsApp,Accepted,Yes
RTC0001715,C0005196,At-Risk Outreach,Loyalty Discount 10%,20-12-2025,SMS,Accepted,Yes
RTC0001716,C0005197,Loyalty Save,Bill Waiver,23-09-2025,App,Declined,Yes
RTC0001717,C0005200,At-Risk Outreach,Cashback Voucher,09-06-2025,App,Accepted,Yes
RTC0001718,C0005201,Value Retention,Plan Upgrade Offer,02-01-2025,SMS,No Response,Yes
RTC0001719,C0005205,Win-Back Drive,Priority Support,09-01-2025,Email,No Response,Yes
RTC0001720,C0005207,Renewal Nudge,Plan Upgrade Offer,09-09-2025,Email,Accepted,Yes
RTC0001721,C0005210,At-Risk Outreach,Extra Data 50GB,29-05-2025,SMS,Declined,No
RTC0001722,C0005215,Loyalty Save,Cashback Voucher,20-05-2025,WhatsApp,Accepted,Yes
RTC0001723,C0005216,Loyalty Save,Free OTT 3 Months,15-08-2025,Call,Accepted,Yes
RTC0001724,C0005221,At-Risk Outreach,Annual Plan Discount,04-08-2025,Call,Accepted,Yes
RTC0001725,C0005225,Loyalty Save,Annual Plan Discount,08-12-2025,App,Declined,Yes
RTC0001726,C0005232,Renewal Nudge,Bill Waiver,07-11-2025,WhatsApp,Accepted,Yes
RTC0001727,C0005233,Renewal Nudge,Loyalty Discount 10%,12-06-2025,Email,Accepted,Yes
RTC0001728,C0005238,Value Retention,Extra Data 50GB,29-03-2025,Email,Accepted,Yes
RTC0001729,C0005242,At-Risk Outreach,Annual Plan Discount,10-06-2025,WhatsApp,Accepted,Yes
RTC0001730,C0005251,Loyalty Save,Extra Data 50GB,20-12-2025,WhatsApp,No Response,Yes
RTC0001731,C0005252,Renewal Nudge,Free OTT 3 Months,25-05-2025,WhatsApp,Accepted,Yes
RTC0001732,C0005253,At-Risk Outreach,Priority Support,04-02-2026,Email,Declined,Yes
RTC0001733,C0005254,Renewal Nudge,Priority Support,22-10-2025,SMS,Accepted,Yes
RTC0001734,C0005256,Loyalty Save,Plan Upgrade Offer,16-03-2026,App,Declined,Yes
RTC0001735,C0005257,Loyalty Save,Free OTT 3 Months,07-12-2025,Call,Accepted,No
RTC0001736,C0005260,At-Risk Outreach,Cashback Voucher,21-10-2025,Call,Accepted,Yes
RTC0001737,C0005268,Loyalty Save,Cashback Voucher,02-02-2025,App,Accepted,Yes
RTC0001738,C0005270,At-Risk Outreach,Bill Waiver,11-12-2025,Email,No Response,Yes
RTC0001739,C0005275,Renewal Nudge,Extra Data 50GB,14-03-2026,WhatsApp,Declined,Yes
RTC0001740,C0005276,Renewal Nudge,Annual Plan Discount,28-06-2025,Email,Accepted,Yes
RTC0001741,C0005279,Value Retention,Loyalty Discount 10%,10-03-2026,SMS,Accepted,Yes
RTC0001742,C0005281,At-Risk Outreach,Plan Upgrade Offer,17-02-2025,App,Accepted,Yes
RTC0001743,C0005282,At-Risk Outreach,Cashback Voucher,28-10-2025,WhatsApp,Accepted,Yes
RTC0001744,C0005285,Win-Back Drive,Plan Upgrade Offer,15-12-2025,Call,Declined,Yes
RTC0001745,C0005287,At-Risk Outreach,Plan Upgrade Offer,16-12-2025,SMS,Accepted,No
RTC0001746,C0005291,At-Risk Outreach,Loyalty Discount 10%,29-09-2025,WhatsApp,Declined,Yes
RTC0001747,C0005296,Loyalty Save,Annual Plan Discount,16-01-2025,WhatsApp,Accepted,Yes
RTC0001748,C0005300,Loyalty Save,Bill Waiver,08-05-2025,Call,Accepted,Yes
RTC0001749,C0005308,Renewal Nudge,Plan Upgrade Offer,02-05-2025,WhatsApp,No Response,Yes
RTC0001750,C0005310,At-Risk Outreach,Priority Support,07-08-2025,SMS,Declined,Yes
RTC0001751,C0005313,Value Retention,Extra Data 50GB,31-01-2026,WhatsApp,Accepted,Yes
RTC0001752,C0005314,At-Risk Outreach,Bill Waiver,30-04-2025,WhatsApp,Accepted,Yes
RTC0001753,C0005315,Value Retention,Free OTT 3 Months,08-11-2025,Email,Accepted,Yes
RTC0001754,C0005316,At-Risk Outreach,Cashback Voucher,02-01-2025,App,Declined,Yes
RTC0001755,C0005318,Loyalty Save,Priority Support,15-07-2025,Email,Declined,Yes
RTC0001756,C0005320,Renewal Nudge,Annual Plan Discount,15-02-2025,WhatsApp,Declined,Yes
RTC0001757,C0005322,Value Retention,Priority Support,25-06-2025,Call,Accepted,No
RTC0001758,C0005323,At-Risk Outreach,Extra Data 50GB,30-09-2025,Email,Declined,Yes
RTC0001759,C0005324,Win-Back Drive,Free OTT 3 Months,23-11-2025,App,Declined,Yes
RTC0001760,C0005325,Win-Back Drive,Priority Support,30-03-2025,SMS,Accepted,No
RTC0001761,C0005327,Renewal Nudge,Extra Data 50GB,06-11-2025,Call,Declined,Yes
RTC0001762,C0005329,Win-Back Drive,Extra Data 50GB,02-01-2025,WhatsApp,Accepted,Yes
RTC0001763,C0005337,Win-Back Drive,Extra Data 50GB,07-07-2025,Email,Declined,No
RTC0001764,C0005338,Value Retention,Priority Support,19-01-2025,Call,Declined,Yes
RTC0001765,C0005339,Win-Back Drive,Cashback Voucher,28-07-2025,Call,Declined,Yes
RTC0001766,C0005344,Loyalty Save,Extra Data 50GB,10-01-2026,SMS,Accepted,Yes
RTC0001767,C0005347,Loyalty Save,Extra Data 50GB,08-01-2025,App,Declined,Yes
RTC0001768,C0005350,Value Retention,Free OTT 3 Months,07-12-2025,SMS,Accepted,Yes
RTC0001769,C0005352,Value Retention,Plan Upgrade Offer,01-04-2025,WhatsApp,No Response,No
RTC0001770,C0005354,At-Risk Outreach,Plan Upgrade Offer,05-03-2026,WhatsApp,Declined,No
RTC0001771,C0005365,Win-Back Drive,Plan Upgrade Offer,11-01-2025,App,No Response,Yes
RTC0001772,C0005366,Renewal Nudge,Annual Plan Discount,22-02-2025,Email,No Response,No
RTC0001773,C0005368,At-Risk Outreach,Annual Plan Discount,29-05-2025,Email,Declined,No
RTC0001774,C0005369,Win-Back Drive,Free OTT 3 Months,10-05-2025,SMS,Declined,Yes
RTC0001775,C0005370,Value Retention,Extra Data 50GB,12-01-2026,App,No Response,Yes
RTC0001776,C0005372,Renewal Nudge,Extra Data 50GB,02-09-2025,Call,Accepted,No
RTC0001777,C0005374,At-Risk Outreach,Plan Upgrade Offer,24-03-2025,App,Accepted,Yes
RTC0001778,C0005375,Loyalty Save,Plan Upgrade Offer,02-12-2025,WhatsApp,No Response,Yes
RTC0001779,C0005379,Loyalty Save,Annual Plan Discount,02-04-2025,App,Accepted,Yes
RTC0001780,C0005381,Loyalty Save,Annual Plan Discount,18-01-2025,App,Declined,Yes
RTC0001781,C0005388,Loyalty Save,Plan Upgrade Offer,23-11-2025,SMS,No Response,Yes
RTC0001782,C0005393,At-Risk Outreach,Priority Support,28-12-2025,App,Declined,Yes
RTC0001783,C0005396,Win-Back Drive,Extra Data 50GB,27-06-2025,Email,No Response,Yes
RTC0001784,C0005401,At-Risk Outreach,Plan Upgrade Offer,06-06-2025,App,Accepted,Yes
RTC0001785,C0005405,Win-Back Drive,Cashback Voucher,11-01-2026,SMS,No Response,Yes
RTC0001786,C0005408,At-Risk Outreach,Priority Support,29-03-2025,Email,No Response,Yes
RTC0001787,C0005409,Value Retention,Extra Data 50GB,03-04-2025,WhatsApp,Declined,Yes
RTC0001788,C0005410,At-Risk Outreach,Bill Waiver,20-02-2026,WhatsApp,No Response,Yes
RTC0001789,C0005412,Renewal Nudge,Free OTT 3 Months,13-12-2025,Call,No Response,Yes
RTC0001790,C0005417,Win-Back Drive,Priority Support,25-02-2026,SMS,No Response,Yes
RTC0001791,C0005418,Loyalty Save,Priority Support,21-05-2025,Email,Declined,Yes
RTC0001792,C0005419,At-Risk Outreach,Loyalty Discount 10%,12-01-2026,Call,No Response,Yes
RTC0001793,C0005420,Value Retention,Bill Waiver,12-08-2025,Email,No Response,No
RTC0001794,C0005425,Loyalty Save,Plan Upgrade Offer,16-01-2025,Email,Accepted,Yes
RTC0001795,C0005426,Renewal Nudge,Extra Data 50GB,12-09-2025,Email,No Response,Yes
RTC0001796,C0005428,Value Retention,Priority Support,01-01-2026,SMS,Accepted,Yes
RTC0001797,C0005430,Renewal Nudge,Bill Waiver,25-08-2025,App,Declined,Yes
RTC0001798,C0005438,Renewal Nudge,Loyalty Discount 10%,17-01-2025,WhatsApp,Accepted,Yes
RTC0001799,C0005439,Renewal Nudge,Free OTT 3 Months,29-03-2025,App,Declined,No
RTC0001800,C0005441,Value Retention,Free OTT 3 Months,24-05-2025,SMS,Accepted,Yes
RTC0001801,C0005442,At-Risk Outreach,Plan Upgrade Offer,27-07-2025,SMS,Declined,Yes
RTC0001802,C0005447,Value Retention,Annual Plan Discount,05-09-2025,Call,Declined,Yes
RTC0001803,C0005450,Win-Back Drive,Bill Waiver,16-01-2025,WhatsApp,No Response,Yes
RTC0001804,C0005451,Renewal Nudge,Extra Data 50GB,19-04-2025,WhatsApp,Accepted,Yes
RTC0001805,C0005458,Renewal Nudge,Cashback Voucher,14-02-2025,SMS,Accepted,No
RTC0001806,C0005461,At-Risk Outreach,Priority Support,22-02-2025,SMS,Accepted,Yes
RTC0001807,C0005462,Win-Back Drive,Annual Plan Discount,23-06-2025,Call,Accepted,Yes
RTC0001808,C0005464,At-Risk Outreach,Cashback Voucher,30-01-2025,SMS,Accepted,Yes
RTC0001809,C0005472,At-Risk Outreach,Bill Waiver,09-03-2026,WhatsApp,Declined,Yes
RTC0001810,C0005475,Loyalty Save,Free OTT 3 Months,01-08-2025,SMS,Accepted,Yes
RTC0001811,C0005476,At-Risk Outreach,Priority Support,19-11-2025,Call,No Response,Yes
RTC0001812,C0005485,Win-Back Drive,Annual Plan Discount,19-06-2025,App,Declined,Yes
RTC0001813,C0005486,Value Retention,Annual Plan Discount,23-06-2025,App,Accepted,Yes
RTC0001814,C0005487,Loyalty Save,Bill Waiver,16-12-2025,Email,No Response,Yes
RTC0001815,C0005488,Renewal Nudge,Extra Data 50GB,05-01-2025,App,No Response,Yes
RTC0001816,C0005493,Win-Back Drive,Free OTT 3 Months,02-03-2026,WhatsApp,No Response,Yes
RTC0001817,C0005494,At-Risk Outreach,Annual Plan Discount,09-01-2026,WhatsApp,Accepted,Yes
RTC0001818,C0005495,Win-Back Drive,Priority Support,02-08-2025,WhatsApp,Accepted,Yes
RTC0001819,C0005497,At-Risk Outreach,Free OTT 3 Months,25-10-2025,WhatsApp,No Response,Yes
RTC0001820,C0005499,Renewal Nudge,Extra Data 50GB,25-01-2026,Email,Declined,Yes
RTC0001821,C0005501,Value Retention,Loyalty Discount 10%,14-01-2026,SMS,Accepted,Yes
RTC0001822,C0005508,Value Retention,Free OTT 3 Months,13-02-2026,App,Accepted,Yes
RTC0001823,C0005511,At-Risk Outreach,Plan Upgrade Offer,03-02-2026,SMS,Accepted,No
RTC0001824,C0005512,Loyalty Save,Cashback Voucher,28-11-2025,SMS,Accepted,Yes
RTC0001825,C0005513,Value Retention,Plan Upgrade Offer,08-03-2026,Email,Declined,Yes
RTC0001826,C0005516,Loyalty Save,Loyalty Discount 10%,18-03-2026,SMS,Accepted,Yes
RTC0001827,C0005527,Renewal Nudge,Loyalty Discount 10%,05-05-2025,SMS,No Response,Yes
RTC0001828,C0005540,Loyalty Save,Annual Plan Discount,25-04-2025,SMS,No Response,No
RTC0001829,C0005541,Renewal Nudge,Free OTT 3 Months,03-04-2025,Call,Declined,Yes
RTC0001830,C0005543,Win-Back Drive,Annual Plan Discount,24-06-2025,WhatsApp,Accepted,Yes
RTC0001831,C0005544,Renewal Nudge,Priority Support,30-06-2025,App,Accepted,No
RTC0001832,C0005547,Win-Back Drive,Extra Data 50GB,17-12-2025,App,No Response,Yes
RTC0001833,C0005550,Loyalty Save,Priority Support,15-08-2025,App,No Response,Yes
RTC0001834,C0005558,Renewal Nudge,Cashback Voucher,30-11-2025,Call,Declined,Yes
RTC0001835,C0005559,Win-Back Drive,Bill Waiver,06-04-2025,SMS,No Response,Yes
RTC0001836,C0005562,Win-Back Drive,Loyalty Discount 10%,20-09-2025,SMS,Declined,No
RTC0001837,C0005572,Renewal Nudge,Priority Support,20-03-2025,SMS,Accepted,No
RTC0001838,C0005573,Value Retention,Plan Upgrade Offer,10-11-2025,Call,Accepted,Yes
RTC0001839,C0005574,At-Risk Outreach,Annual Plan Discount,21-03-2025,WhatsApp,No Response,No
RTC0001840,C0005575,Renewal Nudge,Cashback Voucher,25-08-2025,SMS,No Response,Yes
RTC0001841,C0005576,Win-Back Drive,Free OTT 3 Months,07-07-2025,WhatsApp,No Response,No
RTC0001842,C0005577,At-Risk Outreach,Loyalty Discount 10%,11-02-2026,Call,Accepted,Yes
RTC0001843,C0005579,Renewal Nudge,Extra Data 50GB,15-07-2025,Email,No Response,Yes
RTC0001844,C0005580,Renewal Nudge,Cashback Voucher,28-03-2026,Call,No Response,Yes
RTC0001845,C0005581,At-Risk Outreach,Annual Plan Discount,27-06-2025,SMS,No Response,Yes
RTC0001846,C0005583,At-Risk Outreach,Cashback Voucher,04-11-2025,SMS,Declined,No
RTC0001847,C0005584,Value Retention,Priority Support,26-07-2025,Call,Accepted,Yes
RTC0001848,C0005589,Value Retention,Cashback Voucher,11-03-2025,Call,Declined,No
RTC0001849,C0005591,Win-Back Drive,Bill Waiver,13-12-2025,WhatsApp,No Response,No
RTC0001850,C0005603,At-Risk Outreach,Plan Upgrade Offer,08-11-2025,WhatsApp,Declined,Yes
RTC0001851,C0005611,Win-Back Drive,Free OTT 3 Months,08-01-2025,Call,Accepted,Yes
RTC0001852,C0005612,Renewal Nudge,Extra Data 50GB,24-03-2026,WhatsApp,Accepted,Yes
RTC0001853,C0005616,Win-Back Drive,Annual Plan Discount,04-03-2025,SMS,Accepted,Yes
RTC0001854,C0005627,Loyalty Save,Annual Plan Discount,05-03-2025,Call,Accepted,Yes
RTC0001855,C0005628,At-Risk Outreach,Bill Waiver,25-02-2025,Email,Accepted,Yes
RTC0001856,C0005634,Win-Back Drive,Plan Upgrade Offer,14-10-2025,SMS,Declined,Yes
RTC0001857,C0005638,Win-Back Drive,Plan Upgrade Offer,19-06-2025,Call,Accepted,Yes
RTC0001858,C0005639,Win-Back Drive,Annual Plan Discount,19-03-2025,SMS,Declined,Yes
RTC0001859,C0005641,Value Retention,Annual Plan Discount,29-01-2026,Call,Accepted,Yes
RTC0001860,C0005650,Value Retention,Free OTT 3 Months,01-01-2025,Email,Declined,Yes
RTC0001861,C0005652,Value Retention,Priority Support,30-12-2025,WhatsApp,Declined,Yes
RTC0001862,C0005657,At-Risk Outreach,Priority Support,25-09-2025,Email,Accepted,Yes
RTC0001863,C0005661,Renewal Nudge,Loyalty Discount 10%,03-05-2025,App,Declined,No
RTC0001864,C0005662,Win-Back Drive,Annual Plan Discount,25-06-2025,App,Accepted,Yes
RTC0001865,C0005665,Renewal Nudge,Bill Waiver,17-02-2025,Call,Declined,Yes
RTC0001866,C0005674,Win-Back Drive,Extra Data 50GB,30-06-2025,App,Declined,Yes
RTC0001867,C0005677,At-Risk Outreach,Plan Upgrade Offer,02-07-2025,App,Declined,Yes
RTC0001868,C0005679,Renewal Nudge,Cashback Voucher,13-08-2025,Call,No Response,No
RTC0001869,C0005682,At-Risk Outreach,Priority Support,05-07-2025,SMS,Accepted,Yes
RTC0001870,C0005683,Loyalty Save,Extra Data 50GB,25-02-2026,WhatsApp,Accepted,Yes
RTC0001871,C0005686,At-Risk Outreach,Bill Waiver,11-12-2025,Email,Declined,Yes
RTC0001872,C0005687,Value Retention,Free OTT 3 Months,17-03-2025,SMS,Declined,Yes
RTC0001873,C0005690,Value Retention,Annual Plan Discount,13-06-2025,SMS,Declined,Yes
RTC0001874,C0005696,Win-Back Drive,Extra Data 50GB,02-11-2025,Call,Accepted,Yes
RTC0001875,C0005699,Renewal Nudge,Cashback Voucher,16-12-2025,App,No Response,Yes
RTC0001876,C0005700,Renewal Nudge,Extra Data 50GB,26-06-2025,Call,No Response,Yes
RTC0001877,C0005701,Win-Back Drive,Loyalty Discount 10%,22-10-2025,Email,Declined,Yes
RTC0001878,C0005702,Value Retention,Annual Plan Discount,25-07-2025,WhatsApp,Accepted,No
RTC0001879,C0005704,Value Retention,Free OTT 3 Months,08-03-2026,Call,Accepted,No
RTC0001880,C0005707,Win-Back Drive,Priority Support,03-09-2025,App,Accepted,Yes
RTC0001881,C0005711,Renewal Nudge,Plan Upgrade Offer,04-01-2025,WhatsApp,Declined,Yes
RTC0001882,C0005714,Win-Back Drive,Free OTT 3 Months,07-02-2025,Call,No Response,Yes
RTC0001883,C0005716,Renewal Nudge,Plan Upgrade Offer,03-03-2025,WhatsApp,Accepted,Yes
RTC0001884,C0005722,At-Risk Outreach,Cashback Voucher,03-11-2025,Email,No Response,Yes
RTC0001885,C0005724,Renewal Nudge,Free OTT 3 Months,16-09-2025,Email,Accepted,Yes
RTC0001886,C0005726,At-Risk Outreach,Extra Data 50GB,11-02-2025,Email,Accepted,Yes
RTC0001887,C0005728,Win-Back Drive,Priority Support,01-05-2025,Email,No Response,Yes
RTC0001888,C0005729,Value Retention,Loyalty Discount 10%,07-03-2025,Call,Declined,Yes
RTC0001889,C0005730,Win-Back Drive,Cashback Voucher,14-02-2025,WhatsApp,Declined,Yes
RTC0001890,C0005734,Loyalty Save,Priority Support,10-03-2026,App,No Response,Yes
RTC0001891,C0005735,Loyalty Save,Priority Support,12-02-2026,App,Declined,Yes
RTC0001892,C0005737,Win-Back Drive,Priority Support,20-02-2026,SMS,Accepted,Yes
RTC0001893,C0005747,At-Risk Outreach,Loyalty Discount 10%,25-05-2025,Call,Accepted,No
RTC0001894,C0005751,Win-Back Drive,Bill Waiver,17-02-2026,App,No Response,Yes
RTC0001895,C0005755,Loyalty Save,Loyalty Discount 10%,15-02-2025,WhatsApp,Accepted,Yes
RTC0001896,C0005759,Value Retention,Cashback Voucher,16-11-2025,Email,Accepted,Yes
RTC0001897,C0005760,Win-Back Drive,Loyalty Discount 10%,21-07-2025,Email,No Response,Yes
RTC0001898,C0005762,Renewal Nudge,Bill Waiver,06-03-2026,Call,No Response,No
RTC0001899,C0005764,Loyalty Save,Extra Data 50GB,02-08-2025,Call,Declined,Yes
RTC0001900,C0005765,Loyalty Save,Extra Data 50GB,13-06-2025,App,Declined,Yes
RTC0001901,C0005769,Win-Back Drive,Annual Plan Discount,05-11-2025,App,Accepted,Yes
RTC0001902,C0005774,Value Retention,Priority Support,26-02-2026,Call,Declined,Yes
RTC0001903,C0005775,Loyalty Save,Bill Waiver,14-02-2025,SMS,No Response,Yes
RTC0001904,C0005777,Loyalty Save,Priority Support,08-03-2025,SMS,Declined,Yes
RTC0001905,C0005778,At-Risk Outreach,Annual Plan Discount,26-12-2025,SMS,Declined,No
RTC0001906,C0005779,Renewal Nudge,Loyalty Discount 10%,09-01-2025,App,Declined,No
RTC0001907,C0005788,Win-Back Drive,Loyalty Discount 10%,10-01-2026,Call,Accepted,Yes
RTC0001908,C0005792,Value Retention,Extra Data 50GB,12-12-2025,WhatsApp,Declined,Yes
RTC0001909,C0005793,Value Retention,Bill Waiver,06-07-2025,Email,No Response,No
RTC0001910,C0005806,Value Retention,Plan Upgrade Offer,17-03-2026,SMS,Declined,Yes
RTC0001911,C0005817,Loyalty Save,Priority Support,05-04-2025,SMS,Declined,Yes
RTC0001912,C0005820,At-Risk Outreach,Free OTT 3 Months,13-10-2025,WhatsApp,Declined,Yes
RTC0001913,C0005821,Win-Back Drive,Extra Data 50GB,22-07-2025,App,Accepted,Yes
RTC0001914,C0005822,Win-Back Drive,Annual Plan Discount,01-08-2025,Call,Declined,Yes
RTC0001915,C0005823,Value Retention,Bill Waiver,16-07-2025,SMS,Declined,Yes
RTC0001916,C0005825,At-Risk Outreach,Bill Waiver,29-10-2025,Email,No Response,No
RTC0001917,C0005826,Renewal Nudge,Cashback Voucher,27-01-2026,Call,Accepted,Yes
RTC0001918,C0005827,Win-Back Drive,Annual Plan Discount,10-06-2025,WhatsApp,No Response,Yes
RTC0001919,C0005828,Renewal Nudge,Free OTT 3 Months,19-03-2026,App,Accepted,Yes
RTC0001920,C0005830,Win-Back Drive,Plan Upgrade Offer,17-10-2025,Call,Accepted,Yes
RTC0001921,C0005836,Win-Back Drive,Bill Waiver,23-10-2025,App,No Response,No
RTC0001922,C0005837,Value Retention,Plan Upgrade Offer,22-10-2025,Call,Accepted,Yes
RTC0001923,C0005840,At-Risk Outreach,Plan Upgrade Offer,27-06-2025,App,Declined,Yes
RTC0001924,C0005841,Loyalty Save,Free OTT 3 Months,17-07-2025,SMS,Accepted,Yes
RTC0001925,C0005842,Loyalty Save,Plan Upgrade Offer,20-03-2025,SMS,No Response,Yes
RTC0001926,C0005843,Value Retention,Loyalty Discount 10%,13-01-2026,App,Accepted,Yes
RTC0001927,C0005844,Loyalty Save,Extra Data 50GB,05-08-2025,WhatsApp,Accepted,Yes
RTC0001928,C0005846,Value Retention,Cashback Voucher,18-09-2025,Call,Accepted,No
RTC0001929,C0005848,Value Retention,Loyalty Discount 10%,25-03-2025,Email,Accepted,Yes
RTC0001930,C0005852,Value Retention,Extra Data 50GB,17-09-2025,Call,Accepted,Yes
RTC0001931,C0005854,Loyalty Save,Annual Plan Discount,29-04-2025,App,Accepted,Yes
RTC0001932,C0005856,Loyalty Save,Extra Data 50GB,22-05-2025,Call,Accepted,Yes
RTC0001933,C0005858,Value Retention,Plan Upgrade Offer,18-12-2025,App,No Response,Yes
RTC0001934,C0005863,Loyalty Save,Cashback Voucher,25-03-2025,Email,Accepted,Yes
RTC0001935,C0005868,Loyalty Save,Cashback Voucher,24-12-2025,Call,Accepted,Yes
RTC0001936,C0005869,At-Risk Outreach,Extra Data 50GB,01-06-2025,App,Accepted,Yes
RTC0001937,C0005874,Win-Back Drive,Annual Plan Discount,13-03-2026,Email,Declined,Yes
RTC0001938,C0005876,At-Risk Outreach,Cashback Voucher,31-01-2026,Email,Accepted,Yes
RTC0001939,C0005883,Loyalty Save,Loyalty Discount 10%,07-06-2025,Email,Accepted,Yes
RTC0001940,C0005887,Win-Back Drive,Annual Plan Discount,01-02-2026,App,Accepted,Yes
RTC0001941,C0005891,At-Risk Outreach,Plan Upgrade Offer,23-06-2025,Call,Accepted,Yes
RTC0001942,C0005893,Renewal Nudge,Cashback Voucher,02-02-2025,WhatsApp,Accepted,No
RTC0001943,C0005894,Renewal Nudge,Plan Upgrade Offer,10-05-2025,App,Accepted,Yes
RTC0001944,C0005897,Win-Back Drive,Bill Waiver,30-03-2025,Email,Declined,Yes
RTC0001945,C0005901,Renewal Nudge,Priority Support,16-06-2025,WhatsApp,No Response,No
RTC0001946,C0005902,Renewal Nudge,Plan Upgrade Offer,04-02-2025,Call,Accepted,No
RTC0001947,C0005903,Renewal Nudge,Annual Plan Discount,03-11-2025,SMS,No Response,Yes
RTC0001948,C0005905,At-Risk Outreach,Bill Waiver,16-12-2025,WhatsApp,No Response,Yes
RTC0001949,C0005908,Renewal Nudge,Bill Waiver,12-04-2025,App,Accepted,No
RTC0001950,C0005915,At-Risk Outreach,Extra Data 50GB,23-02-2026,SMS,Declined,Yes
RTC0001951,C0005917,Loyalty Save,Bill Waiver,19-09-2025,Call,No Response,Yes
RTC0001952,C0005918,Loyalty Save,Annual Plan Discount,06-07-2025,Email,Accepted,Yes
RTC0001953,C0005923,At-Risk Outreach,Annual Plan Discount,27-06-2025,WhatsApp,Declined,Yes
RTC0001954,C0005926,At-Risk Outreach,Priority Support,10-12-2025,Email,Declined,Yes
RTC0001955,C0005928,Win-Back Drive,Loyalty Discount 10%,29-01-2025,WhatsApp,Declined,Yes
RTC0001956,C0005929,At-Risk Outreach,Annual Plan Discount,27-09-2025,Call,Declined,Yes
RTC0001957,C0005933,Renewal Nudge,Priority Support,09-03-2025,WhatsApp,Accepted,Yes
RTC0001958,C0005934,Win-Back Drive,Bill Waiver,12-04-2025,WhatsApp,Declined,Yes
RTC0001959,C0005940,Loyalty Save,Free OTT 3 Months,21-10-2025,App,Accepted,Yes
RTC0001960,C0005942,Loyalty Save,Plan Upgrade Offer,23-09-2025,App,No Response,Yes
RTC0001961,C0005943,Win-Back Drive,Extra Data 50GB,09-11-2025,App,No Response,Yes
RTC0001962,C0005945,Renewal Nudge,Bill Waiver,17-10-2025,Email,No Response,Yes
RTC0001963,C0005949,Renewal Nudge,Plan Upgrade Offer,10-08-2025,Call,Accepted,Yes
RTC0001964,C0005950,Value Retention,Cashback Voucher,03-05-2025,Call,Accepted,Yes
RTC0001965,C0005951,Win-Back Drive,Bill Waiver,22-05-2025,Email,Accepted,Yes
RTC0001966,C0005952,Renewal Nudge,Extra Data 50GB,03-12-2025,SMS,Accepted,Yes
RTC0001967,C0005955,Renewal Nudge,Bill Waiver,16-11-2025,Call,Accepted,Yes
RTC0001968,C0005960,Renewal Nudge,Plan Upgrade Offer,19-06-2025,SMS,No Response,Yes
RTC0001969,C0005961,Value Retention,Annual Plan Discount,03-09-2025,SMS,Accepted,Yes
RTC0001970,C0005964,Value Retention,Extra Data 50GB,14-04-2025,SMS,No Response,Yes
RTC0001971,C0005966,Renewal Nudge,Plan Upgrade Offer,12-01-2025,SMS,Accepted,Yes
RTC0001972,C0005967,Loyalty Save,Bill Waiver,27-02-2026,WhatsApp,Declined,Yes
RTC0001973,C0005969,Renewal Nudge,Bill Waiver,15-07-2025,App,No Response,No
RTC0001974,C0005976,Renewal Nudge,Priority Support,03-03-2026,Call,Accepted,Yes
RTC0001975,C0005977,At-Risk Outreach,Free OTT 3 Months,26-03-2025,Email,No Response,No
RTC0001976,C0005984,Win-Back Drive,Bill Waiver,18-09-2025,Email,Accepted,Yes
RTC0001977,C0005986,Renewal Nudge,Bill Waiver,22-03-2025,WhatsApp,No Response,No
RTC0001978,C0005987,Loyalty Save,Extra Data 50GB,30-08-2025,WhatsApp,Declined,Yes
RTC0001979,C0005989,At-Risk Outreach,Annual Plan Discount,27-02-2026,Call,Accepted,Yes
RTC0001980,C0005993,Win-Back Drive,Plan Upgrade Offer,16-08-2025,App,Accepted,Yes
RTC0001981,C0005995,Win-Back Drive,Bill Waiver,01-01-2026,WhatsApp,Accepted,Yes
RTC0001982,C0005997,Renewal Nudge,Priority Support,02-11-2025,SMS,Declined,No
RTC0001983,C0006000,At-Risk Outreach,Priority Support,12-03-2026,WhatsApp,No Response,Yes
RTC0001984,C0006009,At-Risk Outreach,Loyalty Discount 10%,09-02-2026,Email,Accepted,Yes
RTC0001985,C0006020,Value Retention,Cashback Voucher,09-02-2025,SMS,Accepted,Yes
RTC0001986,C0006021,Value Retention,Extra Data 50GB,28-10-2025,WhatsApp,Accepted,Yes
RTC0001987,C0006029,At-Risk Outreach,Annual Plan Discount,31-05-2025,WhatsApp,Accepted,Yes
RTC0001988,C0006030,Renewal Nudge,Plan Upgrade Offer,07-07-2025,App,No Response,No
RTC0001989,C0006031,At-Risk Outreach,Annual Plan Discount,10-03-2026,WhatsApp,Accepted,Yes
RTC0001990,C0006032,At-Risk Outreach,Bill Waiver,23-05-2025,WhatsApp,Accepted,Yes
RTC0001991,C0006035,Loyalty Save,Bill Waiver,11-05-2025,WhatsApp,Accepted,Yes
RTC0001992,C0006036,Loyalty Save,Plan Upgrade Offer,13-12-2025,Call,Declined,Yes
RTC0001993,C0006037,Win-Back Drive,Loyalty Discount 10%,14-05-2025,App,Declined,Yes
RTC0001994,C0006041,Renewal Nudge,Bill Waiver,17-03-2025,Email,Declined,No
RTC0001995,C0006044,Value Retention,Priority Support,14-10-2025,Call,Declined,Yes
RTC0001996,C0006046,Value Retention,Bill Waiver,18-06-2025,SMS,No Response,Yes
RTC0001997,C0006047,At-Risk Outreach,Priority Support,20-06-2025,Email,Accepted,Yes
RTC0001998,C0006050,Loyalty Save,Extra Data 50GB,19-05-2025,App,Declined,No
RTC0001999,C0006059,Loyalty Save,Bill Waiver,01-11-2025,WhatsApp,No Response,Yes
RTC0002000,C0006061,Loyalty Save,Bill Waiver,12-05-2025,SMS,Declined,No
RTC0002001,C0006066,Value Retention,Bill Waiver,14-01-2025,SMS,Declined,Yes
RTC0002002,C0006070,Renewal Nudge,Extra Data 50GB,28-11-2025,SMS,Accepted,Yes
RTC0002003,C0006076,Renewal Nudge,Annual Plan Discount,14-09-2025,App,Accepted,Yes
RTC0002004,C0006077,Win-Back Drive,Priority Support,26-07-2025,WhatsApp,Declined,No
RTC0002005,C0006082,Win-Back Drive,Plan Upgrade Offer,10-11-2025,App,Accepted,Yes
RTC0002006,C0006083,At-Risk Outreach,Loyalty Discount 10%,22-01-2026,App,Accepted,Yes
RTC0002007,C0006084,Loyalty Save,Plan Upgrade Offer,23-08-2025,SMS,Accepted,Yes
RTC0002008,C0006092,Value Retention,Extra Data 50GB,08-02-2025,WhatsApp,Declined,Yes
RTC0002009,C0006097,Value Retention,Free OTT 3 Months,25-05-2025,Email,Accepted,Yes
RTC0002010,C0006100,At-Risk Outreach,Annual Plan Discount,14-11-2025,Call,Accepted,Yes
RTC0002011,C0006101,At-Risk Outreach,Bill Waiver,10-12-2025,App,No Response,Yes
RTC0002012,C0006113,Win-Back Drive,Loyalty Discount 10%,03-04-2025,Email,Accepted,Yes
RTC0002013,C0006118,Win-Back Drive,Loyalty Discount 10%,03-12-2025,Call,Declined,Yes
RTC0002014,C0006119,Renewal Nudge,Bill Waiver,14-02-2026,SMS,Declined,Yes
RTC0002015,C0006123,Win-Back Drive,Cashback Voucher,13-02-2026,App,No Response,No
RTC0002016,C0006126,Win-Back Drive,Free OTT 3 Months,31-01-2026,WhatsApp,Accepted,Yes
RTC0002017,C0006127,At-Risk Outreach,Extra Data 50GB,31-08-2025,Email,Accepted,Yes
RTC0002018,C0006128,Value Retention,Bill Waiver,09-09-2025,Email,No Response,Yes
RTC0002019,C0006135,Win-Back Drive,Loyalty Discount 10%,25-12-2025,App,No Response,No
RTC0002020,C0006136,Renewal Nudge,Extra Data 50GB,11-02-2025,Call,Accepted,Yes
RTC0002021,C0006139,Renewal Nudge,Loyalty Discount 10%,30-10-2025,WhatsApp,No Response,Yes
RTC0002022,C0006142,At-Risk Outreach,Loyalty Discount 10%,06-11-2025,Call,Accepted,Yes
RTC0002023,C0006143,Value Retention,Annual Plan Discount,12-09-2025,App,Accepted,Yes
RTC0002024,C0006147,Loyalty Save,Loyalty Discount 10%,24-05-2025,Email,Declined,No
RTC0002025,C0006151,Win-Back Drive,Annual Plan Discount,06-10-2025,App,Accepted,No
RTC0002026,C0006154,At-Risk Outreach,Extra Data 50GB,17-05-2025,SMS,Accepted,No
RTC0002027,C0006155,At-Risk Outreach,Free OTT 3 Months,18-10-2025,SMS,No Response,Yes
RTC0002028,C0006158,At-Risk Outreach,Extra Data 50GB,26-04-2025,Email,No Response,No
RTC0002029,C0006159,Value Retention,Free OTT 3 Months,14-02-2025,App,Accepted,No
RTC0002030,C0006166,Renewal Nudge,Extra Data 50GB,05-03-2026,Email,Declined,Yes
RTC0002031,C0006172,Loyalty Save,Annual Plan Discount,25-10-2025,SMS,Accepted,Yes
RTC0002032,C0006173,Win-Back Drive,Annual Plan Discount,13-09-2025,App,Declined,Yes
RTC0002033,C0006174,Renewal Nudge,Cashback Voucher,02-02-2025,WhatsApp,Accepted,Yes
RTC0002034,C0006175,Win-Back Drive,Loyalty Discount 10%,24-03-2026,WhatsApp,No Response,No
RTC0002035,C0006177,At-Risk Outreach,Free OTT 3 Months,14-09-2025,Call,Declined,Yes
RTC0002036,C0006178,Loyalty Save,Loyalty Discount 10%,23-04-2025,Email,Accepted,Yes
RTC0002037,C0006186,Renewal Nudge,Extra Data 50GB,19-05-2025,Email,Accepted,Yes
RTC0002038,C0006187,At-Risk Outreach,Plan Upgrade Offer,13-02-2025,WhatsApp,Accepted,Yes
RTC0002039,C0006189,Win-Back Drive,Plan Upgrade Offer,11-12-2025,WhatsApp,No Response,Yes
RTC0002040,C0006192,Loyalty Save,Free OTT 3 Months,28-01-2025,Email,No Response,Yes
RTC0002041,C0006195,Win-Back Drive,Cashback Voucher,01-01-2025,SMS,Accepted,Yes
RTC0002042,C0006198,Renewal Nudge,Plan Upgrade Offer,15-11-2025,Call,No Response,Yes
RTC0002043,C0006204,At-Risk Outreach,Free OTT 3 Months,29-01-2025,Call,No Response,Yes
RTC0002044,C0006205,Loyalty Save,Extra Data 50GB,16-06-2025,SMS,Accepted,Yes
RTC0002045,C0006211,Renewal Nudge,Loyalty Discount 10%,19-02-2026,Email,No Response,No
RTC0002046,C0006213,Value Retention,Bill Waiver,06-02-2025,Call,No Response,No
RTC0002047,C0006214,Win-Back Drive,Extra Data 50GB,30-01-2025,Call,Declined,Yes
RTC0002048,C0006217,At-Risk Outreach,Plan Upgrade Offer,09-05-2025,Call,Declined,Yes
RTC0002049,C0006219,At-Risk Outreach,Plan Upgrade Offer,05-11-2025,App,No Response,Yes
RTC0002050,C0006220,At-Risk Outreach,Bill Waiver,08-01-2025,Call,No Response,Yes
RTC0002051,C0006224,At-Risk Outreach,Plan Upgrade Offer,16-03-2026,App,Accepted,No
RTC0002052,C0006226,Loyalty Save,Plan Upgrade Offer,22-01-2025,WhatsApp,Accepted,Yes
RTC0002053,C0006228,Win-Back Drive,Priority Support,30-04-2025,Call,Accepted,Yes
RTC0002054,C0006229,Win-Back Drive,Loyalty Discount 10%,26-02-2026,App,No Response,Yes
RTC0002055,C0006234,Value Retention,Plan Upgrade Offer,10-06-2025,Call,Accepted,Yes
RTC0002056,C0006236,Renewal Nudge,Annual Plan Discount,18-12-2025,SMS,Declined,Yes
RTC0002057,C0006242,At-Risk Outreach,Plan Upgrade Offer,13-03-2026,SMS,Accepted,Yes
RTC0002058,C0006245,Value Retention,Cashback Voucher,24-03-2025,App,Declined,No
RTC0002059,C0006246,Value Retention,Loyalty Discount 10%,14-06-2025,App,Accepted,Yes
RTC0002060,C0006250,Renewal Nudge,Extra Data 50GB,01-12-2025,Call,Declined,Yes
RTC0002061,C0006256,Loyalty Save,Loyalty Discount 10%,18-01-2025,App,Accepted,Yes
RTC0002062,C0006266,At-Risk Outreach,Annual Plan Discount,25-03-2025,Call,No Response,Yes
RTC0002063,C0006267,Value Retention,Annual Plan Discount,27-12-2025,SMS,Accepted,Yes
RTC0002064,C0006268,Win-Back Drive,Priority Support,22-01-2026,SMS,Declined,Yes
RTC0002065,C0006271,Win-Back Drive,Loyalty Discount 10%,07-02-2025,WhatsApp,No Response,Yes
RTC0002066,C0006278,At-Risk Outreach,Priority Support,28-02-2026,Email,Accepted,Yes
RTC0002067,C0006280,Value Retention,Loyalty Discount 10%,21-03-2026,WhatsApp,Declined,Yes
RTC0002068,C0006281,Win-Back Drive,Free OTT 3 Months,23-04-2025,SMS,Accepted,Yes
RTC0002069,C0006282,At-Risk Outreach,Priority Support,15-08-2025,WhatsApp,Accepted,Yes
RTC0002070,C0006283,Renewal Nudge,Annual Plan Discount,07-01-2025,App,Accepted,Yes
RTC0002071,C0006284,Win-Back Drive,Priority Support,08-11-2025,Email,No Response,Yes
RTC0002072,C0006285,Renewal Nudge,Free OTT 3 Months,17-12-2025,WhatsApp,No Response,Yes
RTC0002073,C0006290,Renewal Nudge,Bill Waiver,30-03-2025,WhatsApp,No Response,No
RTC0002074,C0006293,At-Risk Outreach,Cashback Voucher,30-05-2025,Call,No Response,Yes
RTC0002075,C0006299,At-Risk Outreach,Free OTT 3 Months,02-08-2025,Call,Declined,No
RTC0002076,C0006302,At-Risk Outreach,Priority Support,02-05-2025,Call,No Response,Yes
RTC0002077,C0006308,Loyalty Save,Plan Upgrade Offer,15-05-2025,SMS,Accepted,Yes
RTC0002078,C0006309,Value Retention,Free OTT 3 Months,24-06-2025,Email,No Response,Yes
RTC0002079,C0006311,Renewal Nudge,Plan Upgrade Offer,10-09-2025,App,No Response,Yes
RTC0002080,C0006316,Value Retention,Plan Upgrade Offer,01-10-2025,Call,Accepted,Yes
RTC0002081,C0006317,Value Retention,Bill Waiver,19-12-2025,Call,Accepted,Yes
RTC0002082,C0006319,Renewal Nudge,Plan Upgrade Offer,16-05-2025,SMS,Accepted,Yes
RTC0002083,C0006320,Renewal Nudge,Priority Support,21-06-2025,SMS,Declined,Yes
RTC0002084,C0006321,Loyalty Save,Cashback Voucher,03-02-2025,WhatsApp,Declined,No
RTC0002085,C0006325,Value Retention,Plan Upgrade Offer,24-07-2025,App,No Response,Yes
RTC0002086,C0006329,At-Risk Outreach,Loyalty Discount 10%,05-03-2026,Email,Declined,Yes
RTC0002087,C0006332,Renewal Nudge,Loyalty Discount 10%,01-02-2026,App,No Response,Yes
RTC0002088,C0006333,Loyalty Save,Plan Upgrade Offer,14-10-2025,SMS,No Response,Yes
RTC0002089,C0006335,Renewal Nudge,Extra Data 50GB,21-07-2025,WhatsApp,Accepted,Yes
RTC0002090,C0006336,Win-Back Drive,Bill Waiver,28-10-2025,Email,Accepted,Yes
RTC0002091,C0006343,Loyalty Save,Free OTT 3 Months,27-03-2026,Call,No Response,Yes
RTC0002092,C0006347,Renewal Nudge,Plan Upgrade Offer,02-03-2026,App,No Response,Yes
RTC0002093,C0006348,Renewal Nudge,Annual Plan Discount,08-03-2026,App,Accepted,Yes
RTC0002094,C0006354,Win-Back Drive,Loyalty Discount 10%,06-08-2025,Call,Accepted,Yes
RTC0002095,C0006358,At-Risk Outreach,Plan Upgrade Offer,29-03-2025,SMS,Accepted,Yes
RTC0002096,C0006361,Renewal Nudge,Loyalty Discount 10%,26-01-2026,Email,Declined,No
RTC0002097,C0006362,Loyalty Save,Free OTT 3 Months,16-05-2025,Call,Accepted,Yes
RTC0002098,C0006363,Loyalty Save,Annual Plan Discount,09-05-2025,WhatsApp,Accepted,No
RTC0002099,C0006371,Win-Back Drive,Free OTT 3 Months,17-09-2025,App,No Response,Yes
RTC0002100,C0006372,At-Risk Outreach,Priority Support,04-08-2025,Call,Declined,Yes
RTC0002101,C0006373,Renewal Nudge,Bill Waiver,28-01-2025,Call,No Response,Yes
RTC0002102,C0006374,Loyalty Save,Loyalty Discount 10%,10-12-2025,WhatsApp,Declined,No
RTC0002103,C0006375,Loyalty Save,Loyalty Discount 10%,10-01-2025,Call,No Response,Yes
RTC0002104,C0006378,Loyalty Save,Loyalty Discount 10%,03-06-2025,Call,Accepted,Yes
RTC0002105,C0006382,Loyalty Save,Cashback Voucher,28-12-2025,SMS,Accepted,No
RTC0002106,C0006384,Win-Back Drive,Plan Upgrade Offer,01-05-2025,SMS,Accepted,Yes
RTC0002107,C0006389,Loyalty Save,Free OTT 3 Months,20-09-2025,Email,Accepted,Yes
RTC0002108,C0006392,Value Retention,Bill Waiver,03-07-2025,WhatsApp,Declined,No
RTC0002109,C0006393,Win-Back Drive,Loyalty Discount 10%,20-03-2026,SMS,No Response,No
RTC0002110,C0006399,Value Retention,Cashback Voucher,24-10-2025,App,No Response,Yes
RTC0002111,C0006401,Win-Back Drive,Annual Plan Discount,14-11-2025,WhatsApp,Declined,Yes
RTC0002112,C0006403,Win-Back Drive,Free OTT 3 Months,30-04-2025,App,No Response,Yes
RTC0002113,C0006404,Loyalty Save,Bill Waiver,22-01-2026,App,Accepted,No
RTC0002114,C0006405,At-Risk Outreach,Bill Waiver,07-02-2026,SMS,Accepted,Yes
RTC0002115,C0006409,Value Retention,Priority Support,28-08-2025,SMS,Declined,Yes
RTC0002116,C0006417,Renewal Nudge,Bill Waiver,19-07-2025,App,No Response,No
RTC0002117,C0006421,Loyalty Save,Bill Waiver,06-08-2025,SMS,Accepted,Yes
RTC0002118,C0006423,Loyalty Save,Bill Waiver,17-08-2025,Email,No Response,Yes
RTC0002119,C0006425,At-Risk Outreach,Priority Support,29-10-2025,SMS,No Response,Yes
RTC0002120,C0006426,Renewal Nudge,Priority Support,08-01-2025,WhatsApp,Declined,No
RTC0002121,C0006428,Value Retention,Cashback Voucher,31-12-2025,SMS,Accepted,Yes
RTC0002122,C0006429,Loyalty Save,Extra Data 50GB,26-12-2025,SMS,Declined,Yes
RTC0002123,C0006435,At-Risk Outreach,Priority Support,25-02-2025,WhatsApp,Accepted,Yes
RTC0002124,C0006437,Loyalty Save,Cashback Voucher,22-01-2026,WhatsApp,No Response,Yes
RTC0002125,C0006443,Loyalty Save,Plan Upgrade Offer,23-07-2025,Call,Accepted,Yes
RTC0002126,C0006447,Value Retention,Priority Support,31-07-2025,Email,Accepted,Yes
RTC0002127,C0006448,Renewal Nudge,Bill Waiver,26-03-2025,Email,Declined,Yes
RTC0002128,C0006460,Win-Back Drive,Extra Data 50GB,06-11-2025,App,No Response,Yes
RTC0002129,C0006461,Renewal Nudge,Annual Plan Discount,24-08-2025,Email,No Response,No
RTC0002130,C0006462,Win-Back Drive,Extra Data 50GB,11-02-2026,SMS,No Response,Yes
RTC0002131,C0006464,Renewal Nudge,Plan Upgrade Offer,20-01-2025,Email,Declined,No
RTC0002132,C0006467,At-Risk Outreach,Loyalty Discount 10%,03-02-2025,Email,Accepted,Yes
RTC0002133,C0006468,Win-Back Drive,Annual Plan Discount,09-04-2025,Email,Accepted,Yes
RTC0002134,C0006472,Loyalty Save,Cashback Voucher,12-02-2025,Call,No Response,No
RTC0002135,C0006474,Renewal Nudge,Bill Waiver,05-07-2025,App,Accepted,No
RTC0002136,C0006475,Loyalty Save,Priority Support,16-10-2025,App,No Response,Yes
RTC0002137,C0006477,Win-Back Drive,Annual Plan Discount,16-05-2025,SMS,Accepted,No
RTC0002138,C0006479,Loyalty Save,Loyalty Discount 10%,05-03-2025,SMS,Accepted,Yes
RTC0002139,C0006480,Loyalty Save,Bill Waiver,26-05-2025,App,Accepted,Yes
RTC0002140,C0006482,Value Retention,Priority Support,01-11-2025,SMS,Declined,Yes
RTC0002141,C0006484,Loyalty Save,Loyalty Discount 10%,19-03-2025,Email,Accepted,Yes
RTC0002142,C0006485,Win-Back Drive,Cashback Voucher,28-03-2025,WhatsApp,Accepted,Yes
RTC0002143,C0006486,At-Risk Outreach,Plan Upgrade Offer,26-12-2025,WhatsApp,Accepted,Yes
RTC0002144,C0006489,At-Risk Outreach,Bill Waiver,01-03-2025,App,No Response,Yes
RTC0002145,C0006490,Renewal Nudge,Priority Support,27-03-2025,SMS,No Response,Yes
RTC0002146,C0006491,Renewal Nudge,Loyalty Discount 10%,04-10-2025,App,Accepted,Yes
RTC0002147,C0006493,Loyalty Save,Priority Support,28-01-2025,WhatsApp,No Response,Yes
RTC0002148,C0006496,Loyalty Save,Loyalty Discount 10%,26-01-2025,SMS,No Response,Yes
RTC0002149,C0006499,Value Retention,Annual Plan Discount,14-04-2025,WhatsApp,No Response,No
RTC0002150,C0006501,Loyalty Save,Bill Waiver,17-08-2025,Email,Declined,Yes
RTC0002151,C0006504,Value Retention,Cashback Voucher,11-01-2025,App,Declined,Yes
RTC0002152,C0006506,Loyalty Save,Bill Waiver,05-02-2026,SMS,Declined,Yes
RTC0002153,C0006509,Renewal Nudge,Free OTT 3 Months,13-02-2026,App,Accepted,Yes
RTC0002154,C0006511,Renewal Nudge,Plan Upgrade Offer,05-03-2026,SMS,No Response,Yes
RTC0002155,C0006516,Loyalty Save,Free OTT 3 Months,01-06-2025,Call,Declined,Yes
RTC0002156,C0006519,At-Risk Outreach,Cashback Voucher,24-03-2026,App,Accepted,Yes
RTC0002157,C0006523,At-Risk Outreach,Free OTT 3 Months,25-02-2025,Call,Declined,Yes
RTC0002158,C0006524,Win-Back Drive,Bill Waiver,07-04-2025,WhatsApp,Declined,Yes
RTC0002159,C0006526,Loyalty Save,Plan Upgrade Offer,07-04-2025,WhatsApp,Accepted,Yes
RTC0002160,C0006527,Renewal Nudge,Priority Support,22-05-2025,SMS,Accepted,No
RTC0002161,C0006535,Win-Back Drive,Priority Support,29-03-2026,Call,Declined,Yes
RTC0002162,C0006536,Value Retention,Plan Upgrade Offer,31-07-2025,WhatsApp,Declined,Yes
RTC0002163,C0006537,Renewal Nudge,Extra Data 50GB,07-08-2025,SMS,Accepted,Yes
RTC0002164,C0006539,Value Retention,Plan Upgrade Offer,09-04-2025,SMS,Declined,Yes
RTC0002165,C0006540,Loyalty Save,Extra Data 50GB,25-01-2026,Email,Accepted,Yes
RTC0002166,C0006541,Win-Back Drive,Priority Support,05-01-2025,App,Accepted,No
RTC0002167,C0006542,Loyalty Save,Bill Waiver,15-05-2025,App,Accepted,Yes
RTC0002168,C0006543,Value Retention,Free OTT 3 Months,22-03-2026,WhatsApp,Accepted,Yes
RTC0002169,C0006544,Win-Back Drive,Cashback Voucher,08-01-2026,Email,Declined,No
RTC0002170,C0006552,At-Risk Outreach,Free OTT 3 Months,04-07-2025,App,Accepted,Yes
RTC0002171,C0006553,Loyalty Save,Bill Waiver,15-01-2025,WhatsApp,Accepted,Yes
RTC0002172,C0006560,Win-Back Drive,Cashback Voucher,09-05-2025,Call,No Response,Yes
RTC0002173,C0006561,Value Retention,Free OTT 3 Months,21-12-2025,App,Accepted,Yes
RTC0002174,C0006566,Win-Back Drive,Annual Plan Discount,13-01-2026,Email,Accepted,Yes
RTC0002175,C0006567,Renewal Nudge,Priority Support,05-08-2025,Call,Declined,Yes
RTC0002176,C0006569,Loyalty Save,Priority Support,17-12-2025,Call,Declined,Yes
RTC0002177,C0006572,Loyalty Save,Extra Data 50GB,16-02-2026,SMS,Accepted,Yes
RTC0002178,C0006575,Win-Back Drive,Plan Upgrade Offer,27-02-2026,SMS,Declined,Yes
RTC0002179,C0006578,Value Retention,Annual Plan Discount,12-02-2026,App,Declined,Yes
RTC0002180,C0006581,At-Risk Outreach,Free OTT 3 Months,18-03-2025,App,Accepted,Yes
RTC0002181,C0006583,Value Retention,Extra Data 50GB,04-12-2025,App,Declined,No
RTC0002182,C0006584,Value Retention,Loyalty Discount 10%,25-01-2025,Call,No Response,No
RTC0002183,C0006585,Loyalty Save,Bill Waiver,18-06-2025,WhatsApp,Declined,Yes
RTC0002184,C0006586,Loyalty Save,Extra Data 50GB,14-12-2025,WhatsApp,Accepted,No
RTC0002185,C0006588,Loyalty Save,Annual Plan Discount,27-09-2025,SMS,No Response,No
RTC0002186,C0006590,Renewal Nudge,Cashback Voucher,31-10-2025,Email,No Response,No
RTC0002187,C0006592,Win-Back Drive,Plan Upgrade Offer,05-06-2025,WhatsApp,Declined,Yes
RTC0002188,C0006600,At-Risk Outreach,Extra Data 50GB,15-09-2025,WhatsApp,No Response,Yes
RTC0002189,C0006602,Win-Back Drive,Free OTT 3 Months,12-11-2025,SMS,Accepted,Yes
RTC0002190,C0006604,Renewal Nudge,Free OTT 3 Months,27-03-2026,Call,Accepted,Yes
RTC0002191,C0006608,Renewal Nudge,Priority Support,03-01-2025,App,No Response,Yes
RTC0002192,C0006609,Loyalty Save,Plan Upgrade Offer,17-10-2025,WhatsApp,Accepted,Yes
RTC0002193,C0006613,Win-Back Drive,Free OTT 3 Months,13-06-2025,Email,No Response,Yes
RTC0002194,C0006615,Loyalty Save,Annual Plan Discount,01-06-2025,Email,Declined,Yes
RTC0002195,C0006618,Win-Back Drive,Loyalty Discount 10%,29-12-2025,WhatsApp,Accepted,No
RTC0002196,C0006619,Renewal Nudge,Free OTT 3 Months,24-02-2026,App,Accepted,No
RTC0002197,C0006624,At-Risk Outreach,Priority Support,27-03-2025,Call,No Response,Yes
RTC0002198,C0006628,Value Retention,Cashback Voucher,10-01-2026,App,No Response,Yes
RTC0002199,C0006629,Win-Back Drive,Priority Support,01-03-2025,SMS,Declined,Yes
RTC0002200,C0006631,Win-Back Drive,Cashback Voucher,29-09-2025,Call,Declined,Yes
RTC0002201,C0006632,Win-Back Drive,Bill Waiver,10-11-2025,Call,No Response,Yes
RTC0002202,C0006634,At-Risk Outreach,Priority Support,28-11-2025,SMS,Accepted,Yes
RTC0002203,C0006636,Win-Back Drive,Bill Waiver,16-04-2025,App,Accepted,Yes
RTC0002204,C0006638,Renewal Nudge,Annual Plan Discount,24-05-2025,Call,Accepted,Yes
RTC0002205,C0006640,Loyalty Save,Priority Support,02-08-2025,Email,No Response,Yes
RTC0002206,C0006642,Value Retention,Extra Data 50GB,21-03-2025,Email,Declined,Yes
RTC0002207,C0006644,Win-Back Drive,Cashback Voucher,02-03-2025,Email,Declined,Yes
RTC0002208,C0006646,Value Retention,Bill Waiver,26-09-2025,Call,No Response,Yes
RTC0002209,C0006649,At-Risk Outreach,Annual Plan Discount,21-03-2026,App,Accepted,Yes
RTC0002210,C0006652,Value Retention,Cashback Voucher,03-05-2025,App,Accepted,Yes
RTC0002211,C0006659,Loyalty Save,Plan Upgrade Offer,01-04-2025,WhatsApp,No Response,No
RTC0002212,C0006660,Value Retention,Bill Waiver,15-06-2025,Email,Accepted,No
RTC0002213,C0006662,Value Retention,Plan Upgrade Offer,12-07-2025,Email,Accepted,No
RTC0002214,C0006663,Loyalty Save,Free OTT 3 Months,01-11-2025,App,Accepted,Yes
RTC0002215,C0006664,Loyalty Save,Bill Waiver,11-04-2025,Email,Accepted,Yes
RTC0002216,C0006669,At-Risk Outreach,Free OTT 3 Months,03-03-2026,WhatsApp,Declined,Yes
RTC0002217,C0006670,Loyalty Save,Priority Support,06-02-2026,Call,Accepted,No
RTC0002218,C0006671,At-Risk Outreach,Plan Upgrade Offer,15-02-2025,Call,Declined,Yes
RTC0002219,C0006673,At-Risk Outreach,Loyalty Discount 10%,21-01-2025,WhatsApp,Declined,No
RTC0002220,C0006674,At-Risk Outreach,Free OTT 3 Months,11-03-2025,Call,No Response,Yes
RTC0002221,C0006676,Win-Back Drive,Annual Plan Discount,24-08-2025,Email,Accepted,Yes
RTC0002222,C0006677,Loyalty Save,Extra Data 50GB,02-03-2026,WhatsApp,Accepted,Yes
RTC0002223,C0006681,Value Retention,Extra Data 50GB,24-02-2025,SMS,No Response,Yes
RTC0002224,C0006685,Value Retention,Priority Support,16-09-2025,Call,Accepted,Yes
RTC0002225,C0006686,Win-Back Drive,Cashback Voucher,15-09-2025,WhatsApp,No Response,Yes
RTC0002226,C0006690,Loyalty Save,Cashback Voucher,09-07-2025,Call,Declined,Yes
RTC0002227,C0006695,At-Risk Outreach,Free OTT 3 Months,02-05-2025,Call,Accepted,Yes
RTC0002228,C0006698,Value Retention,Priority Support,10-06-2025,WhatsApp,Accepted,Yes
RTC0002229,C0006700,Win-Back Drive,Cashback Voucher,17-01-2025,Call,Declined,Yes
RTC0002230,C0006703,Renewal Nudge,Loyalty Discount 10%,25-01-2025,WhatsApp,Accepted,Yes
RTC0002231,C0006708,Value Retention,Plan Upgrade Offer,13-09-2025,Email,Declined,Yes
RTC0002232,C0006710,Loyalty Save,Bill Waiver,12-08-2025,WhatsApp,Accepted,Yes
RTC0002233,C0006715,Loyalty Save,Priority Support,06-06-2025,SMS,Declined,Yes
RTC0002234,C0006721,Win-Back Drive,Loyalty Discount 10%,14-03-2025,WhatsApp,No Response,Yes
RTC0002235,C0006728,Win-Back Drive,Priority Support,16-02-2025,Call,No Response,Yes
RTC0002236,C0006730,Loyalty Save,Annual Plan Discount,20-11-2025,SMS,Accepted,Yes
RTC0002237,C0006736,Win-Back Drive,Annual Plan Discount,07-07-2025,Call,Declined,Yes
RTC0002238,C0006740,At-Risk Outreach,Plan Upgrade Offer,10-05-2025,App,No Response,Yes
RTC0002239,C0006744,Loyalty Save,Loyalty Discount 10%,24-06-2025,App,No Response,Yes
RTC0002240,C0006745,Renewal Nudge,Cashback Voucher,23-07-2025,Call,Declined,No
RTC0002241,C0006746,Renewal Nudge,Bill Waiver,03-02-2026,Email,Declined,Yes
RTC0002242,C0006748,Win-Back Drive,Priority Support,17-11-2025,Email,Accepted,Yes
RTC0002243,C0006752,Loyalty Save,Extra Data 50GB,14-07-2025,App,Accepted,Yes
RTC0002244,C0006753,Value Retention,Free OTT 3 Months,14-02-2026,Call,Declined,Yes
RTC0002245,C0006755,Win-Back Drive,Free OTT 3 Months,22-08-2025,App,Declined,Yes
RTC0002246,C0006756,At-Risk Outreach,Extra Data 50GB,07-08-2025,SMS,No Response,No
RTC0002247,C0006757,At-Risk Outreach,Priority Support,11-01-2026,Email,Declined,Yes
RTC0002248,C0006764,Value Retention,Bill Waiver,26-12-2025,App,Declined,Yes
RTC0002249,C0006765,Value Retention,Priority Support,15-12-2025,Call,Declined,Yes
RTC0002250,C0006769,Renewal Nudge,Annual Plan Discount,10-09-2025,SMS,Accepted,Yes
RTC0002251,C0006773,Win-Back Drive,Plan Upgrade Offer,17-06-2025,Call,Accepted,Yes
RTC0002252,C0006776,Value Retention,Annual Plan Discount,20-01-2026,WhatsApp,Accepted,Yes
RTC0002253,C0006777,Win-Back Drive,Free OTT 3 Months,23-02-2026,Email,Accepted,Yes
RTC0002254,C0006778,Value Retention,Extra Data 50GB,09-09-2025,Call,Declined,Yes
RTC0002255,C0006780,Renewal Nudge,Priority Support,19-08-2025,SMS,Accepted,Yes
RTC0002256,C0006793,Win-Back Drive,Plan Upgrade Offer,05-05-2025,Call,Accepted,Yes
RTC0002257,C0006794,Value Retention,Cashback Voucher,20-02-2026,Email,Accepted,Yes
RTC0002258,C0006799,At-Risk Outreach,Extra Data 50GB,13-02-2025,App,No Response,Yes
RTC0002259,C0006801,Win-Back Drive,Priority Support,21-02-2025,WhatsApp,Declined,No
RTC0002260,C0006803,At-Risk Outreach,Annual Plan Discount,21-02-2026,Email,Accepted,Yes
RTC0002261,C0006804,Win-Back Drive,Cashback Voucher,15-01-2025,SMS,Accepted,No
RTC0002262,C0006805,Renewal Nudge,Extra Data 50GB,01-01-2025,App,Accepted,No
RTC0002263,C0006806,Win-Back Drive,Annual Plan Discount,11-01-2025,SMS,Declined,No
RTC0002264,C0006808,At-Risk Outreach,Annual Plan Discount,05-02-2026,SMS,Declined,No
RTC0002265,C0006810,Value Retention,Bill Waiver,25-02-2026,Call,Accepted,No
RTC0002266,C0006811,Win-Back Drive,Annual Plan Discount,02-06-2025,App,Accepted,Yes
RTC0002267,C0006812,Renewal Nudge,Annual Plan Discount,20-01-2025,Call,Declined,Yes
RTC0002268,C0006815,Win-Back Drive,Cashback Voucher,16-05-2025,App,Accepted,Yes
RTC0002269,C0006818,Win-Back Drive,Loyalty Discount 10%,15-03-2026,WhatsApp,Declined,Yes
RTC0002270,C0006819,Win-Back Drive,Extra Data 50GB,17-02-2025,WhatsApp,Accepted,Yes
RTC0002271,C0006821,Loyalty Save,Cashback Voucher,09-11-2025,SMS,Accepted,Yes
RTC0002272,C0006828,Value Retention,Bill Waiver,21-03-2026,Call,Accepted,Yes
RTC0002273,C0006829,Value Retention,Free OTT 3 Months,16-06-2025,App,Accepted,Yes
RTC0002274,C0006831,At-Risk Outreach,Cashback Voucher,17-11-2025,WhatsApp,No Response,Yes
RTC0002275,C0006832,Win-Back Drive,Extra Data 50GB,01-12-2025,Call,No Response,Yes
RTC0002276,C0006838,Renewal Nudge,Plan Upgrade Offer,18-01-2025,SMS,Accepted,Yes
RTC0002277,C0006839,At-Risk Outreach,Priority Support,13-01-2025,SMS,No Response,Yes
RTC0002278,C0006840,Renewal Nudge,Extra Data 50GB,19-04-2025,App,Declined,Yes
RTC0002279,C0006849,Renewal Nudge,Plan Upgrade Offer,08-08-2025,WhatsApp,Accepted,Yes
RTC0002280,C0006851,Loyalty Save,Extra Data 50GB,14-07-2025,WhatsApp,Accepted,Yes
RTC0002281,C0006854,Win-Back Drive,Free OTT 3 Months,22-08-2025,SMS,Declined,Yes
RTC0002282,C0006856,Loyalty Save,Plan Upgrade Offer,15-03-2026,Call,Declined,Yes
RTC0002283,C0006857,Value Retention,Priority Support,13-01-2026,App,No Response,Yes
RTC0002284,C0006864,Value Retention,Cashback Voucher,06-03-2025,WhatsApp,No Response,Yes
RTC0002285,C0006865,Value Retention,Bill Waiver,03-03-2025,Email,Accepted,Yes
RTC0002286,C0006867,Renewal Nudge,Bill Waiver,06-02-2025,Call,Accepted,Yes
RTC0002287,C0006870,Value Retention,Priority Support,22-03-2025,App,No Response,Yes
RTC0002288,C0006871,Win-Back Drive,Bill Waiver,28-02-2025,WhatsApp,Accepted,Yes
RTC0002289,C0006872,Value Retention,Bill Waiver,03-01-2026,Email,Declined,Yes
RTC0002290,C0006873,At-Risk Outreach,Extra Data 50GB,17-02-2025,Call,No Response,Yes
RTC0002291,C0006882,Value Retention,Plan Upgrade Offer,30-05-2025,SMS,Declined,Yes
RTC0002292,C0006884,At-Risk Outreach,Loyalty Discount 10%,09-02-2025,WhatsApp,Declined,No
RTC0002293,C0006887,Win-Back Drive,Bill Waiver,24-03-2025,Call,No Response,Yes
RTC0002294,C0006888,Renewal Nudge,Plan Upgrade Offer,16-08-2025,App,Accepted,Yes
RTC0002295,C0006889,Renewal Nudge,Bill Waiver,11-02-2026,SMS,Accepted,Yes
RTC0002296,C0006891,Loyalty Save,Priority Support,05-02-2025,App,Declined,Yes
RTC0002297,C0006893,Value Retention,Free OTT 3 Months,16-04-2025,WhatsApp,Declined,Yes
RTC0002298,C0006896,Loyalty Save,Annual Plan Discount,16-07-2025,SMS,No Response,No
RTC0002299,C0006897,Win-Back Drive,Cashback Voucher,05-08-2025,App,Accepted,Yes
RTC0002300,C0006898,Win-Back Drive,Loyalty Discount 10%,15-01-2025,SMS,Accepted,Yes
RTC0002301,C0006911,Loyalty Save,Bill Waiver,11-03-2025,App,Declined,Yes
RTC0002302,C0006916,Renewal Nudge,Annual Plan Discount,25-02-2025,Email,Accepted,Yes
RTC0002303,C0006922,Value Retention,Extra Data 50GB,05-03-2026,Call,Accepted,Yes
RTC0002304,C0006923,Loyalty Save,Free OTT 3 Months,08-04-2025,App,Accepted,Yes
RTC0002305,C0006924,At-Risk Outreach,Plan Upgrade Offer,19-11-2025,App,Accepted,No
RTC0002306,C0006927,Loyalty Save,Bill Waiver,12-04-2025,WhatsApp,Declined,Yes
RTC0002307,C0006928,Loyalty Save,Cashback Voucher,08-03-2025,Email,Accepted,Yes
RTC0002308,C0006929,At-Risk Outreach,Loyalty Discount 10%,13-10-2025,SMS,Accepted,Yes
RTC0002309,C0006931,Loyalty Save,Loyalty Discount 10%,14-10-2025,SMS,Declined,Yes
RTC0002310,C0006932,Value Retention,Bill Waiver,15-06-2025,Call,Accepted,No
RTC0002311,C0006933,Win-Back Drive,Plan Upgrade Offer,20-05-2025,WhatsApp,Accepted,Yes
RTC0002312,C0006940,At-Risk Outreach,Annual Plan Discount,03-10-2025,SMS,Accepted,Yes
RTC0002313,C0006941,Renewal Nudge,Cashback Voucher,25-07-2025,Email,Accepted,Yes
RTC0002314,C0006943,Value Retention,Annual Plan Discount,27-07-2025,App,No Response,Yes
RTC0002315,C0006944,Value Retention,Plan Upgrade Offer,02-12-2025,App,Accepted,Yes
RTC0002316,C0006947,Loyalty Save,Priority Support,10-05-2025,Email,No Response,No
RTC0002317,C0006949,Value Retention,Priority Support,11-02-2026,App,Accepted,Yes
RTC0002318,C0006951,Value Retention,Plan Upgrade Offer,12-03-2026,WhatsApp,Accepted,Yes
RTC0002319,C0006953,At-Risk Outreach,Annual Plan Discount,27-11-2025,WhatsApp,No Response,Yes
RTC0002320,C0006959,Loyalty Save,Plan Upgrade Offer,19-03-2026,Call,No Response,Yes
RTC0002321,C0006960,At-Risk Outreach,Cashback Voucher,25-04-2025,Email,No Response,Yes
RTC0002322,C0006961,Renewal Nudge,Loyalty Discount 10%,03-10-2025,Email,Declined,No
RTC0002323,C0006963,Renewal Nudge,Annual Plan Discount,17-04-2025,Email,Accepted,Yes
RTC0002324,C0006964,Loyalty Save,Cashback Voucher,17-10-2025,App,Accepted,Yes
RTC0002325,C0006971,At-Risk Outreach,Annual Plan Discount,12-08-2025,WhatsApp,Accepted,Yes
RTC0002326,C0006972,At-Risk Outreach,Free OTT 3 Months,14-06-2025,Call,Accepted,Yes
RTC0002327,C0006973,Win-Back Drive,Free OTT 3 Months,28-07-2025,WhatsApp,Declined,Yes
RTC0002328,C0006974,Loyalty Save,Bill Waiver,20-12-2025,Call,Declined,Yes
RTC0002329,C0006976,At-Risk Outreach,Plan Upgrade Offer,01-06-2025,App,Accepted,Yes
RTC0002330,C0006977,At-Risk Outreach,Free OTT 3 Months,20-07-2025,App,No Response,No
RTC0002331,C0006989,Loyalty Save,Bill Waiver,27-10-2025,Call,Accepted,Yes
RTC0002332,C0006995,Win-Back Drive,Cashback Voucher,23-02-2025,SMS,No Response,No
RTC0002333,C0006999,Value Retention,Loyalty Discount 10%,05-03-2025,App,Accepted,Yes
RTC0002334,C0007002,Renewal Nudge,Cashback Voucher,01-10-2025,Email,Declined,No
RTC0002335,C0007003,Value Retention,Free OTT 3 Months,23-10-2025,Call,Accepted,Yes
RTC0002336,C0007016,Value Retention,Plan Upgrade Offer,03-02-2026,Call,Declined,Yes
RTC0002337,C0007017,Value Retention,Bill Waiver,07-12-2025,SMS,Declined,Yes
RTC0002338,C0007018,Renewal Nudge,Annual Plan Discount,31-05-2025,SMS,Accepted,Yes
RTC0002339,C0007022,Win-Back Drive,Loyalty Discount 10%,14-01-2026,WhatsApp,No Response,Yes
RTC0002340,C0007025,Loyalty Save,Priority Support,11-03-2026,App,No Response,No
RTC0002341,C0007027,Win-Back Drive,Priority Support,13-06-2025,SMS,Accepted,Yes
RTC0002342,C0007035,Loyalty Save,Loyalty Discount 10%,19-11-2025,Email,Accepted,Yes
RTC0002343,C0007038,Loyalty Save,Cashback Voucher,30-11-2025,SMS,Accepted,Yes
RTC0002344,C0007039,Value Retention,Loyalty Discount 10%,03-07-2025,App,Accepted,Yes
RTC0002345,C0007051,Renewal Nudge,Priority Support,23-07-2025,WhatsApp,Declined,Yes
RTC0002346,C0007060,Renewal Nudge,Priority Support,23-03-2026,Email,Accepted,Yes
RTC0002347,C0007061,Renewal Nudge,Plan Upgrade Offer,25-10-2025,App,Accepted,Yes
RTC0002348,C0007065,At-Risk Outreach,Extra Data 50GB,02-01-2026,Email,Accepted,Yes
RTC0002349,C0007070,At-Risk Outreach,Extra Data 50GB,05-05-2025,App,Declined,Yes
RTC0002350,C0007081,Win-Back Drive,Loyalty Discount 10%,24-01-2026,WhatsApp,Accepted,Yes
RTC0002351,C0007082,At-Risk Outreach,Annual Plan Discount,23-03-2025,Call,Declined,Yes
RTC0002352,C0007083,Renewal Nudge,Cashback Voucher,18-11-2025,WhatsApp,No Response,Yes
RTC0002353,C0007084,At-Risk Outreach,Bill Waiver,03-09-2025,Email,No Response,Yes
RTC0002354,C0007087,At-Risk Outreach,Cashback Voucher,20-01-2025,Call,No Response,Yes
RTC0002355,C0007088,At-Risk Outreach,Plan Upgrade Offer,17-02-2025,SMS,Accepted,Yes
RTC0002356,C0007095,Win-Back Drive,Priority Support,22-09-2025,Email,Accepted,Yes
RTC0002357,C0007097,Loyalty Save,Priority Support,28-01-2025,Call,Accepted,Yes
RTC0002358,C0007098,At-Risk Outreach,Cashback Voucher,03-01-2026,Call,Declined,Yes
RTC0002359,C0007099,At-Risk Outreach,Loyalty Discount 10%,03-05-2025,SMS,No Response,Yes
RTC0002360,C0007101,Loyalty Save,Priority Support,27-01-2026,Email,No Response,Yes
RTC0002361,C0007106,Loyalty Save,Bill Waiver,13-10-2025,Email,No Response,Yes
RTC0002362,C0007108,Loyalty Save,Loyalty Discount 10%,11-11-2025,Call,Declined,No
RTC0002363,C0007110,Loyalty Save,Extra Data 50GB,26-02-2025,Email,No Response,No
RTC0002364,C0007114,Win-Back Drive,Free OTT 3 Months,03-03-2025,SMS,Declined,Yes
RTC0002365,C0007116,At-Risk Outreach,Cashback Voucher,12-11-2025,App,No Response,Yes
RTC0002366,C0007117,Value Retention,Priority Support,11-01-2026,WhatsApp,No Response,Yes
RTC0002367,C0007126,At-Risk Outreach,Cashback Voucher,30-03-2026,App,Accepted,Yes
RTC0002368,C0007128,Renewal Nudge,Extra Data 50GB,10-08-2025,App,Accepted,Yes
RTC0002369,C0007129,Renewal Nudge,Bill Waiver,09-08-2025,App,Declined,Yes
RTC0002370,C0007130,At-Risk Outreach,Extra Data 50GB,28-04-2025,SMS,Accepted,Yes
RTC0002371,C0007132,Value Retention,Priority Support,13-03-2026,Call,No Response,Yes
RTC0002372,C0007135,Renewal Nudge,Free OTT 3 Months,16-04-2025,Call,Accepted,Yes
RTC0002373,C0007137,Renewal Nudge,Free OTT 3 Months,30-09-2025,App,Accepted,Yes
RTC0002374,C0007139,Loyalty Save,Annual Plan Discount,25-09-2025,SMS,No Response,Yes
RTC0002375,C0007141,At-Risk Outreach,Extra Data 50GB,20-03-2026,SMS,Declined,Yes
RTC0002376,C0007144,Win-Back Drive,Loyalty Discount 10%,09-01-2025,Email,Accepted,Yes
RTC0002377,C0007145,Renewal Nudge,Free OTT 3 Months,29-01-2026,SMS,Declined,No
RTC0002378,C0007146,At-Risk Outreach,Annual Plan Discount,30-03-2025,Email,Accepted,Yes
RTC0002379,C0007149,Loyalty Save,Priority Support,30-01-2026,Email,Declined,No
RTC0002380,C0007152,Win-Back Drive,Plan Upgrade Offer,07-08-2025,App,Declined,Yes
RTC0002381,C0007156,At-Risk Outreach,Bill Waiver,13-10-2025,SMS,Accepted,No
RTC0002382,C0007162,Value Retention,Loyalty Discount 10%,14-02-2026,App,Accepted,Yes
RTC0002383,C0007170,At-Risk Outreach,Loyalty Discount 10%,28-07-2025,WhatsApp,Declined,Yes
RTC0002384,C0007171,At-Risk Outreach,Free OTT 3 Months,16-01-2026,WhatsApp,No Response,Yes
RTC0002385,C0007174,At-Risk Outreach,Cashback Voucher,21-01-2025,Call,Accepted,Yes
RTC0002386,C0007180,Value Retention,Plan Upgrade Offer,18-07-2025,SMS,No Response,Yes
RTC0002387,C0007183,Renewal Nudge,Annual Plan Discount,23-09-2025,Email,No Response,Yes
RTC0002388,C0007185,At-Risk Outreach,Bill Waiver,04-11-2025,Call,Accepted,Yes
RTC0002389,C0007190,At-Risk Outreach,Extra Data 50GB,04-04-2025,App,Declined,Yes
RTC0002390,C0007192,At-Risk Outreach,Plan Upgrade Offer,25-01-2026,SMS,Accepted,Yes
RTC0002391,C0007193,Loyalty Save,Cashback Voucher,16-03-2025,WhatsApp,Accepted,Yes
RTC0002392,C0007195,Win-Back Drive,Plan Upgrade Offer,05-08-2025,WhatsApp,Declined,Yes
RTC0002393,C0007197,Win-Back Drive,Priority Support,31-01-2026,SMS,Accepted,Yes
RTC0002394,C0007200,Renewal Nudge,Priority Support,10-01-2026,Call,Accepted,Yes
RTC0002395,C0007201,Value Retention,Plan Upgrade Offer,08-01-2025,Call,Accepted,Yes
RTC0002396,C0007203,At-Risk Outreach,Loyalty Discount 10%,30-03-2026,SMS,Accepted,Yes
RTC0002397,C0007205,Win-Back Drive,Plan Upgrade Offer,25-02-2026,Email,Accepted,Yes
RTC0002398,C0007209,Win-Back Drive,Cashback Voucher,27-02-2025,Call,Accepted,Yes
RTC0002399,C0007211,Win-Back Drive,Free OTT 3 Months,08-03-2026,WhatsApp,Accepted,Yes
RTC0002400,C0007212,At-Risk Outreach,Bill Waiver,09-11-2025,SMS,Declined,No
RTC0002401,C0007225,Renewal Nudge,Priority Support,31-03-2025,Email,Declined,Yes
RTC0002402,C0007226,Value Retention,Annual Plan Discount,18-06-2025,Call,Accepted,No
RTC0002403,C0007227,Loyalty Save,Loyalty Discount 10%,02-10-2025,App,Declined,Yes
RTC0002404,C0007228,Loyalty Save,Extra Data 50GB,10-07-2025,SMS,No Response,No
RTC0002405,C0007231,At-Risk Outreach,Plan Upgrade Offer,07-04-2025,Email,Accepted,Yes
RTC0002406,C0007232,Renewal Nudge,Priority Support,10-05-2025,App,Accepted,No
RTC0002407,C0007237,Value Retention,Priority Support,22-02-2025,SMS,Declined,No
RTC0002408,C0007244,Renewal Nudge,Cashback Voucher,13-06-2025,Email,Accepted,Yes
RTC0002409,C0007245,At-Risk Outreach,Bill Waiver,25-11-2025,Email,No Response,Yes
RTC0002410,C0007249,Renewal Nudge,Loyalty Discount 10%,04-05-2025,WhatsApp,Accepted,Yes
RTC0002411,C0007255,At-Risk Outreach,Annual Plan Discount,22-03-2025,Call,Accepted,Yes
RTC0002412,C0007257,Win-Back Drive,Cashback Voucher,09-08-2025,Email,Declined,Yes
RTC0002413,C0007258,Loyalty Save,Bill Waiver,10-04-2025,SMS,Declined,Yes
RTC0002414,C0007265,Win-Back Drive,Priority Support,23-10-2025,Call,No Response,No
RTC0002415,C0007268,Value Retention,Bill Waiver,17-02-2026,SMS,Accepted,Yes
RTC0002416,C0007270,Renewal Nudge,Extra Data 50GB,14-05-2025,Email,Accepted,Yes
RTC0002417,C0007275,Loyalty Save,Plan Upgrade Offer,12-08-2025,Email,Accepted,No
RTC0002418,C0007277,Renewal Nudge,Priority Support,13-02-2026,WhatsApp,Declined,Yes
RTC0002419,C0007279,At-Risk Outreach,Plan Upgrade Offer,04-08-2025,Email,Declined,Yes
RTC0002420,C0007280,At-Risk Outreach,Loyalty Discount 10%,04-06-2025,SMS,Accepted,Yes
RTC0002421,C0007281,Renewal Nudge,Plan Upgrade Offer,16-06-2025,WhatsApp,Accepted,Yes
RTC0002422,C0007282,At-Risk Outreach,Plan Upgrade Offer,04-08-2025,SMS,Accepted,Yes
RTC0002423,C0007284,Win-Back Drive,Extra Data 50GB,08-01-2026,Email,Accepted,Yes
RTC0002424,C0007285,Loyalty Save,Annual Plan Discount,28-03-2026,Call,Declined,No
RTC0002425,C0007287,Renewal Nudge,Annual Plan Discount,16-03-2026,App,Accepted,Yes
RTC0002426,C0007290,At-Risk Outreach,Bill Waiver,28-11-2025,SMS,Declined,Yes
RTC0002427,C0007295,At-Risk Outreach,Extra Data 50GB,04-10-2025,WhatsApp,No Response,Yes
RTC0002428,C0007299,Value Retention,Annual Plan Discount,29-11-2025,App,Declined,Yes
RTC0002429,C0007300,Loyalty Save,Annual Plan Discount,10-02-2026,Email,Accepted,Yes
RTC0002430,C0007301,Value Retention,Plan Upgrade Offer,26-04-2025,WhatsApp,Declined,Yes
RTC0002431,C0007302,Value Retention,Priority Support,09-06-2025,App,No Response,Yes
RTC0002432,C0007305,At-Risk Outreach,Plan Upgrade Offer,24-05-2025,SMS,Accepted,Yes
RTC0002433,C0007306,Win-Back Drive,Free OTT 3 Months,17-02-2026,WhatsApp,No Response,Yes
RTC0002434,C0007309,At-Risk Outreach,Annual Plan Discount,08-01-2025,SMS,Accepted,Yes
RTC0002435,C0007314,Renewal Nudge,Extra Data 50GB,20-01-2026,App,Accepted,Yes
RTC0002436,C0007318,Loyalty Save,Bill Waiver,12-08-2025,SMS,Declined,Yes
RTC0002437,C0007320,Win-Back Drive,Cashback Voucher,09-01-2026,SMS,Declined,Yes
RTC0002438,C0007321,Win-Back Drive,Loyalty Discount 10%,22-08-2025,Email,Accepted,Yes
RTC0002439,C0007324,Renewal Nudge,Extra Data 50GB,01-04-2025,WhatsApp,Accepted,Yes
RTC0002440,C0007326,Value Retention,Plan Upgrade Offer,28-02-2026,App,No Response,Yes
RTC0002441,C0007328,At-Risk Outreach,Plan Upgrade Offer,15-07-2025,App,Declined,No
RTC0002442,C0007329,Loyalty Save,Plan Upgrade Offer,21-06-2025,Call,Accepted,No
RTC0002443,C0007330,Loyalty Save,Loyalty Discount 10%,12-08-2025,Email,Declined,No
RTC0002444,C0007333,Renewal Nudge,Bill Waiver,05-05-2025,SMS,Declined,Yes
RTC0002445,C0007334,Renewal Nudge,Plan Upgrade Offer,25-04-2025,Call,No Response,Yes
RTC0002446,C0007335,Renewal Nudge,Extra Data 50GB,03-05-2025,WhatsApp,No Response,No
RTC0002447,C0007336,Renewal Nudge,Loyalty Discount 10%,17-08-2025,App,Accepted,Yes
RTC0002448,C0007337,Value Retention,Extra Data 50GB,24-08-2025,App,Declined,Yes
RTC0002449,C0007340,Win-Back Drive,Priority Support,22-11-2025,WhatsApp,Declined,Yes
RTC0002450,C0007348,Win-Back Drive,Annual Plan Discount,23-09-2025,WhatsApp,Accepted,Yes
RTC0002451,C0007351,Loyalty Save,Extra Data 50GB,05-09-2025,Email,Accepted,Yes
RTC0002452,C0007353,Loyalty Save,Loyalty Discount 10%,26-02-2025,WhatsApp,Accepted,Yes
RTC0002453,C0007355,Value Retention,Cashback Voucher,12-10-2025,SMS,Accepted,Yes
RTC0002454,C0007358,Win-Back Drive,Plan Upgrade Offer,08-03-2025,App,Declined,Yes
RTC0002455,C0007362,Value Retention,Cashback Voucher,16-08-2025,Email,No Response,Yes
RTC0002456,C0007365,Value Retention,Extra Data 50GB,05-11-2025,App,Accepted,Yes
RTC0002457,C0007366,Loyalty Save,Loyalty Discount 10%,20-03-2025,Email,No Response,Yes
RTC0002458,C0007370,At-Risk Outreach,Plan Upgrade Offer,17-11-2025,App,Accepted,Yes
RTC0002459,C0007375,Renewal Nudge,Priority Support,23-10-2025,Call,Declined,Yes
RTC0002460,C0007376,Renewal Nudge,Annual Plan Discount,18-02-2026,SMS,Declined,No
RTC0002461,C0007377,At-Risk Outreach,Plan Upgrade Offer,13-06-2025,WhatsApp,Accepted,Yes
RTC0002462,C0007378,Win-Back Drive,Cashback Voucher,20-04-2025,App,Declined,No
RTC0002463,C0007379,Win-Back Drive,Loyalty Discount 10%,19-11-2025,WhatsApp,Accepted,No
RTC0002464,C0007380,Loyalty Save,Annual Plan Discount,29-06-2025,Email,Accepted,Yes
RTC0002465,C0007381,Loyalty Save,Priority Support,27-06-2025,App,Accepted,Yes
RTC0002466,C0007382,Renewal Nudge,Plan Upgrade Offer,05-03-2026,App,Accepted,Yes
RTC0002467,C0007385,Loyalty Save,Bill Waiver,17-01-2025,App,No Response,Yes
RTC0002468,C0007387,Renewal Nudge,Extra Data 50GB,24-03-2026,SMS,Accepted,Yes
RTC0002469,C0007388,At-Risk Outreach,Loyalty Discount 10%,16-11-2025,Email,No Response,Yes
RTC0002470,C0007397,At-Risk Outreach,Bill Waiver,30-08-2025,Call,Accepted,Yes
RTC0002471,C0007401,Value Retention,Cashback Voucher,23-01-2025,Call,No Response,No
RTC0002472,C0007404,Win-Back Drive,Annual Plan Discount,07-03-2026,Call,No Response,Yes
RTC0002473,C0007405,Loyalty Save,Extra Data 50GB,20-01-2026,Email,Declined,No
RTC0002474,C0007408,Value Retention,Plan Upgrade Offer,18-02-2025,Call,No Response,Yes
RTC0002475,C0007409,Renewal Nudge,Priority Support,24-08-2025,SMS,Accepted,Yes
RTC0002476,C0007411,Value Retention,Annual Plan Discount,15-07-2025,Email,Accepted,Yes
RTC0002477,C0007420,Loyalty Save,Free OTT 3 Months,06-07-2025,Email,Accepted,Yes
RTC0002478,C0007422,Renewal Nudge,Extra Data 50GB,09-04-2025,WhatsApp,Accepted,Yes
RTC0002479,C0007423,Renewal Nudge,Loyalty Discount 10%,22-10-2025,SMS,Accepted,Yes
RTC0002480,C0007424,Win-Back Drive,Annual Plan Discount,24-04-2025,SMS,No Response,Yes
RTC0002481,C0007425,Loyalty Save,Plan Upgrade Offer,09-03-2025,SMS,No Response,Yes
RTC0002482,C0007432,Win-Back Drive,Plan Upgrade Offer,02-10-2025,App,Accepted,No
RTC0002483,C0007433,Renewal Nudge,Annual Plan Discount,10-11-2025,Email,Accepted,Yes
RTC0002484,C0007437,Win-Back Drive,Plan Upgrade Offer,12-12-2025,WhatsApp,Accepted,Yes
RTC0002485,C0007439,Value Retention,Plan Upgrade Offer,30-12-2025,WhatsApp,No Response,Yes
RTC0002486,C0007440,Win-Back Drive,Free OTT 3 Months,02-09-2025,WhatsApp,Accepted,Yes
RTC0002487,C0007447,At-Risk Outreach,Free OTT 3 Months,08-12-2025,Call,Declined,Yes
RTC0002488,C0007448,Value Retention,Plan Upgrade Offer,21-09-2025,WhatsApp,Declined,Yes
RTC0002489,C0007450,Value Retention,Extra Data 50GB,17-03-2026,Email,Declined,Yes
RTC0002490,C0007451,Value Retention,Annual Plan Discount,27-11-2025,SMS,Declined,No
RTC0002491,C0007458,At-Risk Outreach,Extra Data 50GB,02-03-2025,Call,Accepted,Yes
RTC0002492,C0007459,Loyalty Save,Loyalty Discount 10%,04-01-2025,Call,No Response,No
RTC0002493,C0007461,Loyalty Save,Extra Data 50GB,29-03-2026,Call,Accepted,Yes
RTC0002494,C0007468,At-Risk Outreach,Annual Plan Discount,18-12-2025,Email,Accepted,Yes
RTC0002495,C0007473,Renewal Nudge,Extra Data 50GB,03-04-2025,WhatsApp,Accepted,Yes
RTC0002496,C0007477,At-Risk Outreach,Plan Upgrade Offer,12-02-2026,App,Declined,Yes
RTC0002497,C0007478,Win-Back Drive,Annual Plan Discount,16-03-2025,Call,Declined,No
RTC0002498,C0007480,Loyalty Save,Free OTT 3 Months,23-05-2025,WhatsApp,No Response,No
RTC0002499,C0007481,Win-Back Drive,Priority Support,26-12-2025,Email,No Response,Yes
RTC0002500,C0007483,At-Risk Outreach,Extra Data 50GB,20-01-2026,SMS,No Response,No
RTC0002501,C0007485,Loyalty Save,Priority Support,01-10-2025,Email,Accepted,Yes
RTC0002502,C0007486,At-Risk Outreach,Annual Plan Discount,28-04-2025,Email,Accepted,Yes
RTC0002503,C0007488,Value Retention,Cashback Voucher,17-02-2025,Email,Accepted,Yes
RTC0002504,C0007489,Win-Back Drive,Extra Data 50GB,14-09-2025,Call,Accepted,Yes
RTC0002505,C0007490,Loyalty Save,Bill Waiver,30-10-2025,SMS,No Response,Yes
RTC0002506,C0007493,Renewal Nudge,Annual Plan Discount,23-08-2025,SMS,No Response,Yes
RTC0002507,C0007495,Value Retention,Extra Data 50GB,23-11-2025,WhatsApp,No Response,Yes
RTC0002508,C0007496,Win-Back Drive,Cashback Voucher,11-07-2025,Call,Declined,Yes
RTC0002509,C0007500,Win-Back Drive,Cashback Voucher,17-03-2026,SMS,No Response,No
RTC0002510,C0007503,Loyalty Save,Cashback Voucher,28-08-2025,App,Declined,Yes
RTC0002511,C0007505,Win-Back Drive,Annual Plan Discount,10-03-2025,App,Declined,Yes
RTC0002512,C0007510,At-Risk Outreach,Priority Support,25-10-2025,Call,Declined,No
RTC0002513,C0007517,Renewal Nudge,Plan Upgrade Offer,27-01-2026,WhatsApp,Accepted,No
RTC0002514,C0007518,Renewal Nudge,Free OTT 3 Months,11-10-2025,Call,Accepted,Yes
RTC0002515,C0007521,Win-Back Drive,Cashback Voucher,31-01-2026,Call,Declined,Yes
RTC0002516,C0007524,Loyalty Save,Cashback Voucher,01-01-2025,App,No Response,Yes
RTC0002517,C0007525,Win-Back Drive,Bill Waiver,05-01-2025,SMS,No Response,No
RTC0002518,C0007526,Loyalty Save,Cashback Voucher,08-03-2026,Call,No Response,Yes
RTC0002519,C0007527,Loyalty Save,Loyalty Discount 10%,25-02-2025,Email,Declined,Yes
RTC0002520,C0007528,Renewal Nudge,Priority Support,18-05-2025,Email,No Response,No
RTC0002521,C0007529,At-Risk Outreach,Plan Upgrade Offer,14-10-2025,WhatsApp,Declined,Yes
RTC0002522,C0007536,At-Risk Outreach,Extra Data 50GB,24-10-2025,WhatsApp,Accepted,Yes
RTC0002523,C0007537,Value Retention,Loyalty Discount 10%,25-06-2025,Call,Declined,No
RTC0002524,C0007538,Value Retention,Plan Upgrade Offer,03-11-2025,SMS,No Response,Yes
RTC0002525,C0007540,At-Risk Outreach,Loyalty Discount 10%,14-08-2025,Call,Accepted,Yes
RTC0002526,C0007546,Renewal Nudge,Bill Waiver,06-09-2025,Call,Accepted,Yes
RTC0002527,C0007549,At-Risk Outreach,Free OTT 3 Months,27-08-2025,App,Accepted,No
RTC0002528,C0007551,Win-Back Drive,Extra Data 50GB,14-04-2025,WhatsApp,Accepted,Yes
RTC0002529,C0007555,Renewal Nudge,Bill Waiver,25-08-2025,Call,Declined,Yes
RTC0002530,C0007556,Renewal Nudge,Annual Plan Discount,01-02-2025,SMS,Accepted,Yes
RTC0002531,C0007565,Value Retention,Free OTT 3 Months,27-04-2025,Email,Accepted,Yes
RTC0002532,C0007566,Renewal Nudge,Bill Waiver,20-12-2025,Call,Accepted,Yes
RTC0002533,C0007569,Renewal Nudge,Extra Data 50GB,12-02-2025,WhatsApp,Accepted,Yes
RTC0002534,C0007572,Loyalty Save,Cashback Voucher,13-03-2026,Email,Accepted,Yes
RTC0002535,C0007573,Renewal Nudge,Bill Waiver,06-04-2025,WhatsApp,Declined,Yes
RTC0002536,C0007574,Renewal Nudge,Loyalty Discount 10%,24-02-2026,WhatsApp,Declined,Yes
RTC0002537,C0007581,At-Risk Outreach,Annual Plan Discount,15-11-2025,Call,No Response,Yes
RTC0002538,C0007582,Value Retention,Cashback Voucher,17-06-2025,WhatsApp,No Response,Yes
RTC0002539,C0007585,Renewal Nudge,Loyalty Discount 10%,04-09-2025,Call,Accepted,Yes
RTC0002540,C0007588,Loyalty Save,Priority Support,03-01-2026,Email,Accepted,Yes
RTC0002541,C0007590,Renewal Nudge,Free OTT 3 Months,09-01-2025,App,Declined,Yes
RTC0002542,C0007591,Value Retention,Bill Waiver,13-12-2025,WhatsApp,Declined,Yes
RTC0002543,C0007595,Value Retention,Extra Data 50GB,16-01-2025,Call,Declined,No
RTC0002544,C0007596,Renewal Nudge,Plan Upgrade Offer,16-02-2025,Email,No Response,No
RTC0002545,C0007600,Win-Back Drive,Plan Upgrade Offer,21-01-2026,WhatsApp,Accepted,Yes
RTC0002546,C0007602,At-Risk Outreach,Bill Waiver,01-12-2025,Call,No Response,Yes
RTC0002547,C0007603,At-Risk Outreach,Plan Upgrade Offer,30-09-2025,SMS,No Response,Yes
RTC0002548,C0007604,Renewal Nudge,Extra Data 50GB,30-10-2025,WhatsApp,No Response,Yes
RTC0002549,C0007607,At-Risk Outreach,Extra Data 50GB,21-03-2025,SMS,Accepted,No
RTC0002550,C0007609,Renewal Nudge,Free OTT 3 Months,10-04-2025,App,Accepted,Yes
RTC0002551,C0007612,At-Risk Outreach,Bill Waiver,25-03-2025,WhatsApp,Accepted,Yes
RTC0002552,C0007619,Loyalty Save,Cashback Voucher,23-12-2025,Call,Declined,Yes
RTC0002553,C0007621,At-Risk Outreach,Extra Data 50GB,16-09-2025,App,Accepted,Yes
RTC0002554,C0007633,Win-Back Drive,Bill Waiver,28-12-2025,SMS,No Response,Yes
RTC0002555,C0007637,Value Retention,Plan Upgrade Offer,02-09-2025,App,Accepted,Yes
RTC0002556,C0007638,Win-Back Drive,Annual Plan Discount,11-02-2026,Call,Declined,Yes
RTC0002557,C0007639,Value Retention,Bill Waiver,31-08-2025,WhatsApp,Accepted,Yes
RTC0002558,C0007640,Renewal Nudge,Free OTT 3 Months,12-03-2026,App,Accepted,Yes
RTC0002559,C0007642,Loyalty Save,Plan Upgrade Offer,15-07-2025,App,No Response,Yes
RTC0002560,C0007643,At-Risk Outreach,Loyalty Discount 10%,14-12-2025,Call,No Response,Yes
RTC0002561,C0007645,Renewal Nudge,Loyalty Discount 10%,04-10-2025,SMS,Declined,Yes
RTC0002562,C0007650,Loyalty Save,Plan Upgrade Offer,19-01-2025,Call,Declined,Yes
RTC0002563,C0007652,At-Risk Outreach,Annual Plan Discount,23-03-2026,SMS,No Response,Yes
RTC0002564,C0007653,At-Risk Outreach,Cashback Voucher,29-04-2025,Call,Accepted,Yes
RTC0002565,C0007654,Loyalty Save,Annual Plan Discount,18-07-2025,SMS,Accepted,Yes
RTC0002566,C0007655,Loyalty Save,Plan Upgrade Offer,02-12-2025,Call,Declined,Yes
RTC0002567,C0007656,Win-Back Drive,Plan Upgrade Offer,02-01-2026,Call,Declined,No
RTC0002568,C0007659,Renewal Nudge,Priority Support,27-10-2025,App,Declined,Yes
RTC0002569,C0007661,At-Risk Outreach,Cashback Voucher,26-01-2025,WhatsApp,Accepted,Yes
RTC0002570,C0007662,Loyalty Save,Free OTT 3 Months,05-06-2025,Call,Declined,Yes
RTC0002571,C0007663,Value Retention,Loyalty Discount 10%,02-02-2026,App,Accepted,Yes
RTC0002572,C0007665,Loyalty Save,Priority Support,24-09-2025,Email,Accepted,Yes
RTC0002573,C0007666,Win-Back Drive,Priority Support,19-02-2026,Call,Declined,Yes
RTC0002574,C0007669,Loyalty Save,Bill Waiver,16-01-2025,SMS,No Response,Yes
RTC0002575,C0007670,Win-Back Drive,Free OTT 3 Months,19-07-2025,Email,Accepted,No
RTC0002576,C0007677,Renewal Nudge,Bill Waiver,03-05-2025,App,Declined,Yes
RTC0002577,C0007679,Loyalty Save,Extra Data 50GB,11-01-2026,Email,No Response,Yes
RTC0002578,C0007681,Value Retention,Priority Support,02-07-2025,Email,Accepted,No
RTC0002579,C0007682,Value Retention,Annual Plan Discount,16-03-2025,Email,No Response,No
RTC0002580,C0007689,Win-Back Drive,Annual Plan Discount,05-06-2025,Call,Declined,Yes
RTC0002581,C0007697,At-Risk Outreach,Bill Waiver,30-09-2025,Call,Accepted,Yes
RTC0002582,C0007701,Loyalty Save,Bill Waiver,23-02-2025,SMS,Accepted,Yes
RTC0002583,C0007703,At-Risk Outreach,Annual Plan Discount,03-02-2025,SMS,Accepted,Yes
RTC0002584,C0007705,Renewal Nudge,Cashback Voucher,28-10-2025,WhatsApp,Declined,Yes
RTC0002585,C0007710,At-Risk Outreach,Priority Support,02-01-2026,Email,Accepted,Yes
RTC0002586,C0007712,Renewal Nudge,Bill Waiver,11-12-2025,SMS,No Response,No
RTC0002587,C0007715,Renewal Nudge,Plan Upgrade Offer,02-03-2025,App,Accepted,Yes
RTC0002588,C0007716,Renewal Nudge,Annual Plan Discount,17-07-2025,App,No Response,Yes
RTC0002589,C0007717,Renewal Nudge,Bill Waiver,22-11-2025,WhatsApp,Accepted,Yes
RTC0002590,C0007719,Loyalty Save,Free OTT 3 Months,10-09-2025,Email,Accepted,Yes
RTC0002591,C0007720,Value Retention,Priority Support,29-11-2025,App,Accepted,No
RTC0002592,C0007725,Loyalty Save,Bill Waiver,23-02-2025,Email,Accepted,Yes
RTC0002593,C0007727,Value Retention,Annual Plan Discount,19-11-2025,App,Accepted,No
RTC0002594,C0007730,Value Retention,Bill Waiver,08-11-2025,SMS,Accepted,Yes
RTC0002595,C0007734,Win-Back Drive,Extra Data 50GB,22-03-2026,Call,Accepted,No
RTC0002596,C0007745,Win-Back Drive,Extra Data 50GB,28-02-2026,Email,Declined,Yes
RTC0002597,C0007748,Value Retention,Cashback Voucher,09-03-2026,Email,Declined,No
RTC0002598,C0007749,Loyalty Save,Bill Waiver,02-12-2025,Email,Accepted,Yes
RTC0002599,C0007751,Win-Back Drive,Annual Plan Discount,18-12-2025,App,Declined,No
RTC0002600,C0007753,At-Risk Outreach,Loyalty Discount 10%,07-03-2025,SMS,No Response,Yes
RTC0002601,C0007756,Renewal Nudge,Free OTT 3 Months,27-02-2026,SMS,Accepted,Yes
RTC0002602,C0007761,At-Risk Outreach,Free OTT 3 Months,17-06-2025,WhatsApp,Accepted,Yes
RTC0002603,C0007762,Renewal Nudge,Annual Plan Discount,20-05-2025,Call,Accepted,Yes
RTC0002604,C0007772,Renewal Nudge,Cashback Voucher,04-11-2025,SMS,Accepted,Yes
RTC0002605,C0007775,Renewal Nudge,Cashback Voucher,26-04-2025,Call,Accepted,Yes
RTC0002606,C0007779,Win-Back Drive,Extra Data 50GB,07-09-2025,WhatsApp,No Response,Yes
RTC0002607,C0007780,Loyalty Save,Extra Data 50GB,20-02-2025,App,No Response,Yes
RTC0002608,C0007782,Renewal Nudge,Extra Data 50GB,13-05-2025,Email,Accepted,Yes
RTC0002609,C0007785,Value Retention,Free OTT 3 Months,17-09-2025,Call,No Response,Yes
RTC0002610,C0007790,Value Retention,Plan Upgrade Offer,28-11-2025,Email,No Response,Yes
RTC0002611,C0007791,Loyalty Save,Loyalty Discount 10%,27-12-2025,Call,Accepted,Yes
RTC0002612,C0007792,Value Retention,Priority Support,10-05-2025,Email,No Response,Yes
RTC0002613,C0007795,Renewal Nudge,Extra Data 50GB,06-04-2025,Call,Accepted,Yes
RTC0002614,C0007798,Renewal Nudge,Priority Support,14-09-2025,Email,Accepted,Yes
RTC0002615,C0007799,Loyalty Save,Cashback Voucher,12-04-2025,Call,Declined,No
RTC0002616,C0007803,At-Risk Outreach,Annual Plan Discount,28-01-2026,Email,Accepted,Yes
RTC0002617,C0007804,Renewal Nudge,Bill Waiver,02-01-2026,App,No Response,Yes
RTC0002618,C0007808,Renewal Nudge,Loyalty Discount 10%,20-11-2025,App,Accepted,Yes
RTC0002619,C0007810,Renewal Nudge,Free OTT 3 Months,09-06-2025,WhatsApp,Declined,Yes
RTC0002620,C0007812,Win-Back Drive,Extra Data 50GB,03-02-2025,App,Accepted,Yes
RTC0002621,C0007817,Loyalty Save,Cashback Voucher,09-06-2025,WhatsApp,Declined,Yes
RTC0002622,C0007819,Renewal Nudge,Annual Plan Discount,29-01-2025,Call,Accepted,Yes
RTC0002623,C0007822,Value Retention,Annual Plan Discount,08-10-2025,App,Accepted,Yes
RTC0002624,C0007826,Renewal Nudge,Free OTT 3 Months,25-10-2025,SMS,No Response,No
RTC0002625,C0007831,Win-Back Drive,Extra Data 50GB,22-07-2025,Email,Accepted,Yes
RTC0002626,C0007833,Value Retention,Extra Data 50GB,19-02-2025,App,Declined,No
RTC0002627,C0007835,Loyalty Save,Extra Data 50GB,21-11-2025,WhatsApp,Declined,No
RTC0002628,C0007836,At-Risk Outreach,Priority Support,30-03-2026,WhatsApp,Accepted,Yes
RTC0002629,C0007844,Value Retention,Bill Waiver,19-02-2026,Email,Accepted,Yes
RTC0002630,C0007847,At-Risk Outreach,Priority Support,23-11-2025,Call,Accepted,Yes
RTC0002631,C0007849,Renewal Nudge,Loyalty Discount 10%,17-03-2025,SMS,No Response,No
RTC0002632,C0007851,Win-Back Drive,Extra Data 50GB,25-10-2025,WhatsApp,Accepted,Yes
RTC0002633,C0007852,At-Risk Outreach,Plan Upgrade Offer,27-03-2026,Call,Accepted,Yes
RTC0002634,C0007854,Loyalty Save,Annual Plan Discount,10-11-2025,Call,Accepted,Yes
RTC0002635,C0007856,Value Retention,Bill Waiver,08-10-2025,SMS,Accepted,Yes
RTC0002636,C0007858,Value Retention,Annual Plan Discount,19-01-2026,Call,Accepted,Yes
RTC0002637,C0007860,Renewal Nudge,Cashback Voucher,27-08-2025,WhatsApp,Declined,Yes
RTC0002638,C0007861,Renewal Nudge,Cashback Voucher,14-07-2025,SMS,Accepted,Yes
RTC0002639,C0007863,Value Retention,Free OTT 3 Months,24-08-2025,WhatsApp,Accepted,No
RTC0002640,C0007866,Value Retention,Free OTT 3 Months,16-02-2025,WhatsApp,Accepted,Yes
RTC0002641,C0007868,Win-Back Drive,Annual Plan Discount,01-11-2025,Email,Declined,No
RTC0002642,C0007869,Loyalty Save,Free OTT 3 Months,05-12-2025,App,Declined,Yes
RTC0002643,C0007870,Loyalty Save,Annual Plan Discount,03-03-2026,WhatsApp,No Response,Yes
RTC0002644,C0007871,Loyalty Save,Cashback Voucher,24-02-2026,WhatsApp,No Response,Yes
RTC0002645,C0007873,Win-Back Drive,Free OTT 3 Months,03-05-2025,SMS,Declined,Yes
RTC0002646,C0007875,Value Retention,Priority Support,14-10-2025,SMS,Accepted,Yes
RTC0002647,C0007877,Value Retention,Priority Support,26-05-2025,Email,Declined,Yes
RTC0002648,C0007878,At-Risk Outreach,Annual Plan Discount,24-07-2025,SMS,Accepted,Yes
RTC0002649,C0007879,At-Risk Outreach,Cashback Voucher,18-08-2025,WhatsApp,Declined,Yes
RTC0002650,C0007881,Win-Back Drive,Cashback Voucher,17-11-2025,SMS,Declined,Yes
RTC0002651,C0007882,Win-Back Drive,Free OTT 3 Months,11-06-2025,App,No Response,Yes
RTC0002652,C0007886,At-Risk Outreach,Plan Upgrade Offer,19-11-2025,WhatsApp,Accepted,Yes
RTC0002653,C0007888,At-Risk Outreach,Bill Waiver,25-04-2025,App,Accepted,No
RTC0002654,C0007897,At-Risk Outreach,Bill Waiver,09-02-2025,SMS,Declined,Yes
RTC0002655,C0007899,Win-Back Drive,Bill Waiver,25-01-2025,App,Declined,Yes
RTC0002656,C0007908,Loyalty Save,Plan Upgrade Offer,30-07-2025,Call,Accepted,Yes
RTC0002657,C0007918,At-Risk Outreach,Free OTT 3 Months,02-02-2025,App,Accepted,Yes
RTC0002658,C0007922,Value Retention,Free OTT 3 Months,06-09-2025,App,Accepted,Yes
RTC0002659,C0007924,Renewal Nudge,Cashback Voucher,07-12-2025,Call,No Response,No
RTC0002660,C0007926,Loyalty Save,Bill Waiver,09-03-2026,SMS,No Response,Yes
RTC0002661,C0007927,Win-Back Drive,Cashback Voucher,21-03-2026,Call,No Response,Yes
RTC0002662,C0007931,Renewal Nudge,Loyalty Discount 10%,05-05-2025,SMS,Accepted,Yes
RTC0002663,C0007932,Value Retention,Free OTT 3 Months,10-09-2025,WhatsApp,Accepted,No
RTC0002664,C0007934,Win-Back Drive,Priority Support,15-04-2025,WhatsApp,Accepted,Yes
RTC0002665,C0007935,Value Retention,Loyalty Discount 10%,09-01-2025,WhatsApp,No Response,Yes
RTC0002666,C0007940,Loyalty Save,Bill Waiver,20-02-2026,Email,No Response,Yes
RTC0002667,C0007941,Renewal Nudge,Cashback Voucher,14-01-2026,Email,Declined,Yes
RTC0002668,C0007943,Loyalty Save,Annual Plan Discount,18-02-2026,Email,Accepted,Yes
RTC0002669,C0007945,Loyalty Save,Bill Waiver,26-04-2025,SMS,Declined,No
RTC0002670,C0007948,Renewal Nudge,Free OTT 3 Months,02-02-2025,WhatsApp,Declined,Yes
RTC0002671,C0007953,At-Risk Outreach,Priority Support,23-12-2025,Email,Accepted,No
RTC0002672,C0007954,Renewal Nudge,Plan Upgrade Offer,07-05-2025,Email,Declined,Yes
RTC0002673,C0007955,At-Risk Outreach,Free OTT 3 Months,15-02-2026,Email,Accepted,Yes
RTC0002674,C0007959,Win-Back Drive,Loyalty Discount 10%,27-10-2025,App,Accepted,Yes
RTC0002675,C0007961,Win-Back Drive,Priority Support,20-11-2025,Email,No Response,Yes
RTC0002676,C0007963,Win-Back Drive,Plan Upgrade Offer,18-11-2025,App,Accepted,Yes
RTC0002677,C0007964,Value Retention,Loyalty Discount 10%,28-08-2025,Call,Declined,No
RTC0002678,C0007966,Win-Back Drive,Bill Waiver,30-08-2025,Call,Accepted,Yes
RTC0002679,C0007971,At-Risk Outreach,Loyalty Discount 10%,09-01-2025,WhatsApp,Accepted,Yes
RTC0002680,C0007972,Loyalty Save,Loyalty Discount 10%,29-08-2025,App,No Response,Yes
RTC0002681,C0007973,At-Risk Outreach,Plan Upgrade Offer,09-01-2025,WhatsApp,No Response,No
RTC0002682,C0007976,Renewal Nudge,Extra Data 50GB,22-11-2025,WhatsApp,Declined,No
RTC0002683,C0007978,Loyalty Save,Loyalty Discount 10%,24-01-2026,Email,Accepted,Yes
RTC0002684,C0007983,Renewal Nudge,Bill Waiver,31-03-2025,SMS,Accepted,Yes
RTC0002685,C0007998,Win-Back Drive,Plan Upgrade Offer,11-02-2026,WhatsApp,Declined,Yes
RTC0002686,C0008002,Loyalty Save,Loyalty Discount 10%,27-11-2025,Email,Declined,No
RTC0002687,C0008005,Value Retention,Bill Waiver,02-01-2026,WhatsApp,Accepted,Yes
RTC0002688,C0008007,Win-Back Drive,Annual Plan Discount,30-01-2026,WhatsApp,Declined,No
RTC0002689,C0008012,At-Risk Outreach,Free OTT 3 Months,01-10-2025,Email,No Response,Yes
RTC0002690,C0008013,Loyalty Save,Cashback Voucher,09-02-2025,Call,Accepted,Yes
RTC0002691,C0008015,Loyalty Save,Loyalty Discount 10%,01-01-2025,WhatsApp,No Response,No
RTC0002692,C0008016,Loyalty Save,Annual Plan Discount,25-02-2025,Call,No Response,No
RTC0002693,C0008017,Renewal Nudge,Annual Plan Discount,11-01-2026,Email,Declined,No
RTC0002694,C0008023,At-Risk Outreach,Loyalty Discount 10%,17-02-2025,Email,Accepted,Yes
RTC0002695,C0008024,Loyalty Save,Annual Plan Discount,05-12-2025,Email,Accepted,Yes
RTC0002696,C0008027,Renewal Nudge,Extra Data 50GB,06-01-2026,SMS,Accepted,Yes
RTC0002697,C0008029,At-Risk Outreach,Bill Waiver,24-08-2025,Call,Accepted,Yes
RTC0002698,C0008034,Win-Back Drive,Loyalty Discount 10%,23-05-2025,App,Declined,Yes
RTC0002699,C0008042,At-Risk Outreach,Loyalty Discount 10%,02-02-2026,Email,No Response,Yes
RTC0002700,C0008043,Loyalty Save,Priority Support,01-02-2025,WhatsApp,No Response,Yes
RTC0002701,C0008044,At-Risk Outreach,Annual Plan Discount,17-04-2025,Call,Accepted,Yes
RTC0002702,C0008045,Renewal Nudge,Bill Waiver,16-05-2025,Email,Declined,Yes
RTC0002703,C0008049,Win-Back Drive,Extra Data 50GB,29-06-2025,Call,Accepted,Yes
RTC0002704,C0008055,Win-Back Drive,Free OTT 3 Months,08-10-2025,App,No Response,Yes
RTC0002705,C0008057,Value Retention,Plan Upgrade Offer,26-10-2025,Email,Accepted,Yes
RTC0002706,C0008061,At-Risk Outreach,Loyalty Discount 10%,29-03-2025,App,Accepted,Yes
RTC0002707,C0008062,Value Retention,Loyalty Discount 10%,11-01-2025,Email,Declined,Yes
RTC0002708,C0008063,Value Retention,Cashback Voucher,06-03-2025,WhatsApp,Declined,No
RTC0002709,C0008070,Value Retention,Priority Support,10-06-2025,WhatsApp,Accepted,Yes
RTC0002710,C0008071,Renewal Nudge,Extra Data 50GB,07-11-2025,Call,Declined,Yes
RTC0002711,C0008074,Renewal Nudge,Annual Plan Discount,17-02-2026,Email,Accepted,Yes
RTC0002712,C0008077,At-Risk Outreach,Priority Support,26-01-2025,Call,Accepted,Yes
RTC0002713,C0008080,Renewal Nudge,Priority Support,17-02-2026,Call,No Response,Yes
RTC0002714,C0008083,At-Risk Outreach,Free OTT 3 Months,04-05-2025,SMS,Accepted,Yes
RTC0002715,C0008085,At-Risk Outreach,Extra Data 50GB,11-05-2025,App,Declined,Yes
RTC0002716,C0008090,Renewal Nudge,Priority Support,17-08-2025,App,Accepted,No
RTC0002717,C0008094,Renewal Nudge,Cashback Voucher,14-04-2025,WhatsApp,Accepted,Yes
RTC0002718,C0008096,Win-Back Drive,Free OTT 3 Months,16-06-2025,Call,Declined,Yes
RTC0002719,C0008097,At-Risk Outreach,Free OTT 3 Months,26-04-2025,Call,Accepted,Yes
RTC0002720,C0008098,Win-Back Drive,Plan Upgrade Offer,15-06-2025,Email,No Response,Yes
RTC0002721,C0008100,Renewal Nudge,Cashback Voucher,26-10-2025,WhatsApp,No Response,Yes
RTC0002722,C0008105,Loyalty Save,Priority Support,05-12-2025,WhatsApp,Accepted,Yes
RTC0002723,C0008106,Win-Back Drive,Loyalty Discount 10%,22-09-2025,SMS,Accepted,Yes
RTC0002724,C0008110,Value Retention,Bill Waiver,01-08-2025,WhatsApp,Declined,Yes
RTC0002725,C0008114,Win-Back Drive,Bill Waiver,23-03-2026,SMS,Accepted,Yes
RTC0002726,C0008115,Win-Back Drive,Priority Support,21-04-2025,WhatsApp,Declined,Yes
RTC0002727,C0008121,Win-Back Drive,Priority Support,23-10-2025,SMS,Accepted,Yes
RTC0002728,C0008126,Win-Back Drive,Loyalty Discount 10%,28-03-2025,App,Accepted,Yes
RTC0002729,C0008127,Win-Back Drive,Bill Waiver,16-06-2025,WhatsApp,Accepted,No
RTC0002730,C0008130,Value Retention,Loyalty Discount 10%,07-03-2026,Email,Accepted,Yes
RTC0002731,C0008131,Win-Back Drive,Extra Data 50GB,21-10-2025,App,No Response,Yes
RTC0002732,C0008136,Loyalty Save,Cashback Voucher,09-11-2025,SMS,Accepted,No
RTC0002733,C0008138,At-Risk Outreach,Priority Support,15-02-2025,SMS,Declined,Yes
RTC0002734,C0008139,Renewal Nudge,Loyalty Discount 10%,10-10-2025,Email,Accepted,Yes
RTC0002735,C0008140,Value Retention,Annual Plan Discount,14-03-2025,App,No Response,Yes
RTC0002736,C0008142,Renewal Nudge,Free OTT 3 Months,06-01-2025,App,Accepted,Yes
RTC0002737,C0008145,Renewal Nudge,Loyalty Discount 10%,28-02-2026,App,No Response,No
RTC0002738,C0008146,Renewal Nudge,Extra Data 50GB,15-01-2025,WhatsApp,Accepted,No
RTC0002739,C0008154,At-Risk Outreach,Extra Data 50GB,15-06-2025,Call,Declined,No
RTC0002740,C0008155,Loyalty Save,Cashback Voucher,21-09-2025,Email,Accepted,Yes
RTC0002741,C0008157,At-Risk Outreach,Annual Plan Discount,16-09-2025,App,No Response,Yes
RTC0002742,C0008159,Loyalty Save,Priority Support,18-11-2025,Email,Declined,Yes
RTC0002743,C0008164,Loyalty Save,Priority Support,21-05-2025,App,Declined,Yes
RTC0002744,C0008165,Value Retention,Plan Upgrade Offer,07-05-2025,Call,Accepted,Yes
RTC0002745,C0008166,Win-Back Drive,Plan Upgrade Offer,09-12-2025,Email,Accepted,Yes
RTC0002746,C0008170,Win-Back Drive,Priority Support,06-11-2025,WhatsApp,No Response,Yes
RTC0002747,C0008171,Win-Back Drive,Bill Waiver,22-04-2025,App,Accepted,Yes
RTC0002748,C0008176,Win-Back Drive,Loyalty Discount 10%,03-03-2025,App,Accepted,Yes
RTC0002749,C0008179,Renewal Nudge,Bill Waiver,27-03-2025,Email,Accepted,Yes
RTC0002750,C0008182,Renewal Nudge,Cashback Voucher,23-11-2025,Call,Accepted,Yes
RTC0002751,C0008187,Win-Back Drive,Annual Plan Discount,10-01-2025,App,Declined,Yes
RTC0002752,C0008189,Loyalty Save,Annual Plan Discount,10-06-2025,App,Accepted,Yes
RTC0002753,C0008197,Value Retention,Loyalty Discount 10%,07-08-2025,Call,Declined,Yes
RTC0002754,C0008201,Loyalty Save,Priority Support,25-03-2025,Call,Accepted,Yes
RTC0002755,C0008208,Value Retention,Bill Waiver,05-01-2025,SMS,Accepted,Yes
RTC0002756,C0008209,Renewal Nudge,Annual Plan Discount,25-04-2025,Call,No Response,No
RTC0002757,C0008210,Win-Back Drive,Bill Waiver,16-02-2026,Email,No Response,Yes
RTC0002758,C0008215,Win-Back Drive,Priority Support,23-10-2025,SMS,Accepted,Yes
RTC0002759,C0008216,Loyalty Save,Free OTT 3 Months,28-01-2025,App,Accepted,Yes
RTC0002760,C0008221,Win-Back Drive,Plan Upgrade Offer,18-06-2025,SMS,Declined,Yes
RTC0002761,C0008223,Win-Back Drive,Cashback Voucher,02-11-2025,Call,Accepted,Yes
RTC0002762,C0008233,Renewal Nudge,Priority Support,08-01-2025,Email,Accepted,Yes
RTC0002763,C0008236,At-Risk Outreach,Free OTT 3 Months,18-11-2025,Call,Accepted,Yes
RTC0002764,C0008237,At-Risk Outreach,Loyalty Discount 10%,23-10-2025,WhatsApp,No Response,No
RTC0002765,C0008241,Renewal Nudge,Bill Waiver,20-03-2026,Email,No Response,No
RTC0002766,C0008244,Value Retention,Extra Data 50GB,25-10-2025,App,No Response,Yes
RTC0002767,C0008245,Renewal Nudge,Priority Support,28-07-2025,Call,Accepted,Yes
RTC0002768,C0008248,Value Retention,Annual Plan Discount,04-01-2025,WhatsApp,No Response,Yes
RTC0002769,C0008249,Renewal Nudge,Cashback Voucher,18-02-2025,Call,No Response,No
RTC0002770,C0008252,Value Retention,Annual Plan Discount,16-03-2026,Call,No Response,Yes
RTC0002771,C0008253,Win-Back Drive,Bill Waiver,27-05-2025,SMS,No Response,Yes
RTC0002772,C0008254,At-Risk Outreach,Bill Waiver,18-01-2025,SMS,Accepted,Yes
RTC0002773,C0008255,Value Retention,Free OTT 3 Months,21-11-2025,Call,Accepted,Yes
RTC0002774,C0008257,At-Risk Outreach,Free OTT 3 Months,07-03-2025,SMS,Accepted,Yes
RTC0002775,C0008259,Loyalty Save,Annual Plan Discount,20-12-2025,SMS,Accepted,Yes
RTC0002776,C0008261,Value Retention,Plan Upgrade Offer,23-04-2025,App,Declined,Yes
RTC0002777,C0008264,Loyalty Save,Free OTT 3 Months,07-08-2025,WhatsApp,Declined,No
RTC0002778,C0008272,Loyalty Save,Cashback Voucher,12-04-2025,App,Accepted,Yes
RTC0002779,C0008277,Win-Back Drive,Loyalty Discount 10%,04-05-2025,SMS,Declined,Yes
RTC0002780,C0008278,Renewal Nudge,Annual Plan Discount,16-04-2025,WhatsApp,Accepted,Yes
RTC0002781,C0008281,Win-Back Drive,Annual Plan Discount,14-03-2025,Email,Declined,Yes
RTC0002782,C0008286,Value Retention,Cashback Voucher,22-03-2026,Call,Accepted,No
RTC0002783,C0008290,At-Risk Outreach,Cashback Voucher,20-01-2025,SMS,Declined,Yes
RTC0002784,C0008293,Win-Back Drive,Cashback Voucher,13-07-2025,App,Declined,No
RTC0002785,C0008294,Win-Back Drive,Annual Plan Discount,10-05-2025,WhatsApp,Accepted,Yes
RTC0002786,C0008297,Loyalty Save,Plan Upgrade Offer,13-01-2026,Call,Accepted,Yes
RTC0002787,C0008300,At-Risk Outreach,Priority Support,26-12-2025,Call,No Response,Yes
RTC0002788,C0008301,Win-Back Drive,Annual Plan Discount,29-10-2025,App,Declined,Yes
RTC0002789,C0008302,Renewal Nudge,Plan Upgrade Offer,28-03-2025,Email,Accepted,Yes
RTC0002790,C0008307,Renewal Nudge,Plan Upgrade Offer,11-04-2025,WhatsApp,Declined,No
RTC0002791,C0008314,Loyalty Save,Cashback Voucher,13-09-2025,WhatsApp,Declined,Yes
RTC0002792,C0008315,Value Retention,Priority Support,15-01-2026,WhatsApp,No Response,Yes
RTC0002793,C0008321,Win-Back Drive,Loyalty Discount 10%,12-09-2025,App,Accepted,Yes
RTC0002794,C0008326,At-Risk Outreach,Bill Waiver,16-08-2025,App,Accepted,Yes
RTC0002795,C0008327,Win-Back Drive,Priority Support,13-05-2025,App,Accepted,Yes
RTC0002796,C0008328,Loyalty Save,Bill Waiver,12-01-2026,SMS,Accepted,Yes
RTC0002797,C0008331,At-Risk Outreach,Priority Support,15-05-2025,SMS,Declined,Yes
RTC0002798,C0008332,Loyalty Save,Free OTT 3 Months,21-07-2025,WhatsApp,No Response,No
RTC0002799,C0008335,Value Retention,Annual Plan Discount,27-03-2025,Call,Declined,Yes
RTC0002800,C0008345,Value Retention,Cashback Voucher,28-10-2025,WhatsApp,Declined,Yes
RTC0002801,C0008346,Renewal Nudge,Annual Plan Discount,26-10-2025,App,Accepted,Yes
RTC0002802,C0008347,Value Retention,Loyalty Discount 10%,19-08-2025,Email,No Response,Yes
RTC0002803,C0008352,Value Retention,Loyalty Discount 10%,04-11-2025,Email,Accepted,Yes
RTC0002804,C0008354,Renewal Nudge,Bill Waiver,06-01-2026,Call,Declined,No
RTC0002805,C0008355,Loyalty Save,Extra Data 50GB,13-06-2025,Call,Accepted,Yes
RTC0002806,C0008356,Win-Back Drive,Priority Support,24-11-2025,WhatsApp,Accepted,Yes
RTC0002807,C0008357,At-Risk Outreach,Loyalty Discount 10%,17-03-2025,Call,Accepted,Yes
RTC0002808,C0008365,Renewal Nudge,Priority Support,20-10-2025,SMS,Accepted,Yes
RTC0002809,C0008367,Loyalty Save,Priority Support,15-01-2025,Email,Declined,Yes
RTC0002810,C0008371,Win-Back Drive,Loyalty Discount 10%,27-02-2026,Email,Accepted,Yes
RTC0002811,C0008373,Loyalty Save,Loyalty Discount 10%,06-12-2025,WhatsApp,Declined,Yes
RTC0002812,C0008380,Win-Back Drive,Extra Data 50GB,03-01-2025,Call,Accepted,Yes
RTC0002813,C0008381,Win-Back Drive,Free OTT 3 Months,05-01-2025,WhatsApp,Accepted,Yes
RTC0002814,C0008384,Value Retention,Bill Waiver,27-04-2025,App,Declined,No
RTC0002815,C0008387,Value Retention,Cashback Voucher,11-06-2025,SMS,Accepted,Yes
RTC0002816,C0008389,Value Retention,Priority Support,12-10-2025,SMS,No Response,Yes
RTC0002817,C0008391,At-Risk Outreach,Loyalty Discount 10%,21-01-2025,Call,No Response,Yes
RTC0002818,C0008398,At-Risk Outreach,Plan Upgrade Offer,04-06-2025,App,Accepted,Yes
RTC0002819,C0008399,At-Risk Outreach,Extra Data 50GB,26-03-2025,SMS,Declined,Yes
RTC0002820,C0008403,Value Retention,Cashback Voucher,21-03-2026,App,Accepted,Yes
RTC0002821,C0008404,At-Risk Outreach,Cashback Voucher,03-10-2025,Email,No Response,Yes
RTC0002822,C0008405,Win-Back Drive,Priority Support,28-03-2026,WhatsApp,No Response,Yes
RTC0002823,C0008406,Loyalty Save,Plan Upgrade Offer,26-09-2025,SMS,Accepted,Yes
RTC0002824,C0008412,At-Risk Outreach,Plan Upgrade Offer,30-03-2026,Email,Accepted,Yes
RTC0002825,C0008417,Renewal Nudge,Annual Plan Discount,02-02-2025,Call,Declined,Yes
RTC0002826,C0008419,Win-Back Drive,Priority Support,13-03-2026,WhatsApp,Declined,No
RTC0002827,C0008422,Loyalty Save,Priority Support,26-03-2026,App,Accepted,Yes
RTC0002828,C0008427,Renewal Nudge,Annual Plan Discount,12-01-2025,WhatsApp,Declined,Yes
RTC0002829,C0008442,Renewal Nudge,Bill Waiver,07-01-2025,App,Declined,Yes
RTC0002830,C0008443,Renewal Nudge,Priority Support,27-10-2025,Call,No Response,Yes
RTC0002831,C0008448,Value Retention,Priority Support,26-09-2025,Call,Declined,No
RTC0002832,C0008451,Loyalty Save,Priority Support,17-05-2025,SMS,Declined,Yes
RTC0002833,C0008452,Value Retention,Cashback Voucher,06-11-2025,SMS,Declined,Yes
RTC0002834,C0008454,Loyalty Save,Bill Waiver,01-01-2025,Call,Accepted,Yes
RTC0002835,C0008455,Win-Back Drive,Plan Upgrade Offer,05-01-2026,App,Accepted,Yes
RTC0002836,C0008457,Value Retention,Free OTT 3 Months,30-04-2025,Email,Declined,Yes
RTC0002837,C0008464,Value Retention,Annual Plan Discount,21-12-2025,WhatsApp,Accepted,Yes
RTC0002838,C0008472,Value Retention,Plan Upgrade Offer,26-11-2025,WhatsApp,No Response,Yes
RTC0002839,C0008473,Renewal Nudge,Plan Upgrade Offer,10-01-2026,Call,Accepted,Yes
RTC0002840,C0008474,Value Retention,Loyalty Discount 10%,05-09-2025,Call,Accepted,No
RTC0002841,C0008477,Win-Back Drive,Annual Plan Discount,26-01-2026,WhatsApp,No Response,Yes
RTC0002842,C0008479,Win-Back Drive,Priority Support,11-09-2025,Email,Accepted,Yes
RTC0002843,C0008483,Loyalty Save,Bill Waiver,17-03-2026,App,Accepted,Yes
RTC0002844,C0008488,At-Risk Outreach,Bill Waiver,05-10-2025,Call,Declined,No
RTC0002845,C0008495,Win-Back Drive,Bill Waiver,09-12-2025,Call,Declined,Yes
RTC0002846,C0008503,Win-Back Drive,Extra Data 50GB,25-03-2026,Email,No Response,Yes
RTC0002847,C0008506,Loyalty Save,Extra Data 50GB,26-11-2025,Email,No Response,Yes
RTC0002848,C0008515,At-Risk Outreach,Priority Support,11-03-2026,Email,No Response,Yes
RTC0002849,C0008517,Win-Back Drive,Cashback Voucher,16-03-2025,SMS,No Response,Yes
RTC0002850,C0008526,Loyalty Save,Annual Plan Discount,14-03-2025,Call,Declined,Yes
RTC0002851,C0008528,At-Risk Outreach,Free OTT 3 Months,16-02-2026,Email,Accepted,Yes
RTC0002852,C0008540,Renewal Nudge,Plan Upgrade Offer,29-09-2025,Email,Accepted,Yes
RTC0002853,C0008542,Renewal Nudge,Bill Waiver,29-03-2026,SMS,Accepted,Yes
RTC0002854,C0008546,Renewal Nudge,Plan Upgrade Offer,26-09-2025,Email,No Response,Yes
RTC0002855,C0008548,Win-Back Drive,Extra Data 50GB,16-05-2025,WhatsApp,No Response,Yes
RTC0002856,C0008553,Renewal Nudge,Plan Upgrade Offer,03-08-2025,Call,Accepted,Yes
RTC0002857,C0008554,Loyalty Save,Loyalty Discount 10%,18-04-2025,App,Declined,Yes
RTC0002858,C0008557,Value Retention,Annual Plan Discount,07-06-2025,App,Accepted,Yes
RTC0002859,C0008559,Loyalty Save,Extra Data 50GB,13-07-2025,WhatsApp,Accepted,Yes
RTC0002860,C0008561,Value Retention,Free OTT 3 Months,18-12-2025,SMS,Declined,Yes
RTC0002861,C0008562,Win-Back Drive,Loyalty Discount 10%,12-01-2026,Email,Declined,No
RTC0002862,C0008565,Value Retention,Loyalty Discount 10%,03-05-2025,Call,No Response,Yes
RTC0002863,C0008568,Renewal Nudge,Cashback Voucher,11-05-2025,WhatsApp,No Response,No
RTC0002864,C0008573,Value Retention,Plan Upgrade Offer,04-05-2025,WhatsApp,No Response,Yes
RTC0002865,C0008574,Win-Back Drive,Free OTT 3 Months,26-06-2025,App,Accepted,Yes
RTC0002866,C0008577,Win-Back Drive,Extra Data 50GB,30-12-2025,SMS,Accepted,Yes
RTC0002867,C0008578,Win-Back Drive,Annual Plan Discount,06-07-2025,Call,Declined,Yes
RTC0002868,C0008580,At-Risk Outreach,Priority Support,22-06-2025,WhatsApp,Accepted,Yes
RTC0002869,C0008582,At-Risk Outreach,Plan Upgrade Offer,16-02-2025,WhatsApp,No Response,Yes
RTC0002870,C0008583,Loyalty Save,Loyalty Discount 10%,22-04-2025,WhatsApp,No Response,Yes
RTC0002871,C0008594,At-Risk Outreach,Loyalty Discount 10%,06-06-2025,WhatsApp,Accepted,Yes
RTC0002872,C0008596,Win-Back Drive,Extra Data 50GB,02-03-2026,App,Accepted,Yes
RTC0002873,C0008598,Renewal Nudge,Free OTT 3 Months,09-03-2026,Email,No Response,Yes
RTC0002874,C0008600,At-Risk Outreach,Extra Data 50GB,15-09-2025,App,Accepted,Yes
RTC0002875,C0008601,Win-Back Drive,Priority Support,14-01-2025,Call,Declined,Yes
RTC0002876,C0008605,Renewal Nudge,Free OTT 3 Months,23-03-2025,Call,Accepted,Yes
RTC0002877,C0008610,Value Retention,Cashback Voucher,20-11-2025,App,Declined,Yes
RTC0002878,C0008611,At-Risk Outreach,Loyalty Discount 10%,05-02-2025,Email,No Response,Yes
RTC0002879,C0008613,Win-Back Drive,Annual Plan Discount,19-07-2025,WhatsApp,Accepted,No
RTC0002880,C0008618,Value Retention,Bill Waiver,06-04-2025,Call,Accepted,Yes
RTC0002881,C0008620,Win-Back Drive,Free OTT 3 Months,23-12-2025,Call,Accepted,Yes
RTC0002882,C0008621,Loyalty Save,Priority Support,25-02-2026,SMS,Accepted,No
RTC0002883,C0008622,At-Risk Outreach,Free OTT 3 Months,21-07-2025,WhatsApp,Accepted,Yes
RTC0002884,C0008626,Value Retention,Extra Data 50GB,24-04-2025,WhatsApp,Declined,Yes
RTC0002885,C0008630,Renewal Nudge,Plan Upgrade Offer,23-12-2025,Email,Declined,Yes
RTC0002886,C0008639,At-Risk Outreach,Cashback Voucher,15-01-2026,WhatsApp,Accepted,Yes
RTC0002887,C0008640,At-Risk Outreach,Plan Upgrade Offer,30-03-2025,Call,Accepted,No
RTC0002888,C0008642,At-Risk Outreach,Priority Support,05-09-2025,App,Accepted,Yes
RTC0002889,C0008645,Value Retention,Bill Waiver,23-04-2025,SMS,Accepted,Yes
RTC0002890,C0008647,Win-Back Drive,Cashback Voucher,17-02-2026,Email,Accepted,Yes
RTC0002891,C0008652,Renewal Nudge,Annual Plan Discount,15-05-2025,WhatsApp,Accepted,Yes
RTC0002892,C0008654,At-Risk Outreach,Annual Plan Discount,22-06-2025,App,Accepted,Yes
RTC0002893,C0008655,Value Retention,Priority Support,04-07-2025,App,Declined,Yes
RTC0002894,C0008656,Loyalty Save,Cashback Voucher,09-09-2025,Email,Declined,Yes
RTC0002895,C0008657,Value Retention,Free OTT 3 Months,02-07-2025,App,Declined,Yes
RTC0002896,C0008659,Value Retention,Loyalty Discount 10%,25-03-2025,SMS,No Response,No
RTC0002897,C0008660,Loyalty Save,Annual Plan Discount,27-01-2025,SMS,Accepted,Yes
RTC0002898,C0008664,At-Risk Outreach,Free OTT 3 Months,08-11-2025,WhatsApp,Accepted,Yes
RTC0002899,C0008665,Loyalty Save,Priority Support,23-04-2025,App,Accepted,Yes
RTC0002900,C0008667,Loyalty Save,Plan Upgrade Offer,30-11-2025,SMS,No Response,Yes
RTC0002901,C0008668,Renewal Nudge,Cashback Voucher,30-01-2026,Call,Accepted,Yes
RTC0002902,C0008669,Win-Back Drive,Annual Plan Discount,07-11-2025,SMS,Accepted,No
RTC0002903,C0008674,Renewal Nudge,Extra Data 50GB,28-05-2025,Call,Declined,Yes
RTC0002904,C0008675,Renewal Nudge,Plan Upgrade Offer,07-09-2025,Email,No Response,Yes
RTC0002905,C0008679,Win-Back Drive,Plan Upgrade Offer,14-03-2026,App,Accepted,Yes
RTC0002906,C0008680,At-Risk Outreach,Cashback Voucher,13-09-2025,WhatsApp,No Response,Yes
RTC0002907,C0008681,Value Retention,Priority Support,23-04-2025,Call,No Response,Yes
RTC0002908,C0008683,Value Retention,Priority Support,25-01-2025,WhatsApp,Accepted,Yes
RTC0002909,C0008685,Value Retention,Bill Waiver,04-03-2025,Call,Accepted,Yes
RTC0002910,C0008687,Win-Back Drive,Plan Upgrade Offer,13-02-2025,App,Accepted,Yes
RTC0002911,C0008689,At-Risk Outreach,Plan Upgrade Offer,22-03-2026,App,Declined,Yes
RTC0002912,C0008690,Value Retention,Cashback Voucher,27-01-2026,Call,No Response,Yes
RTC0002913,C0008698,Value Retention,Cashback Voucher,14-02-2026,App,Declined,Yes
RTC0002914,C0008699,Loyalty Save,Bill Waiver,17-01-2025,SMS,No Response,Yes
RTC0002915,C0008703,At-Risk Outreach,Annual Plan Discount,20-02-2026,SMS,Accepted,Yes
RTC0002916,C0008706,Value Retention,Bill Waiver,14-09-2025,WhatsApp,Accepted,Yes
RTC0002917,C0008707,Value Retention,Annual Plan Discount,08-02-2025,Call,Declined,Yes
RTC0002918,C0008710,Loyalty Save,Loyalty Discount 10%,22-02-2026,Email,No Response,Yes
RTC0002919,C0008713,Loyalty Save,Extra Data 50GB,04-08-2025,Email,No Response,No
RTC0002920,C0008715,Loyalty Save,Plan Upgrade Offer,03-02-2026,WhatsApp,Accepted,No
RTC0002921,C0008720,Renewal Nudge,Loyalty Discount 10%,30-03-2025,App,No Response,No
RTC0002922,C0008726,Win-Back Drive,Cashback Voucher,20-10-2025,Call,No Response,Yes
RTC0002923,C0008727,At-Risk Outreach,Plan Upgrade Offer,28-11-2025,Email,Accepted,Yes
RTC0002924,C0008730,Value Retention,Annual Plan Discount,23-12-2025,SMS,Declined,No
RTC0002925,C0008735,Renewal Nudge,Cashback Voucher,11-07-2025,WhatsApp,No Response,Yes
RTC0002926,C0008736,Loyalty Save,Annual Plan Discount,12-08-2025,Email,No Response,No
RTC0002927,C0008737,Value Retention,Free OTT 3 Months,07-01-2026,WhatsApp,Declined,Yes
RTC0002928,C0008740,Renewal Nudge,Free OTT 3 Months,10-02-2026,Email,Accepted,Yes
RTC0002929,C0008746,Value Retention,Cashback Voucher,14-04-2025,Call,No Response,Yes
RTC0002930,C0008747,Loyalty Save,Loyalty Discount 10%,17-01-2026,App,Declined,No
RTC0002931,C0008749,Renewal Nudge,Loyalty Discount 10%,20-03-2025,Email,No Response,Yes
RTC0002932,C0008751,Renewal Nudge,Plan Upgrade Offer,26-08-2025,WhatsApp,Declined,Yes
RTC0002933,C0008753,Value Retention,Plan Upgrade Offer,02-06-2025,Email,Declined,Yes
RTC0002934,C0008757,Renewal Nudge,Plan Upgrade Offer,13-04-2025,SMS,Accepted,Yes
RTC0002935,C0008760,Loyalty Save,Free OTT 3 Months,03-02-2026,Call,Accepted,No
RTC0002936,C0008761,Win-Back Drive,Free OTT 3 Months,23-01-2025,Call,Declined,Yes
RTC0002937,C0008766,At-Risk Outreach,Plan Upgrade Offer,04-01-2025,SMS,No Response,No
RTC0002938,C0008768,At-Risk Outreach,Plan Upgrade Offer,19-10-2025,SMS,No Response,Yes
RTC0002939,C0008770,At-Risk Outreach,Plan Upgrade Offer,24-01-2026,WhatsApp,Declined,No
RTC0002940,C0008772,Loyalty Save,Free OTT 3 Months,08-07-2025,SMS,Declined,Yes
RTC0002941,C0008773,At-Risk Outreach,Bill Waiver,06-03-2026,SMS,Declined,Yes
RTC0002942,C0008774,Value Retention,Loyalty Discount 10%,07-07-2025,SMS,Declined,Yes
RTC0002943,C0008775,Loyalty Save,Annual Plan Discount,22-12-2025,App,No Response,Yes
RTC0002944,C0008779,Renewal Nudge,Extra Data 50GB,17-10-2025,SMS,Declined,Yes
RTC0002945,C0008785,Win-Back Drive,Free OTT 3 Months,13-09-2025,SMS,Accepted,Yes
RTC0002946,C0008787,Renewal Nudge,Plan Upgrade Offer,04-02-2025,Call,Accepted,Yes
RTC0002947,C0008788,Value Retention,Annual Plan Discount,10-09-2025,SMS,Declined,No
RTC0002948,C0008803,Win-Back Drive,Loyalty Discount 10%,03-05-2025,Email,No Response,No
RTC0002949,C0008807,Renewal Nudge,Annual Plan Discount,01-02-2025,WhatsApp,Accepted,Yes
RTC0002950,C0008808,Win-Back Drive,Plan Upgrade Offer,06-03-2026,SMS,Declined,Yes
RTC0002951,C0008811,Win-Back Drive,Extra Data 50GB,21-06-2025,WhatsApp,No Response,No
RTC0002952,C0008817,Loyalty Save,Plan Upgrade Offer,25-05-2025,SMS,Declined,Yes
RTC0002953,C0008819,Loyalty Save,Extra Data 50GB,27-11-2025,Email,Declined,No
RTC0002954,C0008820,Renewal Nudge,Loyalty Discount 10%,23-11-2025,WhatsApp,Declined,Yes
RTC0002955,C0008827,Win-Back Drive,Free OTT 3 Months,12-10-2025,SMS,No Response,Yes
RTC0002956,C0008831,Renewal Nudge,Free OTT 3 Months,27-01-2025,SMS,Declined,Yes
RTC0002957,C0008833,Renewal Nudge,Cashback Voucher,10-09-2025,Email,Accepted,Yes
RTC0002958,C0008839,At-Risk Outreach,Loyalty Discount 10%,12-02-2026,SMS,Accepted,Yes
RTC0002959,C0008841,Renewal Nudge,Loyalty Discount 10%,01-08-2025,WhatsApp,No Response,Yes
RTC0002960,C0008845,At-Risk Outreach,Free OTT 3 Months,22-10-2025,Call,Declined,Yes
RTC0002961,C0008847,Renewal Nudge,Loyalty Discount 10%,11-01-2025,App,No Response,Yes
RTC0002962,C0008848,Value Retention,Free OTT 3 Months,27-11-2025,SMS,Accepted,Yes
RTC0002963,C0008849,Value Retention,Plan Upgrade Offer,08-05-2025,Email,No Response,Yes
RTC0002964,C0008850,Win-Back Drive,Loyalty Discount 10%,02-08-2025,App,Declined,No
RTC0002965,C0008852,Loyalty Save,Loyalty Discount 10%,17-08-2025,App,Accepted,Yes
RTC0002966,C0008855,At-Risk Outreach,Priority Support,26-01-2026,SMS,Accepted,Yes
RTC0002967,C0008857,Loyalty Save,Cashback Voucher,08-02-2026,WhatsApp,Accepted,Yes
RTC0002968,C0008860,Loyalty Save,Bill Waiver,08-01-2025,SMS,Accepted,Yes
RTC0002969,C0008863,At-Risk Outreach,Extra Data 50GB,21-12-2025,App,Declined,Yes
RTC0002970,C0008864,Loyalty Save,Free OTT 3 Months,06-01-2026,SMS,No Response,Yes
RTC0002971,C0008868,Loyalty Save,Annual Plan Discount,24-02-2026,App,Declined,No
RTC0002972,C0008869,At-Risk Outreach,Priority Support,24-03-2025,WhatsApp,Accepted,Yes
RTC0002973,C0008874,At-Risk Outreach,Loyalty Discount 10%,01-03-2026,SMS,No Response,No
RTC0002974,C0008876,Renewal Nudge,Bill Waiver,25-01-2026,SMS,Accepted,Yes
RTC0002975,C0008877,At-Risk Outreach,Plan Upgrade Offer,17-01-2026,App,Declined,Yes
RTC0002976,C0008886,At-Risk Outreach,Cashback Voucher,31-12-2025,SMS,Accepted,Yes
RTC0002977,C0008889,Renewal Nudge,Loyalty Discount 10%,21-01-2025,App,Accepted,Yes
RTC0002978,C0008892,Renewal Nudge,Cashback Voucher,10-12-2025,Call,Declined,Yes
RTC0002979,C0008893,At-Risk Outreach,Plan Upgrade Offer,06-02-2025,WhatsApp,Accepted,Yes
RTC0002980,C0008895,Value Retention,Free OTT 3 Months,07-01-2026,Call,Accepted,No
RTC0002981,C0008897,Win-Back Drive,Plan Upgrade Offer,26-01-2025,SMS,No Response,Yes
RTC0002982,C0008898,At-Risk Outreach,Plan Upgrade Offer,19-06-2025,Call,Declined,Yes
RTC0002983,C0008903,Win-Back Drive,Loyalty Discount 10%,15-12-2025,App,Accepted,Yes
RTC0002984,C0008904,At-Risk Outreach,Cashback Voucher,15-11-2025,Call,Declined,Yes
RTC0002985,C0008910,At-Risk Outreach,Priority Support,23-09-2025,Email,Accepted,Yes
RTC0002986,C0008916,Renewal Nudge,Bill Waiver,04-02-2026,WhatsApp,Declined,Yes
RTC0002987,C0008918,Renewal Nudge,Annual Plan Discount,10-01-2026,Call,No Response,Yes
RTC0002988,C0008920,Win-Back Drive,Priority Support,15-01-2025,App,No Response,Yes
RTC0002989,C0008921,Renewal Nudge,Extra Data 50GB,19-03-2026,App,No Response,Yes
RTC0002990,C0008925,At-Risk Outreach,Plan Upgrade Offer,31-01-2025,WhatsApp,Declined,Yes
RTC0002991,C0008928,Value Retention,Bill Waiver,06-02-2026,Call,Accepted,Yes
RTC0002992,C0008929,Value Retention,Priority Support,13-03-2025,WhatsApp,Accepted,Yes
RTC0002993,C0008932,At-Risk Outreach,Priority Support,23-08-2025,SMS,No Response,Yes
RTC0002994,C0008936,Renewal Nudge,Bill Waiver,12-07-2025,SMS,Accepted,Yes
RTC0002995,C0008941,Loyalty Save,Plan Upgrade Offer,29-01-2026,Call,Accepted,Yes
RTC0002996,C0008945,Value Retention,Cashback Voucher,17-01-2026,App,Accepted,Yes
RTC0002997,C0008946,Value Retention,Free OTT 3 Months,03-07-2025,App,Accepted,No
RTC0002998,C0008951,Renewal Nudge,Priority Support,23-05-2025,App,Declined,Yes
RTC0002999,C0008957,At-Risk Outreach,Free OTT 3 Months,05-04-2025,WhatsApp,Declined,Yes
RTC0003000,C0008958,Loyalty Save,Bill Waiver,15-04-2025,Call,Accepted,Yes
RTC0003001,C0008960,Value Retention,Cashback Voucher,15-07-2025,App,Accepted,Yes
RTC0003002,C0008962,Value Retention,Loyalty Discount 10%,09-04-2025,Email,Declined,Yes
RTC0003003,C0008963,Win-Back Drive,Priority Support,07-06-2025,Email,Accepted,Yes
RTC0003004,C0008967,Value Retention,Free OTT 3 Months,25-03-2026,Call,No Response,Yes
RTC0003005,C0008968,Value Retention,Priority Support,31-10-2025,SMS,Accepted,Yes
RTC0003006,C0008973,Value Retention,Cashback Voucher,15-01-2025,WhatsApp,Accepted,Yes
RTC0003007,C0008978,Value Retention,Extra Data 50GB,09-12-2025,Email,No Response,Yes
RTC0003008,C0008980,At-Risk Outreach,Loyalty Discount 10%,15-09-2025,SMS,Declined,Yes
RTC0003009,C0008981,Win-Back Drive,Extra Data 50GB,15-01-2025,Call,Declined,Yes
RTC0003010,C0008982,Renewal Nudge,Plan Upgrade Offer,13-11-2025,Email,Declined,Yes
RTC0003011,C0008984,Win-Back Drive,Plan Upgrade Offer,23-08-2025,Email,Declined,Yes
RTC0003012,C0008989,Win-Back Drive,Cashback Voucher,09-08-2025,Call,Accepted,Yes
RTC0003013,C0008990,Renewal Nudge,Annual Plan Discount,10-07-2025,Email,Accepted,Yes
RTC0003014,C0008993,Loyalty Save,Loyalty Discount 10%,29-05-2025,Email,Accepted,Yes
RTC0003015,C0008998,At-Risk Outreach,Annual Plan Discount,16-09-2025,SMS,Accepted,Yes
RTC0003016,C0009002,Renewal Nudge,Bill Waiver,13-10-2025,Email,No Response,Yes
RTC0003017,C0009003,At-Risk Outreach,Cashback Voucher,07-04-2025,Email,No Response,Yes
RTC0003018,C0009006,Loyalty Save,Annual Plan Discount,03-02-2025,Email,No Response,Yes
RTC0003019,C0009007,Value Retention,Extra Data 50GB,16-06-2025,SMS,Accepted,Yes
RTC0003020,C0009011,At-Risk Outreach,Annual Plan Discount,24-10-2025,Call,Declined,Yes
RTC0003021,C0009022,Renewal Nudge,Free OTT 3 Months,14-07-2025,WhatsApp,Accepted,Yes
RTC0003022,C0009025,Win-Back Drive,Annual Plan Discount,05-01-2025,WhatsApp,Accepted,No
RTC0003023,C0009032,Renewal Nudge,Extra Data 50GB,12-07-2025,SMS,Declined,Yes
RTC0003024,C0009038,Win-Back Drive,Priority Support,10-10-2025,Email,Accepted,Yes
RTC0003025,C0009044,Win-Back Drive,Extra Data 50GB,24-11-2025,App,No Response,No
RTC0003026,C0009045,Value Retention,Extra Data 50GB,27-05-2025,Email,No Response,Yes
RTC0003027,C0009049,Value Retention,Cashback Voucher,18-10-2025,WhatsApp,Declined,Yes
RTC0003028,C0009050,At-Risk Outreach,Loyalty Discount 10%,16-07-2025,Email,Accepted,Yes
RTC0003029,C0009052,At-Risk Outreach,Plan Upgrade Offer,02-11-2025,WhatsApp,No Response,Yes
RTC0003030,C0009057,Value Retention,Loyalty Discount 10%,03-12-2025,SMS,No Response,Yes
RTC0003031,C0009062,Value Retention,Free OTT 3 Months,25-12-2025,Call,Accepted,Yes
RTC0003032,C0009066,Win-Back Drive,Annual Plan Discount,13-05-2025,SMS,Accepted,No
RTC0003033,C0009070,Loyalty Save,Cashback Voucher,01-05-2025,Email,Declined,No
RTC0003034,C0009074,Loyalty Save,Free OTT 3 Months,03-12-2025,App,No Response,No
RTC0003035,C0009075,Loyalty Save,Plan Upgrade Offer,25-08-2025,WhatsApp,Accepted,Yes
RTC0003036,C0009076,Win-Back Drive,Plan Upgrade Offer,17-04-2025,App,No Response,Yes
RTC0003037,C0009080,Renewal Nudge,Annual Plan Discount,29-07-2025,Email,Accepted,Yes
RTC0003038,C0009084,Value Retention,Extra Data 50GB,18-12-2025,App,Accepted,Yes
RTC0003039,C0009089,Loyalty Save,Loyalty Discount 10%,18-10-2025,WhatsApp,Declined,Yes
RTC0003040,C0009090,Win-Back Drive,Cashback Voucher,21-03-2026,App,Accepted,Yes
RTC0003041,C0009091,Win-Back Drive,Priority Support,03-11-2025,WhatsApp,No Response,Yes
RTC0003042,C0009094,Renewal Nudge,Bill Waiver,07-05-2025,WhatsApp,Declined,No
RTC0003043,C0009095,Loyalty Save,Free OTT 3 Months,24-03-2026,Call,Accepted,Yes
RTC0003044,C0009109,Loyalty Save,Extra Data 50GB,23-01-2025,App,No Response,No
RTC0003045,C0009114,At-Risk Outreach,Bill Waiver,06-06-2025,WhatsApp,No Response,No
RTC0003046,C0009115,Loyalty Save,Priority Support,14-02-2025,SMS,No Response,No
RTC0003047,C0009117,Loyalty Save,Bill Waiver,04-05-2025,WhatsApp,No Response,Yes
RTC0003048,C0009120,Win-Back Drive,Plan Upgrade Offer,30-03-2026,Email,No Response,No
RTC0003049,C0009129,Value Retention,Cashback Voucher,05-02-2026,WhatsApp,Accepted,Yes
RTC0003050,C0009133,Renewal Nudge,Annual Plan Discount,07-12-2025,Call,No Response,Yes
RTC0003051,C0009134,Renewal Nudge,Loyalty Discount 10%,11-02-2026,SMS,No Response,No
RTC0003052,C0009135,Renewal Nudge,Free OTT 3 Months,19-08-2025,SMS,Accepted,No
RTC0003053,C0009136,Renewal Nudge,Loyalty Discount 10%,24-11-2025,Email,Accepted,Yes
RTC0003054,C0009139,Loyalty Save,Priority Support,14-08-2025,WhatsApp,No Response,Yes
RTC0003055,C0009143,Win-Back Drive,Free OTT 3 Months,15-09-2025,App,Declined,Yes
RTC0003056,C0009144,Value Retention,Extra Data 50GB,03-12-2025,Call,Accepted,Yes
RTC0003057,C0009153,Loyalty Save,Annual Plan Discount,09-10-2025,App,Accepted,Yes
RTC0003058,C0009164,Renewal Nudge,Cashback Voucher,09-07-2025,Email,Declined,Yes
RTC0003059,C0009166,Win-Back Drive,Free OTT 3 Months,24-05-2025,Call,Declined,No
RTC0003060,C0009170,Win-Back Drive,Annual Plan Discount,13-08-2025,WhatsApp,Accepted,Yes
RTC0003061,C0009174,At-Risk Outreach,Loyalty Discount 10%,19-02-2025,App,Accepted,Yes
RTC0003062,C0009179,At-Risk Outreach,Cashback Voucher,22-01-2026,Email,Accepted,Yes
RTC0003063,C0009182,At-Risk Outreach,Extra Data 50GB,22-02-2026,SMS,No Response,Yes
RTC0003064,C0009184,Renewal Nudge,Extra Data 50GB,15-06-2025,Call,Accepted,No
RTC0003065,C0009185,Loyalty Save,Bill Waiver,21-01-2025,Call,Declined,Yes
RTC0003066,C0009191,Value Retention,Bill Waiver,12-07-2025,SMS,No Response,Yes
RTC0003067,C0009192,Loyalty Save,Loyalty Discount 10%,18-06-2025,SMS,Declined,Yes
RTC0003068,C0009194,Value Retention,Bill Waiver,31-10-2025,SMS,No Response,Yes
RTC0003069,C0009204,Renewal Nudge,Free OTT 3 Months,27-01-2026,Call,Accepted,Yes
RTC0003070,C0009210,At-Risk Outreach,Extra Data 50GB,08-07-2025,WhatsApp,No Response,Yes
RTC0003071,C0009211,Renewal Nudge,Annual Plan Discount,04-02-2025,App,Accepted,Yes
RTC0003072,C0009212,Renewal Nudge,Free OTT 3 Months,21-04-2025,App,Accepted,No
RTC0003073,C0009213,At-Risk Outreach,Bill Waiver,17-01-2025,App,Accepted,No
RTC0003074,C0009220,At-Risk Outreach,Free OTT 3 Months,29-08-2025,Email,No Response,Yes
RTC0003075,C0009225,Renewal Nudge,Free OTT 3 Months,24-10-2025,WhatsApp,Accepted,Yes
RTC0003076,C0009229,Win-Back Drive,Plan Upgrade Offer,27-08-2025,Email,Declined,Yes
RTC0003077,C0009233,Loyalty Save,Loyalty Discount 10%,20-02-2025,App,Accepted,No
RTC0003078,C0009234,Value Retention,Plan Upgrade Offer,03-03-2025,WhatsApp,No Response,Yes
RTC0003079,C0009235,At-Risk Outreach,Free OTT 3 Months,03-07-2025,WhatsApp,Accepted,Yes
RTC0003080,C0009239,Win-Back Drive,Plan Upgrade Offer,20-03-2025,App,Accepted,Yes
RTC0003081,C0009242,Renewal Nudge,Priority Support,25-02-2025,SMS,No Response,Yes
RTC0003082,C0009243,Win-Back Drive,Free OTT 3 Months,19-03-2026,Email,Accepted,Yes
RTC0003083,C0009244,Value Retention,Bill Waiver,13-11-2025,App,Declined,Yes
RTC0003084,C0009245,Loyalty Save,Priority Support,05-05-2025,Call,Accepted,Yes
RTC0003085,C0009249,Win-Back Drive,Annual Plan Discount,20-02-2025,Call,No Response,Yes
RTC0003086,C0009251,Value Retention,Annual Plan Discount,17-01-2025,Email,No Response,Yes
RTC0003087,C0009252,Value Retention,Annual Plan Discount,20-12-2025,SMS,Declined,No
RTC0003088,C0009255,Renewal Nudge,Cashback Voucher,15-10-2025,Email,Accepted,No
RTC0003089,C0009256,At-Risk Outreach,Free OTT 3 Months,07-03-2025,WhatsApp,No Response,No
RTC0003090,C0009257,At-Risk Outreach,Annual Plan Discount,26-02-2026,Email,Declined,Yes
RTC0003091,C0009259,At-Risk Outreach,Annual Plan Discount,03-03-2026,Email,Declined,Yes
RTC0003092,C0009265,Renewal Nudge,Plan Upgrade Offer,04-07-2025,Email,No Response,Yes
RTC0003093,C0009271,Renewal Nudge,Loyalty Discount 10%,27-11-2025,Call,Accepted,Yes
RTC0003094,C0009275,Value Retention,Priority Support,29-06-2025,WhatsApp,Declined,No
RTC0003095,C0009277,At-Risk Outreach,Free OTT 3 Months,22-11-2025,App,Accepted,Yes
RTC0003096,C0009282,Win-Back Drive,Bill Waiver,01-03-2025,Call,No Response,Yes
RTC0003097,C0009284,Renewal Nudge,Priority Support,23-09-2025,Call,Accepted,Yes
RTC0003098,C0009286,Value Retention,Bill Waiver,15-03-2026,App,Accepted,Yes
RTC0003099,C0009288,Win-Back Drive,Bill Waiver,12-01-2025,SMS,Accepted,Yes
RTC0003100,C0009291,Loyalty Save,Extra Data 50GB,14-11-2025,App,No Response,Yes
RTC0003101,C0009294,Renewal Nudge,Priority Support,12-09-2025,WhatsApp,No Response,Yes
RTC0003102,C0009296,Win-Back Drive,Loyalty Discount 10%,24-07-2025,SMS,Accepted,No
RTC0003103,C0009297,Renewal Nudge,Free OTT 3 Months,22-10-2025,App,Accepted,Yes
RTC0003104,C0009298,Value Retention,Priority Support,01-03-2025,Call,Declined,Yes
RTC0003105,C0009300,At-Risk Outreach,Free OTT 3 Months,15-12-2025,Call,Accepted,Yes
RTC0003106,C0009304,Win-Back Drive,Bill Waiver,10-12-2025,WhatsApp,Declined,No
RTC0003107,C0009306,Win-Back Drive,Extra Data 50GB,25-12-2025,SMS,Accepted,No
RTC0003108,C0009309,Win-Back Drive,Extra Data 50GB,08-12-2025,SMS,Declined,Yes
RTC0003109,C0009313,Win-Back Drive,Plan Upgrade Offer,13-01-2026,Call,Declined,Yes
RTC0003110,C0009316,Value Retention,Free OTT 3 Months,19-03-2025,Email,Declined,Yes
RTC0003111,C0009317,Value Retention,Cashback Voucher,14-12-2025,App,Accepted,Yes
RTC0003112,C0009321,Value Retention,Bill Waiver,06-06-2025,SMS,Declined,Yes
RTC0003113,C0009322,At-Risk Outreach,Cashback Voucher,05-03-2025,App,Declined,Yes
RTC0003114,C0009324,Value Retention,Extra Data 50GB,03-01-2026,WhatsApp,No Response,Yes
RTC0003115,C0009327,At-Risk Outreach,Extra Data 50GB,23-08-2025,Call,Accepted,Yes
RTC0003116,C0009332,At-Risk Outreach,Loyalty Discount 10%,17-11-2025,WhatsApp,Accepted,No
RTC0003117,C0009342,Value Retention,Cashback Voucher,21-06-2025,Email,Accepted,Yes
RTC0003118,C0009343,Value Retention,Extra Data 50GB,21-03-2026,WhatsApp,Accepted,Yes
RTC0003119,C0009347,Loyalty Save,Free OTT 3 Months,19-06-2025,SMS,Declined,Yes
RTC0003120,C0009353,Renewal Nudge,Extra Data 50GB,19-02-2026,WhatsApp,Declined,Yes
RTC0003121,C0009354,Value Retention,Bill Waiver,11-02-2025,WhatsApp,Accepted,Yes
RTC0003122,C0009355,Value Retention,Free OTT 3 Months,05-12-2025,WhatsApp,Accepted,Yes
RTC0003123,C0009356,Value Retention,Cashback Voucher,24-07-2025,WhatsApp,Accepted,Yes
RTC0003124,C0009357,Win-Back Drive,Annual Plan Discount,26-12-2025,SMS,Declined,Yes
RTC0003125,C0009360,Win-Back Drive,Bill Waiver,18-05-2025,SMS,No Response,Yes
RTC0003126,C0009367,Renewal Nudge,Plan Upgrade Offer,23-12-2025,Email,Declined,Yes
RTC0003127,C0009375,Value Retention,Extra Data 50GB,05-02-2025,App,Declined,Yes
RTC0003128,C0009378,Renewal Nudge,Loyalty Discount 10%,09-02-2025,WhatsApp,Declined,Yes
RTC0003129,C0009380,Value Retention,Extra Data 50GB,23-07-2025,WhatsApp,No Response,Yes
RTC0003130,C0009382,Value Retention,Free OTT 3 Months,01-04-2025,WhatsApp,No Response,Yes
RTC0003131,C0009383,Win-Back Drive,Annual Plan Discount,01-11-2025,Email,Accepted,Yes
RTC0003132,C0009385,Renewal Nudge,Bill Waiver,25-12-2025,Call,No Response,Yes
RTC0003133,C0009392,Loyalty Save,Bill Waiver,16-01-2025,SMS,Declined,No
RTC0003134,C0009394,Renewal Nudge,Extra Data 50GB,10-01-2026,WhatsApp,Declined,Yes
RTC0003135,C0009396,At-Risk Outreach,Bill Waiver,06-04-2025,App,Accepted,Yes
RTC0003136,C0009402,Value Retention,Annual Plan Discount,24-01-2025,Email,Declined,Yes
RTC0003137,C0009405,At-Risk Outreach,Free OTT 3 Months,28-05-2025,Email,No Response,Yes
RTC0003138,C0009407,Loyalty Save,Loyalty Discount 10%,27-07-2025,SMS,Declined,Yes
RTC0003139,C0009408,Value Retention,Bill Waiver,09-06-2025,Call,No Response,Yes
RTC0003140,C0009409,At-Risk Outreach,Bill Waiver,17-10-2025,Call,No Response,No
RTC0003141,C0009417,At-Risk Outreach,Extra Data 50GB,24-09-2025,WhatsApp,Declined,Yes
RTC0003142,C0009418,Loyalty Save,Loyalty Discount 10%,10-05-2025,Call,Declined,Yes
RTC0003143,C0009419,Loyalty Save,Bill Waiver,19-01-2026,SMS,Accepted,Yes
RTC0003144,C0009427,Value Retention,Bill Waiver,09-01-2025,Email,Declined,Yes
RTC0003145,C0009428,Loyalty Save,Priority Support,09-08-2025,SMS,Accepted,Yes
RTC0003146,C0009432,Loyalty Save,Loyalty Discount 10%,16-02-2026,SMS,Accepted,Yes
RTC0003147,C0009433,Renewal Nudge,Extra Data 50GB,13-04-2025,SMS,Accepted,Yes
RTC0003148,C0009434,Renewal Nudge,Bill Waiver,30-09-2025,Call,Accepted,Yes
RTC0003149,C0009435,Win-Back Drive,Free OTT 3 Months,12-02-2025,Call,Accepted,Yes
RTC0003150,C0009436,Value Retention,Extra Data 50GB,20-12-2025,App,Accepted,Yes
RTC0003151,C0009444,Win-Back Drive,Extra Data 50GB,16-05-2025,Email,Declined,Yes
RTC0003152,C0009445,Value Retention,Loyalty Discount 10%,20-04-2025,Email,Accepted,Yes
RTC0003153,C0009449,At-Risk Outreach,Annual Plan Discount,11-01-2025,Email,Declined,Yes
RTC0003154,C0009450,Win-Back Drive,Bill Waiver,22-08-2025,SMS,Accepted,Yes
RTC0003155,C0009452,Renewal Nudge,Extra Data 50GB,26-11-2025,WhatsApp,Declined,Yes
RTC0003156,C0009453,Loyalty Save,Priority Support,11-07-2025,Call,Declined,Yes
RTC0003157,C0009454,Win-Back Drive,Priority Support,17-10-2025,Email,Accepted,Yes
RTC0003158,C0009462,Loyalty Save,Extra Data 50GB,23-03-2026,Email,Accepted,Yes
RTC0003159,C0009469,At-Risk Outreach,Plan Upgrade Offer,01-02-2026,SMS,Declined,Yes
RTC0003160,C0009474,Win-Back Drive,Plan Upgrade Offer,28-07-2025,Call,Accepted,Yes
RTC0003161,C0009475,Win-Back Drive,Plan Upgrade Offer,17-08-2025,Email,Declined,Yes
RTC0003162,C0009477,Loyalty Save,Free OTT 3 Months,10-01-2025,SMS,No Response,Yes
RTC0003163,C0009491,Loyalty Save,Extra Data 50GB,07-07-2025,App,Accepted,No
RTC0003164,C0009496,Renewal Nudge,Plan Upgrade Offer,25-03-2025,WhatsApp,No Response,No
RTC0003165,C0009498,Value Retention,Extra Data 50GB,13-02-2026,Email,Declined,Yes
RTC0003166,C0009503,Value Retention,Extra Data 50GB,15-09-2025,Call,Accepted,No
RTC0003167,C0009508,Renewal Nudge,Bill Waiver,16-11-2025,Call,Accepted,Yes
RTC0003168,C0009509,At-Risk Outreach,Priority Support,24-02-2026,Email,Declined,Yes
RTC0003169,C0009510,Value Retention,Cashback Voucher,26-03-2025,WhatsApp,No Response,Yes
RTC0003170,C0009511,At-Risk Outreach,Cashback Voucher,20-11-2025,App,Accepted,Yes
RTC0003171,C0009519,Win-Back Drive,Plan Upgrade Offer,01-10-2025,SMS,Declined,Yes
RTC0003172,C0009521,Win-Back Drive,Cashback Voucher,03-08-2025,Email,Accepted,Yes
RTC0003173,C0009525,At-Risk Outreach,Cashback Voucher,29-03-2025,WhatsApp,Declined,Yes
RTC0003174,C0009527,Loyalty Save,Bill Waiver,26-10-2025,Call,No Response,Yes
RTC0003175,C0009528,At-Risk Outreach,Plan Upgrade Offer,07-03-2026,Email,Accepted,Yes
RTC0003176,C0009529,Renewal Nudge,Bill Waiver,17-05-2025,SMS,No Response,Yes
RTC0003177,C0009536,Renewal Nudge,Cashback Voucher,02-02-2025,WhatsApp,No Response,Yes
RTC0003178,C0009537,Value Retention,Priority Support,28-11-2025,SMS,Accepted,Yes
RTC0003179,C0009538,Loyalty Save,Loyalty Discount 10%,01-11-2025,WhatsApp,Declined,Yes
RTC0003180,C0009539,Win-Back Drive,Free OTT 3 Months,09-06-2025,App,No Response,Yes
RTC0003181,C0009541,Value Retention,Cashback Voucher,23-01-2025,WhatsApp,Declined,Yes
RTC0003182,C0009542,Value Retention,Free OTT 3 Months,10-04-2025,WhatsApp,Accepted,Yes
RTC0003183,C0009543,Renewal Nudge,Loyalty Discount 10%,12-01-2026,WhatsApp,Declined,Yes
RTC0003184,C0009544,Renewal Nudge,Cashback Voucher,02-02-2025,WhatsApp,Accepted,Yes
RTC0003185,C0009546,Loyalty Save,Priority Support,16-06-2025,Email,Accepted,Yes
RTC0003186,C0009550,At-Risk Outreach,Extra Data 50GB,23-03-2025,App,No Response,Yes
RTC0003187,C0009552,Renewal Nudge,Loyalty Discount 10%,10-04-2025,App,No Response,Yes
RTC0003188,C0009556,Win-Back Drive,Extra Data 50GB,09-01-2026,Email,Declined,Yes
RTC0003189,C0009561,At-Risk Outreach,Plan Upgrade Offer,23-02-2026,WhatsApp,Accepted,Yes
RTC0003190,C0009566,Win-Back Drive,Loyalty Discount 10%,02-12-2025,Email,Declined,Yes
RTC0003191,C0009570,Value Retention,Loyalty Discount 10%,19-07-2025,Email,No Response,Yes
RTC0003192,C0009571,Loyalty Save,Loyalty Discount 10%,15-12-2025,WhatsApp,Accepted,Yes
RTC0003193,C0009573,Win-Back Drive,Plan Upgrade Offer,03-06-2025,SMS,Declined,Yes
RTC0003194,C0009574,At-Risk Outreach,Plan Upgrade Offer,09-10-2025,WhatsApp,Accepted,Yes
RTC0003195,C0009575,Renewal Nudge,Free OTT 3 Months,09-10-2025,SMS,Accepted,Yes
RTC0003196,C0009577,Value Retention,Priority Support,15-05-2025,SMS,Accepted,No
RTC0003197,C0009579,At-Risk Outreach,Cashback Voucher,15-07-2025,Email,Accepted,No
RTC0003198,C0009582,Loyalty Save,Bill Waiver,10-07-2025,App,Declined,Yes
RTC0003199,C0009585,Loyalty Save,Extra Data 50GB,06-04-2025,WhatsApp,No Response,Yes
RTC0003200,C0009589,At-Risk Outreach,Priority Support,06-03-2026,Email,No Response,Yes
RTC0003201,C0009593,Loyalty Save,Priority Support,27-11-2025,WhatsApp,Accepted,Yes
RTC0003202,C0009596,Renewal Nudge,Free OTT 3 Months,13-05-2025,Email,No Response,Yes
RTC0003203,C0009598,Loyalty Save,Loyalty Discount 10%,03-03-2026,SMS,No Response,Yes
RTC0003204,C0009602,Value Retention,Free OTT 3 Months,11-12-2025,SMS,Declined,No
RTC0003205,C0009603,Loyalty Save,Bill Waiver,22-01-2025,SMS,Accepted,Yes
RTC0003206,C0009606,Value Retention,Free OTT 3 Months,19-12-2025,App,Declined,Yes
RTC0003207,C0009607,Win-Back Drive,Loyalty Discount 10%,23-05-2025,WhatsApp,Accepted,Yes
RTC0003208,C0009608,Win-Back Drive,Priority Support,20-01-2026,Email,Accepted,Yes
RTC0003209,C0009622,At-Risk Outreach,Extra Data 50GB,06-01-2026,Email,No Response,No
RTC0003210,C0009623,Loyalty Save,Free OTT 3 Months,29-09-2025,SMS,No Response,No
RTC0003211,C0009628,Value Retention,Free OTT 3 Months,02-01-2025,App,No Response,Yes
RTC0003212,C0009630,Win-Back Drive,Cashback Voucher,09-02-2026,SMS,Accepted,No
RTC0003213,C0009632,Win-Back Drive,Free OTT 3 Months,28-09-2025,WhatsApp,No Response,No
RTC0003214,C0009633,Value Retention,Extra Data 50GB,01-11-2025,Call,Accepted,Yes
RTC0003215,C0009636,At-Risk Outreach,Annual Plan Discount,10-03-2025,WhatsApp,No Response,Yes
RTC0003216,C0009639,Win-Back Drive,Cashback Voucher,28-02-2026,Email,Declined,Yes
RTC0003217,C0009647,At-Risk Outreach,Bill Waiver,24-02-2025,Email,Declined,Yes
RTC0003218,C0009648,At-Risk Outreach,Free OTT 3 Months,02-09-2025,Email,Declined,Yes
RTC0003219,C0009649,At-Risk Outreach,Loyalty Discount 10%,04-05-2025,SMS,No Response,No
RTC0003220,C0009650,Renewal Nudge,Cashback Voucher,17-01-2026,WhatsApp,Accepted,Yes
RTC0003221,C0009659,Win-Back Drive,Cashback Voucher,18-02-2025,WhatsApp,No Response,Yes
RTC0003222,C0009668,Loyalty Save,Bill Waiver,25-11-2025,SMS,Accepted,Yes
RTC0003223,C0009670,Win-Back Drive,Extra Data 50GB,23-01-2025,Call,Declined,Yes
RTC0003224,C0009682,Win-Back Drive,Cashback Voucher,18-09-2025,SMS,Declined,Yes
RTC0003225,C0009683,Win-Back Drive,Plan Upgrade Offer,13-07-2025,WhatsApp,Declined,Yes
RTC0003226,C0009685,Value Retention,Bill Waiver,25-05-2025,App,Accepted,Yes
RTC0003227,C0009686,Renewal Nudge,Extra Data 50GB,19-02-2025,Call,Accepted,Yes
RTC0003228,C0009689,At-Risk Outreach,Priority Support,31-05-2025,WhatsApp,Accepted,Yes
RTC0003229,C0009691,Renewal Nudge,Annual Plan Discount,07-04-2025,SMS,Accepted,Yes
RTC0003230,C0009693,Value Retention,Plan Upgrade Offer,25-04-2025,SMS,Accepted,Yes
RTC0003231,C0009694,Win-Back Drive,Loyalty Discount 10%,16-02-2026,Email,Accepted,No
RTC0003232,C0009696,Win-Back Drive,Free OTT 3 Months,29-05-2025,App,No Response,Yes
RTC0003233,C0009699,Renewal Nudge,Free OTT 3 Months,18-12-2025,WhatsApp,No Response,Yes
RTC0003234,C0009709,Renewal Nudge,Priority Support,28-03-2026,SMS,No Response,No
RTC0003235,C0009712,Renewal Nudge,Free OTT 3 Months,25-01-2026,SMS,Accepted,Yes
RTC0003236,C0009715,At-Risk Outreach,Priority Support,11-03-2026,SMS,Accepted,Yes
RTC0003237,C0009720,Loyalty Save,Priority Support,02-01-2026,SMS,No Response,Yes
RTC0003238,C0009721,Loyalty Save,Loyalty Discount 10%,25-09-2025,Call,No Response,Yes
RTC0003239,C0009722,Value Retention,Bill Waiver,06-02-2025,WhatsApp,No Response,Yes
RTC0003240,C0009723,At-Risk Outreach,Plan Upgrade Offer,27-12-2025,App,No Response,Yes
RTC0003241,C0009725,Loyalty Save,Loyalty Discount 10%,24-03-2025,WhatsApp,Accepted,Yes
RTC0003242,C0009727,Renewal Nudge,Annual Plan Discount,02-02-2026,App,Accepted,Yes
RTC0003243,C0009729,Value Retention,Free OTT 3 Months,16-08-2025,Email,Accepted,Yes
RTC0003244,C0009731,At-Risk Outreach,Bill Waiver,04-11-2025,WhatsApp,Accepted,No
RTC0003245,C0009734,Value Retention,Plan Upgrade Offer,20-06-2025,Email,Accepted,Yes
RTC0003246,C0009735,Renewal Nudge,Bill Waiver,20-01-2026,App,Accepted,Yes
RTC0003247,C0009738,Win-Back Drive,Cashback Voucher,19-09-2025,SMS,No Response,Yes
RTC0003248,C0009739,Loyalty Save,Loyalty Discount 10%,20-06-2025,SMS,Accepted,Yes
RTC0003249,C0009740,At-Risk Outreach,Free OTT 3 Months,16-10-2025,WhatsApp,Accepted,Yes
RTC0003250,C0009743,At-Risk Outreach,Loyalty Discount 10%,14-06-2025,WhatsApp,Declined,No
RTC0003251,C0009745,Win-Back Drive,Priority Support,15-03-2026,Call,Accepted,Yes
RTC0003252,C0009750,Value Retention,Loyalty Discount 10%,09-11-2025,Email,No Response,No
RTC0003253,C0009760,Value Retention,Annual Plan Discount,01-01-2026,SMS,Declined,Yes
RTC0003254,C0009763,Loyalty Save,Extra Data 50GB,17-04-2025,WhatsApp,Declined,Yes
RTC0003255,C0009765,Renewal Nudge,Cashback Voucher,11-12-2025,Email,Declined,Yes
RTC0003256,C0009768,Win-Back Drive,Annual Plan Discount,28-06-2025,SMS,Accepted,Yes
RTC0003257,C0009769,Win-Back Drive,Plan Upgrade Offer,04-04-2025,App,Accepted,Yes
RTC0003258,C0009773,Value Retention,Cashback Voucher,13-10-2025,WhatsApp,No Response,Yes
RTC0003259,C0009775,Win-Back Drive,Cashback Voucher,09-01-2025,SMS,Accepted,Yes
RTC0003260,C0009776,Renewal Nudge,Loyalty Discount 10%,10-09-2025,App,Accepted,Yes
RTC0003261,C0009777,Value Retention,Bill Waiver,18-03-2025,Call,Declined,Yes
RTC0003262,C0009778,Value Retention,Loyalty Discount 10%,31-05-2025,SMS,Accepted,Yes
RTC0003263,C0009781,Win-Back Drive,Priority Support,21-09-2025,App,No Response,Yes
RTC0003264,C0009782,Value Retention,Bill Waiver,19-02-2025,App,Accepted,Yes
RTC0003265,C0009783,Win-Back Drive,Annual Plan Discount,21-03-2025,App,Declined,No
RTC0003266,C0009804,Renewal Nudge,Extra Data 50GB,21-01-2025,Email,No Response,Yes
RTC0003267,C0009806,Loyalty Save,Loyalty Discount 10%,26-06-2025,App,Accepted,No
RTC0003268,C0009808,Value Retention,Free OTT 3 Months,27-06-2025,WhatsApp,Accepted,Yes
RTC0003269,C0009815,Loyalty Save,Annual Plan Discount,09-01-2026,Call,No Response,Yes
RTC0003270,C0009816,Value Retention,Loyalty Discount 10%,06-09-2025,Email,Declined,Yes
RTC0003271,C0009817,Win-Back Drive,Annual Plan Discount,16-03-2025,WhatsApp,Declined,Yes
RTC0003272,C0009818,Win-Back Drive,Free OTT 3 Months,04-07-2025,SMS,No Response,Yes
RTC0003273,C0009823,At-Risk Outreach,Free OTT 3 Months,27-05-2025,App,Declined,Yes
RTC0003274,C0009824,Win-Back Drive,Loyalty Discount 10%,26-03-2026,Email,Declined,Yes
RTC0003275,C0009825,Value Retention,Cashback Voucher,12-03-2026,App,Declined,Yes
RTC0003276,C0009833,Win-Back Drive,Loyalty Discount 10%,24-12-2025,Call,No Response,Yes
RTC0003277,C0009834,Loyalty Save,Priority Support,23-12-2025,App,Declined,Yes
RTC0003278,C0009835,Win-Back Drive,Cashback Voucher,11-05-2025,SMS,Declined,No
RTC0003279,C0009836,Renewal Nudge,Priority Support,23-01-2026,Email,No Response,Yes
RTC0003280,C0009838,Renewal Nudge,Plan Upgrade Offer,14-08-2025,Call,No Response,Yes
RTC0003281,C0009842,At-Risk Outreach,Extra Data 50GB,22-05-2025,App,Declined,Yes
RTC0003282,C0009848,Win-Back Drive,Extra Data 50GB,24-06-2025,SMS,Declined,Yes
RTC0003283,C0009849,Win-Back Drive,Cashback Voucher,19-08-2025,Call,Declined,Yes
RTC0003284,C0009850,Loyalty Save,Free OTT 3 Months,25-02-2026,Email,No Response,Yes
RTC0003285,C0009851,Win-Back Drive,Loyalty Discount 10%,21-07-2025,Email,Accepted,Yes
RTC0003286,C0009852,Win-Back Drive,Annual Plan Discount,28-03-2025,Call,No Response,No
RTC0003287,C0009854,At-Risk Outreach,Loyalty Discount 10%,13-01-2026,WhatsApp,Accepted,No
RTC0003288,C0009857,Value Retention,Free OTT 3 Months,23-03-2026,Email,No Response,Yes
RTC0003289,C0009863,At-Risk Outreach,Annual Plan Discount,08-11-2025,App,Accepted,Yes
RTC0003290,C0009864,Value Retention,Free OTT 3 Months,01-01-2026,Call,Accepted,Yes
RTC0003291,C0009874,Renewal Nudge,Priority Support,19-11-2025,Call,Declined,Yes
RTC0003292,C0009882,Value Retention,Cashback Voucher,02-02-2025,Email,Declined,Yes
RTC0003293,C0009883,Renewal Nudge,Cashback Voucher,07-08-2025,Email,Accepted,Yes
RTC0003294,C0009886,Value Retention,Annual Plan Discount,04-10-2025,WhatsApp,Accepted,Yes
RTC0003295,C0009887,Win-Back Drive,Extra Data 50GB,05-02-2025,SMS,Declined,Yes
RTC0003296,C0009888,Loyalty Save,Extra Data 50GB,01-03-2026,Call,No Response,Yes
RTC0003297,C0009890,Win-Back Drive,Annual Plan Discount,09-11-2025,App,Accepted,Yes
RTC0003298,C0009893,At-Risk Outreach,Annual Plan Discount,03-01-2025,App,Declined,Yes
RTC0003299,C0009894,Win-Back Drive,Plan Upgrade Offer,25-05-2025,WhatsApp,Accepted,Yes
RTC0003300,C0009899,Value Retention,Plan Upgrade Offer,23-06-2025,WhatsApp,Accepted,Yes
RTC0003301,C0009901,Win-Back Drive,Plan Upgrade Offer,12-02-2026,SMS,Declined,Yes
RTC0003302,C0009902,Value Retention,Loyalty Discount 10%,03-03-2026,Email,Accepted,Yes
RTC0003303,C0009908,Value Retention,Plan Upgrade Offer,19-10-2025,App,No Response,Yes
RTC0003304,C0009917,Renewal Nudge,Free OTT 3 Months,22-07-2025,SMS,No Response,Yes
RTC0003305,C0009921,Renewal Nudge,Loyalty Discount 10%,01-04-2025,App,Accepted,Yes
RTC0003306,C0009924,Win-Back Drive,Loyalty Discount 10%,04-12-2025,App,Accepted,Yes
RTC0003307,C0009927,At-Risk Outreach,Plan Upgrade Offer,16-03-2026,App,No Response,Yes
RTC0003308,C0009929,Win-Back Drive,Free OTT 3 Months,03-05-2025,WhatsApp,Accepted,Yes
RTC0003309,C0009934,Value Retention,Bill Waiver,07-01-2025,App,Accepted,Yes
RTC0003310,C0009950,Value Retention,Plan Upgrade Offer,10-08-2025,Call,Accepted,Yes
RTC0003311,C0009954,At-Risk Outreach,Plan Upgrade Offer,10-06-2025,App,No Response,Yes
RTC0003312,C0009957,Loyalty Save,Annual Plan Discount,27-07-2025,Email,Accepted,Yes
RTC0003313,C0009959,Win-Back Drive,Priority Support,05-05-2025,App,Declined,Yes
RTC0003314,C0009965,At-Risk Outreach,Extra Data 50GB,28-12-2025,SMS,Declined,Yes
RTC0003315,C0009966,Value Retention,Bill Waiver,27-10-2025,Email,Declined,Yes
RTC0003316,C0009967,Value Retention,Priority Support,08-09-2025,App,Accepted,Yes
RTC0003317,C0009968,Renewal Nudge,Loyalty Discount 10%,04-09-2025,WhatsApp,No Response,Yes
RTC0003318,C0009969,Value Retention,Loyalty Discount 10%,19-02-2026,SMS,Accepted,Yes
RTC0003319,C0009970,Renewal Nudge,Cashback Voucher,23-07-2025,Email,Accepted,No
RTC0003320,C0009971,Value Retention,Plan Upgrade Offer,30-10-2025,SMS,Accepted,No
RTC0003321,C0009972,Renewal Nudge,Annual Plan Discount,27-01-2026,SMS,Accepted,Yes
RTC0003322,C0009975,Loyalty Save,Priority Support,16-01-2026,App,No Response,Yes
RTC0003323,C0009981,Renewal Nudge,Cashback Voucher,04-01-2025,SMS,Declined,Yes
RTC0003324,C0009983,At-Risk Outreach,Annual Plan Discount,27-01-2025,SMS,No Response,No
RTC0003325,C0009985,Renewal Nudge,Plan Upgrade Offer,13-04-2025,WhatsApp,Accepted,Yes
RTC0003326,C0009989,Win-Back Drive,Extra Data 50GB,27-02-2026,App,Declined,Yes
RTC0003327,C0009991,At-Risk Outreach,Annual Plan Discount,01-01-2026,Call,Declined,Yes
RTC0003328,C0009992,Renewal Nudge,Annual Plan Discount,23-05-2025,WhatsApp,Accepted,Yes
RTC0003329,C0009995,Win-Back Drive,Priority Support,09-04-2025,SMS,Accepted,Yes
RTC0003330,C0009997,Win-Back Drive,Annual Plan Discount,11-03-2026,App,Accepted,No
RTC0003331,C0009998,Value Retention,Annual Plan Discount,08-10-2025,WhatsApp,No Response,Yes
RTC0003332,C0010000,Renewal Nudge,Cashback Voucher,13-05-2025,WhatsApp,Declined,Yes
RTC0003333,C0010001,Renewal Nudge,Loyalty Discount 10%,06-01-2026,App,Declined,No
RTC0003334,C0010003,Win-Back Drive,Annual Plan Discount,18-09-2025,Call,No Response,Yes
RTC0003335,C0010010,Value Retention,Loyalty Discount 10%,06-01-2026,WhatsApp,No Response,No
RTC0003336,C0010014,At-Risk Outreach,Plan Upgrade Offer,21-02-2026,Email,Accepted,Yes
RTC0003337,C0010019,At-Risk Outreach,Annual Plan Discount,16-02-2025,Call,No Response,Yes
RTC0003338,C0010020,Value Retention,Plan Upgrade Offer,18-11-2025,App,Accepted,Yes
RTC0003339,C0010022,Loyalty Save,Bill Waiver,11-07-2025,Call,Accepted,Yes
RTC0003340,C0010025,Renewal Nudge,Priority Support,31-10-2025,WhatsApp,No Response,No
RTC0003341,C0010031,Win-Back Drive,Loyalty Discount 10%,16-08-2025,SMS,Declined,Yes
RTC0003342,C0010033,Loyalty Save,Free OTT 3 Months,07-06-2025,Call,No Response,Yes
RTC0003343,C0010034,Value Retention,Extra Data 50GB,07-09-2025,Email,No Response,Yes
RTC0003344,C0010036,At-Risk Outreach,Free OTT 3 Months,18-03-2026,WhatsApp,No Response,Yes
RTC0003345,C0010037,Renewal Nudge,Free OTT 3 Months,20-02-2025,SMS,Accepted,Yes
RTC0003346,C0010040,At-Risk Outreach,Bill Waiver,15-12-2025,Call,Accepted,Yes
RTC0003347,C0010041,Value Retention,Priority Support,22-11-2025,App,Accepted,Yes
RTC0003348,C0010047,Win-Back Drive,Annual Plan Discount,12-03-2025,Call,No Response,Yes
RTC0003349,C0010049,Value Retention,Cashback Voucher,06-11-2025,WhatsApp,Declined,Yes
RTC0003350,C0010051,Loyalty Save,Plan Upgrade Offer,23-02-2026,Call,No Response,No
RTC0003351,C0010052,At-Risk Outreach,Loyalty Discount 10%,09-05-2025,WhatsApp,Accepted,Yes
RTC0003352,C0010055,Renewal Nudge,Extra Data 50GB,31-03-2025,App,No Response,Yes
RTC0003353,C0010057,Win-Back Drive,Priority Support,09-04-2025,Call,Accepted,Yes
RTC0003354,C0010058,Renewal Nudge,Plan Upgrade Offer,20-10-2025,App,Declined,Yes
RTC0003355,C0010059,Value Retention,Cashback Voucher,25-04-2025,SMS,No Response,Yes
RTC0003356,C0010064,Renewal Nudge,Annual Plan Discount,28-08-2025,Email,No Response,Yes
RTC0003357,C0010065,Win-Back Drive,Annual Plan Discount,13-04-2025,Email,Declined,Yes
RTC0003358,C0010066,Value Retention,Loyalty Discount 10%,23-08-2025,Email,No Response,Yes
RTC0003359,C0010067,Renewal Nudge,Extra Data 50GB,16-10-2025,App,Accepted,Yes
RTC0003360,C0010069,Win-Back Drive,Annual Plan Discount,25-04-2025,Email,Declined,No
RTC0003361,C0010075,Win-Back Drive,Cashback Voucher,11-03-2025,Email,Declined,Yes
RTC0003362,C0010076,At-Risk Outreach,Free OTT 3 Months,05-08-2025,WhatsApp,Accepted,Yes
RTC0003363,C0010079,At-Risk Outreach,Annual Plan Discount,16-10-2025,Call,Declined,Yes
RTC0003364,C0010083,Value Retention,Plan Upgrade Offer,13-06-2025,Call,Accepted,Yes
RTC0003365,C0010087,At-Risk Outreach,Loyalty Discount 10%,09-10-2025,App,Accepted,Yes
RTC0003366,C0010088,Win-Back Drive,Bill Waiver,16-03-2025,App,Accepted,No
RTC0003367,C0010089,At-Risk Outreach,Annual Plan Discount,16-02-2026,WhatsApp,Declined,Yes
RTC0003368,C0010091,Value Retention,Free OTT 3 Months,26-06-2025,App,Declined,No
RTC0003369,C0010095,Renewal Nudge,Priority Support,02-02-2025,SMS,Declined,Yes
RTC0003370,C0010105,Value Retention,Cashback Voucher,17-05-2025,WhatsApp,Accepted,Yes
RTC0003371,C0010118,Value Retention,Loyalty Discount 10%,26-07-2025,WhatsApp,Declined,Yes
RTC0003372,C0010121,Win-Back Drive,Loyalty Discount 10%,13-12-2025,App,Declined,Yes
RTC0003373,C0010122,Value Retention,Loyalty Discount 10%,25-02-2026,Email,Declined,Yes
RTC0003374,C0010132,Value Retention,Extra Data 50GB,15-07-2025,SMS,Accepted,Yes
RTC0003375,C0010136,Renewal Nudge,Annual Plan Discount,30-12-2025,SMS,Declined,Yes
RTC0003376,C0010140,Value Retention,Annual Plan Discount,05-03-2025,Call,Accepted,No
RTC0003377,C0010141,At-Risk Outreach,Cashback Voucher,28-11-2025,Email,No Response,Yes
RTC0003378,C0010142,Renewal Nudge,Cashback Voucher,14-07-2025,App,Declined,Yes
RTC0003379,C0010147,At-Risk Outreach,Priority Support,29-12-2025,Call,No Response,Yes
RTC0003380,C0010150,Win-Back Drive,Annual Plan Discount,21-06-2025,SMS,Accepted,Yes
RTC0003381,C0010152,Loyalty Save,Extra Data 50GB,03-02-2026,Call,Declined,Yes
RTC0003382,C0010153,Loyalty Save,Cashback Voucher,15-01-2025,App,No Response,Yes
RTC0003383,C0010155,Value Retention,Priority Support,05-06-2025,App,Accepted,Yes
RTC0003384,C0010158,Loyalty Save,Priority Support,24-08-2025,App,Accepted,Yes
RTC0003385,C0010160,Win-Back Drive,Plan Upgrade Offer,01-01-2026,Email,No Response,Yes
RTC0003386,C0010161,Win-Back Drive,Bill Waiver,18-10-2025,Email,No Response,No
RTC0003387,C0010172,Renewal Nudge,Cashback Voucher,01-02-2026,Call,No Response,Yes
RTC0003388,C0010180,At-Risk Outreach,Bill Waiver,02-04-2025,Email,Accepted,Yes
RTC0003389,C0010182,Win-Back Drive,Plan Upgrade Offer,16-06-2025,App,No Response,Yes
RTC0003390,C0010183,Win-Back Drive,Loyalty Discount 10%,14-05-2025,App,Declined,Yes
RTC0003391,C0010188,At-Risk Outreach,Loyalty Discount 10%,17-12-2025,WhatsApp,No Response,Yes
RTC0003392,C0010193,Loyalty Save,Loyalty Discount 10%,09-09-2025,SMS,Accepted,Yes
RTC0003393,C0010195,Win-Back Drive,Extra Data 50GB,28-11-2025,App,Accepted,Yes
RTC0003394,C0010196,Loyalty Save,Plan Upgrade Offer,28-07-2025,Call,Accepted,Yes
RTC0003395,C0010198,Value Retention,Plan Upgrade Offer,11-01-2026,Call,Accepted,Yes
RTC0003396,C0010201,Renewal Nudge,Bill Waiver,15-03-2026,WhatsApp,Declined,No
RTC0003397,C0010204,Win-Back Drive,Loyalty Discount 10%,10-01-2025,WhatsApp,Accepted,Yes
RTC0003398,C0010208,Renewal Nudge,Plan Upgrade Offer,11-02-2026,Email,Declined,Yes
RTC0003399,C0010210,Renewal Nudge,Priority Support,20-03-2025,App,Accepted,No
RTC0003400,C0010216,At-Risk Outreach,Cashback Voucher,18-03-2026,SMS,Accepted,Yes
RTC0003401,C0010219,Win-Back Drive,Loyalty Discount 10%,01-10-2025,WhatsApp,Accepted,Yes
RTC0003402,C0010220,Win-Back Drive,Plan Upgrade Offer,26-12-2025,Call,Accepted,Yes
RTC0003403,C0010222,Loyalty Save,Priority Support,09-08-2025,Email,Declined,No
RTC0003404,C0010224,At-Risk Outreach,Extra Data 50GB,01-08-2025,SMS,Declined,Yes
RTC0003405,C0010225,Value Retention,Loyalty Discount 10%,26-05-2025,Email,Accepted,Yes
RTC0003406,C0010227,Win-Back Drive,Annual Plan Discount,03-10-2025,Call,No Response,Yes
RTC0003407,C0010232,At-Risk Outreach,Cashback Voucher,26-08-2025,App,Accepted,Yes
RTC0003408,C0010234,Renewal Nudge,Annual Plan Discount,21-02-2025,App,Declined,Yes
RTC0003409,C0010241,Loyalty Save,Cashback Voucher,19-07-2025,App,No Response,Yes
RTC0003410,C0010243,Renewal Nudge,Loyalty Discount 10%,23-10-2025,WhatsApp,Accepted,Yes
RTC0003411,C0010245,At-Risk Outreach,Bill Waiver,11-12-2025,App,No Response,Yes
RTC0003412,C0010247,Renewal Nudge,Free OTT 3 Months,11-11-2025,App,Declined,No
RTC0003413,C0010251,Value Retention,Free OTT 3 Months,14-12-2025,WhatsApp,No Response,Yes
RTC0003414,C0010256,Value Retention,Free OTT 3 Months,22-12-2025,Email,No Response,Yes
RTC0003415,C0010257,At-Risk Outreach,Cashback Voucher,17-01-2025,App,Accepted,No
RTC0003416,C0010258,Loyalty Save,Plan Upgrade Offer,07-03-2025,SMS,Accepted,Yes
RTC0003417,C0010260,Win-Back Drive,Priority Support,30-08-2025,Email,Accepted,Yes
RTC0003418,C0010268,Renewal Nudge,Loyalty Discount 10%,05-02-2025,Email,Accepted,Yes
RTC0003419,C0010269,Renewal Nudge,Priority Support,05-09-2025,Email,Declined,Yes
RTC0003420,C0010271,At-Risk Outreach,Loyalty Discount 10%,23-07-2025,SMS,No Response,Yes
RTC0003421,C0010272,Loyalty Save,Annual Plan Discount,14-10-2025,Email,Accepted,Yes
RTC0003422,C0010273,Win-Back Drive,Extra Data 50GB,07-07-2025,Email,Accepted,No
RTC0003423,C0010275,Value Retention,Bill Waiver,12-06-2025,SMS,Accepted,Yes
RTC0003424,C0010282,Loyalty Save,Loyalty Discount 10%,04-10-2025,Email,No Response,Yes
RTC0003425,C0010284,Win-Back Drive,Bill Waiver,17-03-2026,Email,Declined,Yes
RTC0003426,C0010285,At-Risk Outreach,Plan Upgrade Offer,18-12-2025,App,Accepted,Yes
RTC0003427,C0010288,Loyalty Save,Bill Waiver,14-01-2025,WhatsApp,Accepted,Yes
RTC0003428,C0010289,Renewal Nudge,Priority Support,29-08-2025,SMS,Accepted,Yes
RTC0003429,C0010292,At-Risk Outreach,Priority Support,09-03-2026,Email,Declined,Yes
RTC0003430,C0010296,Win-Back Drive,Annual Plan Discount,13-02-2025,WhatsApp,No Response,Yes
RTC0003431,C0010297,Win-Back Drive,Free OTT 3 Months,09-08-2025,Email,Accepted,Yes
RTC0003432,C0010303,Loyalty Save,Loyalty Discount 10%,07-02-2026,SMS,Accepted,Yes
RTC0003433,C0010304,Loyalty Save,Free OTT 3 Months,29-10-2025,App,Accepted,Yes
RTC0003434,C0010305,At-Risk Outreach,Plan Upgrade Offer,13-04-2025,App,Declined,Yes
RTC0003435,C0010306,Win-Back Drive,Priority Support,23-12-2025,WhatsApp,No Response,Yes
RTC0003436,C0010313,Renewal Nudge,Extra Data 50GB,19-12-2025,SMS,Declined,Yes
RTC0003437,C0010315,Win-Back Drive,Annual Plan Discount,16-10-2025,App,Accepted,Yes
RTC0003438,C0010316,Renewal Nudge,Plan Upgrade Offer,19-01-2025,Call,Accepted,Yes
RTC0003439,C0010317,Value Retention,Bill Waiver,15-03-2026,App,Accepted,Yes
RTC0003440,C0010318,Value Retention,Priority Support,26-12-2025,WhatsApp,No Response,No
RTC0003441,C0010319,Win-Back Drive,Annual Plan Discount,14-06-2025,WhatsApp,No Response,Yes
RTC0003442,C0010325,At-Risk Outreach,Priority Support,15-07-2025,Call,No Response,No
RTC0003443,C0010328,Win-Back Drive,Free OTT 3 Months,30-08-2025,WhatsApp,No Response,Yes
RTC0003444,C0010329,Value Retention,Annual Plan Discount,25-08-2025,App,Declined,No
RTC0003445,C0010330,Loyalty Save,Priority Support,21-01-2025,Call,Accepted,Yes
RTC0003446,C0010332,At-Risk Outreach,Annual Plan Discount,31-03-2025,Call,Accepted,Yes
RTC0003447,C0010333,Loyalty Save,Cashback Voucher,20-02-2026,WhatsApp,Accepted,Yes
RTC0003448,C0010335,Value Retention,Extra Data 50GB,03-12-2025,App,No Response,No
RTC0003449,C0010337,Win-Back Drive,Cashback Voucher,15-12-2025,App,Accepted,Yes
RTC0003450,C0010339,At-Risk Outreach,Loyalty Discount 10%,06-10-2025,App,No Response,No
RTC0003451,C0010340,Value Retention,Loyalty Discount 10%,28-01-2025,SMS,Accepted,Yes
RTC0003452,C0010341,At-Risk Outreach,Plan Upgrade Offer,15-03-2025,WhatsApp,Accepted,Yes
RTC0003453,C0010343,Value Retention,Plan Upgrade Offer,31-08-2025,Call,Accepted,Yes
RTC0003454,C0010346,Renewal Nudge,Bill Waiver,25-10-2025,Email,Accepted,Yes
RTC0003455,C0010349,At-Risk Outreach,Extra Data 50GB,07-04-2025,WhatsApp,Accepted,Yes
RTC0003456,C0010355,Value Retention,Extra Data 50GB,03-12-2025,WhatsApp,No Response,No
RTC0003457,C0010358,Loyalty Save,Cashback Voucher,26-07-2025,SMS,Declined,Yes
RTC0003458,C0010360,Loyalty Save,Extra Data 50GB,18-03-2025,Email,No Response,Yes
RTC0003459,C0010361,Win-Back Drive,Annual Plan Discount,07-02-2025,SMS,Accepted,Yes
RTC0003460,C0010363,Value Retention,Loyalty Discount 10%,12-02-2025,Call,Declined,Yes
RTC0003461,C0010364,Value Retention,Extra Data 50GB,09-09-2025,SMS,Accepted,Yes
RTC0003462,C0010366,Loyalty Save,Priority Support,20-03-2025,Email,Accepted,Yes
RTC0003463,C0010369,Loyalty Save,Annual Plan Discount,09-02-2025,SMS,Declined,Yes
RTC0003464,C0010370,Win-Back Drive,Loyalty Discount 10%,23-05-2025,Email,No Response,Yes
RTC0003465,C0010374,Win-Back Drive,Extra Data 50GB,03-01-2026,Call,Declined,Yes
RTC0003466,C0010376,At-Risk Outreach,Cashback Voucher,11-02-2025,App,Declined,No
RTC0003467,C0010377,Loyalty Save,Free OTT 3 Months,19-12-2025,Email,Declined,Yes
RTC0003468,C0010380,Renewal Nudge,Cashback Voucher,03-10-2025,WhatsApp,No Response,Yes
RTC0003469,C0010382,Loyalty Save,Free OTT 3 Months,18-10-2025,App,Accepted,Yes
RTC0003470,C0010386,Loyalty Save,Extra Data 50GB,10-09-2025,WhatsApp,Accepted,Yes
RTC0003471,C0010387,Win-Back Drive,Extra Data 50GB,23-12-2025,App,Accepted,Yes
RTC0003472,C0010388,Win-Back Drive,Annual Plan Discount,14-11-2025,Email,No Response,No
RTC0003473,C0010389,Loyalty Save,Bill Waiver,17-05-2025,SMS,Accepted,Yes
RTC0003474,C0010390,Renewal Nudge,Bill Waiver,08-06-2025,Call,No Response,Yes
RTC0003475,C0010394,At-Risk Outreach,Free OTT 3 Months,05-09-2025,Call,Accepted,Yes
RTC0003476,C0010395,Renewal Nudge,Loyalty Discount 10%,13-02-2026,Call,Accepted,Yes
RTC0003477,C0010396,At-Risk Outreach,Annual Plan Discount,28-09-2025,App,Declined,Yes
RTC0003478,C0010399,At-Risk Outreach,Priority Support,13-03-2026,Call,Accepted,Yes
RTC0003479,C0010400,At-Risk Outreach,Annual Plan Discount,19-05-2025,App,Declined,Yes
RTC0003480,C0010404,Win-Back Drive,Priority Support,20-12-2025,Call,Declined,Yes
RTC0003481,C0010411,Loyalty Save,Bill Waiver,13-06-2025,SMS,Accepted,Yes
RTC0003482,C0010422,At-Risk Outreach,Free OTT 3 Months,08-05-2025,Call,No Response,Yes
RTC0003483,C0010423,Loyalty Save,Free OTT 3 Months,16-07-2025,App,Accepted,Yes
RTC0003484,C0010427,Win-Back Drive,Loyalty Discount 10%,08-03-2026,SMS,Accepted,Yes
RTC0003485,C0010430,Value Retention,Cashback Voucher,18-03-2025,App,Accepted,Yes
RTC0003486,C0010433,Renewal Nudge,Bill Waiver,20-12-2025,Call,Accepted,Yes
RTC0003487,C0010434,Loyalty Save,Priority Support,23-08-2025,Call,Accepted,Yes
RTC0003488,C0010436,Value Retention,Loyalty Discount 10%,17-04-2025,App,No Response,Yes
RTC0003489,C0010437,Renewal Nudge,Cashback Voucher,15-02-2026,Call,Declined,No
RTC0003490,C0010439,Win-Back Drive,Priority Support,25-06-2025,App,Accepted,Yes
RTC0003491,C0010440,At-Risk Outreach,Annual Plan Discount,20-08-2025,SMS,Accepted,Yes
RTC0003492,C0010458,Loyalty Save,Extra Data 50GB,06-02-2026,Email,Accepted,Yes
RTC0003493,C0010462,Win-Back Drive,Loyalty Discount 10%,10-07-2025,WhatsApp,Accepted,Yes
RTC0003494,C0010467,Win-Back Drive,Bill Waiver,07-02-2025,Call,Accepted,Yes
RTC0003495,C0010474,Value Retention,Annual Plan Discount,24-12-2025,Call,No Response,Yes
RTC0003496,C0010477,At-Risk Outreach,Extra Data 50GB,24-12-2025,Email,Declined,No
RTC0003497,C0010478,Win-Back Drive,Free OTT 3 Months,27-01-2025,WhatsApp,Accepted,Yes
RTC0003498,C0010479,Win-Back Drive,Priority Support,17-01-2025,WhatsApp,Declined,Yes
RTC0003499,C0010480,Loyalty Save,Cashback Voucher,12-03-2026,Call,Declined,Yes
RTC0003500,C0010482,Win-Back Drive,Free OTT 3 Months,06-02-2025,App,Declined,Yes
RTC0003501,C0010483,Value Retention,Priority Support,08-03-2025,App,Declined,Yes
RTC0003502,C0010484,Win-Back Drive,Priority Support,23-05-2025,WhatsApp,No Response,No
RTC0003503,C0010485,Win-Back Drive,Bill Waiver,18-02-2025,SMS,Declined,Yes
RTC0003504,C0010488,Loyalty Save,Free OTT 3 Months,09-10-2025,SMS,Declined,Yes
RTC0003505,C0010491,Loyalty Save,Plan Upgrade Offer,19-01-2025,SMS,Accepted,Yes
RTC0003506,C0010492,Renewal Nudge,Free OTT 3 Months,06-03-2026,Call,Accepted,Yes
RTC0003507,C0010493,Value Retention,Loyalty Discount 10%,20-12-2025,Email,Declined,Yes
RTC0003508,C0010494,At-Risk Outreach,Free OTT 3 Months,12-02-2025,Email,No Response,Yes
RTC0003509,C0010497,At-Risk Outreach,Extra Data 50GB,07-05-2025,WhatsApp,No Response,Yes
RTC0003510,C0010498,Renewal Nudge,Plan Upgrade Offer,10-11-2025,Call,Declined,Yes
RTC0003511,C0010499,Value Retention,Plan Upgrade Offer,22-04-2025,Call,No Response,Yes
RTC0003512,C0010504,Win-Back Drive,Loyalty Discount 10%,10-01-2025,SMS,Accepted,Yes
RTC0003513,C0010510,Win-Back Drive,Cashback Voucher,25-04-2025,Email,No Response,No
RTC0003514,C0010521,Loyalty Save,Bill Waiver,22-03-2026,Email,Accepted,Yes
RTC0003515,C0010523,At-Risk Outreach,Plan Upgrade Offer,16-06-2025,WhatsApp,Declined,No
RTC0003516,C0010525,Value Retention,Plan Upgrade Offer,02-02-2025,WhatsApp,No Response,Yes
RTC0003517,C0010526,Win-Back Drive,Extra Data 50GB,09-09-2025,WhatsApp,Accepted,No
RTC0003518,C0010528,At-Risk Outreach,Annual Plan Discount,22-11-2025,Call,Accepted,Yes
RTC0003519,C0010531,Value Retention,Annual Plan Discount,18-03-2025,WhatsApp,No Response,Yes
RTC0003520,C0010532,Win-Back Drive,Loyalty Discount 10%,20-05-2025,WhatsApp,Accepted,Yes
RTC0003521,C0010534,At-Risk Outreach,Plan Upgrade Offer,07-01-2026,SMS,No Response,Yes
RTC0003522,C0010535,Loyalty Save,Bill Waiver,20-03-2025,App,Declined,Yes
RTC0003523,C0010545,Win-Back Drive,Bill Waiver,16-01-2026,SMS,Accepted,Yes
RTC0003524,C0010546,Value Retention,Bill Waiver,10-07-2025,App,Accepted,Yes
RTC0003525,C0010549,Value Retention,Annual Plan Discount,07-04-2025,Call,Accepted,Yes
RTC0003526,C0010553,At-Risk Outreach,Loyalty Discount 10%,02-01-2025,Call,Declined,Yes
RTC0003527,C0010562,Win-Back Drive,Annual Plan Discount,04-09-2025,App,Accepted,Yes
RTC0003528,C0010565,Loyalty Save,Loyalty Discount 10%,13-09-2025,WhatsApp,Accepted,Yes
RTC0003529,C0010569,Win-Back Drive,Priority Support,29-01-2026,Call,Accepted,Yes
RTC0003530,C0010570,Renewal Nudge,Priority Support,19-03-2025,SMS,Accepted,Yes
RTC0003531,C0010583,Renewal Nudge,Extra Data 50GB,14-11-2025,Email,Accepted,Yes
RTC0003532,C0010586,At-Risk Outreach,Bill Waiver,31-08-2025,WhatsApp,Declined,Yes
RTC0003533,C0010588,At-Risk Outreach,Bill Waiver,06-07-2025,SMS,Accepted,Yes
RTC0003534,C0010591,Value Retention,Bill Waiver,16-02-2026,Call,No Response,Yes
RTC0003535,C0010592,Renewal Nudge,Cashback Voucher,24-09-2025,App,Accepted,Yes
RTC0003536,C0010593,At-Risk Outreach,Cashback Voucher,21-03-2026,SMS,Declined,Yes
RTC0003537,C0010594,Win-Back Drive,Bill Waiver,06-08-2025,Call,No Response,Yes
RTC0003538,C0010595,Value Retention,Priority Support,02-05-2025,WhatsApp,Declined,Yes
RTC0003539,C0010599,Value Retention,Free OTT 3 Months,13-03-2026,Email,Accepted,Yes
RTC0003540,C0010600,Win-Back Drive,Cashback Voucher,07-08-2025,App,Declined,No
RTC0003541,C0010604,Loyalty Save,Bill Waiver,03-09-2025,SMS,Declined,Yes
RTC0003542,C0010605,Value Retention,Extra Data 50GB,24-06-2025,WhatsApp,No Response,Yes
RTC0003543,C0010607,Loyalty Save,Annual Plan Discount,29-03-2026,App,No Response,Yes
RTC0003544,C0010610,At-Risk Outreach,Annual Plan Discount,26-08-2025,Email,No Response,No
RTC0003545,C0010617,Value Retention,Bill Waiver,25-12-2025,Call,Accepted,Yes
RTC0003546,C0010620,Loyalty Save,Plan Upgrade Offer,13-07-2025,Email,Accepted,Yes
RTC0003547,C0010624,Win-Back Drive,Cashback Voucher,03-09-2025,Email,No Response,Yes
RTC0003548,C0010633,Renewal Nudge,Free OTT 3 Months,31-01-2025,WhatsApp,Declined,Yes
RTC0003549,C0010638,At-Risk Outreach,Extra Data 50GB,06-09-2025,SMS,Declined,No
RTC0003550,C0010642,Loyalty Save,Plan Upgrade Offer,29-06-2025,WhatsApp,Declined,No
RTC0003551,C0010644,At-Risk Outreach,Extra Data 50GB,17-12-2025,SMS,Accepted,Yes
RTC0003552,C0010646,Renewal Nudge,Bill Waiver,30-03-2025,Email,Declined,Yes
RTC0003553,C0010648,Loyalty Save,Priority Support,04-03-2026,Email,Accepted,Yes
RTC0003554,C0010650,Loyalty Save,Annual Plan Discount,07-06-2025,App,Declined,Yes
RTC0003555,C0010651,Renewal Nudge,Bill Waiver,26-03-2026,App,Declined,Yes
RTC0003556,C0010652,At-Risk Outreach,Cashback Voucher,25-01-2026,SMS,No Response,No
RTC0003557,C0010654,Renewal Nudge,Plan Upgrade Offer,30-10-2025,App,Declined,Yes
RTC0003558,C0010657,Win-Back Drive,Loyalty Discount 10%,09-01-2026,WhatsApp,Accepted,Yes
RTC0003559,C0010658,At-Risk Outreach,Priority Support,18-12-2025,Call,Accepted,Yes
RTC0003560,C0010659,At-Risk Outreach,Plan Upgrade Offer,08-01-2025,WhatsApp,Declined,Yes
RTC0003561,C0010662,At-Risk Outreach,Plan Upgrade Offer,03-02-2026,WhatsApp,Declined,Yes
RTC0003562,C0010665,At-Risk Outreach,Annual Plan Discount,09-06-2025,Call,Accepted,Yes
RTC0003563,C0010668,Loyalty Save,Extra Data 50GB,07-06-2025,WhatsApp,Accepted,Yes
RTC0003564,C0010671,Loyalty Save,Free OTT 3 Months,24-04-2025,WhatsApp,Accepted,Yes
RTC0003565,C0010675,Value Retention,Plan Upgrade Offer,28-12-2025,SMS,Accepted,Yes
RTC0003566,C0010676,Renewal Nudge,Loyalty Discount 10%,25-01-2026,WhatsApp,No Response,No
RTC0003567,C0010679,Win-Back Drive,Loyalty Discount 10%,21-07-2025,SMS,Declined,Yes
RTC0003568,C0010680,Value Retention,Priority Support,21-03-2026,WhatsApp,Accepted,Yes
RTC0003569,C0010683,At-Risk Outreach,Plan Upgrade Offer,08-03-2026,Email,Accepted,Yes
RTC0003570,C0010685,Value Retention,Free OTT 3 Months,12-02-2026,WhatsApp,Declined,Yes
RTC0003571,C0010690,Value Retention,Cashback Voucher,17-12-2025,SMS,No Response,No
RTC0003572,C0010691,Win-Back Drive,Cashback Voucher,11-02-2025,WhatsApp,Accepted,Yes
RTC0003573,C0010694,Win-Back Drive,Annual Plan Discount,21-01-2026,WhatsApp,Accepted,No
RTC0003574,C0010699,Win-Back Drive,Plan Upgrade Offer,23-04-2025,App,No Response,Yes
RTC0003575,C0010700,At-Risk Outreach,Extra Data 50GB,15-09-2025,App,Accepted,Yes
RTC0003576,C0010707,Renewal Nudge,Bill Waiver,09-02-2025,Email,Declined,Yes
RTC0003577,C0010708,Value Retention,Loyalty Discount 10%,29-03-2026,Email,Declined,Yes
RTC0003578,C0010709,Value Retention,Bill Waiver,23-01-2025,SMS,No Response,Yes
RTC0003579,C0010711,Renewal Nudge,Free OTT 3 Months,02-02-2026,Call,Accepted,No
RTC0003580,C0010712,At-Risk Outreach,Cashback Voucher,10-10-2025,SMS,Accepted,Yes
RTC0003581,C0010716,Loyalty Save,Priority Support,11-03-2026,Email,Declined,Yes
RTC0003582,C0010717,Renewal Nudge,Plan Upgrade Offer,31-12-2025,SMS,Accepted,Yes
RTC0003583,C0010724,Value Retention,Free OTT 3 Months,22-02-2026,SMS,Declined,Yes
RTC0003584,C0010731,Renewal Nudge,Loyalty Discount 10%,01-10-2025,Call,Accepted,Yes
RTC0003585,C0010734,Win-Back Drive,Loyalty Discount 10%,16-09-2025,Call,Declined,Yes
RTC0003586,C0010735,Loyalty Save,Plan Upgrade Offer,19-08-2025,Email,Accepted,Yes
RTC0003587,C0010741,Renewal Nudge,Annual Plan Discount,29-08-2025,WhatsApp,No Response,Yes
RTC0003588,C0010742,Value Retention,Extra Data 50GB,01-08-2025,Call,Declined,Yes
RTC0003589,C0010745,At-Risk Outreach,Annual Plan Discount,19-10-2025,SMS,Accepted,Yes
RTC0003590,C0010748,Loyalty Save,Annual Plan Discount,23-06-2025,Call,No Response,No
RTC0003591,C0010752,Value Retention,Free OTT 3 Months,30-09-2025,WhatsApp,Declined,Yes
RTC0003592,C0010756,At-Risk Outreach,Cashback Voucher,23-09-2025,SMS,Accepted,Yes
RTC0003593,C0010757,Value Retention,Plan Upgrade Offer,18-11-2025,SMS,Declined,Yes
RTC0003594,C0010758,Loyalty Save,Plan Upgrade Offer,04-10-2025,App,No Response,Yes
RTC0003595,C0010763,At-Risk Outreach,Bill Waiver,28-02-2026,WhatsApp,No Response,No
RTC0003596,C0010764,Loyalty Save,Loyalty Discount 10%,10-05-2025,App,Declined,Yes
RTC0003597,C0010767,At-Risk Outreach,Loyalty Discount 10%,15-02-2026,WhatsApp,Accepted,Yes
RTC0003598,C0010776,Win-Back Drive,Extra Data 50GB,28-10-2025,WhatsApp,Declined,Yes
RTC0003599,C0010781,Loyalty Save,Annual Plan Discount,10-04-2025,App,Accepted,Yes
RTC0003600,C0010782,Renewal Nudge,Cashback Voucher,08-01-2025,App,No Response,Yes
RTC0003601,C0010784,Value Retention,Free OTT 3 Months,26-06-2025,Email,Accepted,Yes
RTC0003602,C0010785,Loyalty Save,Cashback Voucher,04-03-2026,Call,Declined,Yes
RTC0003603,C0010789,Loyalty Save,Annual Plan Discount,10-03-2025,App,Accepted,Yes
RTC0003604,C0010791,At-Risk Outreach,Free OTT 3 Months,21-01-2026,SMS,Declined,Yes
RTC0003605,C0010796,Value Retention,Free OTT 3 Months,12-08-2025,App,No Response,Yes
RTC0003606,C0010801,Loyalty Save,Plan Upgrade Offer,30-01-2026,App,No Response,No
RTC0003607,C0010805,At-Risk Outreach,Plan Upgrade Offer,01-09-2025,SMS,Accepted,Yes
RTC0003608,C0010807,Renewal Nudge,Plan Upgrade Offer,19-06-2025,Email,Declined,Yes
RTC0003609,C0010810,Renewal Nudge,Loyalty Discount 10%,10-09-2025,WhatsApp,No Response,Yes
RTC0003610,C0010814,Win-Back Drive,Bill Waiver,27-03-2025,Call,Accepted,Yes
RTC0003611,C0010815,Value Retention,Bill Waiver,12-03-2026,WhatsApp,Accepted,Yes
RTC0003612,C0010817,Value Retention,Extra Data 50GB,05-03-2026,Call,No Response,Yes
RTC0003613,C0010831,Renewal Nudge,Free OTT 3 Months,26-02-2025,WhatsApp,Accepted,Yes
RTC0003614,C0010832,Win-Back Drive,Extra Data 50GB,01-12-2025,Call,No Response,Yes
RTC0003615,C0010833,At-Risk Outreach,Cashback Voucher,24-01-2026,WhatsApp,Declined,No
RTC0003616,C0010836,At-Risk Outreach,Loyalty Discount 10%,15-11-2025,WhatsApp,Declined,Yes
RTC0003617,C0010841,At-Risk Outreach,Annual Plan Discount,05-07-2025,App,No Response,Yes
RTC0003618,C0010845,Renewal Nudge,Cashback Voucher,20-05-2025,App,No Response,Yes
RTC0003619,C0010849,Value Retention,Free OTT 3 Months,18-01-2026,Call,Accepted,Yes
RTC0003620,C0010850,Win-Back Drive,Extra Data 50GB,10-01-2026,SMS,No Response,Yes
RTC0003621,C0010851,Win-Back Drive,Free OTT 3 Months,24-06-2025,Call,Declined,Yes
RTC0003622,C0010853,Renewal Nudge,Cashback Voucher,13-02-2026,Call,Accepted,No
RTC0003623,C0010854,Loyalty Save,Priority Support,21-07-2025,App,Accepted,Yes
RTC0003624,C0010855,Value Retention,Extra Data 50GB,08-09-2025,SMS,No Response,Yes
RTC0003625,C0010860,At-Risk Outreach,Annual Plan Discount,17-03-2025,Call,No Response,Yes
RTC0003626,C0010861,Value Retention,Extra Data 50GB,14-06-2025,Email,Accepted,Yes
RTC0003627,C0010862,At-Risk Outreach,Priority Support,15-03-2026,SMS,Declined,Yes
RTC0003628,C0010867,At-Risk Outreach,Priority Support,20-03-2025,Call,No Response,Yes
RTC0003629,C0010868,Renewal Nudge,Cashback Voucher,22-09-2025,SMS,Declined,Yes
RTC0003630,C0010870,Value Retention,Priority Support,23-02-2025,App,Declined,Yes
RTC0003631,C0010875,Value Retention,Bill Waiver,28-01-2025,Email,Accepted,No
RTC0003632,C0010878,Renewal Nudge,Cashback Voucher,03-03-2025,WhatsApp,Accepted,No
RTC0003633,C0010879,Value Retention,Extra Data 50GB,26-05-2025,WhatsApp,Accepted,No
RTC0003634,C0010880,Value Retention,Free OTT 3 Months,25-03-2025,WhatsApp,Accepted,Yes
RTC0003635,C0010883,Win-Back Drive,Loyalty Discount 10%,29-12-2025,Email,Accepted,Yes
RTC0003636,C0010885,At-Risk Outreach,Extra Data 50GB,22-03-2026,Email,Declined,Yes
RTC0003637,C0010886,Loyalty Save,Free OTT 3 Months,22-09-2025,WhatsApp,No Response,Yes
RTC0003638,C0010891,Loyalty Save,Extra Data 50GB,14-03-2026,SMS,Accepted,No
RTC0003639,C0010892,Renewal Nudge,Priority Support,05-01-2026,WhatsApp,Declined,Yes
RTC0003640,C0010894,Win-Back Drive,Free OTT 3 Months,18-01-2026,Email,Accepted,Yes
RTC0003641,C0010895,Loyalty Save,Bill Waiver,03-01-2026,Call,Accepted,Yes
RTC0003642,C0010896,Loyalty Save,Free OTT 3 Months,19-07-2025,App,Accepted,Yes
RTC0003643,C0010899,Renewal Nudge,Cashback Voucher,09-06-2025,WhatsApp,Declined,Yes
RTC0003644,C0010900,Renewal Nudge,Loyalty Discount 10%,01-03-2025,Email,Accepted,Yes
RTC0003645,C0010901,Win-Back Drive,Extra Data 50GB,04-10-2025,WhatsApp,Declined,Yes
RTC0003646,C0010915,At-Risk Outreach,Bill Waiver,19-11-2025,Call,Declined,Yes
RTC0003647,C0010919,At-Risk Outreach,Plan Upgrade Offer,06-03-2025,SMS,No Response,Yes
RTC0003648,C0010920,Renewal Nudge,Annual Plan Discount,20-01-2025,WhatsApp,Accepted,Yes
RTC0003649,C0010922,Win-Back Drive,Bill Waiver,10-09-2025,Email,Accepted,Yes
RTC0003650,C0010930,Renewal Nudge,Plan Upgrade Offer,23-01-2026,Call,No Response,No
RTC0003651,C0010932,Win-Back Drive,Priority Support,06-03-2026,Call,No Response,Yes
RTC0003652,C0010935,Renewal Nudge,Extra Data 50GB,04-02-2026,Call,Accepted,No
RTC0003653,C0010937,Win-Back Drive,Bill Waiver,20-06-2025,Call,Declined,No
RTC0003654,C0010944,Value Retention,Plan Upgrade Offer,07-02-2025,Email,Accepted,Yes
RTC0003655,C0010945,Loyalty Save,Priority Support,07-12-2025,App,Declined,No
RTC0003656,C0010948,Win-Back Drive,Plan Upgrade Offer,26-02-2026,Call,Accepted,Yes
RTC0003657,C0010949,At-Risk Outreach,Annual Plan Discount,12-02-2025,WhatsApp,No Response,Yes
RTC0003658,C0010950,Value Retention,Loyalty Discount 10%,09-09-2025,WhatsApp,Declined,Yes
RTC0003659,C0010952,Win-Back Drive,Annual Plan Discount,21-03-2025,Call,Declined,Yes
RTC0003660,C0010953,Loyalty Save,Loyalty Discount 10%,06-01-2025,Email,Accepted,Yes
RTC0003661,C0010955,Loyalty Save,Bill Waiver,24-02-2025,Email,No Response,No
RTC0003662,C0010956,Renewal Nudge,Annual Plan Discount,21-06-2025,Call,Accepted,Yes
RTC0003663,C0010963,Renewal Nudge,Bill Waiver,27-01-2026,WhatsApp,Declined,Yes
RTC0003664,C0010965,At-Risk Outreach,Plan Upgrade Offer,23-05-2025,Call,Accepted,Yes
RTC0003665,C0010969,Renewal Nudge,Cashback Voucher,16-12-2025,WhatsApp,Accepted,Yes
RTC0003666,C0010971,At-Risk Outreach,Priority Support,09-05-2025,SMS,Accepted,Yes
RTC0003667,C0010972,Value Retention,Plan Upgrade Offer,29-11-2025,Call,Declined,Yes
RTC0003668,C0010977,Renewal Nudge,Extra Data 50GB,18-09-2025,WhatsApp,No Response,Yes
RTC0003669,C0010978,At-Risk Outreach,Loyalty Discount 10%,17-04-2025,Email,Accepted,Yes
RTC0003670,C0010981,Win-Back Drive,Priority Support,24-10-2025,App,Declined,Yes
RTC0003671,C0010982,At-Risk Outreach,Priority Support,21-11-2025,SMS,No Response,Yes
RTC0003672,C0010992,At-Risk Outreach,Priority Support,31-01-2025,App,No Response,Yes
RTC0003673,C0010997,Loyalty Save,Cashback Voucher,07-02-2026,App,Accepted,Yes
RTC0003674,C0011009,Value Retention,Extra Data 50GB,14-01-2026,App,No Response,Yes
RTC0003675,C0011012,Value Retention,Plan Upgrade Offer,10-01-2025,WhatsApp,No Response,No
RTC0003676,C0011013,Renewal Nudge,Annual Plan Discount,21-01-2026,Email,Accepted,Yes
RTC0003677,C0011017,Value Retention,Plan Upgrade Offer,04-03-2025,App,No Response,Yes
RTC0003678,C0011020,Loyalty Save,Annual Plan Discount,27-03-2025,App,Declined,Yes
RTC0003679,C0011023,Loyalty Save,Extra Data 50GB,03-04-2025,App,Accepted,Yes
RTC0003680,C0011026,Loyalty Save,Free OTT 3 Months,09-09-2025,Call,No Response,Yes
RTC0003681,C0011028,Loyalty Save,Bill Waiver,31-01-2025,SMS,Accepted,Yes
RTC0003682,C0011031,At-Risk Outreach,Annual Plan Discount,24-01-2025,WhatsApp,No Response,Yes
RTC0003683,C0011038,Win-Back Drive,Loyalty Discount 10%,10-01-2026,WhatsApp,Declined,Yes
RTC0003684,C0011040,At-Risk Outreach,Priority Support,29-04-2025,App,No Response,Yes
RTC0003685,C0011043,Renewal Nudge,Free OTT 3 Months,06-04-2025,App,Accepted,Yes
RTC0003686,C0011044,Value Retention,Priority Support,13-02-2025,WhatsApp,Declined,Yes
RTC0003687,C0011047,Renewal Nudge,Priority Support,23-09-2025,Email,Accepted,Yes
RTC0003688,C0011048,At-Risk Outreach,Extra Data 50GB,03-02-2025,Call,Declined,Yes
RTC0003689,C0011052,At-Risk Outreach,Loyalty Discount 10%,13-05-2025,App,Declined,Yes
RTC0003690,C0011060,Win-Back Drive,Cashback Voucher,17-08-2025,SMS,Accepted,Yes
RTC0003691,C0011065,At-Risk Outreach,Bill Waiver,25-10-2025,Email,Declined,Yes
RTC0003692,C0011066,Value Retention,Annual Plan Discount,21-11-2025,SMS,No Response,Yes
RTC0003693,C0011067,Renewal Nudge,Annual Plan Discount,28-01-2026,Call,Declined,Yes
RTC0003694,C0011069,Value Retention,Plan Upgrade Offer,20-02-2025,WhatsApp,Declined,Yes
RTC0003695,C0011075,Renewal Nudge,Bill Waiver,09-01-2026,WhatsApp,Accepted,Yes
RTC0003696,C0011079,Renewal Nudge,Loyalty Discount 10%,11-03-2025,Call,No Response,Yes
RTC0003697,C0011080,Renewal Nudge,Annual Plan Discount,13-06-2025,Call,Declined,Yes
RTC0003698,C0011082,Value Retention,Free OTT 3 Months,26-09-2025,App,Declined,Yes
RTC0003699,C0011083,At-Risk Outreach,Plan Upgrade Offer,03-06-2025,SMS,Accepted,Yes
RTC0003700,C0011085,Renewal Nudge,Annual Plan Discount,04-12-2025,WhatsApp,Declined,Yes
RTC0003701,C0011086,Value Retention,Priority Support,25-10-2025,Email,Accepted,Yes
RTC0003702,C0011089,Win-Back Drive,Cashback Voucher,06-12-2025,Call,Declined,Yes
RTC0003703,C0011095,Loyalty Save,Loyalty Discount 10%,13-01-2025,App,Declined,No
RTC0003704,C0011097,Loyalty Save,Priority Support,19-12-2025,Email,Accepted,Yes
RTC0003705,C0011099,At-Risk Outreach,Bill Waiver,21-03-2026,Call,Accepted,Yes
RTC0003706,C0011102,Renewal Nudge,Priority Support,19-07-2025,App,Accepted,Yes
RTC0003707,C0011104,Loyalty Save,Bill Waiver,28-03-2026,WhatsApp,Accepted,Yes
RTC0003708,C0011105,Value Retention,Annual Plan Discount,09-03-2026,WhatsApp,Declined,Yes
RTC0003709,C0011110,Renewal Nudge,Loyalty Discount 10%,05-04-2025,Email,No Response,No
RTC0003710,C0011112,Win-Back Drive,Extra Data 50GB,28-08-2025,Call,Accepted,Yes
RTC0003711,C0011113,Win-Back Drive,Priority Support,15-03-2026,Call,Declined,Yes
RTC0003712,C0011115,Value Retention,Loyalty Discount 10%,09-01-2026,SMS,No Response,Yes
RTC0003713,C0011117,Loyalty Save,Priority Support,15-08-2025,SMS,Declined,No
RTC0003714,C0011119,Win-Back Drive,Priority Support,31-05-2025,App,No Response,Yes
RTC0003715,C0011122,Loyalty Save,Cashback Voucher,14-03-2026,WhatsApp,Accepted,No
RTC0003716,C0011124,At-Risk Outreach,Annual Plan Discount,05-01-2025,Call,Declined,Yes
RTC0003717,C0011126,At-Risk Outreach,Plan Upgrade Offer,08-12-2025,SMS,Accepted,No
RTC0003718,C0011127,Value Retention,Extra Data 50GB,03-03-2026,App,Accepted,No
RTC0003719,C0011129,At-Risk Outreach,Bill Waiver,13-11-2025,App,No Response,No
RTC0003720,C0011137,Loyalty Save,Priority Support,23-04-2025,WhatsApp,Accepted,Yes
RTC0003721,C0011138,Win-Back Drive,Free OTT 3 Months,06-04-2025,WhatsApp,No Response,Yes
RTC0003722,C0011144,At-Risk Outreach,Plan Upgrade Offer,08-06-2025,Call,Accepted,Yes
RTC0003723,C0011146,Win-Back Drive,Loyalty Discount 10%,20-11-2025,Email,Declined,No
RTC0003724,C0011148,Value Retention,Free OTT 3 Months,18-05-2025,Email,No Response,No
RTC0003725,C0011149,Value Retention,Free OTT 3 Months,26-08-2025,App,Accepted,Yes
RTC0003726,C0011150,Value Retention,Free OTT 3 Months,01-08-2025,SMS,Accepted,Yes
RTC0003727,C0011153,Loyalty Save,Priority Support,21-02-2025,Email,Accepted,Yes
RTC0003728,C0011157,Loyalty Save,Free OTT 3 Months,13-01-2025,SMS,Declined,No
RTC0003729,C0011160,Renewal Nudge,Cashback Voucher,22-06-2025,Email,Accepted,Yes
RTC0003730,C0011165,At-Risk Outreach,Free OTT 3 Months,16-05-2025,Email,Accepted,Yes
RTC0003731,C0011167,Value Retention,Bill Waiver,24-06-2025,SMS,Accepted,Yes
RTC0003732,C0011169,At-Risk Outreach,Plan Upgrade Offer,24-04-2025,SMS,Declined,Yes
RTC0003733,C0011170,Loyalty Save,Bill Waiver,20-03-2026,App,No Response,Yes
RTC0003734,C0011171,Win-Back Drive,Extra Data 50GB,09-02-2025,Email,Declined,No
RTC0003735,C0011175,Renewal Nudge,Priority Support,08-01-2025,Email,Declined,Yes
RTC0003736,C0011176,Value Retention,Cashback Voucher,04-03-2025,Call,Accepted,Yes
RTC0003737,C0011177,At-Risk Outreach,Free OTT 3 Months,11-07-2025,SMS,No Response,Yes
RTC0003738,C0011178,Value Retention,Loyalty Discount 10%,19-05-2025,SMS,Declined,Yes
RTC0003739,C0011180,Value Retention,Bill Waiver,30-01-2025,WhatsApp,Accepted,No
RTC0003740,C0011183,Renewal Nudge,Plan Upgrade Offer,12-07-2025,SMS,Accepted,Yes
RTC0003741,C0011189,Loyalty Save,Annual Plan Discount,20-10-2025,WhatsApp,Accepted,Yes
RTC0003742,C0011190,Win-Back Drive,Cashback Voucher,07-06-2025,Call,Accepted,Yes
RTC0003743,C0011191,Win-Back Drive,Plan Upgrade Offer,16-12-2025,App,No Response,Yes
RTC0003744,C0011192,Loyalty Save,Cashback Voucher,08-02-2026,WhatsApp,Accepted,Yes
RTC0003745,C0011204,Value Retention,Extra Data 50GB,04-11-2025,WhatsApp,Declined,Yes
RTC0003746,C0011213,Renewal Nudge,Annual Plan Discount,12-01-2026,WhatsApp,Accepted,Yes
RTC0003747,C0011215,Renewal Nudge,Loyalty Discount 10%,16-02-2026,Call,Declined,Yes
RTC0003748,C0011218,Win-Back Drive,Plan Upgrade Offer,03-06-2025,App,Accepted,Yes
RTC0003749,C0011219,Win-Back Drive,Annual Plan Discount,10-04-2025,Email,Accepted,Yes
RTC0003750,C0011228,Win-Back Drive,Free OTT 3 Months,28-01-2026,WhatsApp,Accepted,No
RTC0003751,C0011229,At-Risk Outreach,Priority Support,20-11-2025,SMS,Accepted,Yes
RTC0003752,C0011230,Win-Back Drive,Free OTT 3 Months,06-06-2025,WhatsApp,Accepted,Yes
RTC0003753,C0011234,Win-Back Drive,Bill Waiver,02-01-2026,Email,No Response,Yes
RTC0003754,C0011235,Value Retention,Bill Waiver,11-12-2025,Email,Accepted,Yes
RTC0003755,C0011238,At-Risk Outreach,Free OTT 3 Months,30-07-2025,Email,Declined,No
RTC0003756,C0011240,Value Retention,Bill Waiver,04-10-2025,SMS,Accepted,No
RTC0003757,C0011241,Value Retention,Loyalty Discount 10%,16-02-2026,WhatsApp,No Response,Yes
RTC0003758,C0011245,Value Retention,Plan Upgrade Offer,20-02-2025,App,No Response,Yes
RTC0003759,C0011251,Win-Back Drive,Cashback Voucher,30-01-2025,SMS,No Response,No
RTC0003760,C0011253,Win-Back Drive,Extra Data 50GB,04-09-2025,Email,Accepted,Yes
RTC0003761,C0011256,Value Retention,Annual Plan Discount,19-03-2025,SMS,Accepted,Yes
RTC0003762,C0011260,Value Retention,Annual Plan Discount,27-04-2025,SMS,No Response,Yes
RTC0003763,C0011262,Renewal Nudge,Annual Plan Discount,17-03-2026,WhatsApp,No Response,Yes
RTC0003764,C0011263,Loyalty Save,Bill Waiver,14-07-2025,Email,Accepted,Yes
RTC0003765,C0011264,Win-Back Drive,Annual Plan Discount,10-03-2025,App,Accepted,Yes
RTC0003766,C0011269,Value Retention,Extra Data 50GB,23-09-2025,Call,Declined,Yes
RTC0003767,C0011277,Renewal Nudge,Priority Support,04-12-2025,Email,No Response,No
RTC0003768,C0011278,Renewal Nudge,Free OTT 3 Months,02-09-2025,Email,Declined,Yes
RTC0003769,C0011279,Win-Back Drive,Plan Upgrade Offer,06-10-2025,WhatsApp,Accepted,Yes
RTC0003770,C0011283,Win-Back Drive,Annual Plan Discount,10-01-2025,Call,No Response,Yes
RTC0003771,C0011286,Loyalty Save,Free OTT 3 Months,21-07-2025,Call,Accepted,Yes
RTC0003772,C0011288,Value Retention,Priority Support,19-07-2025,Email,Declined,Yes
RTC0003773,C0011293,Renewal Nudge,Extra Data 50GB,11-04-2025,Email,Accepted,Yes
RTC0003774,C0011296,Win-Back Drive,Plan Upgrade Offer,19-01-2025,App,Declined,Yes
RTC0003775,C0011299,At-Risk Outreach,Priority Support,13-05-2025,App,Accepted,Yes
RTC0003776,C0011302,Value Retention,Bill Waiver,07-09-2025,Email,Declined,No
RTC0003777,C0011303,Value Retention,Extra Data 50GB,29-01-2026,App,Declined,Yes
RTC0003778,C0011306,Loyalty Save,Plan Upgrade Offer,01-08-2025,Call,No Response,Yes
RTC0003779,C0011309,Renewal Nudge,Loyalty Discount 10%,15-02-2026,WhatsApp,Accepted,Yes
RTC0003780,C0011313,At-Risk Outreach,Free OTT 3 Months,17-03-2025,Email,Declined,Yes
RTC0003781,C0011315,Value Retention,Free OTT 3 Months,10-01-2026,WhatsApp,Accepted,Yes
RTC0003782,C0011318,Value Retention,Annual Plan Discount,15-04-2025,Email,Accepted,Yes
RTC0003783,C0011319,Win-Back Drive,Cashback Voucher,25-04-2025,WhatsApp,Declined,No
RTC0003784,C0011321,Win-Back Drive,Annual Plan Discount,25-06-2025,App,No Response,Yes
RTC0003785,C0011326,At-Risk Outreach,Cashback Voucher,04-04-2025,Email,Accepted,Yes
RTC0003786,C0011328,Renewal Nudge,Loyalty Discount 10%,18-02-2026,WhatsApp,No Response,Yes
RTC0003787,C0011329,Loyalty Save,Extra Data 50GB,09-06-2025,Call,Declined,Yes
RTC0003788,C0011333,Win-Back Drive,Free OTT 3 Months,27-02-2025,Email,No Response,Yes
RTC0003789,C0011343,Win-Back Drive,Annual Plan Discount,06-01-2025,Email,Declined,No
RTC0003790,C0011347,At-Risk Outreach,Extra Data 50GB,16-01-2026,App,Accepted,Yes
RTC0003791,C0011348,Win-Back Drive,Bill Waiver,27-01-2026,SMS,Accepted,No
RTC0003792,C0011350,Loyalty Save,Plan Upgrade Offer,13-01-2025,App,Accepted,Yes
RTC0003793,C0011356,Value Retention,Extra Data 50GB,01-08-2025,Call,Accepted,Yes
RTC0003794,C0011359,Win-Back Drive,Extra Data 50GB,12-06-2025,App,No Response,Yes
RTC0003795,C0011361,Loyalty Save,Cashback Voucher,22-09-2025,Email,No Response,Yes
RTC0003796,C0011362,Win-Back Drive,Free OTT 3 Months,21-08-2025,Email,Accepted,No
RTC0003797,C0011365,Win-Back Drive,Cashback Voucher,27-10-2025,WhatsApp,No Response,Yes
RTC0003798,C0011366,Win-Back Drive,Cashback Voucher,20-02-2026,SMS,Accepted,Yes
RTC0003799,C0011368,At-Risk Outreach,Annual Plan Discount,21-04-2025,App,No Response,Yes
RTC0003800,C0011370,Renewal Nudge,Free OTT 3 Months,13-03-2026,Call,Accepted,Yes
RTC0003801,C0011371,At-Risk Outreach,Plan Upgrade Offer,08-02-2026,Call,Accepted,Yes
RTC0003802,C0011374,At-Risk Outreach,Extra Data 50GB,14-01-2025,Call,No Response,Yes
RTC0003803,C0011377,Renewal Nudge,Loyalty Discount 10%,28-03-2026,WhatsApp,No Response,Yes
RTC0003804,C0011378,Loyalty Save,Loyalty Discount 10%,22-06-2025,SMS,Declined,Yes
RTC0003805,C0011381,Value Retention,Free OTT 3 Months,16-03-2025,SMS,Accepted,Yes
RTC0003806,C0011382,At-Risk Outreach,Cashback Voucher,03-07-2025,App,Accepted,Yes
RTC0003807,C0011387,Renewal Nudge,Cashback Voucher,10-01-2026,Call,Declined,Yes
RTC0003808,C0011392,At-Risk Outreach,Cashback Voucher,10-05-2025,Email,Accepted,Yes
RTC0003809,C0011395,Value Retention,Extra Data 50GB,12-02-2026,SMS,Declined,No
RTC0003810,C0011404,At-Risk Outreach,Priority Support,04-12-2025,Call,Accepted,Yes
RTC0003811,C0011406,Win-Back Drive,Plan Upgrade Offer,26-01-2026,Email,No Response,Yes
RTC0003812,C0011408,Win-Back Drive,Extra Data 50GB,10-08-2025,Call,Declined,Yes
RTC0003813,C0011410,Value Retention,Plan Upgrade Offer,21-08-2025,Call,No Response,Yes
RTC0003814,C0011413,Renewal Nudge,Priority Support,04-02-2025,Email,Declined,Yes
RTC0003815,C0011417,Win-Back Drive,Free OTT 3 Months,30-11-2025,Call,Accepted,Yes
RTC0003816,C0011419,Renewal Nudge,Bill Waiver,03-11-2025,WhatsApp,Declined,No
RTC0003817,C0011422,Renewal Nudge,Cashback Voucher,21-01-2026,App,Declined,Yes
RTC0003818,C0011424,Win-Back Drive,Bill Waiver,29-08-2025,WhatsApp,No Response,Yes
RTC0003819,C0011425,At-Risk Outreach,Priority Support,17-02-2025,Email,Declined,Yes
RTC0003820,C0011426,Win-Back Drive,Free OTT 3 Months,26-12-2025,Email,Accepted,Yes
RTC0003821,C0011428,Renewal Nudge,Priority Support,02-07-2025,App,Accepted,Yes
RTC0003822,C0011431,At-Risk Outreach,Priority Support,03-03-2025,Email,Accepted,Yes
RTC0003823,C0011432,At-Risk Outreach,Bill Waiver,12-07-2025,App,Declined,No
RTC0003824,C0011433,Win-Back Drive,Bill Waiver,18-01-2025,SMS,No Response,No
RTC0003825,C0011436,Renewal Nudge,Free OTT 3 Months,15-09-2025,Email,Accepted,Yes
RTC0003826,C0011441,At-Risk Outreach,Extra Data 50GB,23-11-2025,App,Accepted,Yes
RTC0003827,C0011443,At-Risk Outreach,Loyalty Discount 10%,09-12-2025,Call,Accepted,Yes
RTC0003828,C0011450,Renewal Nudge,Extra Data 50GB,28-09-2025,App,No Response,Yes
RTC0003829,C0011451,Renewal Nudge,Cashback Voucher,22-04-2025,Email,No Response,Yes
RTC0003830,C0011456,Win-Back Drive,Annual Plan Discount,20-04-2025,App,No Response,No
RTC0003831,C0011463,Value Retention,Bill Waiver,19-03-2026,SMS,Accepted,No
RTC0003832,C0011466,At-Risk Outreach,Priority Support,17-03-2026,App,Accepted,Yes
RTC0003833,C0011467,Loyalty Save,Loyalty Discount 10%,09-01-2025,Call,No Response,Yes
RTC0003834,C0011468,At-Risk Outreach,Loyalty Discount 10%,27-11-2025,App,No Response,Yes
RTC0003835,C0011469,Win-Back Drive,Free OTT 3 Months,28-03-2025,App,Accepted,No
RTC0003836,C0011472,Loyalty Save,Loyalty Discount 10%,03-06-2025,Call,Declined,Yes
RTC0003837,C0011474,At-Risk Outreach,Loyalty Discount 10%,26-10-2025,WhatsApp,Accepted,Yes
RTC0003838,C0011476,At-Risk Outreach,Cashback Voucher,19-01-2025,SMS,Declined,Yes
RTC0003839,C0011481,At-Risk Outreach,Extra Data 50GB,21-01-2025,WhatsApp,Accepted,Yes
RTC0003840,C0011483,Loyalty Save,Plan Upgrade Offer,31-10-2025,WhatsApp,No Response,Yes
RTC0003841,C0011485,At-Risk Outreach,Priority Support,15-03-2026,Email,Accepted,Yes
RTC0003842,C0011486,Loyalty Save,Extra Data 50GB,03-12-2025,Call,Accepted,Yes
RTC0003843,C0011491,Renewal Nudge,Free OTT 3 Months,19-08-2025,Email,Declined,Yes
RTC0003844,C0011493,Value Retention,Annual Plan Discount,06-02-2026,SMS,No Response,No
RTC0003845,C0011494,Win-Back Drive,Priority Support,07-11-2025,WhatsApp,No Response,Yes
RTC0003846,C0011496,Win-Back Drive,Extra Data 50GB,12-06-2025,SMS,Declined,Yes
RTC0003847,C0011497,Loyalty Save,Cashback Voucher,25-11-2025,WhatsApp,Declined,Yes
RTC0003848,C0011499,Renewal Nudge,Loyalty Discount 10%,15-02-2025,Email,Accepted,Yes
RTC0003849,C0011501,Renewal Nudge,Priority Support,26-02-2025,Email,No Response,Yes
RTC0003850,C0011507,Value Retention,Plan Upgrade Offer,07-03-2025,App,Declined,Yes
RTC0003851,C0011509,Renewal Nudge,Extra Data 50GB,09-07-2025,Email,No Response,No
RTC0003852,C0011510,Value Retention,Cashback Voucher,12-06-2025,App,Declined,Yes
RTC0003853,C0011512,At-Risk Outreach,Loyalty Discount 10%,20-05-2025,App,Declined,No
RTC0003854,C0011513,Win-Back Drive,Priority Support,18-10-2025,SMS,Declined,Yes
RTC0003855,C0011519,Win-Back Drive,Annual Plan Discount,14-02-2025,SMS,No Response,Yes
RTC0003856,C0011521,At-Risk Outreach,Extra Data 50GB,26-03-2025,Call,No Response,Yes
RTC0003857,C0011523,Renewal Nudge,Loyalty Discount 10%,21-08-2025,App,Accepted,Yes
RTC0003858,C0011526,Value Retention,Free OTT 3 Months,06-01-2026,Call,Declined,No
RTC0003859,C0011527,Win-Back Drive,Priority Support,21-05-2025,WhatsApp,Accepted,Yes
RTC0003860,C0011530,Value Retention,Priority Support,11-01-2026,Call,Declined,Yes
RTC0003861,C0011532,At-Risk Outreach,Cashback Voucher,25-06-2025,SMS,Accepted,Yes
RTC0003862,C0011533,Renewal Nudge,Extra Data 50GB,28-05-2025,Email,Accepted,Yes
RTC0003863,C0011536,Loyalty Save,Loyalty Discount 10%,18-01-2026,Email,Declined,Yes
RTC0003864,C0011539,Win-Back Drive,Plan Upgrade Offer,10-08-2025,App,No Response,Yes
RTC0003865,C0011542,Win-Back Drive,Loyalty Discount 10%,08-04-2025,WhatsApp,Accepted,Yes
RTC0003866,C0011551,Loyalty Save,Free OTT 3 Months,06-01-2026,WhatsApp,No Response,No
RTC0003867,C0011553,Loyalty Save,Priority Support,20-04-2025,App,Accepted,Yes
RTC0003868,C0011559,Win-Back Drive,Loyalty Discount 10%,19-03-2025,WhatsApp,Declined,No
RTC0003869,C0011564,Value Retention,Bill Waiver,19-12-2025,SMS,Accepted,Yes
RTC0003870,C0011565,Win-Back Drive,Plan Upgrade Offer,13-09-2025,WhatsApp,Accepted,Yes
RTC0003871,C0011566,Win-Back Drive,Loyalty Discount 10%,25-01-2025,WhatsApp,No Response,No
RTC0003872,C0011567,Loyalty Save,Extra Data 50GB,06-06-2025,App,No Response,Yes
RTC0003873,C0011568,Loyalty Save,Loyalty Discount 10%,04-10-2025,WhatsApp,No Response,No
RTC0003874,C0011570,Value Retention,Free OTT 3 Months,26-08-2025,Email,Accepted,Yes
RTC0003875,C0011574,Renewal Nudge,Bill Waiver,05-09-2025,WhatsApp,No Response,Yes
RTC0003876,C0011576,Win-Back Drive,Annual Plan Discount,26-01-2026,Email,Declined,Yes
RTC0003877,C0011580,Loyalty Save,Bill Waiver,11-10-2025,WhatsApp,Declined,Yes
RTC0003878,C0011582,Renewal Nudge,Priority Support,17-08-2025,WhatsApp,Declined,Yes
RTC0003879,C0011586,Win-Back Drive,Loyalty Discount 10%,22-06-2025,Email,Declined,Yes
RTC0003880,C0011590,At-Risk Outreach,Extra Data 50GB,02-06-2025,SMS,Declined,Yes
RTC0003881,C0011595,At-Risk Outreach,Cashback Voucher,23-10-2025,SMS,Accepted,Yes
RTC0003882,C0011597,Value Retention,Annual Plan Discount,12-01-2025,WhatsApp,Accepted,Yes
RTC0003883,C0011603,Loyalty Save,Bill Waiver,31-12-2025,WhatsApp,Declined,No
RTC0003884,C0011608,Loyalty Save,Cashback Voucher,06-02-2026,Email,Accepted,Yes
RTC0003885,C0011613,Value Retention,Plan Upgrade Offer,31-03-2025,App,No Response,Yes
RTC0003886,C0011614,Win-Back Drive,Priority Support,07-07-2025,WhatsApp,Declined,Yes
RTC0003887,C0011616,At-Risk Outreach,Extra Data 50GB,14-01-2025,Email,Accepted,Yes
RTC0003888,C0011622,Renewal Nudge,Priority Support,09-07-2025,WhatsApp,No Response,Yes
RTC0003889,C0011623,Value Retention,Loyalty Discount 10%,19-03-2026,WhatsApp,Accepted,Yes
RTC0003890,C0011634,Value Retention,Plan Upgrade Offer,30-01-2026,App,No Response,Yes
RTC0003891,C0011640,Value Retention,Cashback Voucher,05-01-2026,SMS,Accepted,Yes
RTC0003892,C0011646,At-Risk Outreach,Cashback Voucher,14-03-2026,SMS,Declined,Yes
RTC0003893,C0011647,Loyalty Save,Cashback Voucher,20-11-2025,Email,Declined,No
RTC0003894,C0011648,Renewal Nudge,Free OTT 3 Months,14-03-2026,SMS,Accepted,Yes
RTC0003895,C0011650,Renewal Nudge,Cashback Voucher,07-02-2025,WhatsApp,Accepted,Yes
RTC0003896,C0011653,Value Retention,Free OTT 3 Months,11-05-2025,App,No Response,Yes
RTC0003897,C0011655,Loyalty Save,Priority Support,21-03-2025,Call,Accepted,Yes
RTC0003898,C0011661,At-Risk Outreach,Annual Plan Discount,12-08-2025,Email,No Response,Yes
RTC0003899,C0011662,Win-Back Drive,Plan Upgrade Offer,30-06-2025,Email,Declined,No
RTC0003900,C0011664,Loyalty Save,Cashback Voucher,01-11-2025,Email,No Response,Yes
RTC0003901,C0011667,Win-Back Drive,Bill Waiver,16-06-2025,WhatsApp,Accepted,Yes
RTC0003902,C0011671,Loyalty Save,Plan Upgrade Offer,13-02-2025,Email,Declined,Yes
RTC0003903,C0011676,Renewal Nudge,Free OTT 3 Months,09-02-2026,Email,Declined,Yes
RTC0003904,C0011677,Value Retention,Annual Plan Discount,12-06-2025,Email,Declined,Yes
RTC0003905,C0011678,At-Risk Outreach,Free OTT 3 Months,13-05-2025,Email,Accepted,No
RTC0003906,C0011682,At-Risk Outreach,Bill Waiver,06-04-2025,Call,Declined,Yes
RTC0003907,C0011688,Renewal Nudge,Cashback Voucher,11-02-2026,Email,Declined,No
RTC0003908,C0011691,Win-Back Drive,Bill Waiver,28-04-2025,Email,Accepted,Yes
RTC0003909,C0011705,Win-Back Drive,Annual Plan Discount,04-02-2025,SMS,Accepted,Yes
RTC0003910,C0011707,Win-Back Drive,Cashback Voucher,04-12-2025,WhatsApp,No Response,No
RTC0003911,C0011708,Renewal Nudge,Priority Support,14-07-2025,Email,Declined,Yes
RTC0003912,C0011709,At-Risk Outreach,Priority Support,06-09-2025,Email,Accepted,Yes
RTC0003913,C0011712,At-Risk Outreach,Priority Support,23-11-2025,Call,Declined,Yes
RTC0003914,C0011714,At-Risk Outreach,Annual Plan Discount,06-08-2025,Email,No Response,Yes
RTC0003915,C0011718,At-Risk Outreach,Plan Upgrade Offer,12-01-2026,SMS,Accepted,Yes
RTC0003916,C0011720,Renewal Nudge,Loyalty Discount 10%,15-06-2025,WhatsApp,No Response,Yes
RTC0003917,C0011721,Win-Back Drive,Free OTT 3 Months,13-12-2025,Call,Accepted,Yes
RTC0003918,C0011723,Renewal Nudge,Bill Waiver,11-03-2025,Email,Declined,Yes
RTC0003919,C0011725,Renewal Nudge,Plan Upgrade Offer,14-03-2026,WhatsApp,Accepted,Yes
RTC0003920,C0011726,Value Retention,Bill Waiver,27-11-2025,WhatsApp,Accepted,Yes
RTC0003921,C0011730,Win-Back Drive,Plan Upgrade Offer,03-03-2025,App,Declined,Yes
RTC0003922,C0011731,Win-Back Drive,Annual Plan Discount,02-09-2025,Email,Accepted,Yes
RTC0003923,C0011732,Win-Back Drive,Bill Waiver,30-03-2025,Email,Accepted,Yes
RTC0003924,C0011744,Loyalty Save,Cashback Voucher,05-02-2026,SMS,Accepted,No
RTC0003925,C0011748,Loyalty Save,Priority Support,09-11-2025,Call,Accepted,Yes
RTC0003926,C0011751,Renewal Nudge,Loyalty Discount 10%,21-01-2025,WhatsApp,Accepted,No
RTC0003927,C0011753,Value Retention,Bill Waiver,26-02-2025,WhatsApp,Accepted,Yes
RTC0003928,C0011758,At-Risk Outreach,Bill Waiver,25-05-2025,Email,Accepted,Yes
RTC0003929,C0011759,Value Retention,Extra Data 50GB,22-09-2025,Call,Declined,Yes
RTC0003930,C0011760,Win-Back Drive,Extra Data 50GB,17-12-2025,Call,Accepted,Yes
RTC0003931,C0011765,Value Retention,Priority Support,12-01-2025,App,Accepted,Yes
RTC0003932,C0011769,Value Retention,Annual Plan Discount,06-01-2025,SMS,No Response,Yes
RTC0003933,C0011771,Renewal Nudge,Bill Waiver,28-10-2025,SMS,Declined,Yes
RTC0003934,C0011772,Value Retention,Loyalty Discount 10%,02-07-2025,Email,Declined,Yes
RTC0003935,C0011773,Value Retention,Priority Support,24-04-2025,SMS,No Response,Yes
RTC0003936,C0011774,Win-Back Drive,Annual Plan Discount,07-06-2025,WhatsApp,Declined,Yes
RTC0003937,C0011775,Value Retention,Cashback Voucher,03-01-2026,Call,No Response,Yes
RTC0003938,C0011776,Value Retention,Bill Waiver,27-03-2026,SMS,Accepted,Yes
RTC0003939,C0011781,Value Retention,Free OTT 3 Months,21-04-2025,WhatsApp,Accepted,Yes
RTC0003940,C0011783,Loyalty Save,Bill Waiver,20-12-2025,Call,Accepted,Yes
RTC0003941,C0011786,Value Retention,Plan Upgrade Offer,18-03-2025,Call,Declined,Yes
RTC0003942,C0011791,Win-Back Drive,Annual Plan Discount,12-05-2025,Email,Accepted,Yes
RTC0003943,C0011792,Value Retention,Priority Support,25-06-2025,App,Declined,Yes
RTC0003944,C0011793,At-Risk Outreach,Bill Waiver,04-04-2025,Call,Declined,Yes
RTC0003945,C0011800,Renewal Nudge,Extra Data 50GB,20-02-2025,App,Declined,Yes
RTC0003946,C0011803,Renewal Nudge,Annual Plan Discount,04-02-2025,WhatsApp,No Response,Yes
RTC0003947,C0011808,Value Retention,Annual Plan Discount,03-06-2025,App,Accepted,Yes
RTC0003948,C0011809,Renewal Nudge,Priority Support,27-11-2025,Email,No Response,No
RTC0003949,C0011810,At-Risk Outreach,Loyalty Discount 10%,14-08-2025,WhatsApp,Accepted,Yes
RTC0003950,C0011812,At-Risk Outreach,Annual Plan Discount,22-11-2025,App,Accepted,Yes
RTC0003951,C0011815,Renewal Nudge,Priority Support,05-10-2025,App,No Response,Yes
RTC0003952,C0011816,Loyalty Save,Bill Waiver,17-09-2025,WhatsApp,No Response,Yes
RTC0003953,C0011817,Renewal Nudge,Priority Support,21-12-2025,WhatsApp,No Response,Yes
RTC0003954,C0011819,Win-Back Drive,Annual Plan Discount,23-01-2026,Call,No Response,Yes
RTC0003955,C0011820,At-Risk Outreach,Bill Waiver,19-05-2025,WhatsApp,Declined,Yes
RTC0003956,C0011826,Renewal Nudge,Loyalty Discount 10%,29-08-2025,App,Accepted,Yes
RTC0003957,C0011827,Renewal Nudge,Plan Upgrade Offer,19-09-2025,WhatsApp,No Response,Yes
RTC0003958,C0011830,Value Retention,Plan Upgrade Offer,06-12-2025,Call,No Response,Yes
RTC0003959,C0011831,At-Risk Outreach,Cashback Voucher,21-02-2025,SMS,Accepted,Yes
RTC0003960,C0011838,Win-Back Drive,Cashback Voucher,22-08-2025,SMS,Accepted,Yes
RTC0003961,C0011843,Renewal Nudge,Annual Plan Discount,10-01-2026,SMS,Accepted,Yes
RTC0003962,C0011846,Value Retention,Free OTT 3 Months,14-09-2025,Email,Accepted,Yes
RTC0003963,C0011847,Win-Back Drive,Loyalty Discount 10%,20-09-2025,Email,No Response,Yes
RTC0003964,C0011848,Value Retention,Annual Plan Discount,14-11-2025,Call,Accepted,Yes
RTC0003965,C0011849,Win-Back Drive,Priority Support,26-07-2025,Call,Accepted,Yes
RTC0003966,C0011854,Win-Back Drive,Loyalty Discount 10%,13-02-2025,Call,No Response,No
RTC0003967,C0011855,Win-Back Drive,Extra Data 50GB,12-01-2026,App,No Response,Yes
RTC0003968,C0011857,Win-Back Drive,Loyalty Discount 10%,02-01-2026,WhatsApp,Accepted,Yes
RTC0003969,C0011860,At-Risk Outreach,Loyalty Discount 10%,07-09-2025,Call,Declined,No
RTC0003970,C0011861,Renewal Nudge,Free OTT 3 Months,30-12-2025,SMS,Accepted,Yes
RTC0003971,C0011863,Win-Back Drive,Bill Waiver,11-03-2025,Email,Declined,Yes
RTC0003972,C0011865,Value Retention,Bill Waiver,14-02-2026,SMS,Accepted,Yes
RTC0003973,C0011871,Loyalty Save,Extra Data 50GB,01-11-2025,Call,No Response,No
RTC0003974,C0011872,Renewal Nudge,Annual Plan Discount,30-10-2025,Email,Accepted,Yes
RTC0003975,C0011873,Loyalty Save,Bill Waiver,11-09-2025,Call,No Response,Yes
RTC0003976,C0011879,Loyalty Save,Priority Support,05-09-2025,App,Accepted,Yes
RTC0003977,C0011880,At-Risk Outreach,Free OTT 3 Months,23-01-2026,SMS,Accepted,Yes
RTC0003978,C0011884,Renewal Nudge,Loyalty Discount 10%,27-07-2025,App,No Response,Yes
RTC0003979,C0011885,Loyalty Save,Bill Waiver,14-07-2025,Email,Declined,Yes
RTC0003980,C0011886,At-Risk Outreach,Extra Data 50GB,02-01-2026,SMS,No Response,Yes
RTC0003981,C0011889,Renewal Nudge,Cashback Voucher,01-08-2025,Call,Accepted,Yes
RTC0003982,C0011891,Win-Back Drive,Priority Support,25-05-2025,WhatsApp,Accepted,Yes
RTC0003983,C0011893,Loyalty Save,Free OTT 3 Months,23-02-2026,WhatsApp,Declined,Yes
RTC0003984,C0011897,Loyalty Save,Cashback Voucher,18-08-2025,Call,Declined,Yes
RTC0003985,C0011898,Win-Back Drive,Annual Plan Discount,15-01-2026,Call,Declined,Yes
RTC0003986,C0011900,Loyalty Save,Priority Support,29-04-2025,WhatsApp,Declined,Yes
RTC0003987,C0011901,Loyalty Save,Extra Data 50GB,29-08-2025,Email,No Response,No
RTC0003988,C0011905,Renewal Nudge,Free OTT 3 Months,19-07-2025,App,Accepted,Yes
RTC0003989,C0011909,At-Risk Outreach,Free OTT 3 Months,17-03-2026,Call,Declined,Yes
RTC0003990,C0011913,Win-Back Drive,Annual Plan Discount,02-02-2025,Call,Declined,Yes
RTC0003991,C0011916,Win-Back Drive,Bill Waiver,06-03-2026,App,Declined,Yes
RTC0003992,C0011920,Value Retention,Plan Upgrade Offer,11-12-2025,Email,No Response,Yes
RTC0003993,C0011921,Renewal Nudge,Annual Plan Discount,11-11-2025,App,No Response,Yes
RTC0003994,C0011922,Value Retention,Extra Data 50GB,17-02-2026,App,No Response,Yes
RTC0003995,C0011925,Win-Back Drive,Annual Plan Discount,28-03-2026,WhatsApp,Accepted,Yes
RTC0003996,C0011929,At-Risk Outreach,Free OTT 3 Months,05-06-2025,Email,Declined,No
RTC0003997,C0011933,Win-Back Drive,Loyalty Discount 10%,21-03-2025,SMS,Accepted,Yes
RTC0003998,C0011937,Win-Back Drive,Extra Data 50GB,02-02-2025,SMS,Accepted,Yes
RTC0003999,C0011940,Win-Back Drive,Annual Plan Discount,19-08-2025,App,No Response,Yes
RTC0004000,C0011941,Win-Back Drive,Annual Plan Discount,29-03-2025,Email,Declined,Yes
RTC0004001,C0011946,At-Risk Outreach,Free OTT 3 Months,21-03-2025,WhatsApp,Declined,Yes
RTC0004002,C0011949,Value Retention,Priority Support,12-08-2025,Email,No Response,No
RTC0004003,C0011951,At-Risk Outreach,Annual Plan Discount,24-09-2025,WhatsApp,Accepted,Yes
RTC0004004,C0011952,Value Retention,Extra Data 50GB,01-02-2026,WhatsApp,No Response,Yes
RTC0004005,C0011968,Value Retention,Bill Waiver,03-10-2025,WhatsApp,No Response,Yes
RTC0004006,C0011972,Renewal Nudge,Annual Plan Discount,31-01-2025,Email,No Response,Yes
RTC0004007,C0011974,Loyalty Save,Annual Plan Discount,14-08-2025,Call,Accepted,Yes
RTC0004008,C0011976,Loyalty Save,Annual Plan Discount,11-12-2025,App,Accepted,Yes
RTC0004009,C0011977,Loyalty Save,Extra Data 50GB,16-09-2025,Call,Accepted,Yes
RTC0004010,C0011984,At-Risk Outreach,Priority Support,01-06-2025,Call,Accepted,Yes
RTC0004011,C0011986,At-Risk Outreach,Cashback Voucher,19-12-2025,SMS,No Response,Yes
RTC0004012,C0011989,At-Risk Outreach,Annual Plan Discount,22-08-2025,Email,Accepted,Yes
RTC0004013,C0011990,Value Retention,Plan Upgrade Offer,05-01-2026,WhatsApp,Accepted,Yes
RTC0004014,C0011991,Win-Back Drive,Plan Upgrade Offer,22-01-2026,Email,Declined,No
RTC0004015,C0011993,Loyalty Save,Loyalty Discount 10%,27-11-2025,SMS,Declined,Yes
RTC0004016,C0011994,At-Risk Outreach,Annual Plan Discount,01-08-2025,Call,Accepted,Yes
RTC0004017,C0011995,Win-Back Drive,Loyalty Discount 10%,27-08-2025,WhatsApp,Declined,Yes
RTC0004018,C0012001,Value Retention,Free OTT 3 Months,30-08-2025,SMS,Accepted,Yes
RTC0004019,C0012002,Renewal Nudge,Annual Plan Discount,16-02-2026,Email,Accepted,Yes
RTC0004020,C0012003,Value Retention,Free OTT 3 Months,23-07-2025,Call,Accepted,Yes
RTC0004021,C0012006,Loyalty Save,Free OTT 3 Months,26-05-2025,WhatsApp,No Response,Yes
RTC0004022,C0012018,Win-Back Drive,Annual Plan Discount,31-10-2025,WhatsApp,Accepted,Yes
RTC0004023,C0012019,Loyalty Save,Annual Plan Discount,04-10-2025,Call,Declined,No
RTC0004024,C0012020,Loyalty Save,Extra Data 50GB,12-01-2026,WhatsApp,Declined,Yes
RTC0004025,C0012024,Renewal Nudge,Loyalty Discount 10%,01-03-2026,Email,Declined,No
RTC0004026,C0012025,Loyalty Save,Free OTT 3 Months,31-01-2026,Call,Accepted,No
RTC0004027,C0012026,Renewal Nudge,Free OTT 3 Months,01-10-2025,Call,Accepted,Yes
RTC0004028,C0012032,Loyalty Save,Bill Waiver,08-12-2025,WhatsApp,Accepted,Yes
RTC0004029,C0012041,Renewal Nudge,Bill Waiver,09-06-2025,SMS,Accepted,No
RTC0004030,C0012042,At-Risk Outreach,Free OTT 3 Months,06-04-2025,WhatsApp,No Response,Yes
RTC0004031,C0012047,Win-Back Drive,Annual Plan Discount,28-10-2025,SMS,No Response,Yes
RTC0004032,C0012051,Value Retention,Cashback Voucher,18-05-2025,Email,Accepted,Yes
RTC0004033,C0012052,Renewal Nudge,Free OTT 3 Months,28-01-2026,WhatsApp,No Response,Yes
RTC0004034,C0012053,Renewal Nudge,Loyalty Discount 10%,22-04-2025,App,Declined,Yes
RTC0004035,C0012056,Value Retention,Annual Plan Discount,11-01-2025,Call,No Response,Yes
RTC0004036,C0012062,At-Risk Outreach,Priority Support,12-02-2026,Call,Accepted,No
RTC0004037,C0012064,Renewal Nudge,Bill Waiver,28-02-2025,App,Accepted,Yes
RTC0004038,C0012068,Renewal Nudge,Priority Support,29-11-2025,App,Accepted,Yes
RTC0004039,C0012071,At-Risk Outreach,Cashback Voucher,19-04-2025,Email,Accepted,Yes
RTC0004040,C0012079,Value Retention,Plan Upgrade Offer,29-04-2025,Email,Accepted,Yes
RTC0004041,C0012080,Win-Back Drive,Cashback Voucher,24-02-2026,Call,Declined,Yes
RTC0004042,C0012081,Win-Back Drive,Plan Upgrade Offer,06-09-2025,Call,Accepted,No
RTC0004043,C0012082,Win-Back Drive,Loyalty Discount 10%,13-04-2025,WhatsApp,Declined,Yes
RTC0004044,C0012083,Value Retention,Plan Upgrade Offer,02-07-2025,Email,Declined,Yes
RTC0004045,C0012084,Renewal Nudge,Plan Upgrade Offer,03-06-2025,Email,Declined,Yes
RTC0004046,C0012089,Renewal Nudge,Priority Support,01-07-2025,Call,Accepted,Yes
RTC0004047,C0012091,Value Retention,Cashback Voucher,22-10-2025,App,Declined,Yes
RTC0004048,C0012098,Win-Back Drive,Bill Waiver,07-10-2025,WhatsApp,Accepted,Yes
RTC0004049,C0012106,Renewal Nudge,Cashback Voucher,13-02-2025,Email,No Response,Yes
RTC0004050,C0012107,Loyalty Save,Extra Data 50GB,18-04-2025,Call,Accepted,Yes
RTC0004051,C0012110,Renewal Nudge,Free OTT 3 Months,01-10-2025,WhatsApp,No Response,Yes
RTC0004052,C0012113,Win-Back Drive,Cashback Voucher,29-01-2026,App,Accepted,Yes
RTC0004053,C0012114,Renewal Nudge,Free OTT 3 Months,02-11-2025,Call,Accepted,Yes
RTC0004054,C0012120,At-Risk Outreach,Priority Support,27-06-2025,App,Accepted,Yes
RTC0004055,C0012125,Renewal Nudge,Plan Upgrade Offer,12-01-2025,WhatsApp,Accepted,No
RTC0004056,C0012127,Win-Back Drive,Bill Waiver,05-09-2025,Call,Declined,Yes
RTC0004057,C0012129,At-Risk Outreach,Priority Support,27-07-2025,Email,Accepted,Yes
RTC0004058,C0012131,Renewal Nudge,Cashback Voucher,21-10-2025,Call,Accepted,Yes
RTC0004059,C0012135,Loyalty Save,Annual Plan Discount,26-04-2025,Call,No Response,Yes
RTC0004060,C0012139,At-Risk Outreach,Annual Plan Discount,19-05-2025,App,Accepted,Yes
RTC0004061,C0012140,At-Risk Outreach,Cashback Voucher,28-11-2025,WhatsApp,No Response,Yes
RTC0004062,C0012141,At-Risk Outreach,Free OTT 3 Months,26-08-2025,SMS,Accepted,Yes
RTC0004063,C0012143,Loyalty Save,Extra Data 50GB,10-05-2025,WhatsApp,Accepted,Yes
RTC0004064,C0012145,Renewal Nudge,Bill Waiver,08-05-2025,SMS,Accepted,Yes
RTC0004065,C0012146,At-Risk Outreach,Plan Upgrade Offer,08-05-2025,SMS,No Response,Yes
RTC0004066,C0012148,Renewal Nudge,Loyalty Discount 10%,10-08-2025,SMS,Accepted,Yes
RTC0004067,C0012158,Win-Back Drive,Free OTT 3 Months,23-06-2025,WhatsApp,Declined,No
RTC0004068,C0012159,At-Risk Outreach,Plan Upgrade Offer,03-06-2025,Call,Accepted,Yes
RTC0004069,C0012162,Value Retention,Priority Support,08-10-2025,App,Accepted,Yes
RTC0004070,C0012163,Value Retention,Cashback Voucher,07-01-2026,SMS,Accepted,Yes
RTC0004071,C0012165,Loyalty Save,Bill Waiver,09-12-2025,WhatsApp,Accepted,Yes
RTC0004072,C0012174,Win-Back Drive,Plan Upgrade Offer,05-01-2026,WhatsApp,No Response,No
RTC0004073,C0012175,Renewal Nudge,Plan Upgrade Offer,16-08-2025,App,Accepted,No
RTC0004074,C0012179,Win-Back Drive,Priority Support,25-10-2025,App,Accepted,Yes
RTC0004075,C0012181,Value Retention,Bill Waiver,26-02-2025,WhatsApp,No Response,Yes
RTC0004076,C0012183,Win-Back Drive,Plan Upgrade Offer,20-02-2026,Email,No Response,Yes
RTC0004077,C0012184,Loyalty Save,Annual Plan Discount,13-07-2025,Email,Accepted,Yes
RTC0004078,C0012187,Win-Back Drive,Bill Waiver,09-06-2025,SMS,Accepted,Yes
RTC0004079,C0012191,Loyalty Save,Free OTT 3 Months,11-06-2025,App,Accepted,Yes
RTC0004080,C0012192,Loyalty Save,Annual Plan Discount,14-06-2025,SMS,Accepted,Yes
RTC0004081,C0012197,Win-Back Drive,Plan Upgrade Offer,16-07-2025,Email,Declined,Yes
RTC0004082,C0012201,At-Risk Outreach,Free OTT 3 Months,22-09-2025,SMS,Accepted,No
RTC0004083,C0012204,At-Risk Outreach,Cashback Voucher,23-07-2025,Email,Accepted,Yes
RTC0004084,C0012205,At-Risk Outreach,Extra Data 50GB,08-03-2026,Email,Accepted,No
RTC0004085,C0012211,Value Retention,Loyalty Discount 10%,02-05-2025,Email,Accepted,Yes
RTC0004086,C0012212,At-Risk Outreach,Extra Data 50GB,16-09-2025,WhatsApp,Declined,Yes
RTC0004087,C0012213,At-Risk Outreach,Annual Plan Discount,12-08-2025,Email,Declined,Yes
RTC0004088,C0012214,At-Risk Outreach,Loyalty Discount 10%,16-07-2025,App,No Response,Yes
RTC0004089,C0012217,Value Retention,Priority Support,09-06-2025,Call,Accepted,Yes
RTC0004090,C0012220,Win-Back Drive,Plan Upgrade Offer,28-12-2025,App,Accepted,Yes
RTC0004091,C0012223,At-Risk Outreach,Loyalty Discount 10%,19-03-2026,Call,Accepted,Yes
RTC0004092,C0012225,Win-Back Drive,Cashback Voucher,15-06-2025,Call,Accepted,Yes
RTC0004093,C0012226,Loyalty Save,Free OTT 3 Months,24-04-2025,WhatsApp,No Response,Yes
RTC0004094,C0012227,Renewal Nudge,Extra Data 50GB,31-12-2025,SMS,Accepted,Yes
RTC0004095,C0012231,Renewal Nudge,Priority Support,26-02-2025,Email,Accepted,No
RTC0004096,C0012234,At-Risk Outreach,Priority Support,07-09-2025,SMS,Accepted,Yes
RTC0004097,C0012238,Loyalty Save,Annual Plan Discount,03-03-2026,Email,Accepted,Yes
RTC0004098,C0012240,Renewal Nudge,Bill Waiver,11-03-2026,SMS,Declined,Yes
RTC0004099,C0012241,Renewal Nudge,Annual Plan Discount,22-07-2025,Call,Accepted,Yes
RTC0004100,C0012245,At-Risk Outreach,Plan Upgrade Offer,20-03-2025,WhatsApp,Declined,Yes
RTC0004101,C0012251,Value Retention,Cashback Voucher,29-06-2025,Email,Declined,Yes
RTC0004102,C0012253,Loyalty Save,Free OTT 3 Months,24-01-2026,App,Accepted,Yes
RTC0004103,C0012255,At-Risk Outreach,Priority Support,08-10-2025,Email,Accepted,No
RTC0004104,C0012265,Loyalty Save,Priority Support,19-01-2025,Email,No Response,No
RTC0004105,C0012267,Value Retention,Bill Waiver,05-01-2025,Email,Accepted,Yes
RTC0004106,C0012270,At-Risk Outreach,Bill Waiver,13-08-2025,WhatsApp,Declined,No
RTC0004107,C0012272,At-Risk Outreach,Loyalty Discount 10%,21-06-2025,SMS,Accepted,Yes
RTC0004108,C0012275,Value Retention,Cashback Voucher,23-01-2025,WhatsApp,Declined,No
RTC0004109,C0012279,At-Risk Outreach,Bill Waiver,29-03-2025,Email,Accepted,Yes
RTC0004110,C0012287,Win-Back Drive,Cashback Voucher,10-05-2025,Email,Declined,No
RTC0004111,C0012288,Value Retention,Free OTT 3 Months,02-06-2025,WhatsApp,Accepted,Yes
RTC0004112,C0012289,At-Risk Outreach,Loyalty Discount 10%,25-10-2025,App,Accepted,Yes
RTC0004113,C0012290,Loyalty Save,Free OTT 3 Months,06-03-2026,WhatsApp,Declined,Yes
RTC0004114,C0012294,Loyalty Save,Bill Waiver,31-08-2025,SMS,Accepted,Yes
RTC0004115,C0012296,Renewal Nudge,Bill Waiver,25-05-2025,App,No Response,Yes
RTC0004116,C0012297,Value Retention,Priority Support,30-01-2025,WhatsApp,Accepted,Yes
RTC0004117,C0012305,At-Risk Outreach,Plan Upgrade Offer,07-07-2025,Email,Declined,No
RTC0004118,C0012306,Value Retention,Bill Waiver,17-10-2025,Email,Accepted,Yes
RTC0004119,C0012309,Renewal Nudge,Annual Plan Discount,09-07-2025,WhatsApp,No Response,No
RTC0004120,C0012311,Win-Back Drive,Free OTT 3 Months,08-11-2025,Call,Accepted,Yes
RTC0004121,C0012316,Loyalty Save,Extra Data 50GB,13-07-2025,WhatsApp,No Response,Yes
RTC0004122,C0012317,Win-Back Drive,Free OTT 3 Months,26-03-2026,Email,No Response,Yes
RTC0004123,C0012324,Value Retention,Loyalty Discount 10%,13-06-2025,WhatsApp,No Response,Yes
RTC0004124,C0012326,Value Retention,Bill Waiver,11-09-2025,App,No Response,No
RTC0004125,C0012330,Loyalty Save,Free OTT 3 Months,05-07-2025,App,Declined,Yes
RTC0004126,C0012332,Loyalty Save,Free OTT 3 Months,14-01-2025,Call,No Response,Yes
RTC0004127,C0012335,At-Risk Outreach,Extra Data 50GB,11-04-2025,Email,Declined,Yes
RTC0004128,C0012336,At-Risk Outreach,Priority Support,27-10-2025,Call,Accepted,Yes
RTC0004129,C0012343,Win-Back Drive,Free OTT 3 Months,23-04-2025,Call,Accepted,Yes
RTC0004130,C0012344,At-Risk Outreach,Annual Plan Discount,23-01-2025,Call,Accepted,Yes
RTC0004131,C0012346,Value Retention,Free OTT 3 Months,31-01-2026,SMS,Accepted,Yes
RTC0004132,C0012348,Win-Back Drive,Plan Upgrade Offer,18-11-2025,Call,Accepted,Yes
RTC0004133,C0012349,Loyalty Save,Cashback Voucher,17-01-2025,Call,Accepted,Yes
RTC0004134,C0012359,Loyalty Save,Priority Support,16-01-2026,App,Declined,No
RTC0004135,C0012360,Win-Back Drive,Annual Plan Discount,26-03-2025,SMS,No Response,No
RTC0004136,C0012361,Loyalty Save,Extra Data 50GB,07-03-2026,App,Accepted,Yes
RTC0004137,C0012365,Loyalty Save,Bill Waiver,29-07-2025,Email,Accepted,Yes
RTC0004138,C0012368,Win-Back Drive,Extra Data 50GB,07-11-2025,Email,No Response,Yes
RTC0004139,C0012369,Value Retention,Cashback Voucher,04-06-2025,Email,Accepted,Yes
RTC0004140,C0012372,Loyalty Save,Cashback Voucher,20-07-2025,Call,Accepted,Yes
RTC0004141,C0012377,Value Retention,Free OTT 3 Months,13-01-2026,Call,Accepted,Yes
RTC0004142,C0012382,Value Retention,Cashback Voucher,21-02-2025,Call,Accepted,Yes
RTC0004143,C0012384,Value Retention,Plan Upgrade Offer,23-01-2026,Call,No Response,Yes
RTC0004144,C0012385,Loyalty Save,Bill Waiver,16-08-2025,App,No Response,No
RTC0004145,C0012390,Loyalty Save,Extra Data 50GB,16-11-2025,SMS,Declined,Yes
RTC0004146,C0012393,Value Retention,Bill Waiver,26-01-2026,Email,Declined,Yes
RTC0004147,C0012394,Renewal Nudge,Extra Data 50GB,03-10-2025,App,Accepted,Yes
RTC0004148,C0012396,Win-Back Drive,Free OTT 3 Months,15-01-2025,App,Accepted,Yes
RTC0004149,C0012401,Win-Back Drive,Priority Support,15-03-2026,App,Accepted,Yes
RTC0004150,C0012402,Renewal Nudge,Loyalty Discount 10%,29-05-2025,WhatsApp,Accepted,Yes
RTC0004151,C0012405,Win-Back Drive,Extra Data 50GB,24-07-2025,Call,Accepted,Yes
RTC0004152,C0012410,At-Risk Outreach,Loyalty Discount 10%,30-03-2025,WhatsApp,No Response,Yes
RTC0004153,C0012411,At-Risk Outreach,Cashback Voucher,15-03-2026,SMS,No Response,Yes
RTC0004154,C0012412,Value Retention,Cashback Voucher,23-10-2025,Email,Declined,Yes
RTC0004155,C0012421,Loyalty Save,Bill Waiver,28-06-2025,SMS,Declined,Yes
RTC0004156,C0012424,At-Risk Outreach,Annual Plan Discount,17-03-2026,Email,Accepted,Yes
RTC0004157,C0012425,Renewal Nudge,Annual Plan Discount,15-08-2025,Call,Accepted,No
RTC0004158,C0012427,Value Retention,Bill Waiver,18-09-2025,Call,Accepted,Yes
RTC0004159,C0012429,Win-Back Drive,Loyalty Discount 10%,26-01-2025,SMS,Declined,Yes
RTC0004160,C0012432,At-Risk Outreach,Loyalty Discount 10%,22-02-2025,Call,Accepted,Yes
RTC0004161,C0012433,Loyalty Save,Extra Data 50GB,22-05-2025,Email,Accepted,Yes
RTC0004162,C0012434,Value Retention,Bill Waiver,16-02-2025,Email,Declined,Yes
RTC0004163,C0012435,Renewal Nudge,Loyalty Discount 10%,08-01-2026,App,Accepted,Yes
RTC0004164,C0012437,Win-Back Drive,Annual Plan Discount,17-09-2025,Email,Accepted,Yes
RTC0004165,C0012443,Loyalty Save,Cashback Voucher,28-03-2025,Call,Accepted,Yes
RTC0004166,C0012458,Win-Back Drive,Bill Waiver,16-03-2025,WhatsApp,No Response,No
RTC0004167,C0012460,Win-Back Drive,Plan Upgrade Offer,04-01-2025,App,Declined,Yes
RTC0004168,C0012462,Win-Back Drive,Annual Plan Discount,18-06-2025,App,Accepted,Yes
RTC0004169,C0012466,Value Retention,Cashback Voucher,09-03-2026,App,Accepted,Yes
RTC0004170,C0012468,At-Risk Outreach,Bill Waiver,28-06-2025,Email,Declined,Yes
RTC0004171,C0012470,Win-Back Drive,Bill Waiver,23-08-2025,App,Declined,Yes
RTC0004172,C0012472,Loyalty Save,Cashback Voucher,10-03-2026,Call,Accepted,Yes
RTC0004173,C0012473,Loyalty Save,Loyalty Discount 10%,11-03-2025,Call,Accepted,Yes
RTC0004174,C0012474,At-Risk Outreach,Free OTT 3 Months,18-06-2025,App,Declined,Yes
RTC0004175,C0012475,Loyalty Save,Plan Upgrade Offer,31-03-2025,Email,Accepted,Yes
RTC0004176,C0012476,Loyalty Save,Annual Plan Discount,01-11-2025,SMS,Declined,Yes
RTC0004177,C0012477,At-Risk Outreach,Cashback Voucher,27-02-2025,WhatsApp,Accepted,Yes
RTC0004178,C0012478,Value Retention,Free OTT 3 Months,20-08-2025,Email,Declined,Yes
RTC0004179,C0012484,At-Risk Outreach,Free OTT 3 Months,09-10-2025,SMS,Accepted,Yes
RTC0004180,C0012485,At-Risk Outreach,Extra Data 50GB,27-09-2025,SMS,Accepted,Yes
RTC0004181,C0012487,Value Retention,Annual Plan Discount,28-08-2025,App,Accepted,Yes
RTC0004182,C0012488,Renewal Nudge,Loyalty Discount 10%,05-03-2026,App,Accepted,Yes
RTC0004183,C0012490,Value Retention,Bill Waiver,02-03-2025,Call,Accepted,Yes
RTC0004184,C0012491,Value Retention,Free OTT 3 Months,04-02-2025,Email,Accepted,Yes
RTC0004185,C0012492,Value Retention,Cashback Voucher,25-09-2025,Call,Accepted,No
RTC0004186,C0012495,Renewal Nudge,Annual Plan Discount,30-03-2026,App,Accepted,Yes
RTC0004187,C0012500,Value Retention,Loyalty Discount 10%,29-03-2025,WhatsApp,Declined,Yes
RTC0004188,C0012501,Win-Back Drive,Priority Support,21-08-2025,Call,No Response,Yes
RTC0004189,C0012502,At-Risk Outreach,Loyalty Discount 10%,19-09-2025,Email,Declined,Yes
RTC0004190,C0012504,Renewal Nudge,Annual Plan Discount,01-11-2025,Email,Accepted,Yes
RTC0004191,C0012505,Win-Back Drive,Extra Data 50GB,25-10-2025,SMS,Declined,Yes
RTC0004192,C0012507,Renewal Nudge,Annual Plan Discount,08-10-2025,Call,Accepted,Yes
RTC0004193,C0012508,Renewal Nudge,Priority Support,14-12-2025,Email,Declined,Yes
RTC0004194,C0012514,Win-Back Drive,Free OTT 3 Months,28-01-2025,WhatsApp,No Response,No
RTC0004195,C0012515,Renewal Nudge,Extra Data 50GB,11-08-2025,WhatsApp,Accepted,Yes
RTC0004196,C0012517,Value Retention,Cashback Voucher,19-08-2025,App,Accepted,Yes
RTC0004197,C0012524,At-Risk Outreach,Bill Waiver,12-08-2025,SMS,Accepted,Yes
RTC0004198,C0012527,Value Retention,Loyalty Discount 10%,06-08-2025,App,Accepted,Yes
RTC0004199,C0012528,At-Risk Outreach,Annual Plan Discount,13-05-2025,WhatsApp,Declined,No
RTC0004200,C0012531,Win-Back Drive,Annual Plan Discount,17-03-2025,App,Declined,Yes
RTC0004201,C0012543,At-Risk Outreach,Annual Plan Discount,31-07-2025,SMS,Accepted,No
RTC0004202,C0012545,Loyalty Save,Annual Plan Discount,12-01-2025,Call,Accepted,Yes
RTC0004203,C0012547,Loyalty Save,Annual Plan Discount,15-08-2025,WhatsApp,Accepted,No
RTC0004204,C0012548,At-Risk Outreach,Bill Waiver,21-01-2026,Email,Accepted,Yes
RTC0004205,C0012549,At-Risk Outreach,Cashback Voucher,24-10-2025,Call,Accepted,Yes
RTC0004206,C0012555,Renewal Nudge,Plan Upgrade Offer,30-03-2026,Email,Accepted,Yes
RTC0004207,C0012564,Value Retention,Annual Plan Discount,15-03-2025,WhatsApp,Accepted,Yes
RTC0004208,C0012565,Value Retention,Cashback Voucher,25-04-2025,App,No Response,Yes
RTC0004209,C0012566,Renewal Nudge,Bill Waiver,05-04-2025,WhatsApp,Accepted,Yes
RTC0004210,C0012567,Loyalty Save,Loyalty Discount 10%,24-01-2026,Call,Declined,Yes
RTC0004211,C0012568,At-Risk Outreach,Cashback Voucher,23-01-2025,Call,Accepted,Yes
RTC0004212,C0012569,Loyalty Save,Bill Waiver,02-11-2025,App,Declined,Yes
RTC0004213,C0012572,Loyalty Save,Annual Plan Discount,15-11-2025,WhatsApp,No Response,Yes
RTC0004214,C0012573,Value Retention,Priority Support,02-12-2025,SMS,Accepted,Yes
RTC0004215,C0012574,Renewal Nudge,Free OTT 3 Months,06-01-2026,WhatsApp,Accepted,No
RTC0004216,C0012575,Win-Back Drive,Loyalty Discount 10%,12-04-2025,App,No Response,No
RTC0004217,C0012576,Loyalty Save,Plan Upgrade Offer,27-12-2025,App,Accepted,No
RTC0004218,C0012579,Renewal Nudge,Bill Waiver,22-11-2025,Email,Accepted,Yes
RTC0004219,C0012583,At-Risk Outreach,Extra Data 50GB,12-05-2025,App,No Response,Yes
RTC0004220,C0012584,Value Retention,Free OTT 3 Months,08-12-2025,Email,Accepted,Yes
RTC0004221,C0012586,Renewal Nudge,Cashback Voucher,10-09-2025,App,Accepted,Yes
RTC0004222,C0012587,Win-Back Drive,Extra Data 50GB,01-03-2026,Email,Declined,Yes
RTC0004223,C0012588,At-Risk Outreach,Annual Plan Discount,24-12-2025,Email,No Response,Yes
RTC0004224,C0012589,Renewal Nudge,Free OTT 3 Months,07-11-2025,Call,No Response,Yes
RTC0004225,C0012593,At-Risk Outreach,Loyalty Discount 10%,23-01-2026,WhatsApp,Declined,Yes
RTC0004226,C0012594,At-Risk Outreach,Loyalty Discount 10%,17-05-2025,App,No Response,Yes
RTC0004227,C0012595,At-Risk Outreach,Plan Upgrade Offer,03-01-2025,Email,Accepted,Yes
RTC0004228,C0012596,Win-Back Drive,Extra Data 50GB,12-10-2025,WhatsApp,No Response,Yes
RTC0004229,C0012598,Loyalty Save,Loyalty Discount 10%,06-06-2025,App,Accepted,Yes
RTC0004230,C0012599,Loyalty Save,Priority Support,17-04-2025,App,Declined,Yes
RTC0004231,C0012602,Renewal Nudge,Annual Plan Discount,23-02-2025,WhatsApp,No Response,No
RTC0004232,C0012604,Renewal Nudge,Priority Support,04-03-2026,Email,Declined,No
RTC0004233,C0012608,At-Risk Outreach,Extra Data 50GB,24-09-2025,SMS,Accepted,Yes
RTC0004234,C0012609,Value Retention,Extra Data 50GB,20-07-2025,SMS,Declined,Yes
RTC0004235,C0012613,At-Risk Outreach,Bill Waiver,14-10-2025,Email,Declined,Yes
RTC0004236,C0012621,Win-Back Drive,Loyalty Discount 10%,08-10-2025,App,No Response,Yes
RTC0004237,C0012626,Win-Back Drive,Extra Data 50GB,10-04-2025,Email,No Response,Yes
RTC0004238,C0012630,Renewal Nudge,Extra Data 50GB,30-09-2025,SMS,Accepted,Yes
RTC0004239,C0012633,Win-Back Drive,Cashback Voucher,20-03-2026,Email,Declined,Yes
RTC0004240,C0012634,Loyalty Save,Bill Waiver,18-10-2025,WhatsApp,Declined,Yes
RTC0004241,C0012641,Renewal Nudge,Free OTT 3 Months,21-05-2025,Email,Accepted,Yes
RTC0004242,C0012642,Renewal Nudge,Bill Waiver,18-01-2025,Call,Accepted,Yes
RTC0004243,C0012643,At-Risk Outreach,Free OTT 3 Months,01-11-2025,Email,Declined,Yes
RTC0004244,C0012645,Value Retention,Cashback Voucher,19-03-2025,SMS,No Response,Yes
RTC0004245,C0012646,Loyalty Save,Free OTT 3 Months,10-06-2025,WhatsApp,Accepted,Yes
RTC0004246,C0012647,Value Retention,Priority Support,24-06-2025,App,Declined,Yes
RTC0004247,C0012649,Renewal Nudge,Priority Support,29-03-2025,App,No Response,Yes
RTC0004248,C0012650,At-Risk Outreach,Annual Plan Discount,26-01-2026,SMS,Accepted,Yes
RTC0004249,C0012651,At-Risk Outreach,Plan Upgrade Offer,30-03-2026,Call,Accepted,Yes
RTC0004250,C0012652,Loyalty Save,Loyalty Discount 10%,08-05-2025,SMS,Accepted,Yes
RTC0004251,C0012654,Renewal Nudge,Annual Plan Discount,02-01-2026,App,Accepted,Yes
RTC0004252,C0012659,Win-Back Drive,Loyalty Discount 10%,29-05-2025,SMS,Accepted,Yes
RTC0004253,C0012662,Loyalty Save,Cashback Voucher,06-04-2025,App,Declined,Yes
RTC0004254,C0012665,Value Retention,Free OTT 3 Months,22-04-2025,Call,Accepted,Yes
RTC0004255,C0012666,Loyalty Save,Cashback Voucher,19-02-2025,Email,No Response,No
RTC0004256,C0012669,Renewal Nudge,Plan Upgrade Offer,20-03-2026,WhatsApp,Accepted,Yes
RTC0004257,C0012671,Loyalty Save,Plan Upgrade Offer,10-01-2026,WhatsApp,Declined,Yes
RTC0004258,C0012677,Loyalty Save,Cashback Voucher,01-09-2025,SMS,Declined,Yes
RTC0004259,C0012678,Renewal Nudge,Priority Support,10-08-2025,Call,Declined,Yes
RTC0004260,C0012682,Value Retention,Loyalty Discount 10%,26-01-2026,WhatsApp,Accepted,Yes
RTC0004261,C0012685,At-Risk Outreach,Annual Plan Discount,18-03-2026,WhatsApp,No Response,Yes
RTC0004262,C0012689,Renewal Nudge,Extra Data 50GB,10-08-2025,WhatsApp,Declined,Yes
RTC0004263,C0012695,At-Risk Outreach,Cashback Voucher,21-08-2025,SMS,No Response,Yes
RTC0004264,C0012696,Loyalty Save,Priority Support,25-01-2026,Email,Accepted,Yes
RTC0004265,C0012699,At-Risk Outreach,Free OTT 3 Months,01-06-2025,Email,Accepted,Yes
RTC0004266,C0012700,Loyalty Save,Free OTT 3 Months,11-01-2026,WhatsApp,Accepted,Yes
RTC0004267,C0012703,Win-Back Drive,Priority Support,25-11-2025,Call,Accepted,Yes
RTC0004268,C0012706,Value Retention,Extra Data 50GB,26-04-2025,WhatsApp,No Response,Yes
RTC0004269,C0012708,Win-Back Drive,Extra Data 50GB,04-03-2025,SMS,Accepted,Yes
RTC0004270,C0012710,Win-Back Drive,Priority Support,22-11-2025,Email,No Response,No
RTC0004271,C0012714,Value Retention,Cashback Voucher,12-05-2025,SMS,Declined,Yes
RTC0004272,C0012716,Loyalty Save,Loyalty Discount 10%,20-02-2025,Call,Declined,Yes
RTC0004273,C0012723,Value Retention,Cashback Voucher,13-12-2025,App,Accepted,Yes
RTC0004274,C0012724,Value Retention,Plan Upgrade Offer,09-04-2025,Email,No Response,Yes
RTC0004275,C0012726,Loyalty Save,Loyalty Discount 10%,04-08-2025,SMS,Accepted,Yes
RTC0004276,C0012730,Renewal Nudge,Extra Data 50GB,07-10-2025,Email,Accepted,Yes
RTC0004277,C0012733,Loyalty Save,Priority Support,25-03-2025,Call,Declined,Yes
RTC0004278,C0012738,Renewal Nudge,Free OTT 3 Months,04-05-2025,Email,Declined,Yes
RTC0004279,C0012742,Renewal Nudge,Free OTT 3 Months,09-07-2025,Email,Declined,Yes
RTC0004280,C0012743,Value Retention,Free OTT 3 Months,23-12-2025,WhatsApp,No Response,Yes
RTC0004281,C0012750,Loyalty Save,Loyalty Discount 10%,21-07-2025,App,Accepted,Yes
RTC0004282,C0012752,Value Retention,Priority Support,12-12-2025,WhatsApp,Accepted,Yes
RTC0004283,C0012753,Renewal Nudge,Bill Waiver,08-03-2026,WhatsApp,Accepted,Yes
RTC0004284,C0012755,Win-Back Drive,Plan Upgrade Offer,07-10-2025,WhatsApp,Declined,No
RTC0004285,C0012756,Loyalty Save,Plan Upgrade Offer,12-08-2025,SMS,No Response,Yes
RTC0004286,C0012757,Renewal Nudge,Cashback Voucher,12-03-2026,App,No Response,Yes
RTC0004287,C0012759,Value Retention,Priority Support,28-10-2025,App,No Response,Yes
RTC0004288,C0012760,Loyalty Save,Bill Waiver,13-10-2025,App,Accepted,Yes
RTC0004289,C0012761,At-Risk Outreach,Loyalty Discount 10%,20-04-2025,SMS,Accepted,No
RTC0004290,C0012765,Win-Back Drive,Extra Data 50GB,05-02-2026,App,No Response,Yes
RTC0004291,C0012766,Renewal Nudge,Priority Support,19-09-2025,WhatsApp,Accepted,Yes
RTC0004292,C0012770,Win-Back Drive,Priority Support,09-04-2025,SMS,Accepted,No
RTC0004293,C0012773,Renewal Nudge,Free OTT 3 Months,03-01-2026,Call,No Response,No
RTC0004294,C0012776,Win-Back Drive,Free OTT 3 Months,03-03-2025,App,Accepted,Yes
RTC0004295,C0012781,At-Risk Outreach,Annual Plan Discount,25-10-2025,App,Accepted,Yes
RTC0004296,C0012783,Renewal Nudge,Bill Waiver,02-10-2025,WhatsApp,Declined,Yes
RTC0004297,C0012784,Renewal Nudge,Priority Support,15-03-2026,SMS,No Response,Yes
RTC0004298,C0012789,Loyalty Save,Bill Waiver,12-04-2025,Email,Accepted,Yes
RTC0004299,C0012791,At-Risk Outreach,Plan Upgrade Offer,29-01-2025,Email,Accepted,Yes
RTC0004300,C0012794,Loyalty Save,Plan Upgrade Offer,14-08-2025,SMS,Accepted,Yes
RTC0004301,C0012795,Value Retention,Plan Upgrade Offer,12-08-2025,WhatsApp,Accepted,Yes
RTC0004302,C0012798,Loyalty Save,Loyalty Discount 10%,26-05-2025,SMS,Accepted,Yes
RTC0004303,C0012800,Renewal Nudge,Extra Data 50GB,12-07-2025,SMS,Accepted,No
RTC0004304,C0012802,Loyalty Save,Free OTT 3 Months,07-11-2025,WhatsApp,Declined,Yes
RTC0004305,C0012803,Win-Back Drive,Extra Data 50GB,03-05-2025,WhatsApp,Declined,Yes
RTC0004306,C0012804,At-Risk Outreach,Loyalty Discount 10%,26-12-2025,Call,No Response,Yes
RTC0004307,C0012805,Win-Back Drive,Free OTT 3 Months,05-01-2025,WhatsApp,Accepted,No
RTC0004308,C0012806,Value Retention,Annual Plan Discount,22-10-2025,Call,Declined,Yes
RTC0004309,C0012808,At-Risk Outreach,Loyalty Discount 10%,29-04-2025,SMS,Accepted,Yes
RTC0004310,C0012820,Renewal Nudge,Extra Data 50GB,25-02-2025,WhatsApp,Declined,Yes
RTC0004311,C0012822,Renewal Nudge,Loyalty Discount 10%,07-12-2025,SMS,Accepted,Yes
RTC0004312,C0012823,Renewal Nudge,Free OTT 3 Months,20-03-2025,WhatsApp,Declined,Yes
RTC0004313,C0012824,Value Retention,Bill Waiver,04-07-2025,SMS,No Response,Yes
RTC0004314,C0012827,Win-Back Drive,Annual Plan Discount,26-08-2025,WhatsApp,Declined,No
RTC0004315,C0012831,Renewal Nudge,Bill Waiver,06-02-2025,App,Accepted,No
RTC0004316,C0012832,Renewal Nudge,Bill Waiver,05-08-2025,Call,No Response,No
RTC0004317,C0012833,Renewal Nudge,Extra Data 50GB,20-04-2025,App,Accepted,Yes
RTC0004318,C0012837,At-Risk Outreach,Extra Data 50GB,17-01-2025,Email,Declined,Yes
RTC0004319,C0012840,Loyalty Save,Extra Data 50GB,03-12-2025,Email,Accepted,Yes
RTC0004320,C0012841,Loyalty Save,Bill Waiver,02-06-2025,App,Declined,Yes
RTC0004321,C0012842,Value Retention,Extra Data 50GB,11-12-2025,Call,Accepted,Yes
RTC0004322,C0012844,Loyalty Save,Loyalty Discount 10%,18-07-2025,Email,Declined,Yes
RTC0004323,C0012845,Win-Back Drive,Priority Support,21-05-2025,WhatsApp,Accepted,Yes
RTC0004324,C0012846,At-Risk Outreach,Free OTT 3 Months,25-05-2025,App,No Response,No
RTC0004325,C0012847,Win-Back Drive,Plan Upgrade Offer,21-11-2025,App,No Response,Yes
RTC0004326,C0012848,Loyalty Save,Plan Upgrade Offer,21-05-2025,Email,No Response,Yes
RTC0004327,C0012850,Loyalty Save,Loyalty Discount 10%,15-02-2026,SMS,Accepted,Yes
RTC0004328,C0012854,Loyalty Save,Plan Upgrade Offer,16-02-2026,Call,No Response,Yes
RTC0004329,C0012863,At-Risk Outreach,Free OTT 3 Months,03-12-2025,WhatsApp,Accepted,Yes
RTC0004330,C0012865,Win-Back Drive,Loyalty Discount 10%,29-12-2025,SMS,No Response,Yes
RTC0004331,C0012869,Win-Back Drive,Extra Data 50GB,15-12-2025,Call,Accepted,Yes
RTC0004332,C0012872,Win-Back Drive,Free OTT 3 Months,16-01-2026,Email,Declined,No
RTC0004333,C0012873,Win-Back Drive,Cashback Voucher,29-03-2025,Call,No Response,Yes
RTC0004334,C0012874,Win-Back Drive,Free OTT 3 Months,15-07-2025,WhatsApp,Accepted,Yes
RTC0004335,C0012875,Value Retention,Bill Waiver,14-02-2026,Call,Declined,Yes
RTC0004336,C0012876,Value Retention,Plan Upgrade Offer,19-11-2025,Email,Accepted,Yes
RTC0004337,C0012881,Renewal Nudge,Cashback Voucher,03-03-2026,SMS,Declined,Yes
RTC0004338,C0012882,Renewal Nudge,Cashback Voucher,19-02-2026,SMS,Accepted,Yes
RTC0004339,C0012887,Value Retention,Extra Data 50GB,14-04-2025,Call,Accepted,Yes
RTC0004340,C0012890,Loyalty Save,Plan Upgrade Offer,16-04-2025,Call,Accepted,Yes
RTC0004341,C0012891,Renewal Nudge,Plan Upgrade Offer,04-02-2025,App,No Response,Yes
RTC0004342,C0012893,Value Retention,Bill Waiver,22-09-2025,Email,Accepted,Yes
RTC0004343,C0012894,Loyalty Save,Cashback Voucher,24-10-2025,WhatsApp,Accepted,Yes
RTC0004344,C0012899,Win-Back Drive,Bill Waiver,18-12-2025,Email,Accepted,Yes
RTC0004345,C0012902,Renewal Nudge,Annual Plan Discount,09-09-2025,Email,Declined,Yes
RTC0004346,C0012903,Renewal Nudge,Loyalty Discount 10%,23-01-2025,SMS,Accepted,Yes
RTC0004347,C0012907,At-Risk Outreach,Priority Support,18-05-2025,App,Declined,Yes
RTC0004348,C0012913,Loyalty Save,Extra Data 50GB,28-11-2025,Call,Declined,Yes
RTC0004349,C0012917,Loyalty Save,Annual Plan Discount,23-04-2025,App,Accepted,Yes
RTC0004350,C0012919,Win-Back Drive,Priority Support,03-05-2025,WhatsApp,Accepted,No
RTC0004351,C0012922,At-Risk Outreach,Priority Support,08-04-2025,Call,Accepted,Yes
RTC0004352,C0012923,Loyalty Save,Cashback Voucher,05-08-2025,WhatsApp,Accepted,Yes
RTC0004353,C0012930,Renewal Nudge,Annual Plan Discount,08-03-2026,SMS,Accepted,Yes
RTC0004354,C0012933,At-Risk Outreach,Annual Plan Discount,25-01-2025,Email,Accepted,Yes
RTC0004355,C0012934,At-Risk Outreach,Bill Waiver,07-01-2026,Call,Declined,Yes
RTC0004356,C0012936,Renewal Nudge,Cashback Voucher,24-05-2025,WhatsApp,No Response,No
RTC0004357,C0012937,Win-Back Drive,Bill Waiver,21-07-2025,SMS,Accepted,Yes
RTC0004358,C0012939,Value Retention,Annual Plan Discount,26-07-2025,SMS,No Response,Yes
RTC0004359,C0012940,Value Retention,Extra Data 50GB,20-06-2025,App,Declined,Yes
RTC0004360,C0012942,Value Retention,Cashback Voucher,27-10-2025,SMS,Declined,Yes
RTC0004361,C0012955,Win-Back Drive,Extra Data 50GB,30-07-2025,Call,No Response,Yes
RTC0004362,C0012958,Value Retention,Loyalty Discount 10%,24-02-2025,SMS,Accepted,Yes
RTC0004363,C0012962,Win-Back Drive,Plan Upgrade Offer,05-09-2025,SMS,No Response,Yes
RTC0004364,C0012965,Win-Back Drive,Priority Support,08-09-2025,App,Accepted,Yes
RTC0004365,C0012969,Loyalty Save,Priority Support,29-07-2025,Email,Declined,Yes
RTC0004366,C0012975,Win-Back Drive,Annual Plan Discount,07-10-2025,App,Declined,No
RTC0004367,C0012979,Win-Back Drive,Cashback Voucher,24-07-2025,SMS,No Response,Yes
RTC0004368,C0012981,At-Risk Outreach,Bill Waiver,19-08-2025,Call,Accepted,Yes
RTC0004369,C0012982,Loyalty Save,Bill Waiver,03-01-2026,Email,Accepted,Yes
RTC0004370,C0012985,Win-Back Drive,Loyalty Discount 10%,25-05-2025,SMS,Declined,Yes
RTC0004371,C0012986,Loyalty Save,Plan Upgrade Offer,13-02-2026,App,Declined,Yes
RTC0004372,C0012989,At-Risk Outreach,Free OTT 3 Months,21-07-2025,Email,Declined,Yes
RTC0004373,C0012998,Win-Back Drive,Priority Support,11-03-2026,Email,Accepted,Yes
RTC0004374,C0013004,Value Retention,Cashback Voucher,09-01-2026,Call,Accepted,Yes
RTC0004375,C0013011,Win-Back Drive,Bill Waiver,29-05-2025,Call,Accepted,No
RTC0004376,C0013017,Renewal Nudge,Bill Waiver,14-05-2025,App,Declined,Yes
RTC0004377,C0013022,Renewal Nudge,Bill Waiver,07-01-2025,App,Declined,No
RTC0004378,C0013023,Win-Back Drive,Loyalty Discount 10%,13-02-2025,Email,Declined,Yes
RTC0004379,C0013024,Loyalty Save,Plan Upgrade Offer,14-01-2025,Call,No Response,No
RTC0004380,C0013025,At-Risk Outreach,Annual Plan Discount,18-10-2025,Call,Accepted,Yes
RTC0004381,C0013027,At-Risk Outreach,Extra Data 50GB,09-11-2025,Call,No Response,Yes
RTC0004382,C0013028,Value Retention,Bill Waiver,20-01-2025,WhatsApp,No Response,No
RTC0004383,C0013030,Renewal Nudge,Priority Support,23-10-2025,SMS,No Response,Yes
RTC0004384,C0013035,Value Retention,Bill Waiver,18-12-2025,Call,Accepted,No
RTC0004385,C0013037,Loyalty Save,Annual Plan Discount,21-07-2025,SMS,Declined,Yes
RTC0004386,C0013039,Renewal Nudge,Bill Waiver,04-04-2025,Call,Accepted,No
RTC0004387,C0013042,Win-Back Drive,Annual Plan Discount,18-07-2025,SMS,Accepted,No
RTC0004388,C0013045,At-Risk Outreach,Cashback Voucher,05-07-2025,SMS,Declined,No
RTC0004389,C0013049,Win-Back Drive,Cashback Voucher,22-03-2026,App,Accepted,Yes
RTC0004390,C0013052,Value Retention,Annual Plan Discount,01-03-2026,WhatsApp,Declined,Yes
RTC0004391,C0013053,Renewal Nudge,Annual Plan Discount,02-04-2025,Call,No Response,No
RTC0004392,C0013054,At-Risk Outreach,Priority Support,10-02-2025,WhatsApp,Accepted,Yes
RTC0004393,C0013060,Loyalty Save,Priority Support,13-01-2026,WhatsApp,Accepted,Yes
RTC0004394,C0013064,Win-Back Drive,Plan Upgrade Offer,01-10-2025,SMS,Accepted,Yes
RTC0004395,C0013066,Win-Back Drive,Priority Support,21-11-2025,App,Declined,No
RTC0004396,C0013067,At-Risk Outreach,Free OTT 3 Months,25-05-2025,App,No Response,No
RTC0004397,C0013068,Value Retention,Annual Plan Discount,03-04-2025,Email,Declined,Yes
RTC0004398,C0013070,Renewal Nudge,Loyalty Discount 10%,09-02-2026,App,Accepted,Yes
RTC0004399,C0013071,Loyalty Save,Annual Plan Discount,19-09-2025,App,Declined,Yes
RTC0004400,C0013074,At-Risk Outreach,Annual Plan Discount,18-05-2025,App,Declined,Yes
RTC0004401,C0013076,Value Retention,Annual Plan Discount,05-10-2025,Email,Accepted,Yes
RTC0004402,C0013079,Renewal Nudge,Bill Waiver,12-10-2025,Email,Accepted,Yes
RTC0004403,C0013080,Win-Back Drive,Free OTT 3 Months,18-05-2025,Email,No Response,Yes
RTC0004404,C0013081,At-Risk Outreach,Loyalty Discount 10%,02-07-2025,Call,Accepted,Yes
RTC0004405,C0013084,Loyalty Save,Priority Support,24-07-2025,Email,Declined,Yes
RTC0004406,C0013086,Loyalty Save,Bill Waiver,23-02-2026,SMS,Declined,Yes
RTC0004407,C0013094,Renewal Nudge,Loyalty Discount 10%,01-11-2025,App,Declined,No
RTC0004408,C0013096,At-Risk Outreach,Priority Support,10-04-2025,WhatsApp,Accepted,Yes
RTC0004409,C0013102,At-Risk Outreach,Priority Support,06-08-2025,WhatsApp,Declined,No
RTC0004410,C0013104,Loyalty Save,Plan Upgrade Offer,22-08-2025,SMS,Accepted,No
RTC0004411,C0013105,Loyalty Save,Free OTT 3 Months,13-10-2025,WhatsApp,Declined,Yes
RTC0004412,C0013108,Value Retention,Plan Upgrade Offer,09-05-2025,Call,No Response,Yes
RTC0004413,C0013112,Loyalty Save,Bill Waiver,03-03-2025,Email,Accepted,Yes
RTC0004414,C0013115,Win-Back Drive,Free OTT 3 Months,24-03-2025,SMS,No Response,Yes
RTC0004415,C0013116,Loyalty Save,Cashback Voucher,10-03-2025,Call,No Response,Yes
RTC0004416,C0013117,Value Retention,Bill Waiver,05-07-2025,App,Accepted,Yes
RTC0004417,C0013118,Loyalty Save,Plan Upgrade Offer,06-04-2025,Email,Declined,Yes
RTC0004418,C0013122,Win-Back Drive,Plan Upgrade Offer,01-07-2025,Call,Accepted,Yes
RTC0004419,C0013124,Renewal Nudge,Loyalty Discount 10%,01-06-2025,App,Declined,Yes
RTC0004420,C0013127,Renewal Nudge,Cashback Voucher,01-11-2025,Call,Accepted,Yes
RTC0004421,C0013137,Renewal Nudge,Cashback Voucher,05-07-2025,WhatsApp,No Response,Yes
RTC0004422,C0013139,Renewal Nudge,Extra Data 50GB,21-10-2025,Email,Accepted,Yes
RTC0004423,C0013146,Win-Back Drive,Plan Upgrade Offer,17-02-2026,Call,Accepted,Yes
RTC0004424,C0013149,Loyalty Save,Loyalty Discount 10%,21-10-2025,Call,Accepted,Yes
RTC0004425,C0013150,Value Retention,Bill Waiver,17-11-2025,Email,No Response,Yes
RTC0004426,C0013153,At-Risk Outreach,Extra Data 50GB,27-11-2025,Call,Declined,Yes
RTC0004427,C0013157,Win-Back Drive,Loyalty Discount 10%,08-01-2026,Call,No Response,Yes
RTC0004428,C0013167,Loyalty Save,Extra Data 50GB,09-10-2025,Call,Declined,No
RTC0004429,C0013168,Win-Back Drive,Free OTT 3 Months,05-12-2025,Call,Declined,Yes
RTC0004430,C0013171,Win-Back Drive,Free OTT 3 Months,29-03-2026,WhatsApp,Accepted,Yes
RTC0004431,C0013174,At-Risk Outreach,Cashback Voucher,29-06-2025,WhatsApp,Declined,Yes
RTC0004432,C0013178,Win-Back Drive,Priority Support,24-08-2025,Email,Accepted,Yes
RTC0004433,C0013180,Win-Back Drive,Plan Upgrade Offer,08-02-2025,SMS,Declined,Yes
RTC0004434,C0013186,Value Retention,Loyalty Discount 10%,26-02-2026,WhatsApp,Accepted,Yes
RTC0004435,C0013188,Renewal Nudge,Cashback Voucher,01-08-2025,WhatsApp,Declined,Yes
RTC0004436,C0013190,Win-Back Drive,Annual Plan Discount,15-06-2025,Email,Declined,Yes
RTC0004437,C0013191,At-Risk Outreach,Annual Plan Discount,04-01-2025,App,Declined,Yes
RTC0004438,C0013194,Value Retention,Loyalty Discount 10%,02-01-2026,App,Declined,Yes
RTC0004439,C0013196,Win-Back Drive,Plan Upgrade Offer,16-01-2025,Email,No Response,Yes
RTC0004440,C0013197,At-Risk Outreach,Annual Plan Discount,15-10-2025,Email,Declined,Yes
RTC0004441,C0013198,Loyalty Save,Extra Data 50GB,24-01-2025,Call,No Response,Yes
RTC0004442,C0013200,At-Risk Outreach,Annual Plan Discount,20-01-2025,SMS,No Response,No
RTC0004443,C0013208,Value Retention,Bill Waiver,12-01-2025,Email,Declined,Yes
RTC0004444,C0013209,Renewal Nudge,Free OTT 3 Months,16-06-2025,Call,Declined,Yes
RTC0004445,C0013211,Loyalty Save,Priority Support,15-10-2025,WhatsApp,Accepted,Yes
RTC0004446,C0013212,At-Risk Outreach,Extra Data 50GB,10-03-2026,SMS,Accepted,Yes
RTC0004447,C0013215,Loyalty Save,Priority Support,14-08-2025,WhatsApp,Declined,Yes
RTC0004448,C0013218,Renewal Nudge,Extra Data 50GB,08-11-2025,SMS,Accepted,Yes
RTC0004449,C0013219,Renewal Nudge,Plan Upgrade Offer,16-04-2025,SMS,No Response,Yes
RTC0004450,C0013222,At-Risk Outreach,Cashback Voucher,24-09-2025,Call,Declined,Yes
RTC0004451,C0013223,Win-Back Drive,Plan Upgrade Offer,15-09-2025,Email,No Response,Yes
RTC0004452,C0013224,At-Risk Outreach,Annual Plan Discount,20-01-2026,SMS,No Response,No
RTC0004453,C0013230,Value Retention,Annual Plan Discount,11-01-2025,WhatsApp,Accepted,Yes
RTC0004454,C0013232,At-Risk Outreach,Loyalty Discount 10%,11-09-2025,App,No Response,No
RTC0004455,C0013234,At-Risk Outreach,Extra Data 50GB,05-12-2025,WhatsApp,Accepted,Yes
RTC0004456,C0013235,Win-Back Drive,Annual Plan Discount,06-10-2025,App,Declined,Yes
RTC0004457,C0013247,Value Retention,Loyalty Discount 10%,23-03-2026,App,No Response,No
RTC0004458,C0013249,Win-Back Drive,Loyalty Discount 10%,09-04-2025,Email,Declined,Yes
RTC0004459,C0013252,Win-Back Drive,Free OTT 3 Months,25-08-2025,App,No Response,No
RTC0004460,C0013253,Loyalty Save,Free OTT 3 Months,20-04-2025,Call,Declined,No
RTC0004461,C0013254,Value Retention,Bill Waiver,24-03-2026,WhatsApp,Accepted,Yes
RTC0004462,C0013256,Loyalty Save,Free OTT 3 Months,03-08-2025,SMS,Accepted,Yes
RTC0004463,C0013261,Win-Back Drive,Extra Data 50GB,30-12-2025,App,No Response,Yes
RTC0004464,C0013263,At-Risk Outreach,Plan Upgrade Offer,28-06-2025,Call,Accepted,Yes
RTC0004465,C0013264,Renewal Nudge,Free OTT 3 Months,14-11-2025,Email,Accepted,No
RTC0004466,C0013268,Value Retention,Priority Support,08-04-2025,Email,Accepted,Yes
RTC0004467,C0013271,At-Risk Outreach,Extra Data 50GB,14-09-2025,SMS,Accepted,Yes
RTC0004468,C0013272,At-Risk Outreach,Free OTT 3 Months,24-03-2026,Call,No Response,No
RTC0004469,C0013275,Loyalty Save,Loyalty Discount 10%,04-01-2025,App,No Response,Yes
RTC0004470,C0013276,Win-Back Drive,Bill Waiver,25-05-2025,Call,Declined,Yes
RTC0004471,C0013283,Win-Back Drive,Plan Upgrade Offer,03-08-2025,App,Declined,Yes
RTC0004472,C0013288,Win-Back Drive,Plan Upgrade Offer,12-11-2025,Email,Accepted,Yes
RTC0004473,C0013292,Win-Back Drive,Extra Data 50GB,13-12-2025,SMS,Accepted,Yes
RTC0004474,C0013293,At-Risk Outreach,Bill Waiver,08-05-2025,WhatsApp,No Response,Yes
RTC0004475,C0013297,Renewal Nudge,Loyalty Discount 10%,03-09-2025,Call,No Response,Yes
RTC0004476,C0013300,At-Risk Outreach,Loyalty Discount 10%,21-08-2025,Call,Accepted,Yes
RTC0004477,C0013304,Renewal Nudge,Free OTT 3 Months,29-03-2025,App,Accepted,Yes
RTC0004478,C0013306,At-Risk Outreach,Cashback Voucher,25-10-2025,Email,Accepted,Yes
RTC0004479,C0013310,Win-Back Drive,Free OTT 3 Months,14-05-2025,App,Declined,No
RTC0004480,C0013311,Loyalty Save,Bill Waiver,19-06-2025,SMS,Accepted,No
RTC0004481,C0013319,Value Retention,Annual Plan Discount,05-08-2025,App,Declined,Yes
RTC0004482,C0013321,Loyalty Save,Priority Support,31-07-2025,Call,No Response,Yes
RTC0004483,C0013323,Win-Back Drive,Annual Plan Discount,15-09-2025,WhatsApp,Accepted,Yes
RTC0004484,C0013326,At-Risk Outreach,Plan Upgrade Offer,11-09-2025,App,Declined,Yes
RTC0004485,C0013327,Value Retention,Cashback Voucher,21-05-2025,App,Declined,Yes
RTC0004486,C0013328,Loyalty Save,Bill Waiver,19-09-2025,Email,Accepted,Yes
RTC0004487,C0013335,At-Risk Outreach,Annual Plan Discount,24-02-2026,SMS,Accepted,Yes
RTC0004488,C0013337,Value Retention,Annual Plan Discount,17-04-2025,Email,Accepted,Yes
RTC0004489,C0013339,Value Retention,Loyalty Discount 10%,17-09-2025,Email,No Response,Yes
RTC0004490,C0013342,Value Retention,Loyalty Discount 10%,22-06-2025,Email,No Response,Yes
RTC0004491,C0013344,Value Retention,Free OTT 3 Months,16-09-2025,WhatsApp,No Response,No
RTC0004492,C0013346,Win-Back Drive,Extra Data 50GB,26-03-2026,Call,No Response,Yes
RTC0004493,C0013351,At-Risk Outreach,Annual Plan Discount,18-09-2025,App,Declined,Yes
RTC0004494,C0013356,Loyalty Save,Priority Support,24-08-2025,WhatsApp,No Response,No
RTC0004495,C0013363,Loyalty Save,Priority Support,30-01-2026,App,Accepted,Yes
RTC0004496,C0013364,Renewal Nudge,Free OTT 3 Months,13-07-2025,Call,Declined,Yes
RTC0004497,C0013367,Loyalty Save,Plan Upgrade Offer,16-01-2025,Email,No Response,Yes
RTC0004498,C0013368,Value Retention,Annual Plan Discount,03-04-2025,Call,Accepted,Yes
RTC0004499,C0013369,At-Risk Outreach,Priority Support,16-07-2025,Email,Accepted,Yes
RTC0004500,C0013379,Loyalty Save,Bill Waiver,14-07-2025,Email,Accepted,Yes
RTC0004501,C0013381,Value Retention,Bill Waiver,09-07-2025,SMS,Accepted,No
RTC0004502,C0013382,At-Risk Outreach,Loyalty Discount 10%,09-03-2026,WhatsApp,No Response,Yes
RTC0004503,C0013385,Value Retention,Extra Data 50GB,11-07-2025,Email,Declined,Yes
RTC0004504,C0013386,At-Risk Outreach,Loyalty Discount 10%,25-05-2025,SMS,Declined,No
RTC0004505,C0013388,At-Risk Outreach,Extra Data 50GB,02-12-2025,Call,Declined,No
RTC0004506,C0013389,At-Risk Outreach,Extra Data 50GB,26-11-2025,Email,No Response,Yes
RTC0004507,C0013394,At-Risk Outreach,Annual Plan Discount,04-12-2025,WhatsApp,Declined,Yes
RTC0004508,C0013397,Win-Back Drive,Extra Data 50GB,11-03-2025,Email,No Response,No
RTC0004509,C0013399,Value Retention,Plan Upgrade Offer,05-02-2026,Email,Accepted,Yes
RTC0004510,C0013401,Value Retention,Loyalty Discount 10%,19-01-2025,SMS,No Response,No
RTC0004511,C0013405,Renewal Nudge,Bill Waiver,11-08-2025,WhatsApp,No Response,Yes
RTC0004512,C0013406,Win-Back Drive,Loyalty Discount 10%,15-09-2025,SMS,Accepted,No
RTC0004513,C0013410,Renewal Nudge,Bill Waiver,08-01-2026,WhatsApp,Accepted,No
RTC0004514,C0013412,Loyalty Save,Plan Upgrade Offer,02-12-2025,Call,Accepted,No
RTC0004515,C0013415,Loyalty Save,Annual Plan Discount,01-11-2025,Email,No Response,Yes
RTC0004516,C0013416,Loyalty Save,Extra Data 50GB,06-06-2025,App,Accepted,Yes
RTC0004517,C0013418,Renewal Nudge,Plan Upgrade Offer,10-02-2025,App,No Response,No
RTC0004518,C0013419,Loyalty Save,Bill Waiver,18-02-2025,WhatsApp,Accepted,Yes
RTC0004519,C0013422,Loyalty Save,Cashback Voucher,10-09-2025,App,No Response,Yes
RTC0004520,C0013423,Loyalty Save,Free OTT 3 Months,09-09-2025,Email,Accepted,Yes
RTC0004521,C0013425,Renewal Nudge,Cashback Voucher,18-12-2025,WhatsApp,No Response,Yes
RTC0004522,C0013433,At-Risk Outreach,Plan Upgrade Offer,25-04-2025,Email,Accepted,Yes
RTC0004523,C0013439,Value Retention,Priority Support,18-07-2025,Call,Declined,Yes
RTC0004524,C0013440,At-Risk Outreach,Priority Support,15-05-2025,App,No Response,Yes
RTC0004525,C0013441,Value Retention,Priority Support,08-09-2025,App,Accepted,No
RTC0004526,C0013443,Win-Back Drive,Loyalty Discount 10%,06-12-2025,SMS,Declined,Yes
RTC0004527,C0013448,Value Retention,Priority Support,14-03-2026,SMS,Accepted,Yes
RTC0004528,C0013450,Value Retention,Free OTT 3 Months,19-04-2025,App,Accepted,Yes
RTC0004529,C0013462,Value Retention,Loyalty Discount 10%,19-10-2025,SMS,Accepted,Yes
RTC0004530,C0013463,At-Risk Outreach,Bill Waiver,04-08-2025,Call,No Response,Yes
RTC0004531,C0013465,Renewal Nudge,Free OTT 3 Months,28-01-2025,WhatsApp,Accepted,Yes
RTC0004532,C0013466,Loyalty Save,Free OTT 3 Months,17-05-2025,App,Accepted,Yes
RTC0004533,C0013468,Value Retention,Cashback Voucher,11-05-2025,SMS,Accepted,Yes
RTC0004534,C0013469,Win-Back Drive,Priority Support,22-05-2025,App,No Response,Yes
RTC0004535,C0013474,Loyalty Save,Cashback Voucher,22-02-2025,WhatsApp,Declined,Yes
RTC0004536,C0013481,Value Retention,Extra Data 50GB,24-01-2025,SMS,Declined,No
RTC0004537,C0013483,Value Retention,Annual Plan Discount,12-01-2025,SMS,Declined,Yes
RTC0004538,C0013488,Loyalty Save,Priority Support,28-02-2026,WhatsApp,Declined,Yes
RTC0004539,C0013489,Renewal Nudge,Annual Plan Discount,26-03-2026,Email,No Response,Yes
RTC0004540,C0013491,Renewal Nudge,Extra Data 50GB,19-07-2025,SMS,Declined,Yes
RTC0004541,C0013496,Loyalty Save,Plan Upgrade Offer,08-09-2025,SMS,Declined,Yes
RTC0004542,C0013500,At-Risk Outreach,Plan Upgrade Offer,10-12-2025,App,Accepted,Yes
RTC0004543,C0013507,Win-Back Drive,Priority Support,29-03-2026,SMS,Accepted,Yes
RTC0004544,C0013509,Renewal Nudge,Extra Data 50GB,12-02-2026,Email,Declined,Yes
RTC0004545,C0013514,At-Risk Outreach,Loyalty Discount 10%,17-11-2025,App,No Response,Yes
RTC0004546,C0013515,At-Risk Outreach,Plan Upgrade Offer,22-05-2025,WhatsApp,Declined,Yes
RTC0004547,C0013517,Loyalty Save,Cashback Voucher,12-08-2025,App,Accepted,Yes
RTC0004548,C0013518,Win-Back Drive,Cashback Voucher,24-01-2026,App,Accepted,Yes
RTC0004549,C0013519,At-Risk Outreach,Extra Data 50GB,26-12-2025,WhatsApp,Accepted,Yes
RTC0004550,C0013522,At-Risk Outreach,Loyalty Discount 10%,09-07-2025,Email,No Response,Yes
RTC0004551,C0013523,Win-Back Drive,Bill Waiver,25-08-2025,Call,No Response,Yes
RTC0004552,C0013528,Value Retention,Bill Waiver,04-03-2025,App,Accepted,Yes
RTC0004553,C0013529,At-Risk Outreach,Loyalty Discount 10%,28-08-2025,SMS,Accepted,Yes
RTC0004554,C0013530,Win-Back Drive,Plan Upgrade Offer,21-04-2025,WhatsApp,No Response,Yes
RTC0004555,C0013534,Value Retention,Annual Plan Discount,01-07-2025,Email,Declined,Yes
RTC0004556,C0013544,Loyalty Save,Cashback Voucher,12-12-2025,WhatsApp,Accepted,Yes
RTC0004557,C0013548,At-Risk Outreach,Annual Plan Discount,04-02-2026,Email,No Response,Yes
RTC0004558,C0013551,At-Risk Outreach,Extra Data 50GB,08-07-2025,WhatsApp,Declined,No
RTC0004559,C0013552,Renewal Nudge,Cashback Voucher,31-05-2025,Call,Accepted,Yes
RTC0004560,C0013554,At-Risk Outreach,Extra Data 50GB,10-07-2025,Email,Accepted,Yes
RTC0004561,C0013559,At-Risk Outreach,Plan Upgrade Offer,26-06-2025,SMS,Accepted,Yes
RTC0004562,C0013560,Win-Back Drive,Extra Data 50GB,10-04-2025,Email,Accepted,Yes
RTC0004563,C0013563,Renewal Nudge,Free OTT 3 Months,20-11-2025,Email,Declined,Yes
RTC0004564,C0013564,Renewal Nudge,Plan Upgrade Offer,08-12-2025,Call,Accepted,Yes
RTC0004565,C0013566,Win-Back Drive,Free OTT 3 Months,08-11-2025,SMS,Accepted,Yes
RTC0004566,C0013569,Renewal Nudge,Loyalty Discount 10%,30-03-2026,SMS,Accepted,No
RTC0004567,C0013571,Loyalty Save,Extra Data 50GB,18-07-2025,WhatsApp,Accepted,Yes
RTC0004568,C0013577,At-Risk Outreach,Priority Support,05-03-2025,Call,Accepted,Yes
RTC0004569,C0013581,Renewal Nudge,Extra Data 50GB,19-03-2025,Call,No Response,Yes
RTC0004570,C0013583,At-Risk Outreach,Priority Support,04-03-2026,App,Declined,No
RTC0004571,C0013586,Renewal Nudge,Annual Plan Discount,28-07-2025,Email,No Response,Yes
RTC0004572,C0013591,Renewal Nudge,Extra Data 50GB,24-12-2025,SMS,Accepted,No
RTC0004573,C0013600,Value Retention,Cashback Voucher,16-06-2025,WhatsApp,No Response,Yes
RTC0004574,C0013604,Value Retention,Bill Waiver,26-08-2025,WhatsApp,Accepted,Yes
RTC0004575,C0013608,At-Risk Outreach,Extra Data 50GB,30-09-2025,WhatsApp,No Response,Yes
RTC0004576,C0013610,Value Retention,Free OTT 3 Months,15-03-2026,Call,Accepted,Yes
RTC0004577,C0013611,Renewal Nudge,Loyalty Discount 10%,16-04-2025,App,Accepted,Yes
RTC0004578,C0013612,Win-Back Drive,Loyalty Discount 10%,16-02-2026,WhatsApp,Declined,Yes
RTC0004579,C0013620,Value Retention,Annual Plan Discount,22-09-2025,App,Accepted,Yes
RTC0004580,C0013623,Loyalty Save,Extra Data 50GB,05-03-2026,Call,Accepted,No
RTC0004581,C0013624,Loyalty Save,Annual Plan Discount,25-10-2025,Email,Accepted,Yes
RTC0004582,C0013627,At-Risk Outreach,Free OTT 3 Months,23-01-2025,App,Accepted,Yes
RTC0004583,C0013629,Win-Back Drive,Extra Data 50GB,17-05-2025,SMS,No Response,Yes
RTC0004584,C0013633,Loyalty Save,Loyalty Discount 10%,23-03-2025,WhatsApp,Accepted,Yes
RTC0004585,C0013635,Value Retention,Loyalty Discount 10%,21-05-2025,WhatsApp,Declined,Yes
RTC0004586,C0013642,Renewal Nudge,Cashback Voucher,09-02-2025,App,No Response,Yes
RTC0004587,C0013645,At-Risk Outreach,Priority Support,04-06-2025,WhatsApp,Accepted,No
RTC0004588,C0013647,Value Retention,Priority Support,15-02-2025,SMS,No Response,Yes
RTC0004589,C0013650,Renewal Nudge,Loyalty Discount 10%,04-04-2025,SMS,Accepted,No
RTC0004590,C0013653,Renewal Nudge,Plan Upgrade Offer,25-11-2025,WhatsApp,Accepted,Yes
RTC0004591,C0013656,Renewal Nudge,Priority Support,01-12-2025,Email,Accepted,Yes
RTC0004592,C0013657,Renewal Nudge,Annual Plan Discount,10-03-2025,WhatsApp,No Response,No
RTC0004593,C0013659,Value Retention,Cashback Voucher,05-02-2025,WhatsApp,Accepted,Yes
RTC0004594,C0013668,Loyalty Save,Cashback Voucher,12-05-2025,Call,Declined,Yes
RTC0004595,C0013669,Loyalty Save,Free OTT 3 Months,14-06-2025,Call,Accepted,Yes
RTC0004596,C0013673,Renewal Nudge,Free OTT 3 Months,04-03-2025,SMS,No Response,No
RTC0004597,C0013677,Loyalty Save,Cashback Voucher,15-10-2025,Call,Declined,Yes
RTC0004598,C0013679,At-Risk Outreach,Bill Waiver,11-09-2025,SMS,Declined,Yes
RTC0004599,C0013682,Renewal Nudge,Plan Upgrade Offer,09-03-2025,WhatsApp,Accepted,No
RTC0004600,C0013683,Win-Back Drive,Loyalty Discount 10%,22-05-2025,WhatsApp,Accepted,Yes
RTC0004601,C0013684,Win-Back Drive,Annual Plan Discount,04-11-2025,Call,Accepted,Yes
RTC0004602,C0013686,At-Risk Outreach,Annual Plan Discount,21-10-2025,Call,No Response,Yes
RTC0004603,C0013687,At-Risk Outreach,Bill Waiver,11-07-2025,Email,Declined,Yes
RTC0004604,C0013689,Value Retention,Free OTT 3 Months,02-12-2025,SMS,Accepted,Yes
RTC0004605,C0013690,Renewal Nudge,Extra Data 50GB,03-07-2025,Call,No Response,Yes
RTC0004606,C0013699,At-Risk Outreach,Priority Support,18-08-2025,App,Declined,Yes
RTC0004607,C0013705,Renewal Nudge,Free OTT 3 Months,09-07-2025,Email,Accepted,Yes
RTC0004608,C0013708,Win-Back Drive,Cashback Voucher,31-10-2025,SMS,No Response,Yes
RTC0004609,C0013709,Renewal Nudge,Priority Support,25-06-2025,SMS,Accepted,Yes
RTC0004610,C0013710,Win-Back Drive,Loyalty Discount 10%,03-04-2025,App,No Response,Yes
RTC0004611,C0013714,Loyalty Save,Plan Upgrade Offer,29-11-2025,WhatsApp,Accepted,Yes
RTC0004612,C0013717,Renewal Nudge,Extra Data 50GB,21-02-2026,Email,Accepted,Yes
RTC0004613,C0013722,At-Risk Outreach,Cashback Voucher,30-03-2026,SMS,Accepted,Yes
RTC0004614,C0013724,Renewal Nudge,Annual Plan Discount,02-11-2025,Call,No Response,Yes
RTC0004615,C0013730,Renewal Nudge,Free OTT 3 Months,01-12-2025,SMS,Accepted,Yes
RTC0004616,C0013731,Win-Back Drive,Free OTT 3 Months,03-01-2025,App,No Response,Yes
RTC0004617,C0013734,Win-Back Drive,Priority Support,25-10-2025,SMS,Declined,No
RTC0004618,C0013737,At-Risk Outreach,Cashback Voucher,12-11-2025,Call,Accepted,Yes
RTC0004619,C0013738,Win-Back Drive,Loyalty Discount 10%,21-04-2025,SMS,Accepted,Yes
RTC0004620,C0013739,Renewal Nudge,Cashback Voucher,04-09-2025,Call,Accepted,No
RTC0004621,C0013744,Win-Back Drive,Extra Data 50GB,08-01-2025,Email,Accepted,Yes
RTC0004622,C0013745,Value Retention,Extra Data 50GB,10-03-2026,Call,Declined,Yes
RTC0004623,C0013754,At-Risk Outreach,Free OTT 3 Months,26-03-2025,SMS,Accepted,Yes
RTC0004624,C0013763,At-Risk Outreach,Free OTT 3 Months,04-05-2025,WhatsApp,Accepted,No
RTC0004625,C0013769,Value Retention,Priority Support,23-05-2025,Call,No Response,Yes
RTC0004626,C0013773,Loyalty Save,Plan Upgrade Offer,24-02-2025,WhatsApp,Declined,No
RTC0004627,C0013774,Renewal Nudge,Priority Support,19-10-2025,WhatsApp,Accepted,Yes
RTC0004628,C0013775,Value Retention,Loyalty Discount 10%,03-01-2026,Email,Accepted,Yes
RTC0004629,C0013776,Value Retention,Cashback Voucher,12-10-2025,WhatsApp,Accepted,Yes
RTC0004630,C0013779,At-Risk Outreach,Free OTT 3 Months,04-11-2025,SMS,Accepted,Yes
RTC0004631,C0013781,At-Risk Outreach,Cashback Voucher,12-08-2025,Email,Accepted,Yes
RTC0004632,C0013787,Renewal Nudge,Bill Waiver,11-12-2025,Call,Declined,Yes
RTC0004633,C0013789,Renewal Nudge,Free OTT 3 Months,23-03-2026,Call,No Response,Yes
RTC0004634,C0013794,Win-Back Drive,Bill Waiver,21-02-2026,Call,No Response,Yes
RTC0004635,C0013795,Loyalty Save,Bill Waiver,19-02-2025,WhatsApp,No Response,Yes
RTC0004636,C0013796,Loyalty Save,Free OTT 3 Months,12-03-2025,WhatsApp,Accepted,Yes
RTC0004637,C0013800,At-Risk Outreach,Cashback Voucher,01-11-2025,SMS,Accepted,Yes
RTC0004638,C0013805,Renewal Nudge,Annual Plan Discount,10-03-2026,WhatsApp,No Response,Yes
RTC0004639,C0013806,Loyalty Save,Extra Data 50GB,03-02-2025,App,Accepted,Yes
RTC0004640,C0013808,Win-Back Drive,Annual Plan Discount,04-06-2025,Call,Declined,Yes
RTC0004641,C0013813,Value Retention,Loyalty Discount 10%,13-02-2025,Call,Accepted,Yes
RTC0004642,C0013815,Win-Back Drive,Extra Data 50GB,27-01-2025,WhatsApp,No Response,No
RTC0004643,C0013817,Win-Back Drive,Plan Upgrade Offer,12-04-2025,WhatsApp,Accepted,Yes
RTC0004644,C0013819,At-Risk Outreach,Free OTT 3 Months,17-02-2026,WhatsApp,Accepted,No
RTC0004645,C0013820,Loyalty Save,Plan Upgrade Offer,22-05-2025,Email,Declined,Yes
RTC0004646,C0013821,Win-Back Drive,Free OTT 3 Months,29-08-2025,Call,Accepted,Yes
RTC0004647,C0013823,At-Risk Outreach,Plan Upgrade Offer,05-11-2025,App,Accepted,Yes
RTC0004648,C0013824,Value Retention,Free OTT 3 Months,27-05-2025,Call,No Response,Yes
RTC0004649,C0013828,Renewal Nudge,Free OTT 3 Months,07-02-2025,Email,Declined,Yes
RTC0004650,C0013831,Renewal Nudge,Loyalty Discount 10%,01-03-2025,App,No Response,Yes
RTC0004651,C0013835,Loyalty Save,Bill Waiver,12-09-2025,Email,Accepted,Yes
RTC0004652,C0013836,At-Risk Outreach,Free OTT 3 Months,02-02-2025,App,Accepted,Yes
RTC0004653,C0013838,Win-Back Drive,Plan Upgrade Offer,01-05-2025,App,No Response,Yes
RTC0004654,C0013839,At-Risk Outreach,Priority Support,02-07-2025,Email,No Response,Yes
RTC0004655,C0013844,Renewal Nudge,Loyalty Discount 10%,03-03-2026,Call,Declined,Yes
RTC0004656,C0013845,Win-Back Drive,Cashback Voucher,28-02-2025,SMS,No Response,Yes
RTC0004657,C0013846,Renewal Nudge,Annual Plan Discount,09-02-2026,App,No Response,Yes
RTC0004658,C0013847,Win-Back Drive,Extra Data 50GB,28-06-2025,Call,Accepted,Yes
RTC0004659,C0013849,Value Retention,Cashback Voucher,20-08-2025,Call,Accepted,No
RTC0004660,C0013851,Renewal Nudge,Loyalty Discount 10%,24-12-2025,App,No Response,Yes
RTC0004661,C0013852,At-Risk Outreach,Bill Waiver,08-02-2026,SMS,No Response,Yes
RTC0004662,C0013859,Win-Back Drive,Plan Upgrade Offer,02-04-2025,Call,No Response,Yes
RTC0004663,C0013864,At-Risk Outreach,Plan Upgrade Offer,20-10-2025,WhatsApp,Declined,No
RTC0004664,C0013870,At-Risk Outreach,Plan Upgrade Offer,12-12-2025,Call,Accepted,Yes
RTC0004665,C0013874,Value Retention,Free OTT 3 Months,03-06-2025,Call,Accepted,Yes
RTC0004666,C0013875,At-Risk Outreach,Plan Upgrade Offer,26-04-2025,Call,No Response,Yes
RTC0004667,C0013876,At-Risk Outreach,Priority Support,13-09-2025,SMS,Accepted,Yes
RTC0004668,C0013878,At-Risk Outreach,Priority Support,04-12-2025,Call,Declined,Yes
RTC0004669,C0013883,Value Retention,Cashback Voucher,27-06-2025,Email,Accepted,Yes
RTC0004670,C0013885,At-Risk Outreach,Priority Support,17-10-2025,Email,No Response,Yes
RTC0004671,C0013887,Win-Back Drive,Loyalty Discount 10%,28-06-2025,SMS,No Response,Yes
RTC0004672,C0013891,Win-Back Drive,Annual Plan Discount,04-09-2025,Email,No Response,Yes
RTC0004673,C0013892,Renewal Nudge,Loyalty Discount 10%,21-10-2025,SMS,Declined,Yes
RTC0004674,C0013896,Value Retention,Extra Data 50GB,27-03-2025,Email,Accepted,Yes
RTC0004675,C0013900,At-Risk Outreach,Cashback Voucher,22-01-2026,WhatsApp,Declined,Yes
RTC0004676,C0013901,Win-Back Drive,Priority Support,01-04-2025,Email,Declined,Yes
RTC0004677,C0013905,At-Risk Outreach,Plan Upgrade Offer,14-01-2025,WhatsApp,Accepted,No
RTC0004678,C0013910,Win-Back Drive,Extra Data 50GB,10-01-2025,App,Declined,Yes
RTC0004679,C0013911,At-Risk Outreach,Extra Data 50GB,29-05-2025,Call,Accepted,Yes
RTC0004680,C0013914,At-Risk Outreach,Extra Data 50GB,27-10-2025,Call,Declined,Yes
RTC0004681,C0013920,Loyalty Save,Bill Waiver,16-01-2025,WhatsApp,Accepted,Yes
RTC0004682,C0013921,At-Risk Outreach,Annual Plan Discount,07-02-2026,Call,Declined,Yes
RTC0004683,C0013926,Loyalty Save,Plan Upgrade Offer,11-03-2025,App,Declined,Yes
RTC0004684,C0013929,Renewal Nudge,Priority Support,15-04-2025,App,No Response,No
RTC0004685,C0013939,Loyalty Save,Priority Support,03-01-2026,Call,Accepted,Yes
RTC0004686,C0013940,Renewal Nudge,Annual Plan Discount,24-01-2026,WhatsApp,No Response,Yes
RTC0004687,C0013941,Renewal Nudge,Bill Waiver,09-04-2025,SMS,Declined,Yes
RTC0004688,C0013942,Win-Back Drive,Cashback Voucher,24-02-2026,WhatsApp,Declined,No
RTC0004689,C0013955,Win-Back Drive,Bill Waiver,08-03-2026,WhatsApp,Declined,Yes
RTC0004690,C0013956,At-Risk Outreach,Cashback Voucher,19-11-2025,App,Accepted,Yes
RTC0004691,C0013957,Win-Back Drive,Loyalty Discount 10%,06-01-2026,SMS,No Response,Yes
RTC0004692,C0013962,At-Risk Outreach,Cashback Voucher,24-02-2026,SMS,Accepted,Yes
RTC0004693,C0013963,Loyalty Save,Bill Waiver,26-12-2025,SMS,Accepted,Yes
RTC0004694,C0013968,Value Retention,Cashback Voucher,12-03-2026,SMS,Accepted,Yes
RTC0004695,C0013969,Win-Back Drive,Extra Data 50GB,17-08-2025,WhatsApp,Accepted,Yes
RTC0004696,C0013971,Value Retention,Priority Support,02-10-2025,WhatsApp,Declined,No
RTC0004697,C0013974,Win-Back Drive,Extra Data 50GB,01-02-2025,SMS,Declined,Yes
RTC0004698,C0013975,Renewal Nudge,Bill Waiver,02-03-2026,App,Declined,Yes
RTC0004699,C0013979,Value Retention,Extra Data 50GB,28-01-2025,SMS,Accepted,Yes
RTC0004700,C0013989,Loyalty Save,Free OTT 3 Months,25-06-2025,Email,No Response,Yes
RTC0004701,C0013996,Value Retention,Loyalty Discount 10%,01-05-2025,Email,No Response,Yes
RTC0004702,C0013998,Renewal Nudge,Free OTT 3 Months,30-10-2025,SMS,No Response,Yes
RTC0004703,C0014000,At-Risk Outreach,Plan Upgrade Offer,28-06-2025,App,Declined,Yes
RTC0004704,C0014001,Renewal Nudge,Extra Data 50GB,11-08-2025,App,Declined,Yes
RTC0004705,C0014002,Value Retention,Cashback Voucher,15-11-2025,Email,Accepted,Yes
RTC0004706,C0014003,Value Retention,Extra Data 50GB,29-06-2025,Email,No Response,Yes
RTC0004707,C0014008,Loyalty Save,Loyalty Discount 10%,05-06-2025,Call,Accepted,Yes
RTC0004708,C0014012,At-Risk Outreach,Extra Data 50GB,02-12-2025,Call,Declined,Yes
RTC0004709,C0014013,Renewal Nudge,Free OTT 3 Months,19-09-2025,SMS,No Response,Yes
RTC0004710,C0014014,Value Retention,Annual Plan Discount,17-09-2025,Call,Accepted,Yes
RTC0004711,C0014016,At-Risk Outreach,Loyalty Discount 10%,02-03-2026,WhatsApp,No Response,No
RTC0004712,C0014017,Value Retention,Extra Data 50GB,05-02-2025,Call,Accepted,Yes
RTC0004713,C0014018,Value Retention,Plan Upgrade Offer,26-01-2025,WhatsApp,Declined,Yes
RTC0004714,C0014031,Value Retention,Plan Upgrade Offer,31-07-2025,WhatsApp,Declined,Yes
RTC0004715,C0014033,Value Retention,Extra Data 50GB,20-01-2026,WhatsApp,Declined,Yes
RTC0004716,C0014038,Loyalty Save,Free OTT 3 Months,11-02-2025,SMS,No Response,Yes
RTC0004717,C0014040,Loyalty Save,Extra Data 50GB,14-02-2026,Call,Accepted,No
RTC0004718,C0014041,Win-Back Drive,Extra Data 50GB,28-06-2025,WhatsApp,Declined,No
RTC0004719,C0014042,At-Risk Outreach,Annual Plan Discount,19-01-2025,Email,No Response,Yes
RTC0004720,C0014043,Renewal Nudge,Bill Waiver,05-02-2025,Call,No Response,Yes
RTC0004721,C0014046,Renewal Nudge,Plan Upgrade Offer,19-11-2025,App,Accepted,Yes
RTC0004722,C0014049,Win-Back Drive,Bill Waiver,05-02-2026,App,No Response,Yes
RTC0004723,C0014054,Loyalty Save,Extra Data 50GB,03-09-2025,WhatsApp,No Response,No
RTC0004724,C0014058,Value Retention,Free OTT 3 Months,15-08-2025,App,No Response,Yes
RTC0004725,C0014060,At-Risk Outreach,Priority Support,07-10-2025,Email,Declined,Yes
RTC0004726,C0014061,Loyalty Save,Cashback Voucher,22-08-2025,WhatsApp,Declined,Yes
RTC0004727,C0014063,Renewal Nudge,Free OTT 3 Months,15-08-2025,App,Accepted,Yes
RTC0004728,C0014064,Win-Back Drive,Annual Plan Discount,29-04-2025,Email,Accepted,Yes
RTC0004729,C0014071,Win-Back Drive,Priority Support,13-10-2025,Email,Accepted,No
RTC0004730,C0014073,Renewal Nudge,Extra Data 50GB,23-03-2026,WhatsApp,No Response,Yes
RTC0004731,C0014077,At-Risk Outreach,Bill Waiver,03-01-2025,Call,No Response,No
RTC0004732,C0014080,Loyalty Save,Bill Waiver,16-02-2026,WhatsApp,Accepted,Yes
RTC0004733,C0014082,Win-Back Drive,Annual Plan Discount,05-03-2026,Email,No Response,Yes
RTC0004734,C0014084,At-Risk Outreach,Free OTT 3 Months,21-08-2025,SMS,Accepted,Yes
RTC0004735,C0014090,Loyalty Save,Plan Upgrade Offer,22-09-2025,Call,Accepted,Yes
RTC0004736,C0014093,Value Retention,Bill Waiver,28-06-2025,Email,Accepted,Yes
RTC0004737,C0014102,At-Risk Outreach,Extra Data 50GB,30-01-2025,SMS,Declined,Yes
RTC0004738,C0014105,Loyalty Save,Bill Waiver,06-05-2025,WhatsApp,Accepted,Yes
RTC0004739,C0014113,Renewal Nudge,Loyalty Discount 10%,31-12-2025,Email,Declined,Yes
RTC0004740,C0014118,Value Retention,Bill Waiver,15-02-2025,Call,Accepted,No
RTC0004741,C0014120,Win-Back Drive,Cashback Voucher,24-06-2025,WhatsApp,Accepted,Yes
RTC0004742,C0014128,Loyalty Save,Plan Upgrade Offer,13-02-2025,Email,No Response,Yes
RTC0004743,C0014130,Win-Back Drive,Annual Plan Discount,20-06-2025,Call,No Response,Yes
RTC0004744,C0014133,Renewal Nudge,Plan Upgrade Offer,20-01-2025,Email,No Response,No
RTC0004745,C0014139,At-Risk Outreach,Plan Upgrade Offer,22-08-2025,SMS,Declined,Yes
RTC0004746,C0014141,At-Risk Outreach,Cashback Voucher,26-08-2025,WhatsApp,No Response,Yes
RTC0004747,C0014143,At-Risk Outreach,Bill Waiver,07-01-2026,WhatsApp,Declined,Yes
RTC0004748,C0014146,Renewal Nudge,Cashback Voucher,02-03-2025,Email,No Response,Yes
RTC0004749,C0014149,At-Risk Outreach,Bill Waiver,18-10-2025,Call,Accepted,Yes
RTC0004750,C0014150,Win-Back Drive,Loyalty Discount 10%,18-06-2025,App,No Response,Yes
RTC0004751,C0014151,Value Retention,Loyalty Discount 10%,02-02-2026,Email,Declined,Yes
RTC0004752,C0014153,At-Risk Outreach,Bill Waiver,29-03-2026,SMS,Accepted,Yes
RTC0004753,C0014154,Value Retention,Priority Support,09-02-2025,Email,Declined,Yes
RTC0004754,C0014156,At-Risk Outreach,Bill Waiver,18-09-2025,Email,Declined,Yes
RTC0004755,C0014157,Win-Back Drive,Cashback Voucher,09-02-2026,WhatsApp,Accepted,No
RTC0004756,C0014160,At-Risk Outreach,Bill Waiver,18-04-2025,SMS,Accepted,Yes
RTC0004757,C0014162,Renewal Nudge,Free OTT 3 Months,18-09-2025,WhatsApp,Accepted,Yes
RTC0004758,C0014165,Value Retention,Free OTT 3 Months,01-01-2026,WhatsApp,Accepted,Yes
RTC0004759,C0014167,Value Retention,Priority Support,05-11-2025,Email,Declined,Yes
RTC0004760,C0014168,Value Retention,Cashback Voucher,09-02-2025,SMS,Accepted,No
RTC0004761,C0014169,Value Retention,Bill Waiver,25-04-2025,App,Accepted,Yes
RTC0004762,C0014172,Win-Back Drive,Free OTT 3 Months,24-02-2025,Call,No Response,Yes
RTC0004763,C0014174,Renewal Nudge,Plan Upgrade Offer,11-06-2025,Email,Accepted,Yes
RTC0004764,C0014176,At-Risk Outreach,Plan Upgrade Offer,09-05-2025,App,Accepted,Yes
RTC0004765,C0014177,At-Risk Outreach,Extra Data 50GB,13-01-2025,WhatsApp,Declined,Yes
RTC0004766,C0014182,Loyalty Save,Priority Support,29-03-2025,Call,No Response,No
RTC0004767,C0014184,Loyalty Save,Plan Upgrade Offer,07-02-2025,Call,Declined,Yes
RTC0004768,C0014185,Value Retention,Priority Support,06-01-2025,Email,No Response,No
RTC0004769,C0014186,Value Retention,Priority Support,22-10-2025,Call,No Response,No
RTC0004770,C0014187,Win-Back Drive,Priority Support,24-06-2025,SMS,No Response,Yes
RTC0004771,C0014196,Win-Back Drive,Loyalty Discount 10%,05-07-2025,App,No Response,Yes
RTC0004772,C0014198,Renewal Nudge,Loyalty Discount 10%,08-10-2025,WhatsApp,Accepted,No
RTC0004773,C0014201,Renewal Nudge,Extra Data 50GB,24-08-2025,Call,Declined,Yes
RTC0004774,C0014205,Win-Back Drive,Bill Waiver,23-08-2025,Email,No Response,No
RTC0004775,C0014207,Renewal Nudge,Bill Waiver,27-02-2026,Call,Accepted,No
RTC0004776,C0014211,Value Retention,Extra Data 50GB,06-11-2025,Email,No Response,Yes
RTC0004777,C0014212,Win-Back Drive,Loyalty Discount 10%,06-12-2025,Email,Accepted,Yes
RTC0004778,C0014218,Loyalty Save,Bill Waiver,11-10-2025,Email,Declined,Yes
RTC0004779,C0014219,Value Retention,Loyalty Discount 10%,08-03-2025,WhatsApp,Accepted,Yes
RTC0004780,C0014220,Loyalty Save,Loyalty Discount 10%,20-08-2025,App,Declined,Yes
RTC0004781,C0014222,Renewal Nudge,Bill Waiver,15-06-2025,WhatsApp,No Response,Yes
RTC0004782,C0014223,Renewal Nudge,Plan Upgrade Offer,30-11-2025,SMS,No Response,No
RTC0004783,C0014228,Renewal Nudge,Cashback Voucher,01-10-2025,App,Declined,Yes
RTC0004784,C0014233,Renewal Nudge,Cashback Voucher,03-05-2025,Call,Accepted,Yes
RTC0004785,C0014234,Win-Back Drive,Cashback Voucher,09-04-2025,Call,No Response,No
RTC0004786,C0014235,At-Risk Outreach,Loyalty Discount 10%,14-03-2026,SMS,Declined,Yes
RTC0004787,C0014237,Value Retention,Bill Waiver,04-02-2025,Call,Declined,Yes
RTC0004788,C0014241,Value Retention,Priority Support,21-06-2025,Call,Accepted,Yes
RTC0004789,C0014242,Value Retention,Plan Upgrade Offer,09-02-2026,WhatsApp,Accepted,Yes
RTC0004790,C0014243,Value Retention,Priority Support,24-03-2026,App,Accepted,Yes
RTC0004791,C0014245,Value Retention,Extra Data 50GB,21-06-2025,App,Accepted,Yes
RTC0004792,C0014246,Win-Back Drive,Plan Upgrade Offer,30-06-2025,Email,Accepted,Yes
RTC0004793,C0014248,At-Risk Outreach,Plan Upgrade Offer,09-01-2026,WhatsApp,No Response,Yes
RTC0004794,C0014249,At-Risk Outreach,Extra Data 50GB,10-08-2025,Call,Accepted,Yes
RTC0004795,C0014254,Loyalty Save,Priority Support,13-11-2025,SMS,No Response,Yes
RTC0004796,C0014255,Win-Back Drive,Annual Plan Discount,30-10-2025,WhatsApp,Accepted,No
RTC0004797,C0014265,At-Risk Outreach,Priority Support,03-02-2026,WhatsApp,Declined,No
RTC0004798,C0014271,Renewal Nudge,Free OTT 3 Months,20-03-2026,Email,No Response,Yes
RTC0004799,C0014272,Win-Back Drive,Bill Waiver,02-12-2025,Call,Declined,Yes
RTC0004800,C0014276,At-Risk Outreach,Plan Upgrade Offer,23-01-2026,SMS,Accepted,Yes
RTC0004801,C0014285,At-Risk Outreach,Bill Waiver,28-09-2025,App,No Response,Yes
RTC0004802,C0014291,Win-Back Drive,Priority Support,11-02-2026,WhatsApp,Declined,Yes
RTC0004803,C0014292,Win-Back Drive,Cashback Voucher,09-04-2025,Call,No Response,Yes
RTC0004804,C0014293,Win-Back Drive,Annual Plan Discount,14-09-2025,WhatsApp,No Response,No
RTC0004805,C0014294,Win-Back Drive,Free OTT 3 Months,26-03-2026,App,Accepted,Yes
RTC0004806,C0014296,Loyalty Save,Annual Plan Discount,09-06-2025,App,No Response,Yes
RTC0004807,C0014297,Win-Back Drive,Loyalty Discount 10%,28-07-2025,Call,Accepted,No
RTC0004808,C0014298,Renewal Nudge,Annual Plan Discount,26-05-2025,Email,Declined,No
RTC0004809,C0014299,At-Risk Outreach,Bill Waiver,04-07-2025,Call,Declined,Yes
RTC0004810,C0014301,Value Retention,Annual Plan Discount,29-03-2026,App,No Response,Yes
RTC0004811,C0014303,Loyalty Save,Loyalty Discount 10%,20-02-2026,SMS,Accepted,Yes
RTC0004812,C0014305,Win-Back Drive,Bill Waiver,16-03-2025,WhatsApp,Accepted,Yes
RTC0004813,C0014306,At-Risk Outreach,Bill Waiver,21-03-2026,Email,No Response,Yes
RTC0004814,C0014311,Loyalty Save,Loyalty Discount 10%,17-06-2025,App,No Response,No
RTC0004815,C0014312,Renewal Nudge,Plan Upgrade Offer,17-09-2025,WhatsApp,Declined,Yes
RTC0004816,C0014313,Win-Back Drive,Free OTT 3 Months,15-09-2025,App,No Response,Yes
RTC0004817,C0014314,Value Retention,Extra Data 50GB,28-03-2026,Email,Accepted,Yes
RTC0004818,C0014316,Value Retention,Bill Waiver,11-02-2025,WhatsApp,Declined,No
RTC0004819,C0014317,Loyalty Save,Priority Support,09-07-2025,App,Accepted,Yes
RTC0004820,C0014321,Loyalty Save,Plan Upgrade Offer,13-07-2025,WhatsApp,Accepted,Yes
RTC0004821,C0014323,Loyalty Save,Extra Data 50GB,08-03-2026,App,No Response,No
RTC0004822,C0014324,Win-Back Drive,Free OTT 3 Months,31-05-2025,App,Accepted,Yes
RTC0004823,C0014328,Renewal Nudge,Free OTT 3 Months,26-12-2025,SMS,No Response,Yes
RTC0004824,C0014331,At-Risk Outreach,Extra Data 50GB,02-04-2025,Email,Declined,Yes
RTC0004825,C0014334,Win-Back Drive,Bill Waiver,24-12-2025,App,No Response,No
RTC0004826,C0014338,At-Risk Outreach,Annual Plan Discount,07-09-2025,WhatsApp,Accepted,Yes
RTC0004827,C0014341,Renewal Nudge,Plan Upgrade Offer,04-05-2025,Call,Declined,Yes
RTC0004828,C0014347,At-Risk Outreach,Priority Support,21-10-2025,SMS,Accepted,Yes
RTC0004829,C0014348,At-Risk Outreach,Priority Support,30-01-2026,App,No Response,Yes
RTC0004830,C0014350,Win-Back Drive,Free OTT 3 Months,28-03-2026,WhatsApp,Accepted,No
RTC0004831,C0014351,Loyalty Save,Priority Support,04-10-2025,Call,Accepted,Yes
RTC0004832,C0014353,Renewal Nudge,Extra Data 50GB,28-07-2025,Call,Accepted,Yes
RTC0004833,C0014354,Loyalty Save,Cashback Voucher,31-05-2025,App,Accepted,Yes
RTC0004834,C0014356,Renewal Nudge,Plan Upgrade Offer,05-10-2025,Email,Accepted,Yes
RTC0004835,C0014357,Value Retention,Extra Data 50GB,27-02-2025,Email,No Response,No
RTC0004836,C0014365,Renewal Nudge,Cashback Voucher,19-02-2026,WhatsApp,No Response,Yes
RTC0004837,C0014367,Renewal Nudge,Cashback Voucher,28-06-2025,Email,Accepted,Yes
RTC0004838,C0014370,At-Risk Outreach,Cashback Voucher,30-07-2025,WhatsApp,No Response,Yes
RTC0004839,C0014374,Value Retention,Annual Plan Discount,13-11-2025,SMS,Accepted,Yes
RTC0004840,C0014376,Win-Back Drive,Bill Waiver,19-12-2025,SMS,Declined,No
RTC0004841,C0014378,Renewal Nudge,Plan Upgrade Offer,29-07-2025,Email,Accepted,Yes
RTC0004842,C0014381,Value Retention,Cashback Voucher,28-03-2026,Email,Accepted,Yes
RTC0004843,C0014382,Renewal Nudge,Annual Plan Discount,20-03-2025,Email,Accepted,Yes
RTC0004844,C0014384,Value Retention,Priority Support,14-01-2026,Email,No Response,No
RTC0004845,C0014389,Win-Back Drive,Bill Waiver,07-09-2025,Call,Declined,Yes
RTC0004846,C0014391,Value Retention,Annual Plan Discount,03-03-2025,Email,Declined,Yes
RTC0004847,C0014394,Win-Back Drive,Cashback Voucher,04-02-2026,Email,No Response,Yes
RTC0004848,C0014395,Renewal Nudge,Plan Upgrade Offer,19-05-2025,Email,Declined,Yes
RTC0004849,C0014396,At-Risk Outreach,Cashback Voucher,18-12-2025,App,Accepted,Yes
RTC0004850,C0014398,Renewal Nudge,Plan Upgrade Offer,26-06-2025,Email,Accepted,Yes
RTC0004851,C0014400,Loyalty Save,Free OTT 3 Months,15-03-2026,Email,No Response,Yes
RTC0004852,C0014405,Loyalty Save,Bill Waiver,20-01-2025,Call,Accepted,Yes
RTC0004853,C0014406,Renewal Nudge,Bill Waiver,08-08-2025,Email,Accepted,Yes
RTC0004854,C0014409,Win-Back Drive,Cashback Voucher,02-09-2025,SMS,Accepted,Yes
RTC0004855,C0014413,Win-Back Drive,Free OTT 3 Months,13-03-2026,SMS,Accepted,Yes
RTC0004856,C0014414,Loyalty Save,Free OTT 3 Months,17-10-2025,Call,No Response,No
RTC0004857,C0014417,Win-Back Drive,Cashback Voucher,19-10-2025,SMS,No Response,No
RTC0004858,C0014418,Value Retention,Extra Data 50GB,24-04-2025,Call,Declined,Yes
RTC0004859,C0014425,At-Risk Outreach,Bill Waiver,18-03-2025,App,Accepted,No
RTC0004860,C0014426,At-Risk Outreach,Bill Waiver,04-07-2025,App,Declined,Yes
RTC0004861,C0014430,At-Risk Outreach,Extra Data 50GB,25-02-2025,App,No Response,No
RTC0004862,C0014436,At-Risk Outreach,Extra Data 50GB,13-03-2026,App,Declined,Yes
RTC0004863,C0014442,At-Risk Outreach,Annual Plan Discount,06-04-2025,WhatsApp,Accepted,Yes
RTC0004864,C0014443,At-Risk Outreach,Free OTT 3 Months,28-04-2025,WhatsApp,Declined,Yes
RTC0004865,C0014444,Value Retention,Bill Waiver,06-07-2025,SMS,Accepted,Yes
RTC0004866,C0014450,Loyalty Save,Loyalty Discount 10%,03-12-2025,Call,Accepted,No
RTC0004867,C0014453,Win-Back Drive,Bill Waiver,15-09-2025,WhatsApp,Accepted,Yes
RTC0004868,C0014454,Value Retention,Loyalty Discount 10%,10-12-2025,Call,Declined,Yes
RTC0004869,C0014457,Win-Back Drive,Loyalty Discount 10%,26-02-2026,Call,Accepted,No
RTC0004870,C0014458,Loyalty Save,Loyalty Discount 10%,30-01-2025,SMS,Declined,Yes
RTC0004871,C0014462,Loyalty Save,Cashback Voucher,29-03-2026,WhatsApp,Declined,Yes
RTC0004872,C0014464,At-Risk Outreach,Priority Support,10-04-2025,WhatsApp,Accepted,No
RTC0004873,C0014466,Win-Back Drive,Bill Waiver,04-01-2026,Call,No Response,Yes
RTC0004874,C0014470,Renewal Nudge,Plan Upgrade Offer,16-01-2026,App,Accepted,Yes
RTC0004875,C0014473,Renewal Nudge,Priority Support,26-01-2025,Call,Accepted,Yes
RTC0004876,C0014479,Renewal Nudge,Plan Upgrade Offer,28-03-2026,Email,Accepted,Yes
RTC0004877,C0014480,Loyalty Save,Plan Upgrade Offer,06-03-2025,App,No Response,No
RTC0004878,C0014481,Renewal Nudge,Extra Data 50GB,06-10-2025,Email,No Response,Yes
RTC0004879,C0014483,Win-Back Drive,Cashback Voucher,20-08-2025,Call,No Response,Yes
RTC0004880,C0014484,Value Retention,Cashback Voucher,16-03-2026,SMS,Declined,Yes
RTC0004881,C0014485,Loyalty Save,Extra Data 50GB,30-03-2026,Email,No Response,Yes
RTC0004882,C0014489,Renewal Nudge,Plan Upgrade Offer,19-12-2025,WhatsApp,No Response,Yes
RTC0004883,C0014490,Loyalty Save,Cashback Voucher,15-02-2026,WhatsApp,No Response,No
RTC0004884,C0014494,Renewal Nudge,Bill Waiver,08-10-2025,Call,Accepted,Yes
RTC0004885,C0014495,Loyalty Save,Extra Data 50GB,06-02-2026,Email,No Response,Yes
RTC0004886,C0014498,At-Risk Outreach,Loyalty Discount 10%,18-10-2025,Email,Accepted,Yes
RTC0004887,C0014499,Renewal Nudge,Bill Waiver,25-04-2025,Call,Declined,No
RTC0004888,C0014502,Renewal Nudge,Cashback Voucher,16-06-2025,SMS,Accepted,Yes
RTC0004889,C0014503,Value Retention,Cashback Voucher,05-01-2025,App,Declined,Yes
RTC0004890,C0014508,At-Risk Outreach,Priority Support,22-10-2025,App,Declined,No
RTC0004891,C0014515,Value Retention,Priority Support,13-02-2025,App,Declined,No
RTC0004892,C0014517,Renewal Nudge,Loyalty Discount 10%,13-01-2026,SMS,Declined,Yes
RTC0004893,C0014518,Value Retention,Bill Waiver,11-01-2025,Email,Declined,Yes
RTC0004894,C0014521,Win-Back Drive,Extra Data 50GB,14-10-2025,Email,Accepted,Yes
RTC0004895,C0014522,At-Risk Outreach,Plan Upgrade Offer,04-12-2025,SMS,No Response,Yes
RTC0004896,C0014525,Loyalty Save,Priority Support,08-04-2025,Call,Declined,Yes
RTC0004897,C0014526,Renewal Nudge,Loyalty Discount 10%,07-01-2025,Call,Accepted,Yes
RTC0004898,C0014527,Value Retention,Extra Data 50GB,22-08-2025,SMS,Accepted,Yes
RTC0004899,C0014530,Loyalty Save,Bill Waiver,01-01-2026,SMS,Accepted,Yes
RTC0004900,C0014531,Loyalty Save,Bill Waiver,30-01-2026,SMS,No Response,Yes
RTC0004901,C0014532,Renewal Nudge,Cashback Voucher,13-01-2026,Email,Accepted,No
RTC0004902,C0014536,Value Retention,Bill Waiver,12-01-2025,Call,Accepted,Yes
RTC0004903,C0014542,Value Retention,Annual Plan Discount,04-03-2026,Email,Accepted,Yes
RTC0004904,C0014547,Win-Back Drive,Priority Support,25-03-2025,WhatsApp,Declined,Yes
RTC0004905,C0014557,At-Risk Outreach,Bill Waiver,04-06-2025,Email,Declined,Yes
RTC0004906,C0014562,At-Risk Outreach,Annual Plan Discount,30-11-2025,SMS,Declined,No
RTC0004907,C0014563,Renewal Nudge,Priority Support,26-07-2025,Email,Accepted,Yes
RTC0004908,C0014564,Win-Back Drive,Extra Data 50GB,25-02-2025,SMS,Accepted,Yes
RTC0004909,C0014568,Loyalty Save,Bill Waiver,09-03-2025,WhatsApp,Declined,Yes
RTC0004910,C0014572,Win-Back Drive,Extra Data 50GB,24-03-2026,Call,Declined,Yes
RTC0004911,C0014573,Value Retention,Free OTT 3 Months,03-10-2025,Email,Declined,No
RTC0004912,C0014587,Value Retention,Bill Waiver,30-11-2025,WhatsApp,Declined,Yes
RTC0004913,C0014589,At-Risk Outreach,Free OTT 3 Months,02-04-2025,SMS,Accepted,No
RTC0004914,C0014592,Loyalty Save,Bill Waiver,15-05-2025,Email,Declined,Yes
RTC0004915,C0014593,Renewal Nudge,Extra Data 50GB,13-03-2025,Email,Accepted,Yes
RTC0004916,C0014598,At-Risk Outreach,Extra Data 50GB,23-12-2025,WhatsApp,No Response,No
RTC0004917,C0014602,Loyalty Save,Annual Plan Discount,06-03-2026,App,Accepted,Yes
RTC0004918,C0014607,Value Retention,Free OTT 3 Months,11-10-2025,SMS,No Response,Yes
RTC0004919,C0014611,Win-Back Drive,Priority Support,12-05-2025,Email,Declined,Yes
RTC0004920,C0014613,Renewal Nudge,Free OTT 3 Months,04-12-2025,App,No Response,Yes
RTC0004921,C0014614,At-Risk Outreach,Loyalty Discount 10%,13-10-2025,SMS,Accepted,Yes
RTC0004922,C0014615,Value Retention,Bill Waiver,05-11-2025,App,Accepted,Yes
RTC0004923,C0014624,Renewal Nudge,Priority Support,05-01-2026,WhatsApp,No Response,Yes
RTC0004924,C0014626,Value Retention,Loyalty Discount 10%,08-09-2025,Email,Accepted,Yes
RTC0004925,C0014627,At-Risk Outreach,Free OTT 3 Months,09-10-2025,WhatsApp,Accepted,Yes
RTC0004926,C0014628,At-Risk Outreach,Extra Data 50GB,20-11-2025,Call,Accepted,Yes
RTC0004927,C0014634,Renewal Nudge,Plan Upgrade Offer,28-02-2026,Call,Declined,Yes
RTC0004928,C0014641,Value Retention,Plan Upgrade Offer,18-05-2025,Call,No Response,Yes
RTC0004929,C0014642,Renewal Nudge,Free OTT 3 Months,28-02-2026,Call,Declined,Yes
RTC0004930,C0014644,At-Risk Outreach,Free OTT 3 Months,16-02-2025,App,No Response,Yes
RTC0004931,C0014653,Value Retention,Annual Plan Discount,02-03-2025,App,Accepted,Yes
RTC0004932,C0014656,Value Retention,Cashback Voucher,17-05-2025,App,Declined,No
RTC0004933,C0014657,Win-Back Drive,Free OTT 3 Months,24-06-2025,Call,Declined,Yes
RTC0004934,C0014658,Win-Back Drive,Priority Support,22-04-2025,Email,Accepted,Yes
RTC0004935,C0014659,Renewal Nudge,Loyalty Discount 10%,27-11-2025,Email,No Response,Yes
RTC0004936,C0014661,Loyalty Save,Plan Upgrade Offer,05-06-2025,SMS,Declined,No
RTC0004937,C0014664,At-Risk Outreach,Priority Support,21-05-2025,SMS,Declined,No
RTC0004938,C0014665,Loyalty Save,Extra Data 50GB,17-08-2025,Call,No Response,No
RTC0004939,C0014666,Value Retention,Annual Plan Discount,12-02-2026,Email,Accepted,Yes
RTC0004940,C0014668,Renewal Nudge,Cashback Voucher,03-02-2025,Call,Accepted,Yes
RTC0004941,C0014669,Value Retention,Loyalty Discount 10%,21-03-2025,Email,Accepted,Yes
RTC0004942,C0014671,Renewal Nudge,Free OTT 3 Months,01-10-2025,Email,Declined,Yes
RTC0004943,C0014672,Renewal Nudge,Free OTT 3 Months,21-01-2025,App,Declined,Yes
RTC0004944,C0014675,Loyalty Save,Free OTT 3 Months,23-01-2026,SMS,No Response,Yes
RTC0004945,C0014681,At-Risk Outreach,Cashback Voucher,12-05-2025,SMS,Accepted,No
RTC0004946,C0014683,Loyalty Save,Priority Support,01-11-2025,Email,Accepted,Yes
RTC0004947,C0014685,At-Risk Outreach,Bill Waiver,16-05-2025,WhatsApp,Accepted,No
RTC0004948,C0014691,At-Risk Outreach,Plan Upgrade Offer,04-08-2025,WhatsApp,Accepted,Yes
RTC0004949,C0014696,Win-Back Drive,Plan Upgrade Offer,07-01-2025,Email,Accepted,Yes
RTC0004950,C0014703,At-Risk Outreach,Bill Waiver,03-11-2025,WhatsApp,Declined,Yes
RTC0004951,C0014704,Renewal Nudge,Cashback Voucher,30-05-2025,Call,Declined,Yes
RTC0004952,C0014705,At-Risk Outreach,Priority Support,23-09-2025,SMS,Accepted,Yes
RTC0004953,C0014706,Loyalty Save,Annual Plan Discount,04-04-2025,Call,No Response,Yes
RTC0004954,C0014708,Win-Back Drive,Plan Upgrade Offer,14-04-2025,Email,Accepted,Yes
RTC0004955,C0014711,Value Retention,Plan Upgrade Offer,20-01-2025,Call,Accepted,Yes
RTC0004956,C0014719,Renewal Nudge,Annual Plan Discount,11-02-2025,WhatsApp,Declined,Yes
RTC0004957,C0014720,Loyalty Save,Free OTT 3 Months,14-03-2026,WhatsApp,No Response,Yes
RTC0004958,C0014724,Value Retention,Plan Upgrade Offer,06-10-2025,Email,Accepted,Yes
RTC0004959,C0014728,At-Risk Outreach,Free OTT 3 Months,28-03-2026,WhatsApp,No Response,Yes
RTC0004960,C0014729,Renewal Nudge,Cashback Voucher,05-01-2026,Call,Accepted,No
RTC0004961,C0014733,Win-Back Drive,Plan Upgrade Offer,06-12-2025,Call,Accepted,Yes
RTC0004962,C0014734,Win-Back Drive,Bill Waiver,28-01-2026,Call,Declined,No
RTC0004963,C0014735,Win-Back Drive,Priority Support,02-02-2026,SMS,No Response,No
RTC0004964,C0014736,Loyalty Save,Bill Waiver,25-09-2025,App,Accepted,No
RTC0004965,C0014740,Value Retention,Priority Support,06-03-2026,SMS,Accepted,Yes
RTC0004966,C0014744,Loyalty Save,Free OTT 3 Months,05-05-2025,SMS,Accepted,Yes
RTC0004967,C0014745,At-Risk Outreach,Free OTT 3 Months,04-02-2026,WhatsApp,Accepted,Yes
RTC0004968,C0014747,Win-Back Drive,Loyalty Discount 10%,06-10-2025,Email,Accepted,Yes
RTC0004969,C0014748,Win-Back Drive,Extra Data 50GB,06-06-2025,Call,Accepted,Yes
RTC0004970,C0014749,Renewal Nudge,Plan Upgrade Offer,05-04-2025,WhatsApp,No Response,Yes
RTC0004971,C0014751,Loyalty Save,Extra Data 50GB,03-07-2025,App,Accepted,Yes
RTC0004972,C0014756,Loyalty Save,Loyalty Discount 10%,04-07-2025,SMS,Accepted,Yes
RTC0004973,C0014758,At-Risk Outreach,Free OTT 3 Months,01-07-2025,SMS,Declined,Yes
RTC0004974,C0014759,Value Retention,Free OTT 3 Months,04-09-2025,App,Accepted,Yes
RTC0004975,C0014761,At-Risk Outreach,Loyalty Discount 10%,23-03-2025,Email,Declined,Yes
RTC0004976,C0014762,At-Risk Outreach,Loyalty Discount 10%,03-02-2026,Call,Declined,Yes
RTC0004977,C0014763,Win-Back Drive,Bill Waiver,22-03-2026,SMS,No Response,Yes
RTC0004978,C0014764,Loyalty Save,Loyalty Discount 10%,18-10-2025,SMS,Declined,Yes
RTC0004979,C0014768,Value Retention,Priority Support,10-03-2025,Call,Declined,Yes
RTC0004980,C0014769,Value Retention,Priority Support,21-10-2025,WhatsApp,Declined,Yes
RTC0004981,C0014770,At-Risk Outreach,Plan Upgrade Offer,15-06-2025,App,Accepted,Yes
RTC0004982,C0014776,Loyalty Save,Priority Support,06-09-2025,Email,Accepted,Yes
RTC0004983,C0014779,Value Retention,Loyalty Discount 10%,03-03-2025,Call,Accepted,Yes
RTC0004984,C0014781,Renewal Nudge,Free OTT 3 Months,05-12-2025,Email,No Response,Yes
RTC0004985,C0014789,Loyalty Save,Priority Support,18-06-2025,App,No Response,Yes
RTC0004986,C0014792,At-Risk Outreach,Annual Plan Discount,10-03-2026,Call,No Response,Yes
RTC0004987,C0014797,Value Retention,Plan Upgrade Offer,01-02-2026,SMS,No Response,Yes
RTC0004988,C0014801,Value Retention,Loyalty Discount 10%,13-04-2025,Email,Declined,Yes
RTC0004989,C0014804,Loyalty Save,Plan Upgrade Offer,20-03-2026,Email,Declined,Yes
RTC0004990,C0014810,At-Risk Outreach,Free OTT 3 Months,15-01-2025,Email,Accepted,Yes
RTC0004991,C0014813,At-Risk Outreach,Plan Upgrade Offer,25-01-2026,App,Declined,Yes
RTC0004992,C0014815,Win-Back Drive,Annual Plan Discount,11-11-2025,Call,No Response,Yes
RTC0004993,C0014816,Win-Back Drive,Cashback Voucher,07-10-2025,SMS,Accepted,Yes
RTC0004994,C0014818,Win-Back Drive,Free OTT 3 Months,21-03-2025,SMS,Accepted,Yes
RTC0004995,C0014820,Win-Back Drive,Bill Waiver,20-06-2025,WhatsApp,Accepted,Yes
RTC0004996,C0014822,Win-Back Drive,Extra Data 50GB,02-12-2025,Call,No Response,Yes
RTC0004997,C0014825,At-Risk Outreach,Priority Support,08-07-2025,SMS,Declined,No
RTC0004998,C0014826,At-Risk Outreach,Extra Data 50GB,25-03-2025,WhatsApp,Accepted,Yes
RTC0004999,C0014827,Value Retention,Bill Waiver,15-04-2025,WhatsApp,No Response,Yes
RTC0005000,C0014828,Win-Back Drive,Loyalty Discount 10%,22-01-2025,Email,Declined,Yes
RTC0005001,C0014829,Win-Back Drive,Bill Waiver,03-07-2025,WhatsApp,Declined,No
RTC0005002,C0014831,Renewal Nudge,Extra Data 50GB,16-01-2026,Call,Accepted,Yes
RTC0005003,C0014832,Loyalty Save,Priority Support,27-11-2025,SMS,No Response,No
RTC0005004,C0014833,Value Retention,Cashback Voucher,30-05-2025,SMS,Accepted,Yes
RTC0005005,C0014835,Loyalty Save,Annual Plan Discount,27-09-2025,App,Accepted,Yes
RTC0005006,C0014836,Renewal Nudge,Loyalty Discount 10%,30-04-2025,SMS,Accepted,Yes
RTC0005007,C0014839,Loyalty Save,Cashback Voucher,15-02-2025,Call,Accepted,Yes
RTC0005008,C0014841,Renewal Nudge,Plan Upgrade Offer,09-03-2026,Call,Accepted,Yes
RTC0005009,C0014843,Win-Back Drive,Extra Data 50GB,20-05-2025,WhatsApp,Declined,Yes
RTC0005010,C0014845,Loyalty Save,Annual Plan Discount,20-06-2025,Email,No Response,Yes
RTC0005011,C0014846,Loyalty Save,Plan Upgrade Offer,06-09-2025,Email,Accepted,Yes
RTC0005012,C0014854,Renewal Nudge,Loyalty Discount 10%,18-03-2026,WhatsApp,Declined,Yes
RTC0005013,C0014855,Loyalty Save,Loyalty Discount 10%,19-06-2025,App,Accepted,Yes
RTC0005014,C0014856,Win-Back Drive,Free OTT 3 Months,08-10-2025,WhatsApp,Accepted,Yes
RTC0005015,C0014857,Value Retention,Extra Data 50GB,07-09-2025,WhatsApp,No Response,Yes
RTC0005016,C0014868,Win-Back Drive,Loyalty Discount 10%,13-03-2026,SMS,No Response,No
RTC0005017,C0014873,At-Risk Outreach,Bill Waiver,29-05-2025,WhatsApp,Accepted,Yes
RTC0005018,C0014876,Loyalty Save,Cashback Voucher,26-02-2025,Email,Accepted,Yes
RTC0005019,C0014880,Win-Back Drive,Free OTT 3 Months,12-05-2025,Call,Declined,Yes
RTC0005020,C0014886,Renewal Nudge,Bill Waiver,21-08-2025,Call,Declined,No
RTC0005021,C0014890,Loyalty Save,Annual Plan Discount,11-05-2025,Call,No Response,Yes
RTC0005022,C0014892,Value Retention,Plan Upgrade Offer,03-09-2025,SMS,No Response,Yes
RTC0005023,C0014899,Value Retention,Free OTT 3 Months,25-01-2025,Email,Accepted,Yes
RTC0005024,C0014901,Renewal Nudge,Free OTT 3 Months,26-09-2025,WhatsApp,No Response,Yes
RTC0005025,C0014902,Value Retention,Annual Plan Discount,06-02-2026,App,No Response,Yes
RTC0005026,C0014903,Loyalty Save,Free OTT 3 Months,12-03-2026,App,Declined,Yes
RTC0005027,C0014909,Win-Back Drive,Extra Data 50GB,29-01-2026,Call,Accepted,Yes
RTC0005028,C0014910,Value Retention,Cashback Voucher,08-03-2026,SMS,Accepted,Yes
RTC0005029,C0014911,Win-Back Drive,Annual Plan Discount,26-06-2025,App,Accepted,Yes
RTC0005030,C0014912,Renewal Nudge,Extra Data 50GB,01-05-2025,WhatsApp,Declined,Yes
RTC0005031,C0014913,Win-Back Drive,Plan Upgrade Offer,06-01-2026,Call,Accepted,Yes
RTC0005032,C0014914,Renewal Nudge,Annual Plan Discount,24-02-2025,App,No Response,Yes
RTC0005033,C0014915,Value Retention,Annual Plan Discount,26-08-2025,WhatsApp,Accepted,Yes
RTC0005034,C0014921,At-Risk Outreach,Plan Upgrade Offer,11-04-2025,App,Accepted,Yes
RTC0005035,C0014925,Value Retention,Cashback Voucher,16-08-2025,Call,No Response,Yes
RTC0005036,C0014927,At-Risk Outreach,Annual Plan Discount,26-02-2026,SMS,Accepted,Yes
RTC0005037,C0014929,Loyalty Save,Free OTT 3 Months,27-03-2025,App,No Response,Yes
RTC0005038,C0014931,Value Retention,Loyalty Discount 10%,20-10-2025,WhatsApp,Declined,Yes
RTC0005039,C0014936,Renewal Nudge,Cashback Voucher,31-01-2025,App,No Response,Yes
RTC0005040,C0014937,Renewal Nudge,Annual Plan Discount,10-02-2026,App,Accepted,Yes
RTC0005041,C0014938,Win-Back Drive,Priority Support,20-08-2025,SMS,Declined,Yes
RTC0005042,C0014942,Renewal Nudge,Priority Support,14-02-2026,Call,No Response,Yes
RTC0005043,C0014943,Win-Back Drive,Plan Upgrade Offer,16-11-2025,Call,Declined,Yes
RTC0005044,C0014947,At-Risk Outreach,Free OTT 3 Months,07-12-2025,SMS,No Response,Yes
RTC0005045,C0014952,Value Retention,Priority Support,01-12-2025,Call,Accepted,Yes
RTC0005046,C0014954,Renewal Nudge,Priority Support,18-05-2025,Call,Declined,No
RTC0005047,C0014958,Value Retention,Priority Support,29-01-2025,SMS,No Response,No
RTC0005048,C0014961,Win-Back Drive,Extra Data 50GB,04-01-2026,Email,Accepted,Yes
RTC0005049,C0014962,Loyalty Save,Free OTT 3 Months,10-04-2025,Email,Accepted,Yes
RTC0005050,C0014964,Loyalty Save,Extra Data 50GB,10-10-2025,App,Declined,Yes
RTC0005051,C0014972,Loyalty Save,Bill Waiver,03-10-2025,WhatsApp,Accepted,Yes
RTC0005052,C0014975,Win-Back Drive,Loyalty Discount 10%,28-05-2025,WhatsApp,Accepted,Yes
RTC0005053,C0014980,Loyalty Save,Annual Plan Discount,24-02-2025,Call,Accepted,Yes
RTC0005054,C0014982,Renewal Nudge,Cashback Voucher,02-09-2025,App,Declined,Yes
RTC0005055,C0014983,Value Retention,Priority Support,14-01-2026,Email,No Response,Yes
RTC0005056,C0014987,Loyalty Save,Free OTT 3 Months,31-08-2025,SMS,No Response,Yes
RTC0005057,C0014989,At-Risk Outreach,Annual Plan Discount,04-11-2025,Call,Declined,Yes
RTC0005058,C0014994,Renewal Nudge,Bill Waiver,13-02-2025,App,Declined,Yes
RTC0005059,C0014995,Renewal Nudge,Cashback Voucher,10-09-2025,WhatsApp,Accepted,Yes
RTC0005060,C0014997,Win-Back Drive,Extra Data 50GB,21-03-2025,Call,Accepted,Yes
RTC0005061,C0015000,Value Retention,Free OTT 3 Months,07-03-2025,Call,Declined,No
RTC0005062,C0015002,At-Risk Outreach,Plan Upgrade Offer,04-03-2025,Email,Declined,No
RTC0005063,C0015007,At-Risk Outreach,Priority Support,18-01-2026,Call,Accepted,Yes
RTC0005064,C0015008,Loyalty Save,Plan Upgrade Offer,14-04-2025,Call,Declined,Yes
RTC0005065,C0015009,Renewal Nudge,Free OTT 3 Months,06-12-2025,WhatsApp,Declined,Yes
RTC0005066,C0015012,Loyalty Save,Free OTT 3 Months,15-03-2025,SMS,Accepted,Yes
RTC0005067,C0015013,Value Retention,Loyalty Discount 10%,10-11-2025,WhatsApp,Accepted,Yes
RTC0005068,C0015014,Win-Back Drive,Bill Waiver,29-01-2025,App,Accepted,Yes
RTC0005069,C0015017,Loyalty Save,Cashback Voucher,30-04-2025,Email,Accepted,Yes
RTC0005070,C0015018,At-Risk Outreach,Free OTT 3 Months,20-09-2025,WhatsApp,No Response,Yes
RTC0005071,C0015020,Loyalty Save,Plan Upgrade Offer,28-02-2026,App,Accepted,Yes
RTC0005072,C0015022,Loyalty Save,Cashback Voucher,23-11-2025,WhatsApp,Declined,Yes
RTC0005073,C0015025,Value Retention,Plan Upgrade Offer,06-11-2025,SMS,No Response,Yes
RTC0005074,C0015028,Renewal Nudge,Priority Support,22-03-2025,Call,Declined,Yes
RTC0005075,C0015033,Renewal Nudge,Annual Plan Discount,19-05-2025,App,Accepted,Yes
RTC0005076,C0015034,Value Retention,Annual Plan Discount,05-05-2025,Email,No Response,Yes
RTC0005077,C0015039,Renewal Nudge,Annual Plan Discount,17-01-2026,App,Declined,No
RTC0005078,C0015047,Renewal Nudge,Plan Upgrade Offer,15-07-2025,WhatsApp,Declined,No
RTC0005079,C0015048,At-Risk Outreach,Extra Data 50GB,28-06-2025,App,Declined,No
RTC0005080,C0015052,Renewal Nudge,Priority Support,19-02-2025,SMS,Accepted,Yes
RTC0005081,C0015054,Loyalty Save,Cashback Voucher,25-03-2026,WhatsApp,Accepted,Yes
RTC0005082,C0015056,Value Retention,Annual Plan Discount,03-12-2025,WhatsApp,Declined,Yes
RTC0005083,C0015057,Value Retention,Priority Support,28-11-2025,SMS,Declined,Yes
RTC0005084,C0015058,Renewal Nudge,Priority Support,09-03-2026,App,No Response,Yes
RTC0005085,C0015059,Renewal Nudge,Free OTT 3 Months,13-01-2026,Call,Declined,Yes
RTC0005086,C0015061,Value Retention,Loyalty Discount 10%,20-01-2025,SMS,No Response,Yes
RTC0005087,C0015062,Renewal Nudge,Priority Support,02-03-2026,WhatsApp,Accepted,Yes
RTC0005088,C0015063,At-Risk Outreach,Priority Support,24-12-2025,SMS,Accepted,Yes
RTC0005089,C0015064,Win-Back Drive,Loyalty Discount 10%,18-01-2025,App,No Response,Yes
RTC0005090,C0015068,At-Risk Outreach,Bill Waiver,26-10-2025,App,Declined,Yes
RTC0005091,C0015076,At-Risk Outreach,Free OTT 3 Months,08-01-2026,SMS,Declined,Yes
RTC0005092,C0015080,Win-Back Drive,Extra Data 50GB,17-02-2026,Call,No Response,No
RTC0005093,C0015084,Value Retention,Priority Support,29-06-2025,Email,No Response,Yes
RTC0005094,C0015085,Value Retention,Priority Support,02-01-2026,Call,Accepted,Yes
RTC0005095,C0015088,Value Retention,Cashback Voucher,30-08-2025,SMS,Declined,Yes
RTC0005096,C0015089,At-Risk Outreach,Cashback Voucher,05-06-2025,App,No Response,Yes
RTC0005097,C0015090,Win-Back Drive,Loyalty Discount 10%,09-03-2026,Email,Accepted,Yes
RTC0005098,C0015092,Loyalty Save,Priority Support,23-01-2026,Email,Accepted,Yes
RTC0005099,C0015093,Loyalty Save,Bill Waiver,13-03-2025,Call,No Response,Yes
RTC0005100,C0015098,Loyalty Save,Annual Plan Discount,27-08-2025,App,Declined,Yes
RTC0005101,C0015102,Win-Back Drive,Cashback Voucher,04-10-2025,Email,Accepted,Yes
RTC0005102,C0015106,Loyalty Save,Priority Support,16-02-2025,App,Accepted,Yes
RTC0005103,C0015109,Win-Back Drive,Annual Plan Discount,08-10-2025,Email,Accepted,Yes
RTC0005104,C0015111,Renewal Nudge,Plan Upgrade Offer,28-07-2025,WhatsApp,No Response,No
RTC0005105,C0015114,Loyalty Save,Annual Plan Discount,26-03-2025,App,Accepted,Yes
RTC0005106,C0015118,Win-Back Drive,Cashback Voucher,26-05-2025,Call,Declined,Yes
RTC0005107,C0015120,Loyalty Save,Loyalty Discount 10%,12-03-2025,WhatsApp,No Response,Yes
RTC0005108,C0015124,Loyalty Save,Bill Waiver,11-05-2025,App,Declined,Yes
RTC0005109,C0015125,Renewal Nudge,Loyalty Discount 10%,12-02-2026,Call,Accepted,Yes
RTC0005110,C0015126,Renewal Nudge,Plan Upgrade Offer,25-11-2025,App,Accepted,Yes
RTC0005111,C0015130,Value Retention,Bill Waiver,26-09-2025,SMS,No Response,Yes
RTC0005112,C0015135,Loyalty Save,Loyalty Discount 10%,16-01-2025,WhatsApp,No Response,No
RTC0005113,C0015136,Renewal Nudge,Plan Upgrade Offer,05-01-2025,App,No Response,Yes
RTC0005114,C0015138,Value Retention,Extra Data 50GB,11-02-2025,Email,Accepted,Yes
RTC0005115,C0015140,Loyalty Save,Bill Waiver,01-07-2025,Email,Accepted,No
RTC0005116,C0015143,Value Retention,Plan Upgrade Offer,04-03-2026,Email,Declined,Yes
RTC0005117,C0015144,Renewal Nudge,Loyalty Discount 10%,05-07-2025,WhatsApp,Accepted,Yes
RTC0005118,C0015145,Renewal Nudge,Annual Plan Discount,28-12-2025,SMS,Accepted,No
RTC0005119,C0015147,Win-Back Drive,Priority Support,06-03-2026,SMS,Accepted,Yes
RTC0005120,C0015148,Win-Back Drive,Priority Support,25-10-2025,SMS,No Response,Yes
RTC0005121,C0015152,Renewal Nudge,Cashback Voucher,18-05-2025,WhatsApp,Accepted,Yes
RTC0005122,C0015154,Renewal Nudge,Loyalty Discount 10%,30-09-2025,SMS,No Response,No
RTC0005123,C0015155,Win-Back Drive,Priority Support,06-06-2025,WhatsApp,Accepted,Yes
RTC0005124,C0015158,At-Risk Outreach,Bill Waiver,04-09-2025,App,No Response,Yes
RTC0005125,C0015159,At-Risk Outreach,Extra Data 50GB,19-07-2025,SMS,Declined,Yes
RTC0005126,C0015160,Renewal Nudge,Priority Support,31-12-2025,SMS,Accepted,Yes
RTC0005127,C0015162,At-Risk Outreach,Priority Support,20-01-2025,SMS,Accepted,Yes
RTC0005128,C0015163,Value Retention,Bill Waiver,30-03-2026,Email,Declined,Yes
RTC0005129,C0015169,Loyalty Save,Bill Waiver,21-08-2025,WhatsApp,Declined,Yes
RTC0005130,C0015171,At-Risk Outreach,Priority Support,20-01-2026,SMS,Accepted,No
RTC0005131,C0015172,At-Risk Outreach,Loyalty Discount 10%,11-07-2025,Call,No Response,Yes
RTC0005132,C0015174,Value Retention,Bill Waiver,17-03-2025,Email,Accepted,Yes
RTC0005133,C0015176,Win-Back Drive,Free OTT 3 Months,07-08-2025,SMS,Declined,No
RTC0005134,C0015177,Win-Back Drive,Annual Plan Discount,02-11-2025,Email,No Response,Yes
RTC0005135,C0015178,Win-Back Drive,Loyalty Discount 10%,07-02-2025,Call,No Response,Yes
RTC0005136,C0015181,Renewal Nudge,Loyalty Discount 10%,11-11-2025,WhatsApp,Accepted,Yes
RTC0005137,C0015184,At-Risk Outreach,Free OTT 3 Months,08-07-2025,WhatsApp,Accepted,Yes
RTC0005138,C0015186,At-Risk Outreach,Free OTT 3 Months,18-04-2025,SMS,Declined,Yes
RTC0005139,C0015192,Win-Back Drive,Bill Waiver,16-01-2025,WhatsApp,Accepted,Yes
RTC0005140,C0015193,Win-Back Drive,Loyalty Discount 10%,26-11-2025,App,No Response,Yes
RTC0005141,C0015194,Value Retention,Free OTT 3 Months,29-10-2025,Email,Declined,No
RTC0005142,C0015204,Value Retention,Bill Waiver,13-12-2025,App,Declined,Yes
RTC0005143,C0015206,Win-Back Drive,Cashback Voucher,03-08-2025,Email,Accepted,Yes
RTC0005144,C0015210,Win-Back Drive,Annual Plan Discount,22-02-2026,Call,Accepted,Yes
RTC0005145,C0015212,Renewal Nudge,Extra Data 50GB,12-03-2025,WhatsApp,Declined,Yes
RTC0005146,C0015216,Win-Back Drive,Annual Plan Discount,26-09-2025,App,Declined,Yes
RTC0005147,C0015219,Win-Back Drive,Annual Plan Discount,20-09-2025,Call,No Response,Yes
RTC0005148,C0015222,Value Retention,Bill Waiver,23-03-2026,App,No Response,No
RTC0005149,C0015226,Win-Back Drive,Plan Upgrade Offer,28-04-2025,WhatsApp,Declined,No
RTC0005150,C0015229,At-Risk Outreach,Priority Support,06-07-2025,Call,Declined,No
RTC0005151,C0015230,Win-Back Drive,Loyalty Discount 10%,29-10-2025,SMS,Accepted,Yes
RTC0005152,C0015232,Loyalty Save,Plan Upgrade Offer,27-06-2025,Email,Accepted,No
RTC0005153,C0015234,Renewal Nudge,Extra Data 50GB,12-12-2025,Email,No Response,Yes
RTC0005154,C0015235,Win-Back Drive,Bill Waiver,08-01-2025,App,Accepted,Yes
RTC0005155,C0015236,Value Retention,Free OTT 3 Months,04-11-2025,SMS,No Response,Yes
RTC0005156,C0015238,At-Risk Outreach,Priority Support,05-09-2025,Call,Accepted,Yes
RTC0005157,C0015239,Renewal Nudge,Priority Support,09-09-2025,SMS,Accepted,Yes
RTC0005158,C0015240,At-Risk Outreach,Plan Upgrade Offer,05-07-2025,SMS,Accepted,Yes
RTC0005159,C0015249,At-Risk Outreach,Annual Plan Discount,22-11-2025,Email,Accepted,No
RTC0005160,C0015251,Loyalty Save,Extra Data 50GB,10-09-2025,Email,Declined,Yes
RTC0005161,C0015252,Value Retention,Extra Data 50GB,29-04-2025,Call,Accepted,No
RTC0005162,C0015254,Loyalty Save,Annual Plan Discount,03-02-2026,WhatsApp,Declined,Yes
RTC0005163,C0015258,Loyalty Save,Cashback Voucher,05-02-2025,WhatsApp,Declined,Yes
RTC0005164,C0015260,Renewal Nudge,Plan Upgrade Offer,12-08-2025,WhatsApp,Accepted,Yes
RTC0005165,C0015262,Value Retention,Cashback Voucher,02-12-2025,Call,No Response,Yes
RTC0005166,C0015271,Value Retention,Loyalty Discount 10%,04-01-2026,App,No Response,Yes
RTC0005167,C0015272,At-Risk Outreach,Cashback Voucher,26-03-2026,App,No Response,Yes
RTC0005168,C0015274,Renewal Nudge,Annual Plan Discount,02-12-2025,App,Accepted,Yes
RTC0005169,C0015279,Value Retention,Bill Waiver,07-03-2025,SMS,Accepted,Yes
RTC0005170,C0015283,Renewal Nudge,Free OTT 3 Months,13-04-2025,SMS,Accepted,Yes
RTC0005171,C0015284,At-Risk Outreach,Loyalty Discount 10%,16-08-2025,WhatsApp,Accepted,Yes
RTC0005172,C0015286,Loyalty Save,Plan Upgrade Offer,05-03-2026,WhatsApp,Declined,Yes
RTC0005173,C0015288,Win-Back Drive,Extra Data 50GB,22-06-2025,Call,Declined,Yes
RTC0005174,C0015289,Renewal Nudge,Plan Upgrade Offer,25-08-2025,SMS,Declined,Yes
RTC0005175,C0015290,Loyalty Save,Extra Data 50GB,14-06-2025,App,Declined,Yes
RTC0005176,C0015291,Renewal Nudge,Free OTT 3 Months,29-11-2025,Call,Accepted,Yes
RTC0005177,C0015292,Value Retention,Extra Data 50GB,04-08-2025,Call,Declined,Yes
RTC0005178,C0015293,Loyalty Save,Bill Waiver,09-06-2025,SMS,Declined,Yes
RTC0005179,C0015295,Win-Back Drive,Free OTT 3 Months,13-06-2025,App,Declined,Yes
RTC0005180,C0015299,Value Retention,Cashback Voucher,11-10-2025,SMS,Declined,Yes
RTC0005181,C0015302,Loyalty Save,Free OTT 3 Months,10-05-2025,SMS,No Response,Yes
RTC0005182,C0015309,Value Retention,Extra Data 50GB,25-11-2025,Call,Accepted,Yes
RTC0005183,C0015314,Value Retention,Priority Support,06-07-2025,Email,Declined,Yes
RTC0005184,C0015315,Loyalty Save,Plan Upgrade Offer,13-01-2025,App,Declined,Yes
RTC0005185,C0015321,Value Retention,Loyalty Discount 10%,10-12-2025,Call,Declined,Yes
RTC0005186,C0015325,Win-Back Drive,Free OTT 3 Months,06-08-2025,App,Accepted,Yes
RTC0005187,C0015326,Renewal Nudge,Annual Plan Discount,05-10-2025,Call,No Response,Yes
RTC0005188,C0015327,Loyalty Save,Cashback Voucher,14-02-2025,App,Declined,No
RTC0005189,C0015330,Win-Back Drive,Free OTT 3 Months,17-01-2025,SMS,No Response,Yes
RTC0005190,C0015332,Win-Back Drive,Free OTT 3 Months,21-11-2025,Email,Accepted,No
RTC0005191,C0015334,At-Risk Outreach,Plan Upgrade Offer,08-09-2025,SMS,Declined,Yes
RTC0005192,C0015335,Win-Back Drive,Bill Waiver,17-10-2025,Call,No Response,Yes
RTC0005193,C0015339,At-Risk Outreach,Priority Support,26-11-2025,Call,Accepted,Yes
RTC0005194,C0015340,Renewal Nudge,Cashback Voucher,04-12-2025,Call,Accepted,Yes
RTC0005195,C0015342,Value Retention,Plan Upgrade Offer,27-04-2025,Email,No Response,Yes
RTC0005196,C0015344,Win-Back Drive,Free OTT 3 Months,29-10-2025,SMS,Declined,Yes
RTC0005197,C0015347,Value Retention,Loyalty Discount 10%,03-09-2025,Email,Declined,Yes
RTC0005198,C0015349,At-Risk Outreach,Cashback Voucher,12-07-2025,SMS,Declined,Yes
RTC0005199,C0015351,Value Retention,Bill Waiver,12-04-2025,WhatsApp,Accepted,Yes
RTC0005200,C0015352,Value Retention,Loyalty Discount 10%,27-07-2025,SMS,No Response,Yes
RTC0005201,C0015356,At-Risk Outreach,Extra Data 50GB,03-08-2025,SMS,Declined,Yes
RTC0005202,C0015358,Value Retention,Priority Support,15-06-2025,App,Declined,Yes
RTC0005203,C0015360,Win-Back Drive,Annual Plan Discount,01-01-2026,WhatsApp,Declined,Yes
RTC0005204,C0015365,Loyalty Save,Plan Upgrade Offer,18-02-2026,SMS,Accepted,No
RTC0005205,C0015367,Win-Back Drive,Loyalty Discount 10%,23-09-2025,WhatsApp,No Response,Yes
RTC0005206,C0015371,Win-Back Drive,Priority Support,26-02-2026,Call,Declined,No
RTC0005207,C0015379,Renewal Nudge,Annual Plan Discount,13-11-2025,Email,Declined,Yes
RTC0005208,C0015383,Renewal Nudge,Loyalty Discount 10%,26-12-2025,App,Accepted,Yes
RTC0005209,C0015385,Win-Back Drive,Bill Waiver,12-10-2025,Email,No Response,Yes
RTC0005210,C0015386,At-Risk Outreach,Free OTT 3 Months,08-12-2025,SMS,Accepted,Yes
RTC0005211,C0015387,Win-Back Drive,Bill Waiver,10-08-2025,Call,Accepted,Yes
RTC0005212,C0015388,Renewal Nudge,Cashback Voucher,09-01-2025,App,No Response,No
RTC0005213,C0015392,At-Risk Outreach,Bill Waiver,16-02-2025,Call,Declined,Yes
RTC0005214,C0015394,Value Retention,Priority Support,28-03-2026,WhatsApp,Accepted,Yes
RTC0005215,C0015398,Value Retention,Annual Plan Discount,03-02-2025,WhatsApp,No Response,Yes
RTC0005216,C0015399,Loyalty Save,Extra Data 50GB,18-11-2025,WhatsApp,No Response,No
RTC0005217,C0015400,Renewal Nudge,Priority Support,23-12-2025,WhatsApp,Accepted,Yes
RTC0005218,C0015401,At-Risk Outreach,Cashback Voucher,01-02-2025,Email,No Response,Yes
RTC0005219,C0015402,Win-Back Drive,Annual Plan Discount,17-03-2025,Call,Accepted,Yes
RTC0005220,C0015408,Value Retention,Priority Support,08-10-2025,WhatsApp,Declined,No
RTC0005221,C0015411,Loyalty Save,Priority Support,19-01-2026,SMS,No Response,Yes
RTC0005222,C0015414,Renewal Nudge,Loyalty Discount 10%,27-02-2026,Email,Declined,No
RTC0005223,C0015417,Value Retention,Priority Support,06-08-2025,WhatsApp,Accepted,Yes
RTC0005224,C0015421,Renewal Nudge,Cashback Voucher,02-03-2025,Call,Accepted,Yes
RTC0005225,C0015422,Win-Back Drive,Annual Plan Discount,29-01-2026,WhatsApp,Declined,Yes
RTC0005226,C0015424,Win-Back Drive,Free OTT 3 Months,30-08-2025,App,Accepted,Yes
RTC0005227,C0015427,Renewal Nudge,Priority Support,29-01-2025,SMS,No Response,Yes
RTC0005228,C0015429,At-Risk Outreach,Cashback Voucher,16-08-2025,Email,Declined,No
RTC0005229,C0015431,Win-Back Drive,Loyalty Discount 10%,26-03-2025,Call,No Response,Yes
RTC0005230,C0015433,Loyalty Save,Loyalty Discount 10%,20-02-2025,SMS,Accepted,Yes
RTC0005231,C0015434,Loyalty Save,Plan Upgrade Offer,15-08-2025,Call,Accepted,Yes
RTC0005232,C0015436,Renewal Nudge,Free OTT 3 Months,29-09-2025,Call,Accepted,Yes
RTC0005233,C0015440,At-Risk Outreach,Plan Upgrade Offer,18-03-2025,SMS,Accepted,No
RTC0005234,C0015444,Value Retention,Annual Plan Discount,25-07-2025,Call,No Response,Yes
RTC0005235,C0015451,Value Retention,Plan Upgrade Offer,24-03-2025,Email,Declined,Yes
RTC0005236,C0015452,Loyalty Save,Plan Upgrade Offer,27-01-2026,Call,No Response,No
RTC0005237,C0015453,Renewal Nudge,Plan Upgrade Offer,15-01-2025,WhatsApp,Accepted,No
RTC0005238,C0015454,Win-Back Drive,Cashback Voucher,12-12-2025,SMS,No Response,No
RTC0005239,C0015465,Renewal Nudge,Priority Support,26-03-2025,Call,Accepted,Yes
RTC0005240,C0015474,Renewal Nudge,Bill Waiver,29-07-2025,App,Accepted,No
RTC0005241,C0015479,Renewal Nudge,Bill Waiver,06-07-2025,App,No Response,Yes
RTC0005242,C0015480,Loyalty Save,Priority Support,14-02-2026,WhatsApp,No Response,No
RTC0005243,C0015481,Value Retention,Bill Waiver,28-10-2025,SMS,Accepted,Yes
RTC0005244,C0015483,Renewal Nudge,Bill Waiver,22-01-2026,SMS,Accepted,Yes
RTC0005245,C0015487,Value Retention,Free OTT 3 Months,20-06-2025,SMS,Declined,Yes
RTC0005246,C0015494,Win-Back Drive,Loyalty Discount 10%,08-11-2025,App,Accepted,Yes
RTC0005247,C0015497,Renewal Nudge,Free OTT 3 Months,17-08-2025,Call,Declined,Yes
RTC0005248,C0015499,Loyalty Save,Bill Waiver,10-03-2026,App,Accepted,Yes
RTC0005249,C0015500,Loyalty Save,Free OTT 3 Months,30-03-2025,WhatsApp,Accepted,Yes
RTC0005250,C0015501,Renewal Nudge,Extra Data 50GB,23-08-2025,Call,Declined,Yes
RTC0005251,C0015502,Win-Back Drive,Bill Waiver,10-02-2026,SMS,Accepted,Yes
RTC0005252,C0015506,Loyalty Save,Free OTT 3 Months,28-08-2025,Email,No Response,No
RTC0005253,C0015507,At-Risk Outreach,Priority Support,10-07-2025,Call,Declined,No
RTC0005254,C0015510,Value Retention,Bill Waiver,21-05-2025,Email,Accepted,Yes
RTC0005255,C0015515,Win-Back Drive,Annual Plan Discount,21-09-2025,App,No Response,No
RTC0005256,C0015516,Renewal Nudge,Priority Support,04-06-2025,SMS,Declined,Yes
RTC0005257,C0015522,Win-Back Drive,Annual Plan Discount,23-01-2026,SMS,Accepted,No
RTC0005258,C0015523,Loyalty Save,Free OTT 3 Months,28-09-2025,Email,No Response,Yes
RTC0005259,C0015525,Renewal Nudge,Annual Plan Discount,02-06-2025,SMS,Declined,Yes
RTC0005260,C0015526,Win-Back Drive,Plan Upgrade Offer,04-09-2025,Call,Accepted,Yes
RTC0005261,C0015532,Loyalty Save,Annual Plan Discount,27-06-2025,WhatsApp,No Response,Yes
RTC0005262,C0015535,Renewal Nudge,Priority Support,24-02-2025,Email,No Response,Yes
RTC0005263,C0015537,Value Retention,Priority Support,07-10-2025,Call,Declined,No
RTC0005264,C0015538,Loyalty Save,Loyalty Discount 10%,14-12-2025,App,Accepted,Yes
RTC0005265,C0015540,At-Risk Outreach,Priority Support,14-11-2025,Call,Accepted,Yes
RTC0005266,C0015541,Renewal Nudge,Cashback Voucher,29-04-2025,WhatsApp,No Response,No
RTC0005267,C0015547,Win-Back Drive,Cashback Voucher,09-01-2026,Call,Accepted,Yes
RTC0005268,C0015548,Renewal Nudge,Bill Waiver,10-11-2025,Email,No Response,Yes
RTC0005269,C0015549,Renewal Nudge,Priority Support,21-08-2025,Email,No Response,Yes
RTC0005270,C0015550,Loyalty Save,Free OTT 3 Months,26-07-2025,SMS,Accepted,Yes
RTC0005271,C0015551,Loyalty Save,Bill Waiver,18-09-2025,WhatsApp,Declined,Yes
RTC0005272,C0015554,Win-Back Drive,Extra Data 50GB,25-12-2025,SMS,Accepted,Yes
RTC0005273,C0015555,Renewal Nudge,Free OTT 3 Months,22-06-2025,Call,Accepted,Yes
RTC0005274,C0015556,Loyalty Save,Bill Waiver,26-01-2026,App,Accepted,Yes
RTC0005275,C0015558,Value Retention,Free OTT 3 Months,23-04-2025,Call,Accepted,Yes
RTC0005276,C0015561,Value Retention,Cashback Voucher,21-04-2025,Email,Accepted,Yes
RTC0005277,C0015564,Renewal Nudge,Cashback Voucher,23-07-2025,App,Declined,No
RTC0005278,C0015570,Win-Back Drive,Free OTT 3 Months,10-09-2025,Call,Accepted,No
RTC0005279,C0015573,Loyalty Save,Loyalty Discount 10%,18-01-2025,WhatsApp,Accepted,Yes
RTC0005280,C0015575,Loyalty Save,Annual Plan Discount,09-01-2026,App,Declined,No
RTC0005281,C0015579,Win-Back Drive,Priority Support,05-11-2025,Email,Declined,Yes
RTC0005282,C0015584,Win-Back Drive,Cashback Voucher,17-04-2025,Call,No Response,Yes
RTC0005283,C0015591,Renewal Nudge,Plan Upgrade Offer,12-06-2025,Email,Accepted,Yes
RTC0005284,C0015597,At-Risk Outreach,Bill Waiver,10-09-2025,SMS,No Response,Yes
RTC0005285,C0015599,At-Risk Outreach,Loyalty Discount 10%,17-10-2025,App,No Response,Yes
RTC0005286,C0015602,Win-Back Drive,Priority Support,05-05-2025,WhatsApp,Accepted,Yes
RTC0005287,C0015608,Win-Back Drive,Priority Support,22-03-2025,Call,Accepted,Yes
RTC0005288,C0015612,At-Risk Outreach,Annual Plan Discount,23-11-2025,Email,No Response,Yes
RTC0005289,C0015615,At-Risk Outreach,Cashback Voucher,07-07-2025,Email,No Response,Yes
RTC0005290,C0015622,Win-Back Drive,Bill Waiver,22-10-2025,Call,No Response,Yes
RTC0005291,C0015623,Loyalty Save,Free OTT 3 Months,08-05-2025,WhatsApp,Accepted,Yes
RTC0005292,C0015629,Loyalty Save,Extra Data 50GB,29-04-2025,Email,Accepted,Yes
RTC0005293,C0015634,Loyalty Save,Extra Data 50GB,12-01-2025,Email,Accepted,No
RTC0005294,C0015635,Value Retention,Annual Plan Discount,26-01-2026,Email,No Response,Yes
RTC0005295,C0015640,At-Risk Outreach,Priority Support,13-03-2026,SMS,Accepted,Yes
RTC0005296,C0015641,Loyalty Save,Plan Upgrade Offer,01-11-2025,SMS,Accepted,Yes
RTC0005297,C0015642,Win-Back Drive,Cashback Voucher,17-03-2026,WhatsApp,Accepted,Yes
RTC0005298,C0015643,Loyalty Save,Extra Data 50GB,01-01-2026,Email,Declined,Yes
RTC0005299,C0015648,At-Risk Outreach,Cashback Voucher,21-06-2025,App,Accepted,Yes
RTC0005300,C0015649,Loyalty Save,Bill Waiver,20-06-2025,Email,Declined,Yes
RTC0005301,C0015651,Win-Back Drive,Free OTT 3 Months,31-12-2025,WhatsApp,No Response,Yes
RTC0005302,C0015653,Loyalty Save,Extra Data 50GB,24-10-2025,WhatsApp,Accepted,No
RTC0005303,C0015654,At-Risk Outreach,Bill Waiver,13-12-2025,SMS,Declined,Yes
RTC0005304,C0015658,Renewal Nudge,Extra Data 50GB,02-06-2025,SMS,Declined,Yes
RTC0005305,C0015667,Value Retention,Plan Upgrade Offer,26-06-2025,SMS,Declined,Yes
RTC0005306,C0015677,Loyalty Save,Priority Support,18-01-2025,App,Accepted,Yes
RTC0005307,C0015681,Renewal Nudge,Plan Upgrade Offer,15-03-2025,Email,No Response,Yes
RTC0005308,C0015682,At-Risk Outreach,Annual Plan Discount,20-08-2025,Email,Accepted,Yes
RTC0005309,C0015683,Value Retention,Free OTT 3 Months,24-05-2025,WhatsApp,Accepted,Yes
RTC0005310,C0015684,Win-Back Drive,Bill Waiver,08-10-2025,App,Declined,No
RTC0005311,C0015691,Win-Back Drive,Loyalty Discount 10%,15-12-2025,App,Declined,Yes
RTC0005312,C0015697,Win-Back Drive,Free OTT 3 Months,24-04-2025,Email,Accepted,Yes
RTC0005313,C0015698,Value Retention,Extra Data 50GB,21-12-2025,SMS,Accepted,Yes
RTC0005314,C0015700,Value Retention,Priority Support,22-02-2025,Email,Declined,Yes
RTC0005315,C0015701,Value Retention,Plan Upgrade Offer,17-01-2026,Call,Accepted,No
RTC0005316,C0015702,At-Risk Outreach,Loyalty Discount 10%,28-04-2025,Call,Declined,Yes
RTC0005317,C0015703,At-Risk Outreach,Plan Upgrade Offer,02-01-2026,Call,Declined,Yes
RTC0005318,C0015704,Win-Back Drive,Cashback Voucher,21-01-2026,WhatsApp,Declined,Yes
RTC0005319,C0015712,Value Retention,Free OTT 3 Months,07-02-2025,App,No Response,Yes
RTC0005320,C0015716,Renewal Nudge,Cashback Voucher,25-01-2026,WhatsApp,Accepted,Yes
RTC0005321,C0015717,Loyalty Save,Extra Data 50GB,01-08-2025,WhatsApp,No Response,Yes
RTC0005322,C0015719,Value Retention,Annual Plan Discount,09-04-2025,SMS,Declined,Yes
RTC0005323,C0015720,Win-Back Drive,Bill Waiver,30-10-2025,App,No Response,Yes
RTC0005324,C0015724,Renewal Nudge,Annual Plan Discount,25-03-2026,WhatsApp,Declined,Yes
RTC0005325,C0015732,Loyalty Save,Annual Plan Discount,07-02-2026,App,Accepted,No
RTC0005326,C0015737,Renewal Nudge,Plan Upgrade Offer,23-10-2025,Email,No Response,Yes
RTC0005327,C0015739,Win-Back Drive,Cashback Voucher,19-09-2025,WhatsApp,No Response,Yes
RTC0005328,C0015740,Win-Back Drive,Free OTT 3 Months,17-11-2025,App,No Response,Yes
RTC0005329,C0015745,Renewal Nudge,Annual Plan Discount,09-02-2026,Email,Accepted,Yes
RTC0005330,C0015749,Renewal Nudge,Cashback Voucher,23-12-2025,WhatsApp,Declined,Yes
RTC0005331,C0015753,At-Risk Outreach,Bill Waiver,17-03-2026,Call,Accepted,Yes
RTC0005332,C0015755,Renewal Nudge,Plan Upgrade Offer,18-01-2025,Email,Accepted,Yes
RTC0005333,C0015756,Loyalty Save,Bill Waiver,29-08-2025,App,Accepted,Yes
RTC0005334,C0015758,Loyalty Save,Extra Data 50GB,29-03-2026,SMS,Accepted,Yes
RTC0005335,C0015760,Win-Back Drive,Annual Plan Discount,01-02-2025,Call,Declined,Yes
RTC0005336,C0015761,At-Risk Outreach,Cashback Voucher,01-10-2025,App,Accepted,Yes
RTC0005337,C0015765,Renewal Nudge,Extra Data 50GB,19-06-2025,Email,No Response,Yes
RTC0005338,C0015767,Loyalty Save,Priority Support,09-03-2025,App,Declined,Yes
RTC0005339,C0015770,Loyalty Save,Free OTT 3 Months,02-12-2025,Call,Declined,Yes
RTC0005340,C0015775,Value Retention,Annual Plan Discount,04-01-2025,Call,Declined,No
RTC0005341,C0015777,Value Retention,Plan Upgrade Offer,02-01-2026,App,Declined,Yes
RTC0005342,C0015780,At-Risk Outreach,Loyalty Discount 10%,09-09-2025,Call,Accepted,Yes
RTC0005343,C0015781,Value Retention,Cashback Voucher,20-03-2026,SMS,Declined,Yes
RTC0005344,C0015782,At-Risk Outreach,Cashback Voucher,03-07-2025,Email,No Response,Yes
RTC0005345,C0015783,Renewal Nudge,Annual Plan Discount,06-02-2025,SMS,No Response,Yes
RTC0005346,C0015784,At-Risk Outreach,Bill Waiver,23-03-2026,Call,Declined,Yes
RTC0005347,C0015787,At-Risk Outreach,Annual Plan Discount,19-11-2025,Email,No Response,No
RTC0005348,C0015791,Win-Back Drive,Free OTT 3 Months,07-07-2025,Call,Accepted,Yes
RTC0005349,C0015792,Renewal Nudge,Free OTT 3 Months,07-07-2025,App,Declined,Yes
RTC0005350,C0015798,Value Retention,Loyalty Discount 10%,13-07-2025,App,Accepted,Yes
RTC0005351,C0015801,Loyalty Save,Annual Plan Discount,28-04-2025,SMS,No Response,Yes
RTC0005352,C0015802,Value Retention,Priority Support,14-02-2025,WhatsApp,No Response,Yes
RTC0005353,C0015805,Value Retention,Free OTT 3 Months,13-09-2025,WhatsApp,Accepted,Yes
RTC0005354,C0015806,Win-Back Drive,Extra Data 50GB,30-12-2025,SMS,Accepted,Yes
RTC0005355,C0015813,Win-Back Drive,Loyalty Discount 10%,15-08-2025,WhatsApp,Accepted,Yes
RTC0005356,C0015820,Value Retention,Plan Upgrade Offer,25-11-2025,Email,Accepted,Yes
RTC0005357,C0015823,At-Risk Outreach,Free OTT 3 Months,17-03-2026,Email,Accepted,Yes
RTC0005358,C0015824,At-Risk Outreach,Free OTT 3 Months,12-08-2025,Call,Accepted,Yes
RTC0005359,C0015826,Loyalty Save,Free OTT 3 Months,05-09-2025,Call,Declined,Yes
RTC0005360,C0015832,At-Risk Outreach,Plan Upgrade Offer,25-06-2025,App,Declined,No
RTC0005361,C0015834,Renewal Nudge,Bill Waiver,14-11-2025,Call,No Response,Yes
RTC0005362,C0015836,Loyalty Save,Loyalty Discount 10%,10-02-2026,App,Accepted,Yes
RTC0005363,C0015840,Win-Back Drive,Annual Plan Discount,24-02-2026,App,No Response,Yes
RTC0005364,C0015842,Renewal Nudge,Loyalty Discount 10%,07-01-2026,Call,Declined,Yes
RTC0005365,C0015845,Win-Back Drive,Plan Upgrade Offer,05-08-2025,WhatsApp,No Response,Yes
RTC0005366,C0015849,Loyalty Save,Loyalty Discount 10%,29-09-2025,App,Declined,No
RTC0005367,C0015853,Loyalty Save,Free OTT 3 Months,04-07-2025,App,Declined,Yes
RTC0005368,C0015854,Value Retention,Priority Support,15-10-2025,SMS,No Response,Yes
RTC0005369,C0015857,Renewal Nudge,Loyalty Discount 10%,22-12-2025,SMS,Accepted,Yes
RTC0005370,C0015859,At-Risk Outreach,Extra Data 50GB,07-07-2025,WhatsApp,Declined,Yes
RTC0005371,C0015860,Win-Back Drive,Cashback Voucher,13-08-2025,SMS,Accepted,No
RTC0005372,C0015861,At-Risk Outreach,Plan Upgrade Offer,24-04-2025,App,Accepted,Yes
RTC0005373,C0015863,Win-Back Drive,Plan Upgrade Offer,31-08-2025,App,Declined,No
RTC0005374,C0015865,Value Retention,Extra Data 50GB,29-01-2025,Email,Accepted,Yes
RTC0005375,C0015866,Value Retention,Bill Waiver,24-01-2026,SMS,Accepted,Yes
RTC0005376,C0015869,Value Retention,Plan Upgrade Offer,07-06-2025,SMS,Accepted,Yes
RTC0005377,C0015871,Renewal Nudge,Priority Support,29-10-2025,WhatsApp,Accepted,No
RTC0005378,C0015873,Loyalty Save,Bill Waiver,30-07-2025,Call,No Response,Yes
RTC0005379,C0015874,At-Risk Outreach,Bill Waiver,20-04-2025,Email,Declined,Yes
RTC0005380,C0015875,Win-Back Drive,Plan Upgrade Offer,08-04-2025,SMS,Accepted,Yes
RTC0005381,C0015882,Loyalty Save,Extra Data 50GB,18-04-2025,Email,Declined,Yes
RTC0005382,C0015886,At-Risk Outreach,Annual Plan Discount,28-03-2026,Email,No Response,Yes
RTC0005383,C0015890,Value Retention,Annual Plan Discount,19-05-2025,Call,Accepted,Yes
RTC0005384,C0015893,At-Risk Outreach,Loyalty Discount 10%,08-02-2026,Call,Accepted,Yes
RTC0005385,C0015896,Win-Back Drive,Priority Support,28-01-2026,SMS,No Response,Yes
RTC0005386,C0015903,At-Risk Outreach,Annual Plan Discount,29-04-2025,SMS,Accepted,Yes
RTC0005387,C0015905,Win-Back Drive,Free OTT 3 Months,30-07-2025,Email,Accepted,Yes
RTC0005388,C0015906,Win-Back Drive,Cashback Voucher,17-02-2026,WhatsApp,Declined,Yes
RTC0005389,C0015907,At-Risk Outreach,Extra Data 50GB,02-12-2025,SMS,No Response,Yes
RTC0005390,C0015908,Loyalty Save,Cashback Voucher,28-03-2025,App,Accepted,Yes
RTC0005391,C0015910,Value Retention,Plan Upgrade Offer,05-12-2025,SMS,Declined,Yes
RTC0005392,C0015911,Value Retention,Cashback Voucher,04-10-2025,WhatsApp,No Response,Yes
RTC0005393,C0015914,Renewal Nudge,Extra Data 50GB,25-04-2025,Call,Accepted,Yes
RTC0005394,C0015915,At-Risk Outreach,Annual Plan Discount,20-02-2026,WhatsApp,Accepted,Yes
RTC0005395,C0015919,At-Risk Outreach,Free OTT 3 Months,16-06-2025,App,Declined,No
RTC0005396,C0015923,At-Risk Outreach,Annual Plan Discount,11-09-2025,Call,No Response,Yes
RTC0005397,C0015925,Renewal Nudge,Free OTT 3 Months,16-01-2025,SMS,Accepted,Yes
RTC0005398,C0015928,Renewal Nudge,Loyalty Discount 10%,22-03-2025,SMS,Accepted,Yes
RTC0005399,C0015929,Value Retention,Loyalty Discount 10%,16-01-2025,WhatsApp,Accepted,Yes
RTC0005400,C0015932,Renewal Nudge,Priority Support,16-05-2025,SMS,Accepted,Yes
RTC0005401,C0015937,Renewal Nudge,Priority Support,03-09-2025,SMS,Accepted,Yes
RTC0005402,C0015938,Value Retention,Plan Upgrade Offer,30-03-2025,App,Declined,Yes
RTC0005403,C0015946,Renewal Nudge,Loyalty Discount 10%,22-11-2025,SMS,Accepted,Yes
RTC0005404,C0015952,Value Retention,Priority Support,28-03-2025,Email,No Response,No
RTC0005405,C0015956,Win-Back Drive,Plan Upgrade Offer,02-08-2025,WhatsApp,No Response,Yes
RTC0005406,C0015957,Renewal Nudge,Extra Data 50GB,01-12-2025,App,Accepted,Yes
RTC0005407,C0015958,Value Retention,Extra Data 50GB,08-09-2025,SMS,No Response,Yes
RTC0005408,C0015960,Renewal Nudge,Priority Support,19-02-2025,WhatsApp,No Response,No
RTC0005409,C0015963,Loyalty Save,Bill Waiver,02-06-2025,Email,Accepted,Yes
RTC0005410,C0015964,At-Risk Outreach,Bill Waiver,28-02-2025,Call,Accepted,Yes
RTC0005411,C0015972,At-Risk Outreach,Plan Upgrade Offer,09-05-2025,WhatsApp,No Response,Yes
RTC0005412,C0015975,Value Retention,Loyalty Discount 10%,02-02-2026,SMS,Accepted,Yes
RTC0005413,C0015976,Loyalty Save,Priority Support,29-01-2025,App,Accepted,Yes
RTC0005414,C0015977,Loyalty Save,Priority Support,05-09-2025,WhatsApp,Accepted,No
RTC0005415,C0015978,At-Risk Outreach,Priority Support,25-06-2025,Email,No Response,Yes
RTC0005416,C0015979,At-Risk Outreach,Annual Plan Discount,24-07-2025,WhatsApp,No Response,No
RTC0005417,C0015988,Renewal Nudge,Loyalty Discount 10%,25-11-2025,Email,Declined,Yes
RTC0005418,C0015991,Win-Back Drive,Cashback Voucher,15-05-2025,WhatsApp,Declined,Yes
RTC0005419,C0015998,Renewal Nudge,Loyalty Discount 10%,05-09-2025,App,Accepted,Yes
RTC0005420,C0015999,Value Retention,Priority Support,12-05-2025,WhatsApp,Accepted,Yes
RTC0005421,C0016004,Value Retention,Priority Support,22-06-2025,SMS,No Response,Yes
RTC0005422,C0016006,Renewal Nudge,Extra Data 50GB,19-08-2025,Email,No Response,No
RTC0005423,C0016008,Value Retention,Bill Waiver,04-01-2025,SMS,Accepted,Yes
RTC0005424,C0016014,Value Retention,Plan Upgrade Offer,12-01-2026,Call,No Response,Yes
RTC0005425,C0016016,Renewal Nudge,Plan Upgrade Offer,02-08-2025,Call,Accepted,Yes
RTC0005426,C0016022,Loyalty Save,Priority Support,07-03-2025,Call,Accepted,Yes
RTC0005427,C0016025,Loyalty Save,Free OTT 3 Months,10-10-2025,Email,Accepted,Yes
RTC0005428,C0016026,Win-Back Drive,Free OTT 3 Months,19-01-2026,Call,Accepted,Yes
RTC0005429,C0016027,Loyalty Save,Bill Waiver,04-01-2025,Call,No Response,Yes
RTC0005430,C0016030,Win-Back Drive,Cashback Voucher,22-02-2025,Call,No Response,Yes
RTC0005431,C0016031,Value Retention,Annual Plan Discount,08-12-2025,WhatsApp,Accepted,Yes
RTC0005432,C0016037,At-Risk Outreach,Free OTT 3 Months,13-06-2025,Call,Accepted,Yes
RTC0005433,C0016043,Renewal Nudge,Priority Support,11-12-2025,App,Declined,Yes
RTC0005434,C0016045,Renewal Nudge,Loyalty Discount 10%,24-03-2025,App,No Response,Yes
RTC0005435,C0016048,Win-Back Drive,Bill Waiver,13-10-2025,App,No Response,Yes
RTC0005436,C0016055,Value Retention,Free OTT 3 Months,20-10-2025,App,No Response,Yes
RTC0005437,C0016059,Renewal Nudge,Annual Plan Discount,13-09-2025,App,Accepted,Yes
RTC0005438,C0016061,Renewal Nudge,Free OTT 3 Months,04-04-2025,Email,Accepted,Yes
RTC0005439,C0016062,At-Risk Outreach,Annual Plan Discount,12-09-2025,Call,Declined,No
RTC0005440,C0016064,Renewal Nudge,Annual Plan Discount,11-05-2025,App,Accepted,Yes
RTC0005441,C0016067,Loyalty Save,Loyalty Discount 10%,30-09-2025,SMS,No Response,No
RTC0005442,C0016070,Renewal Nudge,Annual Plan Discount,14-01-2025,SMS,Declined,Yes
RTC0005443,C0016073,Win-Back Drive,Cashback Voucher,21-05-2025,Call,Accepted,Yes
RTC0005444,C0016076,At-Risk Outreach,Annual Plan Discount,08-04-2025,WhatsApp,Accepted,Yes
RTC0005445,C0016079,Renewal Nudge,Cashback Voucher,20-09-2025,Call,Accepted,Yes
RTC0005446,C0016082,Renewal Nudge,Plan Upgrade Offer,07-01-2026,App,Accepted,Yes
RTC0005447,C0016084,Renewal Nudge,Plan Upgrade Offer,15-02-2025,Call,No Response,Yes
RTC0005448,C0016086,Renewal Nudge,Annual Plan Discount,20-03-2026,Email,No Response,No
RTC0005449,C0016088,Renewal Nudge,Priority Support,17-12-2025,App,Declined,Yes
RTC0005450,C0016095,Renewal Nudge,Plan Upgrade Offer,29-05-2025,App,Accepted,Yes
RTC0005451,C0016097,Renewal Nudge,Plan Upgrade Offer,05-04-2025,WhatsApp,No Response,Yes
RTC0005452,C0016101,Loyalty Save,Cashback Voucher,05-03-2025,App,No Response,No
RTC0005453,C0016104,At-Risk Outreach,Annual Plan Discount,30-05-2025,App,Accepted,Yes
RTC0005454,C0016105,Loyalty Save,Plan Upgrade Offer,21-02-2025,Email,Accepted,Yes
RTC0005455,C0016107,Win-Back Drive,Extra Data 50GB,30-05-2025,SMS,Accepted,No
RTC0005456,C0016112,At-Risk Outreach,Free OTT 3 Months,09-11-2025,Email,Accepted,Yes
RTC0005457,C0016122,At-Risk Outreach,Bill Waiver,11-09-2025,Call,Accepted,Yes
RTC0005458,C0016124,Win-Back Drive,Cashback Voucher,14-01-2026,Email,Accepted,Yes
RTC0005459,C0016127,Value Retention,Loyalty Discount 10%,01-02-2026,Email,Accepted,Yes
RTC0005460,C0016132,Win-Back Drive,Bill Waiver,20-11-2025,App,No Response,Yes
RTC0005461,C0016138,At-Risk Outreach,Annual Plan Discount,05-08-2025,Call,Accepted,Yes
RTC0005462,C0016140,Renewal Nudge,Annual Plan Discount,04-01-2026,Email,No Response,No
RTC0005463,C0016143,Win-Back Drive,Cashback Voucher,16-09-2025,Call,Declined,Yes
RTC0005464,C0016144,Renewal Nudge,Bill Waiver,09-01-2026,SMS,Declined,Yes
RTC0005465,C0016147,Renewal Nudge,Priority Support,22-01-2026,Call,Accepted,Yes
RTC0005466,C0016148,Value Retention,Free OTT 3 Months,30-08-2025,App,Accepted,Yes
RTC0005467,C0016150,Win-Back Drive,Extra Data 50GB,18-01-2025,Call,No Response,Yes
RTC0005468,C0016154,Win-Back Drive,Priority Support,01-02-2025,App,Declined,No
RTC0005469,C0016156,Value Retention,Cashback Voucher,04-02-2025,Call,No Response,No
RTC0005470,C0016158,Value Retention,Cashback Voucher,16-08-2025,Call,Accepted,No
RTC0005471,C0016159,Loyalty Save,Free OTT 3 Months,17-06-2025,Call,Accepted,Yes
RTC0005472,C0016160,Value Retention,Free OTT 3 Months,20-04-2025,Email,Accepted,Yes
RTC0005473,C0016163,At-Risk Outreach,Annual Plan Discount,28-03-2026,Email,Declined,No
RTC0005474,C0016164,Value Retention,Extra Data 50GB,07-01-2025,WhatsApp,Declined,No
RTC0005475,C0016177,Renewal Nudge,Bill Waiver,02-05-2025,App,Declined,Yes
RTC0005476,C0016178,Renewal Nudge,Bill Waiver,20-03-2026,App,Accepted,Yes
RTC0005477,C0016179,Win-Back Drive,Free OTT 3 Months,20-10-2025,SMS,Declined,Yes
RTC0005478,C0016181,Loyalty Save,Free OTT 3 Months,12-02-2026,SMS,Accepted,No
RTC0005479,C0016183,At-Risk Outreach,Extra Data 50GB,11-04-2025,WhatsApp,No Response,Yes
RTC0005480,C0016185,Value Retention,Plan Upgrade Offer,14-09-2025,SMS,Declined,Yes
RTC0005481,C0016189,Renewal Nudge,Loyalty Discount 10%,08-02-2025,Email,No Response,Yes
RTC0005482,C0016192,At-Risk Outreach,Cashback Voucher,20-05-2025,WhatsApp,No Response,Yes
RTC0005483,C0016196,At-Risk Outreach,Plan Upgrade Offer,23-12-2025,Call,Declined,Yes
RTC0005484,C0016197,Win-Back Drive,Priority Support,12-01-2025,WhatsApp,No Response,No
RTC0005485,C0016199,Loyalty Save,Priority Support,20-05-2025,WhatsApp,Declined,No
RTC0005486,C0016204,At-Risk Outreach,Loyalty Discount 10%,19-04-2025,Call,Declined,Yes
RTC0005487,C0016207,At-Risk Outreach,Cashback Voucher,02-02-2026,WhatsApp,Declined,Yes
RTC0005488,C0016208,Loyalty Save,Annual Plan Discount,27-10-2025,Email,Accepted,Yes
RTC0005489,C0016212,Win-Back Drive,Free OTT 3 Months,26-06-2025,Call,No Response,Yes
RTC0005490,C0016215,At-Risk Outreach,Bill Waiver,23-11-2025,App,Declined,Yes
RTC0005491,C0016216,Value Retention,Plan Upgrade Offer,14-02-2025,Call,Accepted,Yes
RTC0005492,C0016219,Loyalty Save,Loyalty Discount 10%,02-04-2025,App,No Response,Yes
RTC0005493,C0016220,At-Risk Outreach,Bill Waiver,27-02-2025,WhatsApp,Declined,No
RTC0005494,C0016222,At-Risk Outreach,Extra Data 50GB,21-11-2025,Email,Declined,Yes
RTC0005495,C0016223,At-Risk Outreach,Extra Data 50GB,15-01-2026,Email,Accepted,Yes
RTC0005496,C0016224,Renewal Nudge,Free OTT 3 Months,30-11-2025,Call,Declined,Yes
RTC0005497,C0016228,Renewal Nudge,Bill Waiver,01-02-2026,Email,Declined,Yes
RTC0005498,C0016230,Loyalty Save,Plan Upgrade Offer,24-03-2025,SMS,Declined,Yes
RTC0005499,C0016231,At-Risk Outreach,Extra Data 50GB,30-01-2026,SMS,Accepted,Yes
RTC0005500,C0016240,Value Retention,Plan Upgrade Offer,13-12-2025,Call,No Response,Yes
RTC0005501,C0016242,Value Retention,Extra Data 50GB,02-04-2025,Call,Declined,Yes
RTC0005502,C0016245,Value Retention,Loyalty Discount 10%,06-08-2025,Email,Accepted,Yes
RTC0005503,C0016247,Loyalty Save,Free OTT 3 Months,03-01-2026,WhatsApp,Accepted,Yes
RTC0005504,C0016249,Loyalty Save,Free OTT 3 Months,11-11-2025,Call,Declined,No
RTC0005505,C0016257,Value Retention,Loyalty Discount 10%,19-10-2025,App,Declined,Yes
RTC0005506,C0016259,Renewal Nudge,Extra Data 50GB,03-01-2026,SMS,Accepted,No
RTC0005507,C0016262,Renewal Nudge,Loyalty Discount 10%,16-08-2025,Call,Declined,Yes
RTC0005508,C0016266,At-Risk Outreach,Priority Support,15-05-2025,SMS,Declined,No
RTC0005509,C0016268,At-Risk Outreach,Free OTT 3 Months,10-01-2025,Email,Declined,Yes
RTC0005510,C0016272,Renewal Nudge,Plan Upgrade Offer,05-09-2025,Call,No Response,Yes
RTC0005511,C0016273,Value Retention,Free OTT 3 Months,13-04-2025,Email,Declined,Yes
RTC0005512,C0016274,Value Retention,Loyalty Discount 10%,21-06-2025,WhatsApp,Declined,Yes
RTC0005513,C0016275,Loyalty Save,Cashback Voucher,11-12-2025,Call,Accepted,Yes
RTC0005514,C0016276,Renewal Nudge,Bill Waiver,21-09-2025,Call,Declined,Yes
RTC0005515,C0016278,Value Retention,Cashback Voucher,17-08-2025,App,Declined,Yes
RTC0005516,C0016281,Win-Back Drive,Priority Support,22-06-2025,Email,Declined,Yes
RTC0005517,C0016283,Win-Back Drive,Extra Data 50GB,25-11-2025,WhatsApp,Declined,Yes
RTC0005518,C0016285,Win-Back Drive,Extra Data 50GB,17-12-2025,Email,Declined,Yes
RTC0005519,C0016289,Value Retention,Plan Upgrade Offer,25-07-2025,SMS,No Response,Yes
RTC0005520,C0016292,At-Risk Outreach,Cashback Voucher,05-09-2025,Email,No Response,Yes
RTC0005521,C0016298,Renewal Nudge,Annual Plan Discount,12-04-2025,Call,No Response,No
RTC0005522,C0016302,Value Retention,Priority Support,06-03-2025,Email,Accepted,Yes
RTC0005523,C0016306,Loyalty Save,Free OTT 3 Months,15-08-2025,Email,Accepted,Yes
RTC0005524,C0016309,Win-Back Drive,Priority Support,24-03-2025,Call,No Response,Yes
RTC0005525,C0016311,Loyalty Save,Free OTT 3 Months,06-12-2025,SMS,Declined,No
RTC0005526,C0016314,Win-Back Drive,Free OTT 3 Months,09-03-2026,Call,Accepted,Yes
RTC0005527,C0016321,Renewal Nudge,Free OTT 3 Months,06-05-2025,Call,Declined,No
RTC0005528,C0016323,Value Retention,Priority Support,18-03-2025,Call,Accepted,Yes
RTC0005529,C0016329,Value Retention,Free OTT 3 Months,06-09-2025,Call,No Response,Yes
RTC0005530,C0016332,Win-Back Drive,Free OTT 3 Months,08-08-2025,SMS,Declined,Yes
RTC0005531,C0016334,Loyalty Save,Annual Plan Discount,17-03-2026,Email,No Response,Yes
RTC0005532,C0016336,Value Retention,Cashback Voucher,23-02-2025,SMS,Accepted,Yes
RTC0005533,C0016339,Loyalty Save,Bill Waiver,04-08-2025,SMS,Declined,Yes
RTC0005534,C0016340,At-Risk Outreach,Bill Waiver,08-11-2025,WhatsApp,Accepted,Yes
RTC0005535,C0016341,Renewal Nudge,Cashback Voucher,06-04-2025,App,Declined,Yes
RTC0005536,C0016343,Win-Back Drive,Plan Upgrade Offer,01-06-2025,Email,Accepted,No
RTC0005537,C0016344,Loyalty Save,Extra Data 50GB,31-01-2025,SMS,Accepted,Yes
RTC0005538,C0016345,Win-Back Drive,Plan Upgrade Offer,07-07-2025,WhatsApp,Declined,Yes
RTC0005539,C0016346,Value Retention,Loyalty Discount 10%,15-01-2026,Email,No Response,Yes
RTC0005540,C0016347,Win-Back Drive,Annual Plan Discount,14-12-2025,Email,Accepted,Yes
RTC0005541,C0016349,Value Retention,Bill Waiver,05-01-2025,Email,Accepted,Yes
RTC0005542,C0016352,Value Retention,Bill Waiver,22-04-2025,WhatsApp,Accepted,Yes
RTC0005543,C0016353,Renewal Nudge,Annual Plan Discount,10-11-2025,Call,Accepted,Yes
RTC0005544,C0016358,Renewal Nudge,Plan Upgrade Offer,12-06-2025,App,Accepted,Yes
RTC0005545,C0016364,Value Retention,Extra Data 50GB,10-09-2025,WhatsApp,Accepted,Yes
RTC0005546,C0016369,Win-Back Drive,Bill Waiver,12-01-2026,Call,Accepted,Yes
RTC0005547,C0016371,Loyalty Save,Priority Support,09-05-2025,Call,Accepted,Yes
RTC0005548,C0016373,At-Risk Outreach,Free OTT 3 Months,12-02-2025,Email,Accepted,Yes
RTC0005549,C0016374,Value Retention,Extra Data 50GB,03-02-2026,WhatsApp,Accepted,Yes
RTC0005550,C0016376,Win-Back Drive,Loyalty Discount 10%,14-02-2025,App,No Response,Yes
RTC0005551,C0016377,At-Risk Outreach,Annual Plan Discount,22-11-2025,App,No Response,No
RTC0005552,C0016380,At-Risk Outreach,Bill Waiver,25-05-2025,Email,No Response,Yes
RTC0005553,C0016385,Value Retention,Free OTT 3 Months,13-12-2025,Email,No Response,Yes
RTC0005554,C0016389,Loyalty Save,Free OTT 3 Months,22-07-2025,Email,Accepted,Yes
RTC0005555,C0016390,Win-Back Drive,Bill Waiver,06-01-2025,Email,Declined,Yes
RTC0005556,C0016391,Win-Back Drive,Free OTT 3 Months,02-01-2025,WhatsApp,Declined,Yes
RTC0005557,C0016395,Value Retention,Loyalty Discount 10%,25-05-2025,App,Accepted,No
RTC0005558,C0016396,At-Risk Outreach,Cashback Voucher,08-01-2026,WhatsApp,Declined,Yes
RTC0005559,C0016400,Renewal Nudge,Priority Support,12-02-2025,SMS,Declined,Yes
RTC0005560,C0016401,Renewal Nudge,Annual Plan Discount,03-10-2025,App,Declined,No
RTC0005561,C0016409,Win-Back Drive,Free OTT 3 Months,04-12-2025,Call,No Response,Yes
RTC0005562,C0016411,Loyalty Save,Priority Support,30-01-2025,WhatsApp,Declined,No
RTC0005563,C0016412,Value Retention,Plan Upgrade Offer,10-02-2026,App,Declined,Yes
RTC0005564,C0016413,At-Risk Outreach,Annual Plan Discount,29-08-2025,SMS,No Response,Yes
RTC0005565,C0016414,Loyalty Save,Cashback Voucher,24-11-2025,Email,Accepted,No
RTC0005566,C0016419,Win-Back Drive,Priority Support,16-02-2026,App,Accepted,Yes
RTC0005567,C0016420,Win-Back Drive,Extra Data 50GB,11-01-2025,SMS,No Response,Yes
RTC0005568,C0016422,Loyalty Save,Free OTT 3 Months,30-07-2025,WhatsApp,Accepted,Yes
RTC0005569,C0016427,Renewal Nudge,Free OTT 3 Months,09-09-2025,Email,Accepted,Yes
RTC0005570,C0016430,At-Risk Outreach,Loyalty Discount 10%,10-03-2025,Email,Accepted,Yes
RTC0005571,C0016431,At-Risk Outreach,Loyalty Discount 10%,27-07-2025,App,No Response,No
RTC0005572,C0016435,Renewal Nudge,Loyalty Discount 10%,27-12-2025,Call,Declined,Yes
RTC0005573,C0016438,At-Risk Outreach,Priority Support,25-12-2025,WhatsApp,Accepted,Yes
RTC0005574,C0016443,Renewal Nudge,Loyalty Discount 10%,15-11-2025,SMS,Accepted,Yes
RTC0005575,C0016444,Win-Back Drive,Bill Waiver,13-03-2026,SMS,Accepted,No
RTC0005576,C0016448,Loyalty Save,Loyalty Discount 10%,23-10-2025,WhatsApp,Declined,Yes
RTC0005577,C0016450,At-Risk Outreach,Annual Plan Discount,02-02-2025,Email,Accepted,Yes
RTC0005578,C0016459,Renewal Nudge,Annual Plan Discount,04-12-2025,Email,Accepted,Yes
RTC0005579,C0016460,Loyalty Save,Priority Support,13-10-2025,SMS,Accepted,Yes
RTC0005580,C0016462,At-Risk Outreach,Loyalty Discount 10%,21-11-2025,WhatsApp,Accepted,No
RTC0005581,C0016466,Loyalty Save,Loyalty Discount 10%,16-08-2025,WhatsApp,Declined,Yes
RTC0005582,C0016468,At-Risk Outreach,Cashback Voucher,14-04-2025,Email,No Response,Yes
RTC0005583,C0016470,Loyalty Save,Cashback Voucher,21-04-2025,App,No Response,No
RTC0005584,C0016476,Value Retention,Bill Waiver,07-05-2025,SMS,Accepted,Yes
RTC0005585,C0016478,Renewal Nudge,Loyalty Discount 10%,16-05-2025,Call,Accepted,Yes
RTC0005586,C0016479,Value Retention,Extra Data 50GB,31-08-2025,Call,Declined,Yes
RTC0005587,C0016480,Loyalty Save,Plan Upgrade Offer,16-06-2025,App,No Response,Yes
RTC0005588,C0016481,Value Retention,Extra Data 50GB,22-11-2025,Email,Accepted,Yes
RTC0005589,C0016482,Renewal Nudge,Loyalty Discount 10%,13-09-2025,SMS,Accepted,Yes
RTC0005590,C0016486,Loyalty Save,Free OTT 3 Months,23-02-2025,WhatsApp,Declined,Yes
RTC0005591,C0016488,Loyalty Save,Extra Data 50GB,12-03-2025,Email,Accepted,Yes
RTC0005592,C0016489,At-Risk Outreach,Free OTT 3 Months,26-10-2025,SMS,Accepted,Yes
RTC0005593,C0016496,Loyalty Save,Free OTT 3 Months,13-04-2025,SMS,Accepted,Yes
RTC0005594,C0016497,Value Retention,Bill Waiver,05-10-2025,SMS,Accepted,Yes
RTC0005595,C0016499,At-Risk Outreach,Extra Data 50GB,01-02-2026,WhatsApp,No Response,No
RTC0005596,C0016503,Win-Back Drive,Annual Plan Discount,23-12-2025,WhatsApp,Accepted,Yes
RTC0005597,C0016504,Renewal Nudge,Loyalty Discount 10%,04-07-2025,SMS,Accepted,Yes
RTC0005598,C0016509,Value Retention,Cashback Voucher,25-12-2025,SMS,Declined,Yes
RTC0005599,C0016510,Renewal Nudge,Annual Plan Discount,15-08-2025,App,Accepted,Yes
RTC0005600,C0016512,At-Risk Outreach,Annual Plan Discount,04-12-2025,Email,Accepted,Yes
RTC0005601,C0016513,Win-Back Drive,Extra Data 50GB,03-02-2026,WhatsApp,Accepted,Yes
RTC0005602,C0016515,Win-Back Drive,Plan Upgrade Offer,30-01-2026,App,No Response,No
RTC0005603,C0016516,Value Retention,Extra Data 50GB,25-06-2025,App,Declined,Yes
RTC0005604,C0016520,Value Retention,Bill Waiver,13-05-2025,App,Accepted,Yes
RTC0005605,C0016522,At-Risk Outreach,Extra Data 50GB,15-11-2025,WhatsApp,Declined,No
RTC0005606,C0016523,Value Retention,Cashback Voucher,06-05-2025,App,No Response,Yes
RTC0005607,C0016527,At-Risk Outreach,Bill Waiver,01-10-2025,App,Declined,Yes
RTC0005608,C0016528,Win-Back Drive,Plan Upgrade Offer,08-02-2025,App,Accepted,Yes
RTC0005609,C0016529,At-Risk Outreach,Loyalty Discount 10%,01-09-2025,Email,Accepted,Yes
RTC0005610,C0016534,At-Risk Outreach,Loyalty Discount 10%,07-02-2025,App,Declined,Yes
RTC0005611,C0016538,Value Retention,Free OTT 3 Months,28-03-2025,SMS,Declined,Yes
RTC0005612,C0016541,Win-Back Drive,Annual Plan Discount,28-07-2025,Email,Accepted,Yes
RTC0005613,C0016545,Renewal Nudge,Annual Plan Discount,09-08-2025,App,No Response,Yes
RTC0005614,C0016548,Value Retention,Bill Waiver,10-12-2025,WhatsApp,Accepted,Yes
RTC0005615,C0016549,Renewal Nudge,Free OTT 3 Months,07-05-2025,App,Accepted,No
RTC0005616,C0016550,Value Retention,Extra Data 50GB,14-03-2026,Call,Accepted,Yes
RTC0005617,C0016551,Win-Back Drive,Priority Support,21-02-2026,Call,No Response,Yes
RTC0005618,C0016554,At-Risk Outreach,Cashback Voucher,27-10-2025,App,No Response,Yes
RTC0005619,C0016555,At-Risk Outreach,Annual Plan Discount,20-03-2025,SMS,No Response,Yes
RTC0005620,C0016556,Win-Back Drive,Extra Data 50GB,07-09-2025,WhatsApp,Accepted,Yes
RTC0005621,C0016558,Loyalty Save,Priority Support,18-02-2025,Email,Declined,Yes
RTC0005622,C0016562,Win-Back Drive,Extra Data 50GB,21-06-2025,Email,No Response,Yes
RTC0005623,C0016563,Win-Back Drive,Extra Data 50GB,03-02-2025,WhatsApp,Accepted,Yes
RTC0005624,C0016565,At-Risk Outreach,Annual Plan Discount,12-10-2025,App,No Response,Yes
RTC0005625,C0016568,Value Retention,Bill Waiver,24-04-2025,Call,Accepted,Yes
RTC0005626,C0016569,Loyalty Save,Plan Upgrade Offer,22-02-2025,App,Accepted,Yes
RTC0005627,C0016571,Renewal Nudge,Free OTT 3 Months,03-02-2025,Email,No Response,Yes
RTC0005628,C0016572,Renewal Nudge,Priority Support,09-01-2026,Call,Accepted,Yes
RTC0005629,C0016574,At-Risk Outreach,Cashback Voucher,09-05-2025,WhatsApp,No Response,Yes
RTC0005630,C0016577,Renewal Nudge,Free OTT 3 Months,01-02-2026,App,Accepted,Yes
RTC0005631,C0016578,Renewal Nudge,Extra Data 50GB,10-01-2025,Email,Declined,Yes
RTC0005632,C0016579,At-Risk Outreach,Annual Plan Discount,20-01-2026,Email,Declined,No
RTC0005633,C0016580,Renewal Nudge,Extra Data 50GB,23-05-2025,SMS,Accepted,Yes
RTC0005634,C0016583,Renewal Nudge,Loyalty Discount 10%,25-03-2025,WhatsApp,Declined,Yes
RTC0005635,C0016586,Loyalty Save,Extra Data 50GB,15-09-2025,WhatsApp,No Response,Yes
RTC0005636,C0016588,Loyalty Save,Free OTT 3 Months,27-10-2025,WhatsApp,Declined,Yes
RTC0005637,C0016590,Value Retention,Extra Data 50GB,16-01-2026,Email,Accepted,Yes
RTC0005638,C0016593,Win-Back Drive,Priority Support,25-12-2025,Email,Accepted,Yes
RTC0005639,C0016594,Loyalty Save,Annual Plan Discount,24-12-2025,WhatsApp,No Response,No
RTC0005640,C0016596,Loyalty Save,Annual Plan Discount,04-08-2025,SMS,Accepted,No
RTC0005641,C0016599,Value Retention,Annual Plan Discount,12-09-2025,App,Declined,Yes
RTC0005642,C0016601,Value Retention,Priority Support,23-11-2025,Email,Accepted,Yes
RTC0005643,C0016604,Renewal Nudge,Loyalty Discount 10%,10-03-2026,Call,Accepted,Yes
RTC0005644,C0016608,At-Risk Outreach,Extra Data 50GB,22-02-2026,App,Accepted,Yes
RTC0005645,C0016612,At-Risk Outreach,Plan Upgrade Offer,31-01-2026,WhatsApp,No Response,Yes
RTC0005646,C0016615,Renewal Nudge,Loyalty Discount 10%,11-03-2025,Email,Declined,Yes
RTC0005647,C0016619,Renewal Nudge,Free OTT 3 Months,09-01-2026,App,No Response,Yes
RTC0005648,C0016620,At-Risk Outreach,Priority Support,03-12-2025,WhatsApp,Declined,Yes
RTC0005649,C0016633,Value Retention,Bill Waiver,28-05-2025,App,Declined,No
RTC0005650,C0016634,Win-Back Drive,Cashback Voucher,21-01-2026,WhatsApp,Declined,Yes
RTC0005651,C0016635,At-Risk Outreach,Priority Support,09-03-2025,Call,Accepted,Yes
RTC0005652,C0016638,At-Risk Outreach,Annual Plan Discount,12-02-2025,App,Declined,Yes
RTC0005653,C0016644,Win-Back Drive,Priority Support,03-03-2026,SMS,No Response,Yes
RTC0005654,C0016645,Value Retention,Annual Plan Discount,08-09-2025,Call,Accepted,Yes
RTC0005655,C0016648,Value Retention,Cashback Voucher,12-09-2025,Call,Accepted,Yes
RTC0005656,C0016655,Loyalty Save,Cashback Voucher,11-03-2025,WhatsApp,No Response,Yes
RTC0005657,C0016657,Win-Back Drive,Free OTT 3 Months,19-07-2025,SMS,Accepted,Yes
RTC0005658,C0016658,Win-Back Drive,Free OTT 3 Months,22-12-2025,SMS,Declined,Yes
RTC0005659,C0016661,At-Risk Outreach,Plan Upgrade Offer,20-12-2025,Call,Declined,Yes
RTC0005660,C0016663,Value Retention,Cashback Voucher,13-05-2025,Email,Declined,Yes
RTC0005661,C0016664,Renewal Nudge,Plan Upgrade Offer,24-01-2026,Email,No Response,Yes
RTC0005662,C0016665,Value Retention,Plan Upgrade Offer,11-02-2025,Email,Accepted,Yes
RTC0005663,C0016666,Loyalty Save,Priority Support,20-01-2026,Call,Accepted,Yes
RTC0005664,C0016671,Win-Back Drive,Cashback Voucher,05-03-2026,Call,No Response,No
RTC0005665,C0016672,Win-Back Drive,Cashback Voucher,13-07-2025,Email,Declined,Yes
RTC0005666,C0016673,Renewal Nudge,Extra Data 50GB,02-12-2025,SMS,Accepted,Yes
RTC0005667,C0016674,Loyalty Save,Annual Plan Discount,18-02-2026,Call,Accepted,Yes
RTC0005668,C0016682,Loyalty Save,Loyalty Discount 10%,22-08-2025,Email,Declined,Yes
RTC0005669,C0016683,Win-Back Drive,Priority Support,01-08-2025,WhatsApp,Declined,No
RTC0005670,C0016688,Win-Back Drive,Plan Upgrade Offer,15-05-2025,SMS,Declined,Yes
RTC0005671,C0016689,Loyalty Save,Annual Plan Discount,26-01-2025,Call,Declined,No
RTC0005672,C0016690,Loyalty Save,Bill Waiver,12-10-2025,Email,No Response,No
RTC0005673,C0016692,Loyalty Save,Extra Data 50GB,12-02-2026,App,Declined,No
RTC0005674,C0016703,Win-Back Drive,Priority Support,28-05-2025,Email,Accepted,Yes
RTC0005675,C0016706,At-Risk Outreach,Plan Upgrade Offer,14-01-2025,SMS,Accepted,Yes
RTC0005676,C0016707,Win-Back Drive,Loyalty Discount 10%,03-11-2025,Call,No Response,Yes
RTC0005677,C0016708,Loyalty Save,Priority Support,27-01-2025,App,No Response,Yes
RTC0005678,C0016709,Loyalty Save,Cashback Voucher,30-04-2025,Email,Accepted,Yes
RTC0005679,C0016710,Loyalty Save,Loyalty Discount 10%,12-03-2025,App,Declined,Yes
RTC0005680,C0016711,Renewal Nudge,Extra Data 50GB,24-05-2025,SMS,Declined,Yes
RTC0005681,C0016713,Renewal Nudge,Loyalty Discount 10%,07-02-2026,Call,Declined,No
RTC0005682,C0016714,Win-Back Drive,Bill Waiver,07-03-2025,Email,No Response,Yes
RTC0005683,C0016716,Win-Back Drive,Extra Data 50GB,21-03-2026,Email,Accepted,Yes
RTC0005684,C0016718,At-Risk Outreach,Plan Upgrade Offer,02-10-2025,SMS,Declined,Yes
RTC0005685,C0016721,At-Risk Outreach,Plan Upgrade Offer,22-03-2025,Email,Declined,No
RTC0005686,C0016723,At-Risk Outreach,Cashback Voucher,26-01-2025,App,Declined,Yes
RTC0005687,C0016725,Loyalty Save,Cashback Voucher,02-01-2026,SMS,Accepted,Yes
RTC0005688,C0016727,At-Risk Outreach,Free OTT 3 Months,26-11-2025,Call,Accepted,Yes
RTC0005689,C0016730,Win-Back Drive,Cashback Voucher,09-07-2025,App,Declined,Yes
RTC0005690,C0016734,At-Risk Outreach,Priority Support,21-05-2025,App,Declined,Yes
RTC0005691,C0016735,Value Retention,Annual Plan Discount,13-01-2025,WhatsApp,No Response,Yes
RTC0005692,C0016738,At-Risk Outreach,Annual Plan Discount,12-09-2025,App,Accepted,Yes
RTC0005693,C0016741,Renewal Nudge,Plan Upgrade Offer,24-04-2025,App,Accepted,Yes
RTC0005694,C0016743,Renewal Nudge,Bill Waiver,26-06-2025,App,Declined,Yes
RTC0005695,C0016744,Value Retention,Bill Waiver,30-01-2026,SMS,Accepted,Yes
RTC0005696,C0016745,Value Retention,Free OTT 3 Months,24-01-2025,SMS,Declined,Yes
RTC0005697,C0016746,Win-Back Drive,Priority Support,23-01-2026,Call,Accepted,Yes
RTC0005698,C0016747,At-Risk Outreach,Cashback Voucher,21-08-2025,Email,Accepted,Yes
RTC0005699,C0016748,Win-Back Drive,Loyalty Discount 10%,04-06-2025,App,Declined,No
RTC0005700,C0016754,Win-Back Drive,Free OTT 3 Months,28-06-2025,App,No Response,Yes
RTC0005701,C0016761,Loyalty Save,Priority Support,15-01-2025,WhatsApp,Accepted,Yes
RTC0005702,C0016767,Renewal Nudge,Priority Support,23-05-2025,WhatsApp,Accepted,Yes
RTC0005703,C0016768,Renewal Nudge,Plan Upgrade Offer,02-07-2025,App,Declined,Yes
RTC0005704,C0016769,At-Risk Outreach,Plan Upgrade Offer,15-09-2025,App,No Response,Yes
RTC0005705,C0016771,Loyalty Save,Loyalty Discount 10%,19-05-2025,Call,Accepted,No
RTC0005706,C0016773,Renewal Nudge,Annual Plan Discount,30-03-2025,Email,Accepted,Yes
RTC0005707,C0016776,Loyalty Save,Loyalty Discount 10%,29-10-2025,Call,Declined,No
RTC0005708,C0016779,At-Risk Outreach,Extra Data 50GB,14-11-2025,SMS,Declined,Yes
RTC0005709,C0016782,Renewal Nudge,Plan Upgrade Offer,08-02-2025,Email,Accepted,Yes
RTC0005710,C0016786,Loyalty Save,Free OTT 3 Months,26-03-2025,SMS,No Response,No
RTC0005711,C0016793,Win-Back Drive,Bill Waiver,13-11-2025,Call,Declined,Yes
RTC0005712,C0016796,At-Risk Outreach,Plan Upgrade Offer,11-03-2025,Email,Accepted,Yes
RTC0005713,C0016800,At-Risk Outreach,Priority Support,25-05-2025,App,Accepted,Yes
RTC0005714,C0016812,Loyalty Save,Cashback Voucher,01-11-2025,Email,Accepted,Yes
RTC0005715,C0016814,Loyalty Save,Annual Plan Discount,07-04-2025,App,Declined,No
RTC0005716,C0016816,Renewal Nudge,Bill Waiver,29-05-2025,SMS,Declined,Yes
RTC0005717,C0016819,At-Risk Outreach,Priority Support,07-01-2025,Call,Declined,Yes
RTC0005718,C0016821,Loyalty Save,Cashback Voucher,08-06-2025,Email,Accepted,Yes
RTC0005719,C0016822,Loyalty Save,Annual Plan Discount,14-07-2025,SMS,No Response,Yes
RTC0005720,C0016823,At-Risk Outreach,Priority Support,19-05-2025,SMS,Declined,No
RTC0005721,C0016830,Loyalty Save,Annual Plan Discount,11-02-2026,App,Accepted,No
RTC0005722,C0016831,Win-Back Drive,Loyalty Discount 10%,08-01-2026,App,No Response,Yes
RTC0005723,C0016834,At-Risk Outreach,Plan Upgrade Offer,04-06-2025,WhatsApp,Accepted,Yes
RTC0005724,C0016835,Renewal Nudge,Cashback Voucher,04-09-2025,WhatsApp,Accepted,Yes
RTC0005725,C0016836,Renewal Nudge,Bill Waiver,18-03-2025,Call,No Response,Yes
RTC0005726,C0016838,Value Retention,Loyalty Discount 10%,27-02-2025,WhatsApp,Accepted,Yes
RTC0005727,C0016844,Value Retention,Bill Waiver,17-01-2025,Email,Accepted,Yes
RTC0005728,C0016846,Win-Back Drive,Loyalty Discount 10%,28-01-2025,Email,Accepted,Yes
RTC0005729,C0016853,Loyalty Save,Cashback Voucher,02-02-2026,WhatsApp,Declined,Yes
RTC0005730,C0016855,Win-Back Drive,Priority Support,14-05-2025,App,Declined,Yes
RTC0005731,C0016856,Value Retention,Bill Waiver,09-06-2025,SMS,Declined,Yes
RTC0005732,C0016857,Loyalty Save,Priority Support,23-02-2025,Call,Declined,Yes
RTC0005733,C0016859,Loyalty Save,Bill Waiver,24-01-2026,Email,Accepted,Yes
RTC0005734,C0016861,At-Risk Outreach,Cashback Voucher,10-05-2025,SMS,Accepted,Yes
RTC0005735,C0016863,Value Retention,Cashback Voucher,11-09-2025,App,Accepted,Yes
RTC0005736,C0016864,Renewal Nudge,Loyalty Discount 10%,14-10-2025,Call,Accepted,Yes
RTC0005737,C0016869,At-Risk Outreach,Loyalty Discount 10%,18-07-2025,Email,Accepted,No
RTC0005738,C0016872,Renewal Nudge,Bill Waiver,25-09-2025,Call,Accepted,Yes
RTC0005739,C0016873,Loyalty Save,Loyalty Discount 10%,16-06-2025,Call,Accepted,No
RTC0005740,C0016874,Value Retention,Loyalty Discount 10%,04-06-2025,Call,Accepted,Yes
RTC0005741,C0016875,Loyalty Save,Loyalty Discount 10%,09-09-2025,SMS,Declined,Yes
RTC0005742,C0016876,Value Retention,Bill Waiver,25-02-2026,WhatsApp,Accepted,Yes
RTC0005743,C0016879,Win-Back Drive,Extra Data 50GB,16-08-2025,Call,Accepted,Yes
RTC0005744,C0016882,Win-Back Drive,Priority Support,28-03-2026,Call,No Response,No
RTC0005745,C0016884,Value Retention,Annual Plan Discount,21-06-2025,SMS,No Response,Yes
RTC0005746,C0016886,Win-Back Drive,Annual Plan Discount,09-08-2025,Email,Accepted,Yes
RTC0005747,C0016888,Win-Back Drive,Plan Upgrade Offer,16-02-2026,WhatsApp,Accepted,Yes
RTC0005748,C0016890,Value Retention,Annual Plan Discount,25-03-2025,Email,Accepted,No
RTC0005749,C0016896,Win-Back Drive,Priority Support,14-12-2025,SMS,Declined,No
RTC0005750,C0016898,At-Risk Outreach,Plan Upgrade Offer,10-02-2026,Email,No Response,Yes
RTC0005751,C0016904,Renewal Nudge,Free OTT 3 Months,15-09-2025,SMS,Accepted,Yes
RTC0005752,C0016906,Renewal Nudge,Priority Support,27-10-2025,WhatsApp,Accepted,Yes
RTC0005753,C0016908,Renewal Nudge,Bill Waiver,27-01-2026,App,No Response,Yes
RTC0005754,C0016909,At-Risk Outreach,Free OTT 3 Months,20-08-2025,Call,Accepted,Yes
RTC0005755,C0016912,Win-Back Drive,Cashback Voucher,27-07-2025,WhatsApp,No Response,Yes
RTC0005756,C0016913,Renewal Nudge,Annual Plan Discount,02-12-2025,Email,Accepted,Yes
RTC0005757,C0016914,Renewal Nudge,Cashback Voucher,24-02-2025,Call,Accepted,Yes
RTC0005758,C0016915,At-Risk Outreach,Loyalty Discount 10%,01-06-2025,WhatsApp,No Response,No
RTC0005759,C0016920,Win-Back Drive,Annual Plan Discount,27-03-2026,Email,Accepted,Yes
RTC0005760,C0016921,Value Retention,Extra Data 50GB,26-02-2025,App,Accepted,Yes
RTC0005761,C0016929,Renewal Nudge,Plan Upgrade Offer,17-03-2025,WhatsApp,Accepted,Yes
RTC0005762,C0016933,Win-Back Drive,Extra Data 50GB,09-01-2026,App,Declined,Yes
RTC0005763,C0016935,At-Risk Outreach,Free OTT 3 Months,12-09-2025,App,No Response,No
RTC0005764,C0016937,Value Retention,Cashback Voucher,15-07-2025,WhatsApp,No Response,Yes
RTC0005765,C0016944,Loyalty Save,Free OTT 3 Months,29-01-2025,App,Declined,Yes
RTC0005766,C0016945,At-Risk Outreach,Annual Plan Discount,08-04-2025,Email,Declined,Yes
RTC0005767,C0016951,At-Risk Outreach,Loyalty Discount 10%,08-11-2025,SMS,Declined,Yes
RTC0005768,C0016953,Renewal Nudge,Cashback Voucher,02-06-2025,App,Accepted,No
RTC0005769,C0016957,Value Retention,Plan Upgrade Offer,07-03-2026,Email,Declined,Yes
RTC0005770,C0016960,Renewal Nudge,Loyalty Discount 10%,11-12-2025,App,Accepted,Yes
RTC0005771,C0016967,Renewal Nudge,Cashback Voucher,20-06-2025,SMS,Declined,Yes
RTC0005772,C0016971,Loyalty Save,Extra Data 50GB,14-02-2026,SMS,Accepted,Yes
RTC0005773,C0016973,Value Retention,Priority Support,26-03-2026,App,No Response,Yes
RTC0005774,C0016975,At-Risk Outreach,Free OTT 3 Months,13-07-2025,Call,Accepted,Yes
RTC0005775,C0016980,Win-Back Drive,Bill Waiver,18-08-2025,App,Accepted,Yes
RTC0005776,C0016981,At-Risk Outreach,Priority Support,11-08-2025,App,Accepted,Yes
RTC0005777,C0016982,At-Risk Outreach,Free OTT 3 Months,15-12-2025,WhatsApp,Declined,Yes
RTC0005778,C0016983,Win-Back Drive,Free OTT 3 Months,09-11-2025,SMS,Accepted,Yes
RTC0005779,C0016984,Renewal Nudge,Cashback Voucher,17-06-2025,App,Declined,Yes
RTC0005780,C0016985,Value Retention,Priority Support,15-03-2026,WhatsApp,Accepted,Yes
RTC0005781,C0016986,Renewal Nudge,Annual Plan Discount,14-06-2025,Email,Accepted,Yes
RTC0005782,C0016989,Loyalty Save,Extra Data 50GB,27-07-2025,WhatsApp,Declined,Yes
RTC0005783,C0016991,At-Risk Outreach,Annual Plan Discount,02-04-2025,Call,Declined,Yes
RTC0005784,C0016993,Win-Back Drive,Priority Support,03-05-2025,SMS,Accepted,Yes
RTC0005785,C0016996,Win-Back Drive,Free OTT 3 Months,10-03-2026,WhatsApp,No Response,Yes
RTC0005786,C0016997,At-Risk Outreach,Cashback Voucher,20-05-2025,Call,Accepted,Yes
RTC0005787,C0017002,At-Risk Outreach,Annual Plan Discount,26-03-2025,SMS,Accepted,Yes
RTC0005788,C0017003,Loyalty Save,Free OTT 3 Months,01-06-2025,Call,No Response,No
RTC0005789,C0017005,At-Risk Outreach,Loyalty Discount 10%,14-03-2026,SMS,Accepted,Yes
RTC0005790,C0017009,Win-Back Drive,Plan Upgrade Offer,23-05-2025,WhatsApp,No Response,Yes
RTC0005791,C0017014,At-Risk Outreach,Cashback Voucher,24-05-2025,Call,No Response,Yes
RTC0005792,C0017017,Loyalty Save,Cashback Voucher,12-07-2025,WhatsApp,Declined,Yes
RTC0005793,C0017019,Win-Back Drive,Extra Data 50GB,04-05-2025,App,Declined,No
RTC0005794,C0017020,Loyalty Save,Free OTT 3 Months,03-03-2026,WhatsApp,No Response,Yes
RTC0005795,C0017023,Win-Back Drive,Annual Plan Discount,09-07-2025,Call,Accepted,Yes
RTC0005796,C0017030,Renewal Nudge,Loyalty Discount 10%,15-09-2025,Email,Declined,Yes
RTC0005797,C0017046,Value Retention,Free OTT 3 Months,15-09-2025,Call,Accepted,Yes
RTC0005798,C0017048,Renewal Nudge,Free OTT 3 Months,16-03-2025,Call,No Response,Yes
RTC0005799,C0017055,At-Risk Outreach,Annual Plan Discount,19-03-2025,App,Accepted,Yes
RTC0005800,C0017056,Loyalty Save,Loyalty Discount 10%,18-08-2025,App,Accepted,Yes
RTC0005801,C0017059,Win-Back Drive,Plan Upgrade Offer,23-04-2025,WhatsApp,No Response,Yes
RTC0005802,C0017061,Renewal Nudge,Bill Waiver,21-08-2025,App,Accepted,Yes
RTC0005803,C0017063,At-Risk Outreach,Cashback Voucher,24-11-2025,App,Accepted,Yes
RTC0005804,C0017064,Renewal Nudge,Loyalty Discount 10%,23-06-2025,Email,Declined,Yes
RTC0005805,C0017073,Win-Back Drive,Free OTT 3 Months,03-08-2025,App,Accepted,Yes
RTC0005806,C0017077,Renewal Nudge,Cashback Voucher,14-03-2025,Email,Declined,Yes
RTC0005807,C0017081,Value Retention,Priority Support,15-03-2025,SMS,Accepted,Yes
RTC0005808,C0017084,Loyalty Save,Cashback Voucher,09-11-2025,WhatsApp,Declined,Yes
RTC0005809,C0017085,Value Retention,Bill Waiver,27-01-2026,Call,Accepted,Yes
RTC0005810,C0017092,Value Retention,Annual Plan Discount,30-11-2025,App,No Response,Yes
RTC0005811,C0017095,Renewal Nudge,Priority Support,09-02-2026,SMS,No Response,Yes
RTC0005812,C0017097,Value Retention,Priority Support,21-11-2025,App,No Response,No
RTC0005813,C0017100,At-Risk Outreach,Cashback Voucher,26-02-2026,SMS,Declined,Yes
RTC0005814,C0017106,Renewal Nudge,Annual Plan Discount,05-06-2025,Email,Declined,Yes
RTC0005815,C0017107,Value Retention,Annual Plan Discount,04-06-2025,Email,Accepted,Yes
RTC0005816,C0017114,Value Retention,Annual Plan Discount,27-12-2025,SMS,Accepted,Yes
RTC0005817,C0017120,At-Risk Outreach,Loyalty Discount 10%,14-03-2025,SMS,No Response,Yes
RTC0005818,C0017121,Loyalty Save,Cashback Voucher,01-02-2025,App,Declined,Yes
RTC0005819,C0017122,At-Risk Outreach,Bill Waiver,26-08-2025,App,Declined,Yes
RTC0005820,C0017126,Win-Back Drive,Priority Support,23-10-2025,SMS,Accepted,Yes
RTC0005821,C0017127,Value Retention,Loyalty Discount 10%,21-12-2025,Email,Accepted,Yes
RTC0005822,C0017128,Renewal Nudge,Loyalty Discount 10%,06-01-2025,SMS,Declined,No
RTC0005823,C0017130,At-Risk Outreach,Loyalty Discount 10%,20-02-2026,App,Declined,No
RTC0005824,C0017131,Renewal Nudge,Annual Plan Discount,01-02-2026,Email,Accepted,Yes
RTC0005825,C0017132,Renewal Nudge,Priority Support,25-09-2025,App,Declined,Yes
RTC0005826,C0017136,Renewal Nudge,Cashback Voucher,24-01-2026,Call,Accepted,Yes
RTC0005827,C0017139,Value Retention,Extra Data 50GB,17-12-2025,SMS,Accepted,Yes
RTC0005828,C0017141,Loyalty Save,Loyalty Discount 10%,14-03-2026,WhatsApp,No Response,Yes
RTC0005829,C0017143,Renewal Nudge,Extra Data 50GB,19-07-2025,Call,Declined,Yes
RTC0005830,C0017145,Renewal Nudge,Cashback Voucher,19-05-2025,WhatsApp,No Response,Yes
RTC0005831,C0017146,Win-Back Drive,Plan Upgrade Offer,04-03-2025,WhatsApp,Declined,No
RTC0005832,C0017148,Renewal Nudge,Loyalty Discount 10%,05-09-2025,WhatsApp,Declined,No
RTC0005833,C0017150,Renewal Nudge,Plan Upgrade Offer,05-05-2025,Call,Declined,No
RTC0005834,C0017154,Value Retention,Free OTT 3 Months,24-08-2025,Email,Accepted,Yes
RTC0005835,C0017160,Win-Back Drive,Plan Upgrade Offer,04-06-2025,WhatsApp,Accepted,No
RTC0005836,C0017161,At-Risk Outreach,Cashback Voucher,07-12-2025,Email,Accepted,Yes
RTC0005837,C0017162,Value Retention,Annual Plan Discount,01-01-2025,WhatsApp,Accepted,Yes
RTC0005838,C0017168,Loyalty Save,Bill Waiver,30-03-2026,WhatsApp,No Response,No
RTC0005839,C0017169,Loyalty Save,Bill Waiver,01-02-2025,SMS,Declined,Yes
RTC0005840,C0017171,Value Retention,Cashback Voucher,26-01-2026,Call,No Response,Yes
RTC0005841,C0017174,At-Risk Outreach,Plan Upgrade Offer,25-03-2025,SMS,Declined,Yes
RTC0005842,C0017184,Value Retention,Plan Upgrade Offer,21-05-2025,App,No Response,Yes
RTC0005843,C0017188,Win-Back Drive,Priority Support,22-03-2026,Email,No Response,Yes
RTC0005844,C0017194,Win-Back Drive,Cashback Voucher,23-05-2025,Call,Declined,Yes
RTC0005845,C0017195,Renewal Nudge,Annual Plan Discount,01-07-2025,SMS,Declined,Yes
RTC0005846,C0017197,Value Retention,Plan Upgrade Offer,01-05-2025,App,Accepted,Yes
RTC0005847,C0017199,Value Retention,Priority Support,31-12-2025,SMS,No Response,Yes
RTC0005848,C0017200,Value Retention,Free OTT 3 Months,26-11-2025,WhatsApp,No Response,Yes
RTC0005849,C0017207,Loyalty Save,Annual Plan Discount,13-08-2025,App,Declined,Yes
RTC0005850,C0017209,Value Retention,Cashback Voucher,15-05-2025,SMS,No Response,Yes
RTC0005851,C0017210,Value Retention,Free OTT 3 Months,15-03-2025,SMS,No Response,Yes
RTC0005852,C0017213,At-Risk Outreach,Free OTT 3 Months,15-12-2025,WhatsApp,Accepted,Yes
RTC0005853,C0017215,Loyalty Save,Cashback Voucher,02-04-2025,SMS,Declined,Yes
RTC0005854,C0017217,Value Retention,Loyalty Discount 10%,06-01-2025,Email,Declined,Yes
RTC0005855,C0017220,Value Retention,Bill Waiver,27-02-2026,Email,Declined,Yes
RTC0005856,C0017223,Renewal Nudge,Priority Support,31-07-2025,Call,Declined,No
RTC0005857,C0017224,Value Retention,Cashback Voucher,30-01-2025,Email,Accepted,Yes
RTC0005858,C0017230,Loyalty Save,Cashback Voucher,29-04-2025,Call,Accepted,Yes
RTC0005859,C0017231,Value Retention,Loyalty Discount 10%,18-02-2025,Call,Accepted,No
RTC0005860,C0017233,Win-Back Drive,Priority Support,29-01-2025,Email,Declined,Yes
RTC0005861,C0017239,Loyalty Save,Bill Waiver,11-09-2025,WhatsApp,Accepted,Yes
RTC0005862,C0017242,Win-Back Drive,Extra Data 50GB,19-04-2025,WhatsApp,Accepted,Yes
RTC0005863,C0017243,Win-Back Drive,Cashback Voucher,13-02-2026,WhatsApp,Accepted,Yes
RTC0005864,C0017246,Renewal Nudge,Bill Waiver,27-12-2025,App,Accepted,Yes
RTC0005865,C0017247,Win-Back Drive,Annual Plan Discount,12-03-2026,Email,Declined,Yes
RTC0005866,C0017249,Win-Back Drive,Extra Data 50GB,20-01-2026,Email,Declined,Yes
RTC0005867,C0017252,Loyalty Save,Extra Data 50GB,14-01-2025,App,No Response,No
RTC0005868,C0017255,Renewal Nudge,Plan Upgrade Offer,10-12-2025,SMS,Accepted,Yes
RTC0005869,C0017256,At-Risk Outreach,Priority Support,29-01-2026,SMS,No Response,Yes
RTC0005870,C0017259,Loyalty Save,Free OTT 3 Months,18-05-2025,WhatsApp,Declined,No
RTC0005871,C0017261,Renewal Nudge,Bill Waiver,27-04-2025,WhatsApp,No Response,Yes
RTC0005872,C0017269,Value Retention,Bill Waiver,07-02-2025,WhatsApp,Accepted,Yes
RTC0005873,C0017270,Value Retention,Priority Support,07-01-2026,SMS,Accepted,Yes
RTC0005874,C0017271,Value Retention,Extra Data 50GB,30-03-2026,Email,Declined,Yes
RTC0005875,C0017272,Value Retention,Plan Upgrade Offer,23-09-2025,Email,Declined,Yes
RTC0005876,C0017275,Win-Back Drive,Bill Waiver,18-09-2025,WhatsApp,Accepted,Yes
RTC0005877,C0017276,Value Retention,Cashback Voucher,04-04-2025,Call,Accepted,Yes
RTC0005878,C0017278,At-Risk Outreach,Free OTT 3 Months,08-12-2025,Call,Accepted,No
RTC0005879,C0017279,Loyalty Save,Free OTT 3 Months,24-05-2025,Call,Accepted,No
RTC0005880,C0017285,Loyalty Save,Bill Waiver,12-11-2025,SMS,Declined,Yes
RTC0005881,C0017288,Renewal Nudge,Priority Support,21-08-2025,App,No Response,Yes
RTC0005882,C0017289,Value Retention,Priority Support,11-08-2025,WhatsApp,No Response,Yes
RTC0005883,C0017291,Renewal Nudge,Cashback Voucher,28-01-2026,WhatsApp,Declined,Yes
RTC0005884,C0017293,Value Retention,Cashback Voucher,19-05-2025,Call,Declined,Yes
RTC0005885,C0017295,Loyalty Save,Free OTT 3 Months,31-07-2025,WhatsApp,Accepted,Yes
RTC0005886,C0017296,At-Risk Outreach,Annual Plan Discount,15-11-2025,Call,No Response,Yes
RTC0005887,C0017300,Win-Back Drive,Extra Data 50GB,19-03-2025,Email,Accepted,Yes
RTC0005888,C0017301,Win-Back Drive,Priority Support,18-07-2025,WhatsApp,Declined,Yes
RTC0005889,C0017308,Value Retention,Extra Data 50GB,09-12-2025,Email,Declined,Yes
RTC0005890,C0017310,Renewal Nudge,Extra Data 50GB,24-03-2025,Call,No Response,Yes
RTC0005891,C0017313,Renewal Nudge,Cashback Voucher,20-11-2025,Email,Declined,Yes
RTC0005892,C0017314,Win-Back Drive,Bill Waiver,03-11-2025,Email,Accepted,Yes
RTC0005893,C0017316,Loyalty Save,Annual Plan Discount,08-02-2025,Call,Accepted,Yes
RTC0005894,C0017317,Loyalty Save,Bill Waiver,02-02-2026,WhatsApp,Accepted,Yes
RTC0005895,C0017319,Loyalty Save,Free OTT 3 Months,04-11-2025,Email,Accepted,Yes
RTC0005896,C0017320,Value Retention,Priority Support,25-03-2026,Call,Accepted,Yes
RTC0005897,C0017325,Win-Back Drive,Priority Support,06-01-2025,Email,Accepted,Yes
RTC0005898,C0017327,Win-Back Drive,Cashback Voucher,22-02-2025,Call,No Response,Yes
RTC0005899,C0017332,At-Risk Outreach,Free OTT 3 Months,21-03-2025,SMS,Declined,Yes
RTC0005900,C0017336,Value Retention,Extra Data 50GB,04-01-2026,App,Accepted,Yes
RTC0005901,C0017337,At-Risk Outreach,Bill Waiver,09-04-2025,App,Accepted,Yes
RTC0005902,C0017338,Renewal Nudge,Extra Data 50GB,21-11-2025,Email,Declined,Yes
RTC0005903,C0017339,Loyalty Save,Annual Plan Discount,15-01-2025,SMS,No Response,Yes
RTC0005904,C0017349,Loyalty Save,Priority Support,16-02-2025,App,Declined,Yes
RTC0005905,C0017350,Loyalty Save,Extra Data 50GB,25-01-2026,Email,No Response,Yes
RTC0005906,C0017352,Renewal Nudge,Loyalty Discount 10%,28-06-2025,SMS,No Response,Yes
RTC0005907,C0017353,Value Retention,Priority Support,14-01-2025,SMS,No Response,Yes
RTC0005908,C0017360,Renewal Nudge,Annual Plan Discount,25-07-2025,Call,Accepted,Yes
RTC0005909,C0017361,Win-Back Drive,Priority Support,03-05-2025,App,No Response,Yes
RTC0005910,C0017364,Value Retention,Bill Waiver,16-04-2025,WhatsApp,Accepted,Yes
RTC0005911,C0017367,Renewal Nudge,Loyalty Discount 10%,12-05-2025,Call,Accepted,Yes
RTC0005912,C0017370,At-Risk Outreach,Plan Upgrade Offer,29-11-2025,WhatsApp,No Response,Yes
RTC0005913,C0017371,Renewal Nudge,Priority Support,24-09-2025,SMS,Declined,No
RTC0005914,C0017372,Win-Back Drive,Loyalty Discount 10%,23-02-2026,Call,Accepted,Yes
RTC0005915,C0017376,Renewal Nudge,Free OTT 3 Months,27-04-2025,App,Accepted,No
RTC0005916,C0017377,Loyalty Save,Annual Plan Discount,12-01-2025,SMS,Accepted,Yes
RTC0005917,C0017380,Win-Back Drive,Extra Data 50GB,15-02-2025,SMS,Declined,No
RTC0005918,C0017381,Value Retention,Priority Support,26-06-2025,Call,No Response,Yes
RTC0005919,C0017382,Value Retention,Bill Waiver,16-10-2025,Email,Accepted,Yes
RTC0005920,C0017384,Loyalty Save,Loyalty Discount 10%,14-10-2025,Call,Accepted,Yes
RTC0005921,C0017385,Value Retention,Extra Data 50GB,26-12-2025,SMS,No Response,Yes
RTC0005922,C0017390,Value Retention,Extra Data 50GB,11-06-2025,SMS,Declined,No
RTC0005923,C0017400,Loyalty Save,Bill Waiver,09-03-2025,Email,Accepted,Yes
RTC0005924,C0017401,Loyalty Save,Loyalty Discount 10%,22-03-2026,WhatsApp,Declined,Yes
RTC0005925,C0017405,Win-Back Drive,Annual Plan Discount,19-11-2025,Email,Accepted,Yes
RTC0005926,C0017409,At-Risk Outreach,Free OTT 3 Months,11-10-2025,App,Accepted,No
RTC0005927,C0017414,Win-Back Drive,Extra Data 50GB,29-09-2025,SMS,Accepted,Yes
RTC0005928,C0017417,At-Risk Outreach,Priority Support,16-07-2025,App,Declined,Yes
RTC0005929,C0017420,Win-Back Drive,Free OTT 3 Months,22-05-2025,App,Accepted,Yes
RTC0005930,C0017423,Win-Back Drive,Annual Plan Discount,13-03-2026,SMS,Accepted,No
RTC0005931,C0017430,Win-Back Drive,Annual Plan Discount,27-04-2025,Email,Declined,Yes
RTC0005932,C0017441,Renewal Nudge,Priority Support,17-12-2025,WhatsApp,Declined,No
RTC0005933,C0017444,Win-Back Drive,Cashback Voucher,04-09-2025,Call,No Response,Yes
RTC0005934,C0017445,Renewal Nudge,Extra Data 50GB,23-01-2026,Call,Declined,Yes
RTC0005935,C0017448,Win-Back Drive,Cashback Voucher,13-03-2026,Call,Accepted,Yes
RTC0005936,C0017452,Renewal Nudge,Loyalty Discount 10%,15-08-2025,Call,Accepted,Yes
RTC0005937,C0017458,Value Retention,Bill Waiver,29-10-2025,Email,Accepted,Yes
RTC0005938,C0017463,Win-Back Drive,Priority Support,26-02-2026,App,No Response,Yes
RTC0005939,C0017465,At-Risk Outreach,Free OTT 3 Months,09-05-2025,SMS,Accepted,Yes
RTC0005940,C0017466,At-Risk Outreach,Cashback Voucher,06-02-2026,WhatsApp,Accepted,No
RTC0005941,C0017468,At-Risk Outreach,Extra Data 50GB,08-12-2025,App,No Response,Yes
RTC0005942,C0017473,Loyalty Save,Extra Data 50GB,15-10-2025,Call,No Response,Yes
RTC0005943,C0017475,Loyalty Save,Bill Waiver,01-11-2025,Email,Declined,Yes
RTC0005944,C0017476,Value Retention,Cashback Voucher,27-08-2025,Call,Declined,Yes
RTC0005945,C0017477,Renewal Nudge,Free OTT 3 Months,13-05-2025,SMS,Declined,Yes
RTC0005946,C0017478,Renewal Nudge,Annual Plan Discount,16-10-2025,WhatsApp,Accepted,Yes
RTC0005947,C0017480,Value Retention,Plan Upgrade Offer,18-12-2025,App,No Response,Yes
RTC0005948,C0017487,Loyalty Save,Bill Waiver,05-01-2025,App,Accepted,Yes
RTC0005949,C0017489,Loyalty Save,Priority Support,21-07-2025,Email,Declined,No
RTC0005950,C0017490,Win-Back Drive,Free OTT 3 Months,14-10-2025,Email,Accepted,Yes
RTC0005951,C0017494,Win-Back Drive,Annual Plan Discount,06-06-2025,Email,Declined,No
RTC0005952,C0017504,At-Risk Outreach,Bill Waiver,20-04-2025,SMS,Accepted,No
RTC0005953,C0017509,Win-Back Drive,Bill Waiver,22-01-2026,SMS,Declined,Yes
RTC0005954,C0017512,Win-Back Drive,Cashback Voucher,13-06-2025,Call,Accepted,Yes
RTC0005955,C0017513,Win-Back Drive,Annual Plan Discount,28-02-2026,App,No Response,Yes
RTC0005956,C0017515,Loyalty Save,Plan Upgrade Offer,25-02-2026,Call,Accepted,Yes
RTC0005957,C0017516,Renewal Nudge,Free OTT 3 Months,12-07-2025,SMS,No Response,Yes
RTC0005958,C0017517,Value Retention,Bill Waiver,27-02-2025,WhatsApp,Accepted,Yes
RTC0005959,C0017518,Win-Back Drive,Bill Waiver,29-10-2025,Call,Accepted,Yes
RTC0005960,C0017519,Loyalty Save,Bill Waiver,07-08-2025,Email,No Response,No
RTC0005961,C0017521,Loyalty Save,Plan Upgrade Offer,07-08-2025,App,Accepted,Yes
RTC0005962,C0017525,Renewal Nudge,Free OTT 3 Months,08-03-2026,Call,Declined,Yes
RTC0005963,C0017526,Renewal Nudge,Annual Plan Discount,23-03-2026,SMS,Declined,Yes
RTC0005964,C0017530,Renewal Nudge,Extra Data 50GB,22-03-2026,Email,Accepted,Yes
RTC0005965,C0017531,Win-Back Drive,Priority Support,06-10-2025,App,Accepted,Yes
RTC0005966,C0017532,Renewal Nudge,Cashback Voucher,13-11-2025,SMS,Accepted,Yes
RTC0005967,C0017535,Renewal Nudge,Extra Data 50GB,21-03-2026,Email,Declined,Yes
RTC0005968,C0017536,Loyalty Save,Loyalty Discount 10%,08-06-2025,SMS,Accepted,Yes
RTC0005969,C0017539,At-Risk Outreach,Cashback Voucher,04-02-2025,App,Accepted,Yes
RTC0005970,C0017543,Renewal Nudge,Priority Support,16-01-2025,Email,Accepted,Yes
RTC0005971,C0017545,Win-Back Drive,Loyalty Discount 10%,28-11-2025,App,Declined,Yes
RTC0005972,C0017549,Value Retention,Priority Support,14-03-2025,App,Accepted,Yes
RTC0005973,C0017551,Win-Back Drive,Extra Data 50GB,21-03-2026,SMS,Accepted,Yes
RTC0005974,C0017559,Renewal Nudge,Priority Support,02-05-2025,SMS,Accepted,Yes
RTC0005975,C0017561,Win-Back Drive,Free OTT 3 Months,13-11-2025,App,Accepted,Yes
RTC0005976,C0017565,Loyalty Save,Cashback Voucher,06-03-2025,SMS,No Response,Yes
RTC0005977,C0017567,Value Retention,Priority Support,26-06-2025,WhatsApp,No Response,Yes
RTC0005978,C0017568,Renewal Nudge,Plan Upgrade Offer,12-01-2026,WhatsApp,Declined,Yes
RTC0005979,C0017569,At-Risk Outreach,Annual Plan Discount,20-02-2026,SMS,Declined,Yes
RTC0005980,C0017577,Renewal Nudge,Priority Support,02-10-2025,Email,No Response,Yes
RTC0005981,C0017578,At-Risk Outreach,Free OTT 3 Months,23-12-2025,SMS,Declined,Yes
RTC0005982,C0017579,Win-Back Drive,Loyalty Discount 10%,17-05-2025,SMS,Accepted,Yes
RTC0005983,C0017583,Value Retention,Loyalty Discount 10%,30-03-2026,App,No Response,No
RTC0005984,C0017585,At-Risk Outreach,Priority Support,04-07-2025,WhatsApp,Declined,Yes
RTC0005985,C0017588,At-Risk Outreach,Cashback Voucher,28-12-2025,Call,Accepted,Yes
RTC0005986,C0017589,Renewal Nudge,Priority Support,12-02-2025,WhatsApp,Declined,Yes
RTC0005987,C0017590,Loyalty Save,Free OTT 3 Months,09-03-2025,SMS,Declined,Yes
RTC0005988,C0017593,Renewal Nudge,Loyalty Discount 10%,20-03-2026,Email,Declined,Yes
RTC0005989,C0017600,Loyalty Save,Cashback Voucher,11-03-2025,WhatsApp,Accepted,No
RTC0005990,C0017604,At-Risk Outreach,Free OTT 3 Months,12-01-2026,App,Accepted,Yes
RTC0005991,C0017606,Renewal Nudge,Loyalty Discount 10%,23-08-2025,App,No Response,No
RTC0005992,C0017611,Loyalty Save,Free OTT 3 Months,28-08-2025,App,Accepted,Yes
RTC0005993,C0017612,Win-Back Drive,Extra Data 50GB,27-01-2025,Email,Declined,Yes
RTC0005994,C0017613,At-Risk Outreach,Annual Plan Discount,07-05-2025,SMS,Accepted,Yes
RTC0005995,C0017621,Loyalty Save,Free OTT 3 Months,09-10-2025,Call,No Response,Yes
RTC0005996,C0017622,At-Risk Outreach,Priority Support,27-01-2025,Call,No Response,Yes
RTC0005997,C0017623,Win-Back Drive,Priority Support,23-10-2025,WhatsApp,Accepted,Yes
RTC0005998,C0017624,Value Retention,Loyalty Discount 10%,11-12-2025,Email,Accepted,No
RTC0005999,C0017628,Value Retention,Plan Upgrade Offer,26-08-2025,Call,Accepted,Yes
RTC0006000,C0017630,Loyalty Save,Extra Data 50GB,06-05-2025,WhatsApp,Accepted,Yes
RTC0006001,C0017631,At-Risk Outreach,Cashback Voucher,03-10-2025,App,Accepted,Yes
RTC0006002,C0017635,Loyalty Save,Plan Upgrade Offer,05-02-2026,Email,No Response,No
RTC0006003,C0017636,At-Risk Outreach,Bill Waiver,01-02-2025,SMS,Accepted,Yes
RTC0006004,C0017637,Renewal Nudge,Cashback Voucher,24-01-2026,SMS,Accepted,Yes
RTC0006005,C0017639,Value Retention,Loyalty Discount 10%,31-05-2025,Call,No Response,Yes
RTC0006006,C0017640,Win-Back Drive,Bill Waiver,01-03-2025,App,Declined,No
RTC0006007,C0017641,Value Retention,Priority Support,23-10-2025,Email,Declined,Yes
RTC0006008,C0017645,Value Retention,Extra Data 50GB,18-06-2025,Email,No Response,Yes
RTC0006009,C0017646,Value Retention,Plan Upgrade Offer,16-01-2025,WhatsApp,No Response,Yes
RTC0006010,C0017650,Value Retention,Plan Upgrade Offer,26-03-2025,SMS,Accepted,Yes
RTC0006011,C0017668,Value Retention,Loyalty Discount 10%,26-02-2025,Call,Accepted,Yes
RTC0006012,C0017671,Win-Back Drive,Extra Data 50GB,23-11-2025,Call,Accepted,Yes
RTC0006013,C0017672,Value Retention,Priority Support,18-11-2025,Call,Declined,Yes
RTC0006014,C0017673,At-Risk Outreach,Priority Support,12-10-2025,Email,Accepted,Yes
RTC0006015,C0017674,Win-Back Drive,Priority Support,25-01-2026,SMS,Accepted,Yes
RTC0006016,C0017675,Win-Back Drive,Loyalty Discount 10%,25-01-2026,Email,No Response,No
RTC0006017,C0017679,Win-Back Drive,Bill Waiver,26-01-2025,WhatsApp,Accepted,Yes
RTC0006018,C0017681,Renewal Nudge,Bill Waiver,04-01-2026,SMS,Declined,No
RTC0006019,C0017688,Loyalty Save,Cashback Voucher,24-10-2025,Email,Accepted,Yes
RTC0006020,C0017691,Renewal Nudge,Annual Plan Discount,30-06-2025,SMS,Declined,Yes
RTC0006021,C0017692,Loyalty Save,Bill Waiver,15-07-2025,WhatsApp,Accepted,Yes
RTC0006022,C0017694,Win-Back Drive,Free OTT 3 Months,24-07-2025,Email,No Response,Yes
RTC0006023,C0017695,Value Retention,Plan Upgrade Offer,13-03-2026,Email,Accepted,No
RTC0006024,C0017697,Win-Back Drive,Cashback Voucher,18-03-2025,App,No Response,No
RTC0006025,C0017698,At-Risk Outreach,Plan Upgrade Offer,20-11-2025,Email,Declined,Yes
RTC0006026,C0017699,Loyalty Save,Cashback Voucher,11-08-2025,Call,Declined,Yes
RTC0006027,C0017700,At-Risk Outreach,Bill Waiver,03-01-2025,Call,Declined,Yes
RTC0006028,C0017702,Loyalty Save,Annual Plan Discount,21-06-2025,Call,Declined,Yes
RTC0006029,C0017703,Loyalty Save,Cashback Voucher,14-03-2026,App,Accepted,Yes
RTC0006030,C0017707,Renewal Nudge,Extra Data 50GB,31-08-2025,Email,Accepted,No
RTC0006031,C0017708,Loyalty Save,Annual Plan Discount,28-01-2025,App,Accepted,Yes
RTC0006032,C0017710,Loyalty Save,Free OTT 3 Months,06-03-2026,SMS,Declined,Yes
RTC0006033,C0017711,Loyalty Save,Priority Support,29-06-2025,Call,No Response,Yes
RTC0006034,C0017712,Loyalty Save,Cashback Voucher,31-07-2025,WhatsApp,No Response,No
RTC0006035,C0017713,Value Retention,Loyalty Discount 10%,30-08-2025,Call,Declined,Yes
RTC0006036,C0017715,Loyalty Save,Priority Support,05-10-2025,App,Accepted,Yes
RTC0006037,C0017716,Value Retention,Plan Upgrade Offer,28-02-2026,WhatsApp,Declined,Yes
RTC0006038,C0017719,Loyalty Save,Extra Data 50GB,26-12-2025,Email,Declined,Yes
RTC0006039,C0017725,Win-Back Drive,Bill Waiver,13-09-2025,Email,No Response,Yes
RTC0006040,C0017726,Value Retention,Annual Plan Discount,29-09-2025,SMS,Declined,Yes
RTC0006041,C0017727,Renewal Nudge,Cashback Voucher,09-12-2025,SMS,No Response,Yes
RTC0006042,C0017730,At-Risk Outreach,Bill Waiver,24-12-2025,WhatsApp,Declined,Yes
RTC0006043,C0017731,Renewal Nudge,Loyalty Discount 10%,29-01-2025,Call,Accepted,Yes
RTC0006044,C0017733,Win-Back Drive,Free OTT 3 Months,25-06-2025,App,No Response,Yes
RTC0006045,C0017734,Renewal Nudge,Bill Waiver,08-01-2025,App,Accepted,Yes
RTC0006046,C0017736,Win-Back Drive,Priority Support,22-02-2026,Email,Accepted,No
RTC0006047,C0017737,Loyalty Save,Free OTT 3 Months,08-01-2026,App,Declined,Yes
RTC0006048,C0017738,Value Retention,Cashback Voucher,27-10-2025,WhatsApp,Accepted,Yes
RTC0006049,C0017741,Value Retention,Cashback Voucher,12-01-2026,Email,Declined,No
RTC0006050,C0017742,At-Risk Outreach,Loyalty Discount 10%,22-11-2025,Email,Declined,Yes
RTC0006051,C0017745,Renewal Nudge,Cashback Voucher,26-06-2025,Email,Accepted,Yes
RTC0006052,C0017750,At-Risk Outreach,Bill Waiver,07-06-2025,Email,Accepted,Yes
RTC0006053,C0017756,At-Risk Outreach,Extra Data 50GB,19-01-2025,App,No Response,No
RTC0006054,C0017758,Value Retention,Plan Upgrade Offer,11-04-2025,WhatsApp,Accepted,Yes
RTC0006055,C0017762,Value Retention,Annual Plan Discount,17-01-2026,Call,Accepted,Yes
RTC0006056,C0017763,Renewal Nudge,Cashback Voucher,04-03-2025,Call,Declined,No
RTC0006057,C0017765,Win-Back Drive,Cashback Voucher,24-07-2025,Call,Declined,Yes
RTC0006058,C0017768,Value Retention,Bill Waiver,11-03-2026,Email,Accepted,Yes
RTC0006059,C0017769,Renewal Nudge,Bill Waiver,26-07-2025,Call,No Response,Yes
RTC0006060,C0017770,Renewal Nudge,Loyalty Discount 10%,26-10-2025,Email,Accepted,Yes
RTC0006061,C0017772,Renewal Nudge,Loyalty Discount 10%,12-06-2025,App,No Response,Yes
RTC0006062,C0017774,Renewal Nudge,Annual Plan Discount,18-06-2025,App,Declined,Yes
RTC0006063,C0017775,Value Retention,Priority Support,17-10-2025,App,Accepted,Yes
RTC0006064,C0017776,Loyalty Save,Plan Upgrade Offer,18-01-2025,Email,Accepted,Yes
RTC0006065,C0017777,At-Risk Outreach,Cashback Voucher,15-02-2025,SMS,Declined,Yes
RTC0006066,C0017779,Loyalty Save,Bill Waiver,05-01-2026,WhatsApp,Accepted,Yes
RTC0006067,C0017780,Loyalty Save,Plan Upgrade Offer,15-03-2025,Call,Declined,Yes
RTC0006068,C0017781,Win-Back Drive,Loyalty Discount 10%,12-06-2025,Call,No Response,Yes
RTC0006069,C0017783,Renewal Nudge,Annual Plan Discount,02-07-2025,SMS,Accepted,No
RTC0006070,C0017786,Loyalty Save,Bill Waiver,16-04-2025,SMS,No Response,Yes
RTC0006071,C0017793,Loyalty Save,Priority Support,12-10-2025,App,Accepted,Yes
RTC0006072,C0017797,At-Risk Outreach,Cashback Voucher,05-01-2026,App,No Response,Yes
RTC0006073,C0017799,Value Retention,Annual Plan Discount,04-01-2026,App,Accepted,Yes
RTC0006074,C0017802,Renewal Nudge,Loyalty Discount 10%,31-03-2025,Email,Declined,No
RTC0006075,C0017804,Win-Back Drive,Loyalty Discount 10%,05-01-2025,SMS,Accepted,Yes
RTC0006076,C0017805,Win-Back Drive,Annual Plan Discount,13-09-2025,Email,Accepted,Yes
RTC0006077,C0017809,Value Retention,Cashback Voucher,17-11-2025,App,No Response,Yes
RTC0006078,C0017810,Loyalty Save,Extra Data 50GB,12-03-2025,Call,No Response,No
RTC0006079,C0017811,Win-Back Drive,Extra Data 50GB,01-10-2025,WhatsApp,Accepted,Yes
RTC0006080,C0017813,Loyalty Save,Bill Waiver,08-12-2025,App,Declined,Yes
RTC0006081,C0017815,Win-Back Drive,Bill Waiver,01-03-2025,App,Declined,No
RTC0006082,C0017817,Win-Back Drive,Bill Waiver,10-07-2025,WhatsApp,Accepted,Yes
RTC0006083,C0017825,At-Risk Outreach,Extra Data 50GB,18-07-2025,WhatsApp,Declined,Yes
RTC0006084,C0017828,Loyalty Save,Extra Data 50GB,27-07-2025,App,No Response,No
RTC0006085,C0017830,Renewal Nudge,Annual Plan Discount,22-01-2025,App,Accepted,No
RTC0006086,C0017831,At-Risk Outreach,Priority Support,15-02-2025,App,Declined,Yes
RTC0006087,C0017832,Value Retention,Free OTT 3 Months,25-07-2025,Call,Declined,No
RTC0006088,C0017839,Renewal Nudge,Free OTT 3 Months,25-11-2025,App,No Response,Yes
RTC0006089,C0017840,At-Risk Outreach,Priority Support,06-09-2025,WhatsApp,Accepted,Yes
RTC0006090,C0017846,Loyalty Save,Priority Support,15-04-2025,Email,Declined,Yes
RTC0006091,C0017851,Renewal Nudge,Free OTT 3 Months,24-02-2025,Call,Accepted,Yes
RTC0006092,C0017853,Win-Back Drive,Plan Upgrade Offer,01-02-2026,App,No Response,Yes
RTC0006093,C0017854,Loyalty Save,Annual Plan Discount,27-03-2026,App,Accepted,Yes
RTC0006094,C0017863,Loyalty Save,Extra Data 50GB,11-02-2025,App,Accepted,No
RTC0006095,C0017865,Renewal Nudge,Cashback Voucher,03-07-2025,App,No Response,Yes
RTC0006096,C0017866,At-Risk Outreach,Bill Waiver,05-02-2025,SMS,Accepted,Yes
RTC0006097,C0017867,Loyalty Save,Bill Waiver,19-02-2026,Email,No Response,Yes
RTC0006098,C0017868,At-Risk Outreach,Annual Plan Discount,26-06-2025,Call,No Response,Yes
RTC0006099,C0017869,Value Retention,Priority Support,28-01-2025,Call,Accepted,Yes
RTC0006100,C0017874,Value Retention,Priority Support,31-03-2025,SMS,Declined,Yes
RTC0006101,C0017876,At-Risk Outreach,Free OTT 3 Months,14-01-2025,SMS,Accepted,Yes
RTC0006102,C0017882,Value Retention,Loyalty Discount 10%,13-03-2026,Email,No Response,No
RTC0006103,C0017885,At-Risk Outreach,Annual Plan Discount,13-06-2025,Email,No Response,No
RTC0006104,C0017886,At-Risk Outreach,Bill Waiver,15-01-2026,WhatsApp,No Response,Yes
RTC0006105,C0017887,At-Risk Outreach,Cashback Voucher,08-04-2025,Email,Accepted,Yes
RTC0006106,C0017889,At-Risk Outreach,Bill Waiver,22-10-2025,SMS,No Response,Yes
RTC0006107,C0017892,Value Retention,Loyalty Discount 10%,26-01-2025,App,No Response,Yes
RTC0006108,C0017897,Value Retention,Free OTT 3 Months,04-01-2026,Email,Accepted,Yes
RTC0006109,C0017902,Value Retention,Cashback Voucher,20-04-2025,Call,Declined,Yes
RTC0006110,C0017905,Win-Back Drive,Annual Plan Discount,29-03-2025,Call,Accepted,Yes
RTC0006111,C0017908,Renewal Nudge,Loyalty Discount 10%,20-02-2025,Call,Accepted,Yes
RTC0006112,C0017913,Renewal Nudge,Loyalty Discount 10%,10-07-2025,Email,Accepted,Yes
RTC0006113,C0017916,Value Retention,Priority Support,18-01-2026,Email,No Response,No
RTC0006114,C0017917,Win-Back Drive,Extra Data 50GB,21-12-2025,SMS,Declined,Yes
RTC0006115,C0017920,Win-Back Drive,Bill Waiver,29-10-2025,App,Accepted,Yes
RTC0006116,C0017921,Renewal Nudge,Extra Data 50GB,18-03-2026,WhatsApp,No Response,Yes
RTC0006117,C0017922,Loyalty Save,Extra Data 50GB,24-03-2025,WhatsApp,Declined,No
RTC0006118,C0017925,Win-Back Drive,Priority Support,08-09-2025,SMS,Accepted,No
RTC0006119,C0017931,Win-Back Drive,Bill Waiver,19-07-2025,Call,No Response,Yes
RTC0006120,C0017933,Renewal Nudge,Annual Plan Discount,17-08-2025,Email,Accepted,Yes
RTC0006121,C0017934,Renewal Nudge,Extra Data 50GB,02-01-2025,Email,Declined,Yes
RTC0006122,C0017935,Win-Back Drive,Extra Data 50GB,15-01-2025,Call,No Response,Yes
RTC0006123,C0017936,At-Risk Outreach,Free OTT 3 Months,19-04-2025,Call,Accepted,Yes
RTC0006124,C0017941,Renewal Nudge,Bill Waiver,13-03-2026,App,No Response,Yes
RTC0006125,C0017948,At-Risk Outreach,Bill Waiver,05-01-2026,WhatsApp,Accepted,Yes
RTC0006126,C0017950,Win-Back Drive,Bill Waiver,28-08-2025,WhatsApp,No Response,Yes
RTC0006127,C0017952,Renewal Nudge,Priority Support,05-02-2025,App,Declined,Yes
RTC0006128,C0017956,Value Retention,Annual Plan Discount,02-01-2026,Call,No Response,Yes
RTC0006129,C0017957,Win-Back Drive,Free OTT 3 Months,13-03-2026,App,Accepted,Yes
RTC0006130,C0017958,Win-Back Drive,Free OTT 3 Months,16-01-2025,Call,Declined,Yes
RTC0006131,C0017960,Loyalty Save,Cashback Voucher,07-03-2026,SMS,No Response,Yes
RTC0006132,C0017962,Win-Back Drive,Extra Data 50GB,15-09-2025,Call,Accepted,Yes
RTC0006133,C0017964,At-Risk Outreach,Annual Plan Discount,05-03-2025,SMS,No Response,No
RTC0006134,C0017969,At-Risk Outreach,Bill Waiver,25-03-2025,WhatsApp,Declined,No
RTC0006135,C0017970,Value Retention,Plan Upgrade Offer,03-07-2025,App,Accepted,Yes
RTC0006136,C0017972,Win-Back Drive,Extra Data 50GB,18-10-2025,Call,Accepted,Yes
RTC0006137,C0017973,Win-Back Drive,Bill Waiver,16-07-2025,WhatsApp,Accepted,Yes
RTC0006138,C0017974,At-Risk Outreach,Bill Waiver,02-01-2025,WhatsApp,Accepted,Yes
RTC0006139,C0017976,Win-Back Drive,Free OTT 3 Months,27-12-2025,SMS,Accepted,Yes
RTC0006140,C0017977,Value Retention,Annual Plan Discount,19-02-2025,WhatsApp,Accepted,Yes
RTC0006141,C0017981,Value Retention,Free OTT 3 Months,21-12-2025,Email,Declined,Yes
RTC0006142,C0017987,At-Risk Outreach,Free OTT 3 Months,26-09-2025,SMS,No Response,Yes
RTC0006143,C0017993,Loyalty Save,Bill Waiver,06-03-2026,Call,Accepted,Yes
RTC0006144,C0017995,Value Retention,Priority Support,22-06-2025,SMS,Accepted,Yes
RTC0006145,C0017996,Loyalty Save,Cashback Voucher,09-04-2025,Email,No Response,Yes
RTC0006146,C0017997,Loyalty Save,Loyalty Discount 10%,15-01-2026,WhatsApp,Declined,Yes
RTC0006147,C0018002,At-Risk Outreach,Extra Data 50GB,22-03-2026,SMS,Accepted,Yes
RTC0006148,C0018003,Win-Back Drive,Annual Plan Discount,24-03-2026,Email,Accepted,No
RTC0006149,C0018005,Loyalty Save,Priority Support,13-01-2026,Email,Accepted,Yes
RTC0006150,C0018010,Win-Back Drive,Loyalty Discount 10%,20-06-2025,Call,No Response,No
RTC0006151,C0018013,At-Risk Outreach,Annual Plan Discount,19-12-2025,WhatsApp,Accepted,Yes
RTC0006152,C0018014,Win-Back Drive,Plan Upgrade Offer,29-05-2025,Email,Declined,Yes
RTC0006153,C0018020,Win-Back Drive,Free OTT 3 Months,20-05-2025,Email,Accepted,No
RTC0006154,C0018022,Value Retention,Plan Upgrade Offer,26-04-2025,Call,Accepted,Yes
RTC0006155,C0018023,Win-Back Drive,Free OTT 3 Months,02-01-2025,Call,No Response,No
RTC0006156,C0018027,Win-Back Drive,Extra Data 50GB,26-06-2025,Email,Declined,Yes
RTC0006157,C0018035,At-Risk Outreach,Extra Data 50GB,21-09-2025,SMS,Accepted,Yes
RTC0006158,C0018036,Loyalty Save,Free OTT 3 Months,06-02-2025,Call,Declined,Yes
RTC0006159,C0018043,Value Retention,Free OTT 3 Months,15-01-2026,Email,Declined,Yes
RTC0006160,C0018047,Loyalty Save,Free OTT 3 Months,31-01-2026,WhatsApp,Declined,No
RTC0006161,C0018051,Win-Back Drive,Free OTT 3 Months,06-01-2026,Call,No Response,Yes
RTC0006162,C0018052,At-Risk Outreach,Cashback Voucher,07-03-2025,Email,Accepted,Yes
RTC0006163,C0018055,Renewal Nudge,Free OTT 3 Months,15-07-2025,Email,Accepted,Yes
RTC0006164,C0018056,Value Retention,Priority Support,15-02-2026,WhatsApp,No Response,Yes
RTC0006165,C0018060,Win-Back Drive,Priority Support,08-01-2025,Email,Declined,Yes
RTC0006166,C0018067,Renewal Nudge,Annual Plan Discount,15-04-2025,Call,Declined,Yes
RTC0006167,C0018071,Value Retention,Annual Plan Discount,15-03-2026,WhatsApp,Declined,Yes
RTC0006168,C0018075,Renewal Nudge,Extra Data 50GB,05-10-2025,Email,Declined,Yes
RTC0006169,C0018080,At-Risk Outreach,Plan Upgrade Offer,18-12-2025,App,Accepted,No
RTC0006170,C0018084,Loyalty Save,Plan Upgrade Offer,22-02-2025,WhatsApp,Accepted,Yes
RTC0006171,C0018087,Loyalty Save,Bill Waiver,10-03-2026,App,No Response,Yes
RTC0006172,C0018089,At-Risk Outreach,Loyalty Discount 10%,15-05-2025,Email,Accepted,Yes
RTC0006173,C0018093,Loyalty Save,Free OTT 3 Months,29-09-2025,SMS,Accepted,Yes
RTC0006174,C0018096,Win-Back Drive,Free OTT 3 Months,11-02-2026,Email,No Response,No
RTC0006175,C0018099,Loyalty Save,Bill Waiver,30-03-2025,WhatsApp,Declined,Yes
RTC0006176,C0018101,Win-Back Drive,Cashback Voucher,09-09-2025,App,Declined,Yes
RTC0006177,C0018102,Loyalty Save,Priority Support,28-02-2026,WhatsApp,Declined,Yes
RTC0006178,C0018103,Value Retention,Annual Plan Discount,08-03-2026,SMS,Declined,Yes
RTC0006179,C0018107,Value Retention,Cashback Voucher,03-04-2025,App,Accepted,Yes
RTC0006180,C0018111,Value Retention,Plan Upgrade Offer,14-11-2025,App,No Response,Yes
RTC0006181,C0018112,Win-Back Drive,Bill Waiver,17-03-2025,App,Accepted,Yes
RTC0006182,C0018113,Value Retention,Annual Plan Discount,09-10-2025,SMS,Accepted,Yes
RTC0006183,C0018115,Win-Back Drive,Loyalty Discount 10%,15-01-2025,App,Declined,No
RTC0006184,C0018119,At-Risk Outreach,Priority Support,25-04-2025,SMS,Accepted,Yes
RTC0006185,C0018120,Loyalty Save,Cashback Voucher,16-01-2026,App,No Response,Yes
RTC0006186,C0018122,At-Risk Outreach,Free OTT 3 Months,24-06-2025,App,Accepted,Yes
RTC0006187,C0018124,Value Retention,Priority Support,16-04-2025,SMS,Accepted,Yes
RTC0006188,C0018127,At-Risk Outreach,Cashback Voucher,20-05-2025,WhatsApp,Declined,No
RTC0006189,C0018130,Win-Back Drive,Free OTT 3 Months,15-11-2025,Call,No Response,Yes
RTC0006190,C0018133,Value Retention,Cashback Voucher,28-09-2025,App,Accepted,Yes
RTC0006191,C0018136,Win-Back Drive,Plan Upgrade Offer,16-09-2025,SMS,Declined,Yes
RTC0006192,C0018137,Value Retention,Extra Data 50GB,10-01-2026,Email,Accepted,Yes
RTC0006193,C0018140,Win-Back Drive,Loyalty Discount 10%,20-01-2026,App,Accepted,No
RTC0006194,C0018143,Renewal Nudge,Free OTT 3 Months,14-11-2025,Email,Declined,No
RTC0006195,C0018146,Renewal Nudge,Free OTT 3 Months,13-07-2025,WhatsApp,Declined,Yes
RTC0006196,C0018156,Renewal Nudge,Annual Plan Discount,15-08-2025,App,Accepted,Yes
RTC0006197,C0018158,Value Retention,Cashback Voucher,16-03-2026,Call,Accepted,Yes
RTC0006198,C0018161,Loyalty Save,Bill Waiver,02-04-2025,Call,Accepted,Yes
RTC0006199,C0018162,Loyalty Save,Loyalty Discount 10%,18-01-2026,Call,Accepted,Yes
RTC0006200,C0018163,At-Risk Outreach,Cashback Voucher,21-03-2026,Call,No Response,Yes
RTC0006201,C0018164,Win-Back Drive,Extra Data 50GB,11-02-2025,Call,Accepted,Yes
RTC0006202,C0018165,Loyalty Save,Plan Upgrade Offer,25-01-2025,SMS,Accepted,Yes
RTC0006203,C0018166,Loyalty Save,Loyalty Discount 10%,14-08-2025,Call,Accepted,No
RTC0006204,C0018167,Loyalty Save,Annual Plan Discount,16-07-2025,Call,No Response,No
RTC0006205,C0018174,Value Retention,Plan Upgrade Offer,14-12-2025,WhatsApp,Declined,Yes
RTC0006206,C0018179,Renewal Nudge,Extra Data 50GB,30-06-2025,Call,Declined,No
RTC0006207,C0018182,Renewal Nudge,Bill Waiver,13-03-2025,Email,Accepted,Yes
RTC0006208,C0018184,At-Risk Outreach,Cashback Voucher,04-11-2025,App,Declined,Yes
RTC0006209,C0018188,Renewal Nudge,Priority Support,05-01-2026,SMS,Accepted,Yes
RTC0006210,C0018189,Win-Back Drive,Cashback Voucher,31-12-2025,App,No Response,Yes
RTC0006211,C0018191,At-Risk Outreach,Extra Data 50GB,16-02-2025,WhatsApp,No Response,No
RTC0006212,C0018194,Value Retention,Extra Data 50GB,28-01-2025,SMS,No Response,Yes
RTC0006213,C0018197,Renewal Nudge,Annual Plan Discount,05-11-2025,Email,Accepted,No
RTC0006214,C0018198,Value Retention,Annual Plan Discount,14-05-2025,SMS,No Response,Yes
RTC0006215,C0018199,Value Retention,Annual Plan Discount,11-12-2025,WhatsApp,Declined,Yes
RTC0006216,C0018203,At-Risk Outreach,Bill Waiver,13-08-2025,App,Declined,Yes
RTC0006217,C0018209,Value Retention,Loyalty Discount 10%,14-02-2026,WhatsApp,Declined,Yes
RTC0006218,C0018210,Renewal Nudge,Bill Waiver,21-01-2025,Call,Accepted,Yes
RTC0006219,C0018212,Loyalty Save,Cashback Voucher,11-06-2025,Call,No Response,Yes
RTC0006220,C0018213,Win-Back Drive,Priority Support,26-02-2025,Email,Accepted,Yes
RTC0006221,C0018214,Win-Back Drive,Bill Waiver,03-05-2025,Call,Declined,No
RTC0006222,C0018216,Loyalty Save,Cashback Voucher,18-02-2025,App,Accepted,Yes
RTC0006223,C0018218,At-Risk Outreach,Plan Upgrade Offer,07-02-2025,SMS,Accepted,Yes
RTC0006224,C0018219,At-Risk Outreach,Cashback Voucher,05-04-2025,SMS,Accepted,Yes
RTC0006225,C0018220,Loyalty Save,Loyalty Discount 10%,30-04-2025,SMS,No Response,Yes
RTC0006226,C0018221,Loyalty Save,Loyalty Discount 10%,18-03-2026,SMS,No Response,Yes
RTC0006227,C0018222,Win-Back Drive,Annual Plan Discount,19-07-2025,SMS,Declined,Yes
RTC0006228,C0018223,At-Risk Outreach,Priority Support,08-01-2026,Email,Declined,No
RTC0006229,C0018225,Renewal Nudge,Extra Data 50GB,12-08-2025,App,Declined,Yes
RTC0006230,C0018230,Win-Back Drive,Annual Plan Discount,25-01-2025,App,Accepted,Yes
RTC0006231,C0018232,At-Risk Outreach,Cashback Voucher,11-11-2025,App,Declined,Yes
RTC0006232,C0018233,At-Risk Outreach,Free OTT 3 Months,16-11-2025,WhatsApp,Declined,Yes
RTC0006233,C0018234,Renewal Nudge,Plan Upgrade Offer,26-01-2026,Email,Accepted,Yes
RTC0006234,C0018235,Value Retention,Extra Data 50GB,05-05-2025,Email,Accepted,Yes
RTC0006235,C0018242,Renewal Nudge,Loyalty Discount 10%,14-02-2025,Email,Accepted,Yes
RTC0006236,C0018249,Value Retention,Priority Support,30-01-2025,Call,Declined,Yes
RTC0006237,C0018252,Value Retention,Loyalty Discount 10%,30-08-2025,Call,No Response,Yes
RTC0006238,C0018254,Win-Back Drive,Loyalty Discount 10%,27-10-2025,App,No Response,Yes
RTC0006239,C0018257,Renewal Nudge,Bill Waiver,01-03-2026,WhatsApp,No Response,Yes
RTC0006240,C0018262,Value Retention,Extra Data 50GB,20-10-2025,WhatsApp,No Response,No
RTC0006241,C0018267,Value Retention,Annual Plan Discount,11-04-2025,Email,Declined,Yes
RTC0006242,C0018268,At-Risk Outreach,Plan Upgrade Offer,19-08-2025,SMS,Declined,Yes
RTC0006243,C0018274,Loyalty Save,Cashback Voucher,24-11-2025,SMS,No Response,Yes
RTC0006244,C0018279,At-Risk Outreach,Bill Waiver,16-07-2025,App,Declined,Yes
RTC0006245,C0018281,Value Retention,Annual Plan Discount,20-12-2025,Call,Declined,Yes
RTC0006246,C0018282,At-Risk Outreach,Cashback Voucher,19-05-2025,SMS,Accepted,Yes
RTC0006247,C0018285,At-Risk Outreach,Priority Support,25-04-2025,SMS,Declined,Yes
RTC0006248,C0018286,Value Retention,Annual Plan Discount,20-07-2025,SMS,No Response,Yes
RTC0006249,C0018287,Loyalty Save,Loyalty Discount 10%,26-03-2026,SMS,No Response,No
RTC0006250,C0018291,At-Risk Outreach,Priority Support,22-01-2025,Email,Declined,Yes
RTC0006251,C0018298,Loyalty Save,Loyalty Discount 10%,14-06-2025,Call,Accepted,Yes
RTC0006252,C0018300,Loyalty Save,Bill Waiver,21-11-2025,SMS,No Response,Yes
RTC0006253,C0018306,Win-Back Drive,Cashback Voucher,29-05-2025,Call,Accepted,Yes
RTC0006254,C0018307,Value Retention,Priority Support,21-06-2025,SMS,Accepted,Yes
RTC0006255,C0018308,Renewal Nudge,Plan Upgrade Offer,12-03-2026,App,Declined,Yes
RTC0006256,C0018310,At-Risk Outreach,Bill Waiver,19-09-2025,Email,No Response,Yes
RTC0006257,C0018313,Value Retention,Bill Waiver,18-10-2025,Email,Accepted,Yes
RTC0006258,C0018316,At-Risk Outreach,Annual Plan Discount,13-03-2026,SMS,Accepted,Yes
RTC0006259,C0018318,At-Risk Outreach,Priority Support,01-03-2025,SMS,Accepted,Yes
RTC0006260,C0018325,Value Retention,Plan Upgrade Offer,12-10-2025,WhatsApp,Declined,Yes
RTC0006261,C0018326,Value Retention,Extra Data 50GB,07-11-2025,App,Declined,Yes
RTC0006262,C0018328,At-Risk Outreach,Bill Waiver,23-03-2025,WhatsApp,Declined,Yes
RTC0006263,C0018329,Loyalty Save,Cashback Voucher,30-01-2026,Call,Accepted,Yes
RTC0006264,C0018331,At-Risk Outreach,Cashback Voucher,08-10-2025,App,No Response,Yes
RTC0006265,C0018332,At-Risk Outreach,Loyalty Discount 10%,24-09-2025,Email,Accepted,Yes
RTC0006266,C0018336,Value Retention,Priority Support,11-03-2025,SMS,Declined,Yes
RTC0006267,C0018339,At-Risk Outreach,Bill Waiver,16-10-2025,WhatsApp,Declined,Yes
RTC0006268,C0018343,Value Retention,Plan Upgrade Offer,06-03-2025,SMS,No Response,Yes
RTC0006269,C0018347,At-Risk Outreach,Cashback Voucher,25-01-2025,Email,No Response,Yes
RTC0006270,C0018354,At-Risk Outreach,Bill Waiver,11-03-2026,SMS,Declined,Yes
RTC0006271,C0018356,Renewal Nudge,Plan Upgrade Offer,09-06-2025,WhatsApp,Declined,Yes
RTC0006272,C0018361,Win-Back Drive,Plan Upgrade Offer,08-03-2026,Email,No Response,No
RTC0006273,C0018365,Win-Back Drive,Cashback Voucher,23-08-2025,App,No Response,Yes
RTC0006274,C0018371,At-Risk Outreach,Bill Waiver,12-01-2026,Call,Declined,Yes
RTC0006275,C0018372,At-Risk Outreach,Annual Plan Discount,02-12-2025,App,Declined,Yes
RTC0006276,C0018373,Renewal Nudge,Annual Plan Discount,10-03-2025,Call,Declined,Yes
RTC0006277,C0018375,Win-Back Drive,Bill Waiver,04-03-2026,WhatsApp,Accepted,Yes
RTC0006278,C0018376,Loyalty Save,Cashback Voucher,11-04-2025,Email,Accepted,Yes
RTC0006279,C0018378,Loyalty Save,Priority Support,20-03-2026,Email,Declined,Yes
RTC0006280,C0018380,Renewal Nudge,Extra Data 50GB,20-03-2026,Email,No Response,Yes
RTC0006281,C0018383,At-Risk Outreach,Bill Waiver,08-11-2025,WhatsApp,No Response,No
RTC0006282,C0018384,Win-Back Drive,Cashback Voucher,24-05-2025,Call,Accepted,No
RTC0006283,C0018387,Win-Back Drive,Plan Upgrade Offer,17-02-2026,SMS,No Response,No
RTC0006284,C0018389,Value Retention,Extra Data 50GB,21-06-2025,App,Accepted,Yes
RTC0006285,C0018390,Renewal Nudge,Bill Waiver,04-04-2025,Call,Accepted,Yes
RTC0006286,C0018391,At-Risk Outreach,Loyalty Discount 10%,30-06-2025,Call,Accepted,Yes
RTC0006287,C0018395,At-Risk Outreach,Extra Data 50GB,03-03-2025,Email,No Response,Yes
RTC0006288,C0018398,Loyalty Save,Plan Upgrade Offer,27-05-2025,WhatsApp,Accepted,Yes
RTC0006289,C0018402,Renewal Nudge,Extra Data 50GB,27-03-2026,Call,Accepted,Yes
RTC0006290,C0018404,Value Retention,Bill Waiver,22-12-2025,App,Declined,Yes
RTC0006291,C0018410,Renewal Nudge,Extra Data 50GB,15-10-2025,WhatsApp,Accepted,Yes
RTC0006292,C0018414,Value Retention,Plan Upgrade Offer,15-04-2025,App,Declined,Yes
RTC0006293,C0018420,Win-Back Drive,Extra Data 50GB,21-02-2025,WhatsApp,Declined,Yes
RTC0006294,C0018422,Win-Back Drive,Free OTT 3 Months,30-11-2025,Call,Accepted,Yes
RTC0006295,C0018425,At-Risk Outreach,Extra Data 50GB,31-03-2025,Call,Accepted,No
RTC0006296,C0018428,Loyalty Save,Plan Upgrade Offer,11-02-2026,Call,Accepted,Yes
RTC0006297,C0018429,Renewal Nudge,Annual Plan Discount,27-10-2025,SMS,Declined,Yes
RTC0006298,C0018430,At-Risk Outreach,Cashback Voucher,27-12-2025,App,Accepted,Yes
RTC0006299,C0018431,Win-Back Drive,Plan Upgrade Offer,21-06-2025,Email,Accepted,No
RTC0006300,C0018432,Win-Back Drive,Priority Support,18-06-2025,Call,Declined,No
RTC0006301,C0018435,Value Retention,Loyalty Discount 10%,27-03-2026,App,Accepted,Yes
RTC0006302,C0018436,Loyalty Save,Annual Plan Discount,25-02-2025,SMS,Accepted,No
RTC0006303,C0018438,Win-Back Drive,Plan Upgrade Offer,14-05-2025,App,Accepted,Yes
RTC0006304,C0018439,Value Retention,Annual Plan Discount,29-06-2025,WhatsApp,Declined,Yes
RTC0006305,C0018440,Value Retention,Plan Upgrade Offer,18-12-2025,SMS,No Response,No
RTC0006306,C0018441,Win-Back Drive,Extra Data 50GB,02-06-2025,App,Accepted,No
RTC0006307,C0018443,Renewal Nudge,Free OTT 3 Months,17-11-2025,Email,Accepted,Yes
RTC0006308,C0018446,Loyalty Save,Annual Plan Discount,01-05-2025,SMS,Accepted,Yes
RTC0006309,C0018447,Loyalty Save,Extra Data 50GB,27-08-2025,SMS,Accepted,Yes
RTC0006310,C0018448,Win-Back Drive,Bill Waiver,11-04-2025,Call,Declined,Yes
RTC0006311,C0018451,Value Retention,Cashback Voucher,27-11-2025,Email,Accepted,Yes
RTC0006312,C0018456,At-Risk Outreach,Annual Plan Discount,29-10-2025,SMS,Declined,No
RTC0006313,C0018457,Win-Back Drive,Cashback Voucher,21-08-2025,SMS,Declined,Yes
RTC0006314,C0018458,Renewal Nudge,Loyalty Discount 10%,22-04-2025,Email,No Response,Yes
RTC0006315,C0018460,Loyalty Save,Free OTT 3 Months,06-03-2025,SMS,No Response,Yes
RTC0006316,C0018461,Win-Back Drive,Plan Upgrade Offer,29-11-2025,WhatsApp,Accepted,Yes
RTC0006317,C0018468,Loyalty Save,Bill Waiver,04-05-2025,Call,Accepted,Yes
RTC0006318,C0018475,Loyalty Save,Bill Waiver,10-05-2025,App,Accepted,No
RTC0006319,C0018476,Value Retention,Cashback Voucher,22-10-2025,Email,Declined,Yes
RTC0006320,C0018478,Renewal Nudge,Extra Data 50GB,16-12-2025,App,Accepted,Yes
RTC0006321,C0018481,Loyalty Save,Bill Waiver,27-10-2025,SMS,Accepted,No
RTC0006322,C0018486,Win-Back Drive,Annual Plan Discount,18-11-2025,WhatsApp,Accepted,Yes
RTC0006323,C0018495,Renewal Nudge,Plan Upgrade Offer,27-03-2025,WhatsApp,Accepted,Yes
RTC0006324,C0018496,Value Retention,Extra Data 50GB,18-06-2025,Email,Declined,Yes
RTC0006325,C0018500,Loyalty Save,Cashback Voucher,22-02-2026,WhatsApp,Accepted,Yes
RTC0006326,C0018503,Loyalty Save,Bill Waiver,16-01-2026,Call,No Response,Yes
RTC0006327,C0018504,Value Retention,Annual Plan Discount,13-11-2025,App,Declined,Yes
RTC0006328,C0018509,Renewal Nudge,Plan Upgrade Offer,02-10-2025,App,Declined,Yes
RTC0006329,C0018513,Loyalty Save,Plan Upgrade Offer,11-12-2025,App,Accepted,Yes
RTC0006330,C0018520,Renewal Nudge,Free OTT 3 Months,04-07-2025,WhatsApp,Accepted,Yes
RTC0006331,C0018521,Renewal Nudge,Loyalty Discount 10%,18-12-2025,Call,Declined,Yes
RTC0006332,C0018522,Value Retention,Annual Plan Discount,19-04-2025,Call,Accepted,Yes
RTC0006333,C0018526,Loyalty Save,Plan Upgrade Offer,11-10-2025,Call,No Response,No
RTC0006334,C0018533,At-Risk Outreach,Bill Waiver,21-02-2025,App,Declined,Yes
RTC0006335,C0018535,Loyalty Save,Loyalty Discount 10%,05-01-2025,Email,No Response,Yes
RTC0006336,C0018536,Renewal Nudge,Cashback Voucher,08-07-2025,SMS,Accepted,Yes
RTC0006337,C0018538,Loyalty Save,Cashback Voucher,11-09-2025,SMS,Declined,No
RTC0006338,C0018539,Value Retention,Free OTT 3 Months,07-11-2025,App,Accepted,Yes
RTC0006339,C0018546,Loyalty Save,Plan Upgrade Offer,25-05-2025,WhatsApp,Declined,Yes
RTC0006340,C0018549,At-Risk Outreach,Annual Plan Discount,30-04-2025,Email,Declined,Yes
RTC0006341,C0018551,At-Risk Outreach,Priority Support,16-08-2025,Call,Accepted,Yes
RTC0006342,C0018552,Renewal Nudge,Plan Upgrade Offer,06-02-2026,Call,No Response,Yes
RTC0006343,C0018555,At-Risk Outreach,Plan Upgrade Offer,07-03-2025,App,No Response,No
RTC0006344,C0018557,Renewal Nudge,Plan Upgrade Offer,25-03-2026,Call,No Response,Yes
RTC0006345,C0018558,At-Risk Outreach,Extra Data 50GB,04-01-2025,Call,Declined,Yes
RTC0006346,C0018559,Renewal Nudge,Loyalty Discount 10%,25-08-2025,App,Declined,Yes
RTC0006347,C0018561,Win-Back Drive,Bill Waiver,09-07-2025,SMS,Declined,Yes
RTC0006348,C0018569,Win-Back Drive,Plan Upgrade Offer,19-02-2025,App,Accepted,Yes
RTC0006349,C0018570,At-Risk Outreach,Priority Support,31-03-2025,SMS,Accepted,No
RTC0006350,C0018578,Renewal Nudge,Annual Plan Discount,09-01-2025,Call,Accepted,Yes
RTC0006351,C0018579,Renewal Nudge,Priority Support,12-03-2025,WhatsApp,Declined,Yes
RTC0006352,C0018580,Win-Back Drive,Loyalty Discount 10%,02-09-2025,SMS,Accepted,Yes
RTC0006353,C0018592,Win-Back Drive,Free OTT 3 Months,07-01-2026,WhatsApp,Accepted,Yes
RTC0006354,C0018593,At-Risk Outreach,Extra Data 50GB,26-10-2025,WhatsApp,No Response,Yes
RTC0006355,C0018596,Loyalty Save,Plan Upgrade Offer,26-04-2025,Email,No Response,No
RTC0006356,C0018598,Win-Back Drive,Priority Support,30-03-2025,Call,Declined,Yes
RTC0006357,C0018600,Value Retention,Bill Waiver,15-05-2025,App,Accepted,Yes
RTC0006358,C0018601,Renewal Nudge,Extra Data 50GB,25-11-2025,Email,Declined,No
RTC0006359,C0018613,Win-Back Drive,Free OTT 3 Months,29-03-2026,App,Accepted,Yes
RTC0006360,C0018614,At-Risk Outreach,Annual Plan Discount,26-02-2025,SMS,Declined,Yes
RTC0006361,C0018615,Win-Back Drive,Plan Upgrade Offer,29-11-2025,App,Accepted,Yes
RTC0006362,C0018616,At-Risk Outreach,Free OTT 3 Months,06-10-2025,Call,Accepted,Yes
RTC0006363,C0018618,Value Retention,Bill Waiver,10-10-2025,Email,Accepted,Yes
RTC0006364,C0018619,Win-Back Drive,Plan Upgrade Offer,06-02-2026,Call,No Response,Yes
RTC0006365,C0018622,Renewal Nudge,Cashback Voucher,05-03-2026,SMS,No Response,No
RTC0006366,C0018623,Value Retention,Cashback Voucher,08-04-2025,Email,No Response,Yes
RTC0006367,C0018630,Value Retention,Extra Data 50GB,31-12-2025,Call,Accepted,Yes
RTC0006368,C0018632,Renewal Nudge,Bill Waiver,30-08-2025,SMS,Accepted,Yes
RTC0006369,C0018636,Renewal Nudge,Free OTT 3 Months,24-02-2025,WhatsApp,No Response,Yes
RTC0006370,C0018654,Win-Back Drive,Annual Plan Discount,19-02-2025,WhatsApp,No Response,Yes
RTC0006371,C0018656,At-Risk Outreach,Cashback Voucher,27-02-2026,WhatsApp,Accepted,Yes
RTC0006372,C0018660,Value Retention,Cashback Voucher,24-04-2025,Call,Accepted,Yes
RTC0006373,C0018661,Renewal Nudge,Annual Plan Discount,23-04-2025,SMS,Declined,Yes
RTC0006374,C0018669,Value Retention,Free OTT 3 Months,19-01-2026,WhatsApp,Accepted,Yes
RTC0006375,C0018679,Win-Back Drive,Free OTT 3 Months,15-02-2026,Call,Accepted,Yes
RTC0006376,C0018681,Loyalty Save,Extra Data 50GB,22-11-2025,Email,Accepted,Yes
RTC0006377,C0018682,Loyalty Save,Loyalty Discount 10%,18-06-2025,WhatsApp,No Response,Yes
RTC0006378,C0018683,At-Risk Outreach,Priority Support,24-10-2025,WhatsApp,Accepted,Yes
RTC0006379,C0018684,Win-Back Drive,Loyalty Discount 10%,13-09-2025,Call,No Response,No
RTC0006380,C0018685,Win-Back Drive,Loyalty Discount 10%,28-03-2025,App,Declined,Yes
RTC0006381,C0018689,Loyalty Save,Free OTT 3 Months,30-03-2025,SMS,Accepted,Yes
RTC0006382,C0018697,Value Retention,Free OTT 3 Months,04-03-2026,WhatsApp,Accepted,No
RTC0006383,C0018699,Renewal Nudge,Plan Upgrade Offer,26-02-2025,App,Declined,Yes
RTC0006384,C0018710,At-Risk Outreach,Loyalty Discount 10%,22-03-2026,SMS,No Response,Yes
RTC0006385,C0018719,At-Risk Outreach,Cashback Voucher,15-06-2025,App,Accepted,Yes
RTC0006386,C0018720,Renewal Nudge,Annual Plan Discount,06-02-2025,Email,Accepted,Yes
RTC0006387,C0018725,At-Risk Outreach,Free OTT 3 Months,17-09-2025,Call,Accepted,Yes
RTC0006388,C0018726,Loyalty Save,Loyalty Discount 10%,18-08-2025,App,Declined,No
RTC0006389,C0018728,Win-Back Drive,Annual Plan Discount,21-09-2025,WhatsApp,Declined,Yes
RTC0006390,C0018729,At-Risk Outreach,Plan Upgrade Offer,18-10-2025,WhatsApp,No Response,Yes
RTC0006391,C0018730,Loyalty Save,Plan Upgrade Offer,30-06-2025,Call,No Response,Yes
RTC0006392,C0018731,Win-Back Drive,Loyalty Discount 10%,23-09-2025,WhatsApp,Declined,No
RTC0006393,C0018733,Win-Back Drive,Plan Upgrade Offer,05-09-2025,Call,Declined,Yes
RTC0006394,C0018740,Renewal Nudge,Extra Data 50GB,24-12-2025,SMS,Accepted,Yes
RTC0006395,C0018748,Value Retention,Bill Waiver,09-12-2025,WhatsApp,Declined,Yes
RTC0006396,C0018749,Renewal Nudge,Plan Upgrade Offer,21-05-2025,WhatsApp,Accepted,Yes
RTC0006397,C0018757,Value Retention,Bill Waiver,09-04-2025,SMS,Declined,Yes
RTC0006398,C0018761,Win-Back Drive,Free OTT 3 Months,17-10-2025,App,Declined,Yes
RTC0006399,C0018765,Win-Back Drive,Annual Plan Discount,28-08-2025,WhatsApp,Accepted,Yes
RTC0006400,C0018768,Win-Back Drive,Loyalty Discount 10%,12-10-2025,SMS,Accepted,Yes
RTC0006401,C0018769,At-Risk Outreach,Priority Support,16-01-2025,Email,No Response,No
RTC0006402,C0018771,Value Retention,Bill Waiver,18-03-2025,Call,No Response,Yes
RTC0006403,C0018772,Loyalty Save,Free OTT 3 Months,29-03-2026,Email,No Response,Yes
RTC0006404,C0018783,Value Retention,Cashback Voucher,27-09-2025,Email,Accepted,Yes
RTC0006405,C0018786,Renewal Nudge,Cashback Voucher,25-11-2025,WhatsApp,Accepted,Yes
RTC0006406,C0018790,Loyalty Save,Bill Waiver,04-12-2025,WhatsApp,Accepted,Yes
RTC0006407,C0018792,At-Risk Outreach,Free OTT 3 Months,12-05-2025,WhatsApp,Accepted,Yes
RTC0006408,C0018795,At-Risk Outreach,Annual Plan Discount,12-10-2025,WhatsApp,No Response,Yes
RTC0006409,C0018800,Loyalty Save,Cashback Voucher,02-03-2026,App,Accepted,Yes
RTC0006410,C0018802,Loyalty Save,Extra Data 50GB,18-07-2025,Call,No Response,No
RTC0006411,C0018805,Loyalty Save,Extra Data 50GB,04-07-2025,SMS,Accepted,Yes
RTC0006412,C0018810,At-Risk Outreach,Annual Plan Discount,27-11-2025,Email,Accepted,Yes
RTC0006413,C0018813,Win-Back Drive,Cashback Voucher,14-01-2026,App,No Response,Yes
RTC0006414,C0018815,Win-Back Drive,Free OTT 3 Months,09-05-2025,App,No Response,Yes
RTC0006415,C0018817,Win-Back Drive,Cashback Voucher,01-12-2025,App,No Response,Yes
RTC0006416,C0018823,At-Risk Outreach,Annual Plan Discount,31-12-2025,Call,Accepted,Yes
RTC0006417,C0018824,Loyalty Save,Bill Waiver,08-09-2025,Email,Accepted,Yes
RTC0006418,C0018826,At-Risk Outreach,Bill Waiver,30-10-2025,Email,Accepted,Yes
RTC0006419,C0018831,Win-Back Drive,Free OTT 3 Months,09-01-2025,SMS,Accepted,Yes
RTC0006420,C0018832,Win-Back Drive,Annual Plan Discount,09-03-2025,SMS,Accepted,Yes
RTC0006421,C0018835,Value Retention,Plan Upgrade Offer,02-04-2025,WhatsApp,Declined,Yes
RTC0006422,C0018838,Renewal Nudge,Free OTT 3 Months,23-01-2025,SMS,Accepted,Yes
RTC0006423,C0018839,Loyalty Save,Extra Data 50GB,11-01-2025,WhatsApp,No Response,Yes
RTC0006424,C0018843,Loyalty Save,Priority Support,28-11-2025,Email,Declined,Yes
RTC0006425,C0018852,At-Risk Outreach,Priority Support,24-03-2026,Call,Declined,No
RTC0006426,C0018853,Value Retention,Annual Plan Discount,28-07-2025,Call,Accepted,Yes
RTC0006427,C0018858,Renewal Nudge,Loyalty Discount 10%,19-04-2025,WhatsApp,Declined,Yes
RTC0006428,C0018861,Loyalty Save,Annual Plan Discount,24-07-2025,App,Accepted,Yes
RTC0006429,C0018862,Win-Back Drive,Priority Support,22-04-2025,Call,No Response,Yes
RTC0006430,C0018866,Value Retention,Loyalty Discount 10%,08-10-2025,Email,Accepted,Yes
RTC0006431,C0018870,Renewal Nudge,Plan Upgrade Offer,01-02-2025,SMS,Accepted,Yes
RTC0006432,C0018871,Value Retention,Cashback Voucher,29-09-2025,Call,Declined,No
RTC0006433,C0018876,Renewal Nudge,Free OTT 3 Months,25-04-2025,Email,No Response,No
RTC0006434,C0018877,Value Retention,Free OTT 3 Months,05-01-2025,App,Declined,No
RTC0006435,C0018878,Value Retention,Loyalty Discount 10%,18-01-2026,Call,Accepted,Yes
RTC0006436,C0018884,At-Risk Outreach,Bill Waiver,25-03-2025,Email,Accepted,Yes
RTC0006437,C0018885,Loyalty Save,Bill Waiver,30-03-2025,Call,Declined,Yes
RTC0006438,C0018888,Value Retention,Free OTT 3 Months,04-05-2025,Email,No Response,Yes
RTC0006439,C0018890,Win-Back Drive,Free OTT 3 Months,21-01-2025,WhatsApp,Accepted,Yes
RTC0006440,C0018891,Value Retention,Annual Plan Discount,23-02-2025,Email,Accepted,Yes
RTC0006441,C0018892,Loyalty Save,Priority Support,14-03-2026,App,Accepted,Yes
RTC0006442,C0018896,At-Risk Outreach,Priority Support,15-08-2025,Email,Accepted,Yes
RTC0006443,C0018898,Win-Back Drive,Annual Plan Discount,04-12-2025,WhatsApp,No Response,Yes
RTC0006444,C0018901,Loyalty Save,Annual Plan Discount,20-07-2025,Call,Declined,Yes
RTC0006445,C0018902,At-Risk Outreach,Priority Support,17-02-2025,WhatsApp,Declined,Yes
RTC0006446,C0018909,Win-Back Drive,Bill Waiver,04-01-2026,Call,Declined,No
RTC0006447,C0018912,Value Retention,Annual Plan Discount,09-11-2025,WhatsApp,Accepted,Yes
RTC0006448,C0018914,Value Retention,Cashback Voucher,14-03-2025,Email,Accepted,Yes
RTC0006449,C0018916,Win-Back Drive,Cashback Voucher,23-05-2025,App,No Response,Yes
RTC0006450,C0018920,At-Risk Outreach,Loyalty Discount 10%,19-04-2025,Email,Declined,Yes
RTC0006451,C0018921,At-Risk Outreach,Bill Waiver,05-12-2025,WhatsApp,No Response,No
RTC0006452,C0018927,Win-Back Drive,Loyalty Discount 10%,10-01-2026,WhatsApp,No Response,Yes
RTC0006453,C0018928,Loyalty Save,Free OTT 3 Months,12-05-2025,App,Accepted,Yes
RTC0006454,C0018938,Value Retention,Loyalty Discount 10%,07-12-2025,App,Accepted,Yes
RTC0006455,C0018940,Value Retention,Bill Waiver,09-03-2025,SMS,Accepted,Yes
RTC0006456,C0018944,Loyalty Save,Bill Waiver,14-05-2025,Email,Declined,Yes
RTC0006457,C0018945,Loyalty Save,Annual Plan Discount,18-08-2025,Email,Declined,Yes
RTC0006458,C0018946,Win-Back Drive,Bill Waiver,14-01-2025,Email,Accepted,Yes
RTC0006459,C0018949,Renewal Nudge,Free OTT 3 Months,04-03-2025,App,Accepted,Yes
RTC0006460,C0018951,Win-Back Drive,Loyalty Discount 10%,02-02-2026,Email,Accepted,Yes
RTC0006461,C0018956,Value Retention,Plan Upgrade Offer,09-03-2026,Email,Declined,Yes
RTC0006462,C0018974,Loyalty Save,Annual Plan Discount,25-06-2025,WhatsApp,No Response,No
RTC0006463,C0018975,Win-Back Drive,Loyalty Discount 10%,01-01-2025,Email,No Response,Yes
RTC0006464,C0018977,Loyalty Save,Free OTT 3 Months,20-06-2025,Email,No Response,Yes
RTC0006465,C0018979,At-Risk Outreach,Extra Data 50GB,12-06-2025,SMS,Accepted,No
RTC0006466,C0018982,At-Risk Outreach,Free OTT 3 Months,31-03-2025,Call,Accepted,Yes
RTC0006467,C0018983,Win-Back Drive,Cashback Voucher,18-10-2025,SMS,Declined,Yes
RTC0006468,C0018989,At-Risk Outreach,Loyalty Discount 10%,05-02-2026,App,Accepted,Yes
RTC0006469,C0018990,Value Retention,Extra Data 50GB,20-11-2025,Email,Accepted,Yes
RTC0006470,C0018992,Renewal Nudge,Free OTT 3 Months,03-10-2025,Email,Accepted,No
RTC0006471,C0018994,Win-Back Drive,Priority Support,30-09-2025,WhatsApp,Declined,Yes
RTC0006472,C0018996,Value Retention,Plan Upgrade Offer,28-08-2025,SMS,Declined,Yes
RTC0006473,C0018997,Value Retention,Cashback Voucher,13-05-2025,WhatsApp,Declined,Yes
RTC0006474,C0018998,Win-Back Drive,Cashback Voucher,27-02-2026,SMS,Accepted,Yes
RTC0006475,C0019000,Loyalty Save,Loyalty Discount 10%,03-02-2025,Call,Accepted,No
